infringement_id,provider_name,device_id,vehicle_type,infringement_type,status,fine_eur,detected_at,resolved_at,location
8cace217-3aa1-4a5c-bab1-3028e42a88c5,Bolt,71b46293-9cd8-4771-af89-b4fae2a3afed,scooter,No-parking zone,Resolved,,2026-09-01T00:45:34Z,2026-09-01T03:12:34Z,POINT (-9.10568 38.76645)
c0889bf8-37cb-4e23-bf04-028d9c038c45,Lime,e0a204aa-b833-4c75-89f0-96cdd0d821b3,bicycle,Outside parking zone,Resolved,,2026-09-01T01:50:19Z,2026-09-01T07:06:19Z,POINT (-9.14261 38.70955)
295140ce-0a97-4c70-ab74-778f07da2ed0,Voi,61185fe0-1e4d-48b8-a5ab-d332d52f53a2,scooter,No-parking zone,Fined,100,2026-09-01T06:12:34Z,2026-09-01T09:25:34Z,POINT (-9.17811 38.70577)
3078a03e-e5b5-4412-bcc6-9691307adab6,Lime,f513e61a-b1f3-4a3d-93a7-ee4558dd0cc9,bicycle,No-parking zone,Resolved,,2026-09-01T06:13:40Z,2026-09-01T08:05:40Z,POINT (-9.10221 38.76370)
fa7baa62-b94a-4207-8abf-212679e6ae87,Bolt,606e0d9f-3847-4cee-8f3b-b73a8f87f880,scooter,Sidewalk parking,Resolved,,2026-09-01T07:31:19Z,2026-09-01T08:56:19Z,POINT (-9.13705 38.73948)
d3c0a8fa-ee95-4cf4-a6e0-63e15c814ab1,Lime,1498b1e4-300c-4e6e-a3a6-ad1f44004869,bicycle,Outside parking zone,Resolved,,2026-09-01T07:46:06Z,2026-09-01T10:29:06Z,POINT (-9.15177 38.71538)
9022c0f6-8d0d-4122-81b5-da77be581fca,Lime,8d0d40f6-c1ef-43bb-ba79-ae69100f2eec,scooter,Sidewalk parking,Resolved,,2026-09-01T08:03:52Z,2026-09-01T10:23:52Z,POINT (-9.12923 38.71273)
295a6683-ac3a-47e2-8198-137f33ff7731,Lime,9810023e-7ce3-4b5c-85f5-4e86b955fd98,scooter,Blocking access,Resolved,,2026-09-01T08:08:58Z,2026-09-01T09:55:58Z,POINT (-9.16465 38.71725)
4798809b-2938-4d51-96fe-0beccfcb1985,Lime,e9d401b6-7d2e-459b-b81d-548cee72ef0a,bicycle,Sidewalk parking,Resolved,,2026-09-01T08:17:12Z,2026-09-01T10:29:12Z,POINT (-9.14136 38.71514)
8120d637-9dbb-4300-84c9-cb8edef8bf86,Voi,dca8a28a-1ac3-4b2d-b319-7e7d67d8f0b1,scooter,Outside parking zone,Resolved,,2026-09-01T08:19:15Z,2026-09-01T12:06:15Z,POINT (-9.14779 38.72874)
c6292711-d294-4430-9bf9-d81803c40fb5,Lime,94b3df6f-1c28-48b6-a19e-f8586c7b6682,bicycle,No-parking zone,Resolved,,2026-09-01T08:21:38Z,2026-09-01T14:47:38Z,POINT (-9.14300 38.70904)
55f500a0-7233-44df-b098-fae65a1c6d59,Bolt,d8667dc6-ac80-4d0e-993c-decb7990a95c,scooter,Outside parking zone,Resolved,,2026-09-01T08:52:47Z,2026-09-01T15:26:47Z,POINT (-9.14683 38.73740)
b07b2dc7-ba22-4f1a-9197-27a832d98b0e,Dott,bb591682-0a85-4373-8525-688f70d3fed0,scooter,Sidewalk parking,Resolved,,2026-09-01T08:55:31Z,2026-09-01T12:21:31Z,POINT (-9.15185 38.72465)
ef48550c-ed81-4413-97ff-269b367db105,Dott,8b03e9c5-8c6a-4e58-937c-6e92fe75537a,scooter,No-parking zone,Resolved,,2026-09-01T09:42:27Z,2026-09-01T11:31:27Z,POINT (-9.14289 38.74240)
4b341cba-8c1b-4b87-98d2-64e34d186222,Bolt,9247b7db-4a8b-452a-bb31-d89ef4301188,scooter,Fallen vehicle,Resolved,,2026-09-01T10:25:56Z,2026-09-01T10:56:56Z,POINT (-9.11094 38.74114)
5d268fa4-46f0-4c85-ac14-b99eaf7ff01b,Voi,56fe8c0c-66e1-4926-9f98-240d88dffe1c,scooter,Outside parking zone,Resolved,,2026-09-01T11:41:02Z,2026-09-01T12:48:02Z,POINT (-9.16189 38.76842)
4a8b7849-1b30-4cad-9ad8-4746dd1df34c,Bolt,a9f10692-7758-4710-84f6-07a97a48decb,scooter,No-parking zone,Resolved,,2026-09-01T12:01:01Z,2026-09-01T13:05:01Z,POINT (-9.08762 38.76482)
59acb10c-ad7b-4952-99cc-17e0849dd27a,Voi,ee9f0b9d-7fd5-45c0-91a5-9181202c6b79,scooter,Outside parking zone,Resolved,,2026-09-01T12:15:13Z,2026-09-01T14:59:13Z,POINT (-9.12509 38.71474)
62f6daf4-988e-4800-b272-bdd70ed3e4ac,Lime,bf17d28b-0634-4637-871b-b2822e65fd44,bicycle,Sidewalk parking,Fined,75,2026-09-01T12:21:06Z,2026-09-01T13:48:06Z,POINT (-9.14576 38.72213)
db47b68d-46a2-4476-b5fc-9f2b2babcd50,Bolt,09f17440-c180-4355-9541-3c7c8244de80,scooter,Sidewalk parking,Resolved,,2026-09-01T12:26:57Z,2026-09-01T13:20:57Z,POINT (-9.14366 38.70676)
33edb5a3-ae32-4eb3-8f7b-0d6d9d661e10,Dott,ecfe89a7-1533-4e22-853a-95501163d941,scooter,No-parking zone,Resolved,,2026-09-01T12:29:18Z,2026-09-01T14:44:18Z,POINT (-9.11089 38.74102)
e9a31f89-fdfa-40ec-8711-771f16386058,Lime,e492336a-6569-4c72-8711-6caa9f8003e6,bicycle,Sidewalk parking,Fined,75,2026-09-01T12:57:33Z,2026-09-01T14:19:33Z,POINT (-9.12549 38.71396)
6c66287c-daef-4556-85da-7026c8e41b29,Lime,2fd27da7-1c0c-41aa-a2e1-8a57ba49d4f9,bicycle,Sidewalk parking,Resolved,,2026-09-01T13:01:02Z,2026-09-01T13:39:02Z,POINT (-9.14337 38.74309)
bbe17d44-8a16-448b-be7f-311d959dce9a,Bolt,a17d395c-a3a7-4a21-842b-67696930191a,scooter,Outside parking zone,Fined,50,2026-09-01T13:27:31Z,2026-09-01T15:00:31Z,POINT (-9.15387 38.73622)
eb7a4109-4575-44a9-aec8-4276ddf0e9ff,Lime,6ec9bfa9-3a3c-4954-b0a0-1ca271651287,scooter,Blocking access,Resolved,,2026-09-01T13:27:59Z,2026-09-01T14:53:59Z,POINT (-9.12177 38.71833)
91800d46-2348-448a-83c8-4654416e15b2,Bolt,18a82f86-c008-43af-ba96-8776c9ebf1f7,scooter,Sidewalk parking,Resolved,,2026-09-01T13:35:53Z,2026-09-01T15:57:53Z,POINT (-9.13599 38.74049)
7a24c857-bb6b-42d2-8e16-74bae27c9684,Voi,3a08457e-65e3-4dda-8ac4-5b4f51296b23,scooter,Outside parking zone,Resolved,,2026-09-01T13:40:57Z,2026-09-01T17:30:57Z,POINT (-9.17556 38.70264)
28cadebb-7583-4b5b-ae8a-dcc441ca1907,Lime,0fd2eda9-f999-4902-8d0c-77936e0b3fd4,scooter,No-parking zone,Resolved,,2026-09-01T14:04:15Z,2026-09-01T19:26:15Z,POINT (-9.21266 38.69357)
19f6967d-5a73-4267-80e1-4bd2236ca54c,Dott,1ba682cf-266a-469c-93c9-fece39aa3eb9,bicycle,Fallen vehicle,Fined,50,2026-09-01T14:21:34Z,2026-09-01T15:00:34Z,POINT (-9.14821 38.71238)
12843b84-0db8-4aac-b2be-26e78185c0f7,Dott,a6ca6885-5673-401c-af60-ee07b9904f3b,scooter,No-parking zone,Fined,100,2026-09-01T14:23:53Z,2026-09-01T15:51:53Z,POINT (-9.17394 38.70437)
059e80de-abc3-490a-8026-22ddd93aea22,Lime,fc462b47-da67-4b76-a1a1-8c54d98b9d36,scooter,Outside parking zone,Resolved,,2026-09-01T14:45:53Z,2026-09-01T16:08:53Z,POINT (-9.14135 38.70921)
a0758c04-4742-40fe-88e7-0e3c93489c0f,Dott,7a5a62cb-f951-44d8-801b-262087fd3a00,scooter,No-parking zone,Resolved,,2026-09-01T15:09:25Z,2026-09-01T16:08:25Z,POINT (-9.20412 38.70545)
9c7b472f-fac0-4c93-b1d3-620cddd782c4,Bolt,855bed57-f2f1-4ed8-8234-2561905866fc,scooter,Blocking access,Resolved,,2026-09-01T15:27:31Z,2026-09-01T17:01:31Z,POINT (-9.12507 38.71123)
78c46a21-232e-497f-ae81-8236656d2563,Voi,cc4be73f-0e1c-4923-93a6-bcc656439d19,scooter,Sidewalk parking,Fined,75,2026-09-01T15:40:40Z,2026-09-01T19:40:40Z,POINT (-9.14275 38.74979)
993c0886-1a6c-4bf5-9508-949b8c018ea0,Voi,222129a3-eadc-481e-9a7e-99cb4a7903c0,scooter,No-parking zone,Fined,100,2026-09-01T15:46:15Z,2026-09-01T16:29:15Z,POINT (-9.14787 38.73746)
3ab0c7ac-b2ac-492a-90d4-e4540c1c7a8f,Lime,965de629-aeca-450d-92d7-71a91df87b16,bicycle,Fallen vehicle,Resolved,,2026-09-01T15:51:15Z,2026-09-01T16:18:15Z,POINT (-9.14928 38.71041)
0492aa52-0827-45f0-aea3-082a414e92e9,Dott,ed35e954-f76b-4036-9b20-12053d073251,bicycle,Blocking access,Resolved,,2026-09-01T16:27:35Z,2026-09-01T18:48:35Z,POINT (-9.14974 38.71881)
e7dcafb5-8fb9-4bf6-b2d8-4a39d46dc705,Bolt,63224ca0-a983-496c-8494-e510a97c7fed,scooter,Outside parking zone,Resolved,,2026-09-01T16:46:45Z,2026-09-01T19:25:45Z,POINT (-9.14357 38.73646)
98dc8987-13bc-4ee7-b09b-7c79d3462bf6,Lime,10ed1eb9-f24f-49dd-a34f-cfcb51e6590a,scooter,Sidewalk parking,Resolved,,2026-09-01T16:51:53Z,2026-09-01T18:22:53Z,POINT (-9.15050 38.72992)
5a94c4ef-cf10-4d50-9a7a-5be837a714fc,Bolt,c92a1c96-6478-4985-816b-3055e5d95ab4,scooter,No-parking zone,Open,,2026-09-01T16:54:13Z,,POINT (-9.16854 38.70261)
50de5d72-4826-4bfb-aa69-a6468627e911,Bolt,bee576cb-25ee-47cb-909f-c725b21599bd,scooter,Sidewalk parking,Resolved,,2026-09-01T17:53:30Z,2026-09-01T18:31:30Z,POINT (-9.12383 38.71383)
b63887f9-c1f0-43ff-9d29-b711858cc30d,Dott,e68dcb73-e39b-4463-864d-a29c5099bd44,bicycle,Sidewalk parking,Fined,75,2026-09-01T18:04:33Z,2026-09-01T22:53:33Z,POINT (-9.20494 38.69670)
0b439958-c729-4ded-a2af-f1f4dfb63857,Voi,4b09abca-6335-4c15-964d-e9121b107017,scooter,Blocking access,Resolved,,2026-09-01T18:59:31Z,2026-09-01T20:25:31Z,POINT (-9.11433 38.77268)
b0324e5a-8466-4022-aa5e-7a4c5bf553a3,Bolt,63224ca0-a983-496c-8494-e510a97c7fed,scooter,Sidewalk parking,Fined,75,2026-09-01T19:22:23Z,2026-09-02T02:15:23Z,POINT (-9.17975 38.70627)
ae4d2347-c388-4c43-9b53-99fcadebe198,Voi,dca8a28a-1ac3-4b2d-b319-7e7d67d8f0b1,scooter,No-parking zone,Resolved,,2026-09-01T19:34:57Z,2026-09-01T21:50:57Z,POINT (-9.12880 38.71810)
0d4da6a5-5546-4c23-b153-ebb6d1ce2f40,Bolt,b0e370d4-0d4c-4bb1-aa52-7b1fed0c499c,scooter,Blocking access,Open,,2026-09-01T20:30:33Z,,POINT (-9.15024 38.74516)
3a148c14-9d5b-49e9-89c3-c2523f20bb6b,Lime,b98f3373-f73d-4745-9ca4-7f8314ce9c91,bicycle,No-parking zone,Resolved,,2026-09-01T21:31:48Z,2026-09-01T22:17:48Z,POINT (-9.17757 38.70200)
32188558-2773-40db-8393-d71dfb107218,Lime,c5d2b1d1-cec8-4c42-b7c8-57148be7879d,bicycle,Blocking access,Fined,150,2026-09-01T22:14:11Z,2026-09-01T23:09:11Z,POINT (-9.18577 38.70052)
2dd6aab8-3e0e-4e3a-ab12-90f56bf46d83,Lime,7062cb9e-5fbf-40b8-875a-ba30033d37e4,scooter,Sidewalk parking,Resolved,,2026-09-01T22:44:12Z,2026-09-01T23:20:12Z,POINT (-9.13802 38.74761)
70e4a330-8ba2-411c-9289-40ee5814eb3d,Lime,e32344e6-0680-4373-bc63-f317cf83d3fd,scooter,Sidewalk parking,Resolved,,2026-09-02T03:44:14Z,2026-09-02T05:20:14Z,POINT (-9.14334 38.71094)
397d790f-cb87-4e58-b664-7e4e896620bc,Voi,0742f3ec-8c89-4b52-8cb3-ae704b7969a0,scooter,Blocking access,Fined,150,2026-09-02T05:54:20Z,2026-09-02T09:19:20Z,POINT (-9.13901 38.74299)
ac295909-0eaf-4f7c-81e2-a4bbf8c8d27e,Dott,862fa97d-802c-4394-b802-98cbdbd410fb,scooter,No-parking zone,Resolved,,2026-09-02T07:27:49Z,2026-09-02T09:49:49Z,POINT (-9.14807 38.74361)
0f26aa54-e081-4452-b2b5-f648bf44d795,Dott,8a22e49d-a087-49c9-9445-537672ec7619,bicycle,Outside parking zone,Resolved,,2026-09-02T07:41:00Z,2026-09-02T08:41:00Z,POINT (-9.14612 38.73225)
e4c46be0-ae9f-4e09-aa81-88311a42a25d,Bolt,44c7084d-4933-4490-afe3-1350c0a0d959,scooter,Outside parking zone,Resolved,,2026-09-02T07:42:36Z,2026-09-02T09:12:36Z,POINT (-9.14628 38.73122)
42ea6913-3d94-44b0-843e-1a515b3ffb08,Bolt,8f7f320d-d22e-4a12-aa12-91d94d5db2e1,scooter,Blocking access,Resolved,,2026-09-02T08:25:18Z,2026-09-02T09:48:18Z,POINT (-9.15283 38.73301)
bb3002ae-24df-4c19-8d01-6610ca78480f,Voi,bcf89c7a-96b6-404f-9052-35663e8b2a87,scooter,Fallen vehicle,Resolved,,2026-09-02T09:10:35Z,2026-09-02T09:37:35Z,POINT (-9.14872 38.72790)
b6a1201a-c992-49df-88a2-3512ecccce74,Voi,4af9c284-b894-4508-807d-b9cd23bd1bed,scooter,Sidewalk parking,Resolved,,2026-09-02T09:20:28Z,2026-09-02T10:09:28Z,POINT (-9.13994 38.73940)
c6265138-c481-4536-bf93-42bd43a2fdd0,Lime,e403b049-18e5-4b7d-aca8-5e50678c6d29,scooter,No-parking zone,Fined,100,2026-09-02T09:39:18Z,2026-09-02T11:14:18Z,POINT (-9.14643 38.71203)
e82afe6c-7f2f-462c-84ed-8a078648dc15,Gira,50848cea-7d56-436d-a877-b0766111ec73,bicycle,Outside parking zone,Resolved,,2026-09-02T09:46:31Z,2026-09-02T12:07:31Z,POINT (-9.14411 38.73827)
73df5de4-6b8c-4039-a6dc-5d3ef329bd26,Lime,86907ae7-0a0a-453e-baa6-6b0fc301fcce,bicycle,Outside parking zone,Fined,50,2026-09-02T09:50:51Z,2026-09-02T11:11:51Z,POINT (-9.14995 38.75001)
591028da-5622-4df7-92b0-c4e02c9f39e9,Bolt,c59345f1-b528-4495-b5db-06a7b0ab88fb,scooter,Sidewalk parking,Fined,75,2026-09-02T09:56:34Z,2026-09-02T11:50:34Z,POINT (-9.14164 38.74780)
09b23aa1-de83-47b7-adc0-e9c88922643a,Voi,f3cb523a-81c3-452e-b314-88c215c78252,scooter,Sidewalk parking,Resolved,,2026-09-02T10:50:56Z,2026-09-02T11:54:56Z,POINT (-9.13082 38.71857)
b9b2cb3e-156a-4f11-920b-b8ddf166d3db,Bolt,ecbc5104-194a-45ea-8dc2-75d0a5825c16,scooter,Outside parking zone,Fined,50,2026-09-02T11:27:52Z,2026-09-02T16:18:52Z,POINT (-9.20287 38.69962)
06b616d4-1cae-47e5-beeb-f35b072a26d9,Dott,c193831d-8b4b-4261-8526-f3d41d9a2ba2,bicycle,Sidewalk parking,Resolved,,2026-09-02T11:29:18Z,2026-09-02T13:09:18Z,POINT (-9.13209 38.71973)
67e3546f-0528-4242-83d7-326261584048,Bolt,ae0be1e2-f46f-4895-9674-8a80386c54a9,scooter,No-parking zone,Resolved,,2026-09-02T11:33:57Z,2026-09-02T12:22:57Z,POINT (-9.12667 38.71784)
6d400b21-485f-4b29-9cc9-64b6e30005cf,Lime,69f94807-bf86-463d-8390-ce9eb90985bc,scooter,Sidewalk parking,Resolved,,2026-09-02T11:39:34Z,2026-09-02T13:00:34Z,POINT (-9.14963 38.70689)
1202b127-78ab-45a6-9ee6-71ce542e8ca5,Bolt,845223d1-3a11-45a1-8580-c4e77e7fa2e7,scooter,Sidewalk parking,Resolved,,2026-09-02T11:50:36Z,2026-09-02T13:11:36Z,POINT (-9.14176 38.70832)
353c26a8-6bc6-4327-88a6-93b91c031c41,Dott,45e545b7-4ec3-41d8-a02c-97d7c704590e,bicycle,No-parking zone,Resolved,,2026-09-02T12:31:49Z,2026-09-02T13:47:49Z,POINT (-9.20654 38.70540)
464cd608-6fb3-466f-aff5-a86d25d64594,Lime,174e1d65-7ce2-4b88-b457-6e704045e03f,scooter,Sidewalk parking,Open,,2026-09-02T12:37:07Z,,POINT (-9.13307 38.71823)
d096437a-a5ad-4c66-aa16-54dd3f21c90e,Bolt,43067cd3-96a3-4da9-a3f9-4911bdea5565,scooter,Blocking access,Fined,150,2026-09-02T12:42:50Z,2026-09-02T14:31:50Z,POINT (-9.13039 38.71860)
5304f3f2-d03e-42e2-a7f1-43792b3c45d4,Bolt,1e1c161b-9bd5-48f7-bc74-b5637909d74a,scooter,Outside parking zone,Fined,50,2026-09-02T13:31:44Z,2026-09-02T14:29:44Z,POINT (-9.13951 38.71280)
22ed6205-aa0f-429f-9e3e-254484d7f2e0,Bolt,b945cd67-8cf4-4f90-97ae-e9285602559b,scooter,Sidewalk parking,Open,,2026-09-02T13:34:01Z,,POINT (-9.13539 38.71726)
e29248bd-bd8f-47e4-b827-7a6a45758b15,Lime,f619a308-40e8-4bf9-b97e-7a3ddba14dd8,bicycle,Fallen vehicle,Resolved,,2026-09-02T16:10:44Z,2026-09-02T16:42:44Z,POINT (-9.12327 38.71411)
790ce9c1-fee3-4cbd-b8a9-93808478e042,Lime,94b3df6f-1c28-48b6-a19e-f8586c7b6682,bicycle,Outside parking zone,Open,,2026-09-02T16:28:50Z,,POINT (-9.15111 38.74207)
5a56936a-e11f-46e8-8f97-c65e88365d7b,Dott,45e545b7-4ec3-41d8-a02c-97d7c704590e,bicycle,Outside parking zone,Resolved,,2026-09-02T16:32:57Z,2026-09-02T17:02:57Z,POINT (-9.15087 38.75080)
a3dffc78-b9e6-4462-99f1-9864743c48c2,Lime,3e98a5d8-ab8c-4da5-a839-1e43dd3f1182,bicycle,No-parking zone,Resolved,,2026-09-02T16:52:55Z,2026-09-02T18:49:55Z,POINT (-9.14283 38.73942)
4babcd3a-ef0c-47bf-a1a1-fb0f5d7829aa,Lime,fb263cb4-1438-4fa9-b9b9-2d0d5c211b09,bicycle,Outside parking zone,Fined,50,2026-09-02T17:05:37Z,2026-09-02T18:48:37Z,POINT (-9.13829 38.71645)
03325339-49c8-48cb-b0ef-3dec548bb606,Dott,7d0d698f-6d06-4ea5-96ee-514021bfa829,scooter,Sidewalk parking,Open,,2026-09-02T17:10:15Z,,POINT (-9.17478 38.70397)
b166203f-7daa-438f-8757-827aa989f142,Voi,031db94c-6eae-4fdf-baf5-f663feff8b63,scooter,Sidewalk parking,Resolved,,2026-09-02T17:10:51Z,2026-09-02T18:57:51Z,POINT (-9.14989 38.72726)
845de32e-ea38-4841-9fce-29006162d260,Lime,118e5622-b6ba-4bef-bf5e-b4eea7fe3d7b,bicycle,Outside parking zone,Resolved,,2026-09-02T17:13:32Z,2026-09-02T20:25:32Z,POINT (-9.12605 38.71548)
8e176873-3cf7-41d5-aeb5-56f6c3715ef5,Bolt,a9aaa9fa-5059-4e41-acac-a34df6920af5,scooter,Sidewalk parking,Resolved,,2026-09-02T17:50:31Z,2026-09-02T20:52:31Z,POINT (-9.12731 38.71933)
ac2eed69-0a9a-421b-929f-31ddfefe0c5c,Bolt,9b5eaef2-4593-4c16-948a-1040ade2ae96,scooter,Fallen vehicle,Resolved,,2026-09-02T18:25:08Z,2026-09-02T21:30:08Z,POINT (-9.16199 38.72653)
fc686b69-b2e1-4b14-9d69-43265f4f0f1f,Dott,361564bd-e51a-4100-9213-3572f83292f5,bicycle,Outside parking zone,Resolved,,2026-09-02T18:35:01Z,2026-09-02T20:07:01Z,POINT (-9.13409 38.71355)
d771ec65-cb36-44ed-b868-bfa7afdd01b7,Voi,0742f3ec-8c89-4b52-8cb3-ae704b7969a0,scooter,Sidewalk parking,Fined,75,2026-09-02T18:37:45Z,2026-09-02T19:39:45Z,POINT (-9.13212 38.73180)
f13daec3-2ddf-489a-8825-db0af0d53d1f,Lime,8f9fd386-dd56-4a81-82d1-a1c38c6a3273,bicycle,Sidewalk parking,Resolved,,2026-09-02T18:58:49Z,2026-09-02T22:13:49Z,POINT (-9.15553 38.70992)
edba2be0-f2d3-4546-9ed0-b9d4bfa28fec,Dott,edcaee5d-e3cb-4bbc-a382-948e3d239b1b,bicycle,Sidewalk parking,Resolved,,2026-09-02T19:06:57Z,2026-09-02T20:28:57Z,POINT (-9.14594 38.72497)
a852d142-b122-4bab-885f-93025b9b3c7b,Dott,c293731b-bd63-4834-bea7-f47c972b935f,scooter,Blocking access,Fined,150,2026-09-02T19:12:12Z,2026-09-02T20:33:12Z,POINT (-9.15804 38.71225)
6ad835c3-6d8b-4aa1-807d-862fa9688a60,Dott,27c2ded7-9f66-4557-a9b2-86d9d9ed6c7b,bicycle,Sidewalk parking,Resolved,,2026-09-02T20:34:09Z,2026-09-03T00:18:09Z,POINT (-9.13920 38.75136)
fbf5f0a9-26c6-47da-9767-6f3bc3e310a5,Bolt,ac80ba37-93c5-423d-b4f2-3ea44dec70c4,scooter,Sidewalk parking,Fined,75,2026-09-02T20:58:05Z,2026-09-02T23:22:05Z,POINT (-9.10278 38.75351)
7964fee0-0a1e-4bc8-bf48-2fa8bc61cbd4,Dott,c293731b-bd63-4834-bea7-f47c972b935f,scooter,Blocking access,Resolved,,2026-09-02T21:06:30Z,2026-09-02T21:33:30Z,POINT (-9.14515 38.72157)
c2c4cb88-337e-4dd7-b091-26e04b8a362d,Lime,fee92983-dc39-4ce9-b358-fcd6df4b4b96,bicycle,Sidewalk parking,Resolved,,2026-09-02T21:09:17Z,2026-09-02T23:11:17Z,POINT (-9.13180 38.71507)
a5937fac-a551-4dd0-ae50-5326f5984e01,Lime,2055bd47-95de-49ed-9521-d5dda61dae8f,scooter,No-parking zone,Fined,100,2026-09-02T21:47:18Z,2026-09-02T22:56:18Z,POINT (-9.14760 38.75913)
4ec7509a-bc25-4f22-a553-32dba45e4968,Lime,1fb0aecb-f2bf-4080-89df-e25067891c5f,bicycle,No-parking zone,Resolved,,2026-09-02T22:55:18Z,2026-09-02T23:25:18Z,POINT (-9.15554 38.72227)
c269d83e-ba3b-4ff3-b687-8401f29e9e05,Dott,f9042756-b20a-4789-8141-273570b196f4,scooter,Sidewalk parking,Resolved,,2026-09-02T23:36:01Z,2026-09-03T02:02:01Z,POINT (-9.15915 38.71129)
48b5eb97-30a2-484f-81e2-04ac64205ad1,Bolt,44d8c4f1-7cef-432c-8977-64aab56212da,scooter,Fallen vehicle,Fined,50,2026-09-03T00:05:02Z,2026-09-03T01:04:02Z,POINT (-9.14436 38.70942)
aab0d77f-1728-4275-9ec8-bba3e8321023,Bolt,855bed57-f2f1-4ed8-8234-2561905866fc,scooter,Sidewalk parking,Resolved,,2026-09-03T01:14:25Z,2026-09-03T03:45:25Z,POINT (-9.14728 38.74001)
5a2b3a5d-1a76-4a1b-9eb2-a4946180953e,Bolt,b0c8d5de-2f85-4430-a4b3-932311251753,scooter,Outside parking zone,Fined,50,2026-09-03T04:59:41Z,2026-09-03T06:29:41Z,POINT (-9.12206 38.71957)
e2e4d2eb-bb9d-4ba1-b340-bce03a5167d8,Voi,6339b154-2eb9-48d1-8545-f139608240e9,scooter,Blocking access,Fined,150,2026-09-03T07:03:40Z,2026-09-03T08:05:40Z,POINT (-9.12196 38.71804)
29138fa9-0368-4948-88b7-2c8c70eac31a,Dott,21381d0d-9361-44cd-a319-5b0fef20bbe5,bicycle,No-parking zone,Resolved,,2026-09-03T07:24:10Z,2026-09-03T08:04:10Z,POINT (-9.13145 38.71775)
cffa11a7-2011-4bbe-b252-7ef887b937ff,Voi,59ad6aed-33a6-4022-96c7-9631cfb93a36,scooter,Sidewalk parking,Resolved,,2026-09-03T08:07:39Z,2026-09-03T10:44:39Z,POINT (-9.10344 38.75803)
28e6013a-134f-4b5e-b92d-f133021e0990,Dott,7ea4b4d1-e1ff-4f80-9d67-61d0fe9bfea2,scooter,Fallen vehicle,Fined,50,2026-09-03T08:08:18Z,2026-09-03T08:22:18Z,POINT (-9.14718 38.74039)
0d025334-0dba-41d3-8fbd-d4e2882fc422,Lime,e403b049-18e5-4b7d-aca8-5e50678c6d29,scooter,Outside parking zone,Resolved,,2026-09-03T08:22:31Z,2026-09-03T09:54:31Z,POINT (-9.14306 38.73500)
826964e3-2386-4104-923a-1c6749e6d8bc,Dott,800e8cf1-2a41-48cf-91a6-f1069b74a911,scooter,Sidewalk parking,Fined,75,2026-09-03T08:22:48Z,2026-09-03T11:10:48Z,POINT (-9.13649 38.71877)
d5aa9231-87b2-4b98-895f-82616f814d66,Lime,f513e61a-b1f3-4a3d-93a7-ee4558dd0cc9,bicycle,Outside parking zone,Resolved,,2026-09-03T08:26:40Z,2026-09-03T09:34:40Z,POINT (-9.15647 38.71650)
173c912d-b23b-4d77-b557-64309d8668ce,Bolt,951afe99-fd1f-4464-8524-c95d7e879f08,scooter,Sidewalk parking,Fined,75,2026-09-03T08:26:48Z,2026-09-03T17:51:48Z,POINT (-9.14637 38.75512)
ece5f123-c261-4c90-8ae5-40e2bf64a94d,Bolt,85ce84ae-b188-4583-9599-71f3ffe1a5c0,scooter,Blocking access,Fined,150,2026-09-03T08:28:37Z,2026-09-03T09:47:37Z,POINT (-9.13871 38.73810)
f43e6dde-b977-4d5f-a8d2-167e8f6126bc,Bolt,ca83c6b2-29c5-45c1-a902-c3618400965d,scooter,Outside parking zone,Open,,2026-09-03T08:43:03Z,,POINT (-9.14868 38.75971)
2cbd1c00-52ac-41f9-99d2-9720bedb1e25,Lime,9f28be4c-7f08-4202-a214-10631c485770,scooter,Sidewalk parking,Fined,75,2026-09-03T09:34:38Z,2026-09-03T10:32:38Z,POINT (-9.15623 38.71127)
c306399c-eb3b-42b7-b129-01eac9d5030d,Bolt,38032fc0-56f9-4a0d-a9e2-4e23c38835f8,scooter,Fallen vehicle,Resolved,,2026-09-03T09:53:02Z,2026-09-03T12:01:02Z,POINT (-9.09678 38.76749)
8ab15742-deb8-4304-89c9-2f0f3a73b272,Dott,919f3a56-e04a-434a-ad4e-5a9ffaf71903,scooter,No-parking zone,Resolved,,2026-09-03T10:12:09Z,2026-09-03T12:23:09Z,POINT (-9.15685 38.71481)
4e5b7583-8b46-4cda-bbe9-5c8fc6d969f0,Lime,399ae078-4986-4b21-b5be-e41be94d8dfc,scooter,Outside parking zone,Resolved,,2026-09-03T10:23:34Z,2026-09-03T11:16:34Z,POINT (-9.14782 38.71221)
398d332f-bc07-4440-8534-d96bbf4b9ca7,Dott,b6faffd3-000b-4fc2-888d-27f26debc031,scooter,No-parking zone,Resolved,,2026-09-03T11:11:10Z,2026-09-03T12:29:10Z,POINT (-9.17796 38.70233)
23f4f190-1a67-4fc0-bc8c-64b98ee66f1c,Bolt,59224afc-9fad-4a16-a4b1-b50eea8a2552,scooter,Outside parking zone,Resolved,,2026-09-03T11:44:33Z,2026-09-03T12:53:33Z,POINT (-9.09955 38.76450)
513d2307-c226-4473-8489-12fed74424db,Voi,4b09abca-6335-4c15-964d-e9121b107017,scooter,Sidewalk parking,Fined,75,2026-09-03T12:15:42Z,2026-09-03T13:38:42Z,POINT (-9.12619 38.71041)
ec243aa9-1c00-4fd1-8e86-63393eeae68b,Dott,9f6f5501-4f64-4342-bd7c-da00e94fc024,scooter,Outside parking zone,Resolved,,2026-09-03T12:18:52Z,2026-09-03T13:12:52Z,POINT (-9.14912 38.74138)
a730da97-519f-4ee1-86d3-ee3d257eac35,Lime,daa14a90-9c69-4ddf-b387-11d33bc89d20,scooter,Sidewalk parking,Resolved,,2026-09-03T12:29:20Z,2026-09-03T14:42:20Z,POINT (-9.14755 38.70642)
6feff9ee-ba4a-447b-a1ea-0a4ea78598ca,Dott,919f3a56-e04a-434a-ad4e-5a9ffaf71903,scooter,Blocking access,Resolved,,2026-09-03T12:49:11Z,2026-09-03T14:29:11Z,POINT (-9.10776 38.73566)
dc8e8e70-ff1a-497f-a2ab-7150c7521363,Bolt,f9402d97-ef22-4a4e-a2a9-72be35bf051a,scooter,Sidewalk parking,Fined,75,2026-09-03T12:56:08Z,2026-09-03T15:34:08Z,POINT (-9.13535 38.75632)
62a20ee2-7bdf-428b-9c00-edc6c7e2cf5b,Lime,4e73a465-e72f-41af-ab6e-65d19305ecc3,bicycle,Fallen vehicle,Open,,2026-09-03T13:07:07Z,,POINT (-9.13437 38.74105)
801e6392-892d-4115-9ca5-540a801759ab,Bolt,f6fe45fd-0ad7-431f-bff7-475598354581,scooter,Sidewalk parking,Resolved,,2026-09-03T13:13:49Z,2026-09-03T14:50:49Z,POINT (-9.12381 38.71467)
10f56e00-5770-480b-b33a-b9aa42a18941,Bolt,5e178a92-e8a5-4a2b-bd14-0ff7434c150a,scooter,Blocking access,Resolved,,2026-09-03T13:42:01Z,2026-09-03T14:30:01Z,POINT (-9.10763 38.77401)
da12f6a1-d78a-4dfc-a94a-2c22797a102e,Dott,21381d0d-9361-44cd-a319-5b0fef20bbe5,bicycle,Sidewalk parking,Resolved,,2026-09-03T13:48:14Z,2026-09-03T15:23:14Z,POINT (-9.21061 38.69527)
bf51519a-a338-49d8-a6a9-1a283af5ee82,Dott,27c2ded7-9f66-4557-a9b2-86d9d9ed6c7b,bicycle,Outside parking zone,Fined,50,2026-09-03T13:50:25Z,2026-09-03T17:08:25Z,POINT (-9.14771 38.71083)
48587b17-fc54-419c-8d07-f3215687bfe2,Lime,e0a204aa-b833-4c75-89f0-96cdd0d821b3,bicycle,No-parking zone,Resolved,,2026-09-03T14:12:11Z,2026-09-03T15:13:11Z,POINT (-9.21453 38.69685)
3a10209d-3e71-4ea8-8095-7a2e45ab8e06,Voi,37ff9702-4abc-497e-9e45-57f12afcd2ff,scooter,No-parking zone,Resolved,,2026-09-03T14:13:44Z,2026-09-03T15:52:44Z,POINT (-9.14598 38.71045)
2fa80fe8-8919-4c47-ac4f-e6e48acd79d4,Lime,0a28746f-1a0f-4b9a-87c9-b151c01588e5,bicycle,Sidewalk parking,Open,,2026-09-03T14:17:27Z,,POINT (-9.17617 38.70428)
1525d1b3-b6a9-411a-b887-691d120a7b5d,Lime,5cd3ff4d-d891-4d8d-84b0-977ee42e57ec,bicycle,Sidewalk parking,Resolved,,2026-09-03T14:53:27Z,2026-09-03T17:21:27Z,POINT (-9.17454 38.70705)
a71e3160-4d3b-4f89-be10-6310452fa53d,Lime,8d0d40f6-c1ef-43bb-ba79-ae69100f2eec,scooter,No-parking zone,Open,,2026-09-03T15:05:33Z,,POINT (-9.13958 38.71332)
d4cdc32b-701e-4290-9137-53cbc2280f13,Dott,ed35e954-f76b-4036-9b20-12053d073251,bicycle,Sidewalk parking,Resolved,,2026-09-03T15:06:00Z,2026-09-03T16:34:00Z,POINT (-9.09733 38.76324)
c3b2a878-2cd8-4d62-940b-8ef48e193d34,Bolt,be234d5a-15d4-4578-9c01-3698cfcb4175,scooter,Outside parking zone,Fined,50,2026-09-03T15:51:51Z,2026-09-03T16:52:51Z,POINT (-9.21102 38.69601)
dd8c21de-9861-44ce-a3f6-9e35c6c27fdb,Bolt,c92a1c96-6478-4985-816b-3055e5d95ab4,scooter,Sidewalk parking,Fined,75,2026-09-03T15:53:06Z,2026-09-03T16:35:06Z,POINT (-9.10825 38.76392)
ead24562-03f3-4507-a985-61cc12dd8e8b,Lime,093d6d3a-bf72-4179-bf8e-af8017289661,scooter,Outside parking zone,Resolved,,2026-09-03T16:18:40Z,2026-09-03T18:24:40Z,POINT (-9.20801 38.70069)
76013020-862d-4dc6-a90e-151d855cf73a,Dott,e2f386a4-a401-47ee-b5c7-196e2ab008f9,bicycle,Outside parking zone,Resolved,,2026-09-03T16:28:22Z,2026-09-03T17:33:22Z,POINT (-9.13911 38.71217)
f7dcc52c-8d09-4197-81b5-13e128edc7a8,Dott,970b08e8-b879-4ad4-95a6-f16f94041a06,scooter,Sidewalk parking,Resolved,,2026-09-03T16:49:06Z,2026-09-03T18:29:06Z,POINT (-9.12891 38.73976)
19465c8c-39a2-4ba5-8ddd-a4ce154dee08,Dott,800e8cf1-2a41-48cf-91a6-f1069b74a911,scooter,Blocking access,Open,,2026-09-03T17:15:31Z,,POINT (-9.13879 38.70984)
e8695907-80dc-4708-9c45-6f1834d8a304,Dott,c293731b-bd63-4834-bea7-f47c972b935f,scooter,No-parking zone,Fined,100,2026-09-03T17:22:13Z,2026-09-03T19:39:13Z,POINT (-9.14737 38.74379)
e16cb6cb-afbf-4a11-ad03-ba4e9101f7b1,Voi,18677b5b-da89-44dd-b813-e7d58a8e2671,scooter,Outside parking zone,Resolved,,2026-09-03T17:49:37Z,2026-09-03T19:01:37Z,POINT (-9.14586 38.73856)
45e2545b-9abd-436a-886d-688fd94374f9,Bolt,f6fe45fd-0ad7-431f-bff7-475598354581,scooter,Fallen vehicle,Fined,50,2026-09-03T18:23:30Z,2026-09-03T18:42:30Z,POINT (-9.14319 38.71588)
f3f3a43b-0e7d-4a6a-9c39-a52f76f65b5f,Dott,9b626692-04c9-4f07-8c38-4e95838b0729,bicycle,Sidewalk parking,Open,,2026-09-03T19:04:26Z,,POINT (-9.15119 38.73551)
f71c2d26-2fdc-41c0-b5d0-6ba8dc2deb6d,Voi,a722b2d0-4298-423b-967c-8555a07b8646,scooter,Outside parking zone,Resolved,,2026-09-03T19:24:25Z,2026-09-03T22:44:25Z,POINT (-9.13709 38.71126)
6a32c693-4c4d-4137-9fe4-22cf12691a5a,Voi,5cc64abb-164f-4eff-b724-f58a5a6c4484,scooter,Fallen vehicle,Fined,50,2026-09-03T19:46:23Z,2026-09-03T21:04:23Z,POINT (-9.10424 38.76288)
1568d797-a902-46af-8076-314e7b59135c,Bolt,d8882c64-0e15-45af-a3c3-68520cf0cde5,scooter,Outside parking zone,Resolved,,2026-09-03T20:21:06Z,2026-09-03T23:18:06Z,POINT (-9.14153 38.71547)
137dea71-f55a-4a27-9096-009ca5984dab,Lime,d7ea6bc4-6355-4818-a924-9a4bc153e7dd,bicycle,Outside parking zone,Resolved,,2026-09-03T20:44:01Z,2026-09-03T22:24:01Z,POINT (-9.14247 38.70823)
4396b7ee-7044-433e-a2c3-e41287a54edf,Bolt,2172eab2-6220-4d54-acf3-68acfed98c7d,scooter,Outside parking zone,Resolved,,2026-09-03T20:58:08Z,2026-09-03T22:02:08Z,POINT (-9.14107 38.71817)
4ecc1b62-3fdd-47bb-9c8c-a3988916a9ff,Bolt,020ead92-b37b-4150-a283-b8ccf5530cc4,scooter,Sidewalk parking,Resolved,,2026-09-03T21:54:28Z,2026-09-03T23:12:28Z,POINT (-9.14433 38.73641)
a1870f18-9516-40e4-8aa8-d3e961c0fb30,Bolt,64b2a9be-eb65-4ba8-a4f3-0d86d38f7fb7,scooter,Fallen vehicle,Resolved,,2026-09-03T22:05:34Z,2026-09-03T22:23:34Z,POINT (-9.14147 38.74819)
f98efc7e-4ac3-4fc4-8e1d-7dfa44bd10dd,Lime,ea827419-e8cf-4015-8d21-5546afe9a538,scooter,Sidewalk parking,Resolved,,2026-09-04T01:37:34Z,2026-09-04T02:37:34Z,POINT (-9.10590 38.73548)
26431f64-4e5a-4a5b-ac35-57dc19d208f8,Dott,b6faffd3-000b-4fc2-888d-27f26debc031,scooter,No-parking zone,Resolved,,2026-09-04T01:49:20Z,2026-09-04T03:04:20Z,POINT (-9.14723 38.70947)
02925c83-0b4e-4919-8fec-52b1060391ae,Lime,e0a204aa-b833-4c75-89f0-96cdd0d821b3,bicycle,Blocking access,Fined,150,2026-09-04T01:56:05Z,2026-09-04T07:21:05Z,POINT (-9.15150 38.72555)
a04a5fb9-5cdd-4ce3-a0a0-23ec40430172,Lime,15c1e979-e545-41b8-af6a-2cf2fe70e894,bicycle,Sidewalk parking,Resolved,,2026-09-04T03:20:10Z,2026-09-04T05:39:10Z,POINT (-9.13918 38.70810)
804d6ce4-49b9-45c2-990d-8e5c8efed1e2,Bolt,2172eab2-6220-4d54-acf3-68acfed98c7d,scooter,Fallen vehicle,Fined,50,2026-09-04T03:59:41Z,2026-09-04T04:54:41Z,POINT (-9.15613 38.72679)
fc0adf21-059e-4a8f-8548-2dd82327880a,Bolt,dd46a98e-50e4-4b2d-b240-6aab2270b960,scooter,Outside parking zone,Resolved,,2026-09-04T06:50:30Z,2026-09-04T08:14:30Z,POINT (-9.14974 38.72872)
ced44197-3cec-47c6-a44a-a1dba24cbc8f,Lime,965de629-aeca-450d-92d7-71a91df87b16,bicycle,Sidewalk parking,Resolved,,2026-09-04T08:22:32Z,2026-09-04T09:29:32Z,POINT (-9.14708 38.72527)
423721df-3c49-4032-b793-7eb295d31413,Dott,1ba682cf-266a-469c-93c9-fece39aa3eb9,bicycle,Sidewalk parking,Resolved,,2026-09-04T08:30:50Z,2026-09-04T08:59:50Z,POINT (-9.14322 38.73512)
16e76d77-bc82-4838-9060-909c2eb3708b,Dott,0a801311-07d4-4322-8dd0-808305fcf3fc,bicycle,Outside parking zone,Resolved,,2026-09-04T08:31:35Z,2026-09-04T10:39:35Z,POINT (-9.13666 38.73421)
513b7074-f514-46e7-87c5-9c896c053e32,Dott,919f3a56-e04a-434a-ad4e-5a9ffaf71903,scooter,Sidewalk parking,Fined,75,2026-09-04T09:19:54Z,2026-09-04T12:08:54Z,POINT (-9.09806 38.77206)
63309242-5268-44db-807e-dea4236e7d87,Voi,bcf89c7a-96b6-404f-9052-35663e8b2a87,scooter,Sidewalk parking,Open,,2026-09-04T09:39:20Z,,POINT (-9.14096 38.74125)
b7056d95-375b-4a23-bb82-8c949c70dab8,Voi,031db94c-6eae-4fdf-baf5-f663feff8b63,scooter,Fallen vehicle,Resolved,,2026-09-04T09:44:41Z,2026-09-04T10:13:41Z,POINT (-9.13929 38.70816)
b12c616c-8867-4de4-b40a-cd9cfe29636e,Lime,ea886f8f-381a-4124-b25f-606055cfd3f8,scooter,Outside parking zone,Resolved,,2026-09-04T10:27:38Z,2026-09-04T12:34:38Z,POINT (-9.14297 38.70594)
1732a76c-bbde-49f1-9010-c2f3f99ef26c,Bolt,d8667dc6-ac80-4d0e-993c-decb7990a95c,scooter,Sidewalk parking,Resolved,,2026-09-04T10:46:19Z,2026-09-04T12:55:19Z,POINT (-9.11449 38.73650)
7107e6d5-42c4-47a9-b469-80b56bfa0929,Bolt,ae0be1e2-f46f-4895-9674-8a80386c54a9,scooter,No-parking zone,Resolved,,2026-09-04T11:01:38Z,2026-09-04T14:13:38Z,POINT (-9.17907 38.70437)
9ed44b91-6698-4c51-9678-bc96ca5fdf95,Lime,df0231e6-d581-47c6-abd9-a8f293b7eefc,scooter,Blocking access,Resolved,,2026-09-04T11:31:41Z,2026-09-04T12:48:41Z,POINT (-9.16287 38.71856)
20bbe937-4057-4b19-bf34-d50213737ec5,Bolt,a9aaa9fa-5059-4e41-acac-a34df6920af5,scooter,Blocking access,Fined,150,2026-09-04T12:00:04Z,2026-09-04T16:10:04Z,POINT (-9.14506 38.74897)
9a7835d2-229b-4e94-8347-b7bc0783f858,Bolt,39960fa4-33f5-4a9c-bda2-07f786358fa3,scooter,Sidewalk parking,Resolved,,2026-09-04T12:15:08Z,2026-09-04T13:47:08Z,POINT (-9.10434 38.73543)
400a78a7-ab0d-42a4-b1db-4f65d06923de,Voi,18677b5b-da89-44dd-b813-e7d58a8e2671,scooter,Sidewalk parking,Resolved,,2026-09-04T12:16:43Z,2026-09-04T13:25:43Z,POINT (-9.14720 38.70890)
694ab886-ebae-43f1-87b0-9f56beeb5cbe,Voi,0742f3ec-8c89-4b52-8cb3-ae704b7969a0,scooter,Sidewalk parking,Resolved,,2026-09-04T12:23:44Z,2026-09-04T12:57:44Z,POINT (-9.10639 38.73440)
b88dacda-86e9-4630-995a-ff07a7506892,Bolt,ae0be1e2-f46f-4895-9674-8a80386c54a9,scooter,Outside parking zone,Open,,2026-09-04T12:40:26Z,,POINT (-9.21148 38.69907)
3e1dd146-a067-44f6-a818-747b17c7fa4c,Lime,0a86dee7-da23-451a-90b8-42d85fb59057,bicycle,Blocking access,Resolved,,2026-09-04T14:28:29Z,2026-09-04T16:16:29Z,POINT (-9.14475 38.75674)
f5c9b73f-d35a-4d27-aebc-abd6877a3085,Lime,09d4feb2-fd91-4f33-9908-434fc5f75dfc,scooter,Sidewalk parking,Open,,2026-09-04T15:08:09Z,,POINT (-9.13900 38.71050)
8f622a16-bc12-4146-b541-80ae99955cb3,Bolt,bb077633-73d7-4d11-a1ed-7e3acd4593b2,scooter,Blocking access,Fined,150,2026-09-04T15:25:02Z,2026-09-04T18:51:02Z,POINT (-9.13303 38.71408)
2d981fdc-a3c1-4afd-a989-879f6232eb03,Lime,a7e415d5-d7f5-4607-a928-a293048e00cc,scooter,Sidewalk parking,Resolved,,2026-09-04T15:44:15Z,2026-09-04T16:24:15Z,POINT (-9.13752 38.73670)
50b5c6fe-2f57-4870-8910-28dbeedaaeda,Bolt,4c730785-2183-4291-b078-5e2b7fe91018,scooter,Blocking access,Resolved,,2026-09-04T15:46:05Z,2026-09-04T19:12:05Z,POINT (-9.13060 38.71254)
d85dcd95-593d-48ef-8a64-05de633231c6,Bolt,6cc66bbf-0dba-4afb-9f93-cf8ebd604a01,scooter,No-parking zone,Fined,100,2026-09-04T16:16:48Z,2026-09-04T17:52:48Z,POINT (-9.12163 38.71315)
c8b0fde0-ea8b-4a2f-be3e-c6edfe6376f0,Bolt,bee576cb-25ee-47cb-909f-c725b21599bd,scooter,Blocking access,Open,,2026-09-04T16:20:40Z,,POINT (-9.13490 38.74239)
c9612681-0d1e-4fb9-b0e6-4d6069d87f68,Voi,61185fe0-1e4d-48b8-a5ab-d332d52f53a2,scooter,Sidewalk parking,Resolved,,2026-09-04T16:26:26Z,2026-09-04T18:46:26Z,POINT (-9.12785 38.71271)
506807f2-e2bf-444f-be84-c4d81010000b,Bolt,dc2f3b0f-669c-4ebf-9665-27fcefbb41a8,scooter,Blocking access,Resolved,,2026-09-04T16:41:05Z,2026-09-04T18:28:05Z,POINT (-9.14168 38.73817)
0aea6b05-a698-4932-8335-6cc92c9d72d7,Voi,6339b154-2eb9-48d1-8545-f139608240e9,scooter,Sidewalk parking,Resolved,,2026-09-04T16:57:20Z,2026-09-04T17:32:20Z,POINT (-9.13189 38.71453)
a0daf083-aee1-4fe1-ad19-6fef36e2a806,Bolt,607c386c-957d-4591-8eb5-9a8683d3a6da,scooter,Sidewalk parking,Fined,75,2026-09-04T16:58:32Z,2026-09-04T23:15:32Z,POINT (-9.16250 38.71137)
2aa25f27-864c-49d0-b661-18c85f42f737,Lime,e403b049-18e5-4b7d-aca8-5e50678c6d29,scooter,Sidewalk parking,Fined,75,2026-09-04T17:18:44Z,2026-09-04T18:12:44Z,POINT (-9.13761 38.71062)
9f61fdcb-ff10-4e34-80bd-33054b552f61,Lime,f513e61a-b1f3-4a3d-93a7-ee4558dd0cc9,bicycle,No-parking zone,Resolved,,2026-09-04T17:20:28Z,2026-09-04T18:23:28Z,POINT (-9.10120 38.75789)
5edd764a-c8a2-47e1-947b-0080cc536bb5,Bolt,38032fc0-56f9-4a0d-a9e2-4e23c38835f8,scooter,Sidewalk parking,Resolved,,2026-09-04T17:21:46Z,2026-09-04T18:44:46Z,POINT (-9.14430 38.74660)
5cec3976-4fd7-41b6-babb-a4e45b8b699a,Dott,a6ca6885-5673-401c-af60-ee07b9904f3b,scooter,Sidewalk parking,Resolved,,2026-09-04T17:25:13Z,2026-09-04T17:48:13Z,POINT (-9.14229 38.71238)
86fa1d6a-9759-4e51-ae5c-8ade1c695905,Bolt,bb189b4c-9409-4888-8862-a45372979b86,scooter,Sidewalk parking,Resolved,,2026-09-04T18:04:50Z,2026-09-04T19:13:50Z,POINT (-9.11784 38.71638)
368793c6-cd94-435f-8c0a-e5a6c9eec322,Lime,fa33853b-2041-4e4c-8a10-c2a4412c2183,bicycle,Outside parking zone,Resolved,,2026-09-04T18:14:12Z,2026-09-04T21:00:12Z,POINT (-9.14207 38.70725)
73b28351-d590-4465-b6cd-8862b671b7aa,Lime,6ec9bfa9-3a3c-4954-b0a0-1ca271651287,scooter,Outside parking zone,Resolved,,2026-09-04T18:20:22Z,2026-09-04T20:10:22Z,POINT (-9.15560 38.73589)
33a28aea-2d89-45cb-b6ed-54cc8d0e89ad,Lime,494bed18-40d6-40c0-9f14-138322d849d2,scooter,Fallen vehicle,Resolved,,2026-09-04T18:29:06Z,2026-09-04T18:52:06Z,POINT (-9.14351 38.71855)
c4e79d01-4623-4816-be2d-9f3cd098ddf1,Dott,9f6f5501-4f64-4342-bd7c-da00e94fc024,scooter,No-parking zone,Fined,100,2026-09-04T18:37:41Z,2026-09-04T19:26:41Z,POINT (-9.10337 38.75577)
0f2d65e0-9049-49ea-ba3b-46008785c7cb,Voi,222129a3-eadc-481e-9a7e-99cb4a7903c0,scooter,Sidewalk parking,Resolved,,2026-09-04T18:40:40Z,2026-09-04T21:23:40Z,POINT (-9.15732 38.72924)
381efc4b-d043-4391-a74e-91b3f0020801,Lime,6e12a984-5c48-429a-9105-c5f50bbc0dec,bicycle,Sidewalk parking,Fined,75,2026-09-04T18:47:29Z,2026-09-04T19:35:29Z,POINT (-9.09896 38.76539)
aaeb43b0-7c1f-4545-bc5f-cb2f835d4bf7,Dott,4744dc07-1773-4590-a8d2-33752cd6b6e4,scooter,Sidewalk parking,Resolved,,2026-09-04T19:29:31Z,2026-09-04T21:01:31Z,POINT (-9.13314 38.73649)
fdd1ce64-67f8-4120-b726-667561494b53,Bolt,59224afc-9fad-4a16-a4b1-b50eea8a2552,scooter,Blocking access,Resolved,,2026-09-04T21:28:14Z,2026-09-04T22:54:14Z,POINT (-9.14825 38.73083)
b861e848-53bb-410a-b79f-858dadd049dc,Bolt,020ead92-b37b-4150-a283-b8ccf5530cc4,scooter,Outside parking zone,Resolved,,2026-09-04T21:44:08Z,2026-09-04T23:11:08Z,POINT (-9.14442 38.71094)
cc838641-4ef3-4c34-b02f-3bc8f99ab064,Voi,6339b154-2eb9-48d1-8545-f139608240e9,scooter,Blocking access,Resolved,,2026-09-04T22:39:31Z,2026-09-05T00:59:31Z,POINT (-9.13940 38.73174)
213bf92b-0f3b-4c2a-b826-46f7d8a32d27,Dott,e3b26730-d04d-4a7e-90ae-fd357058df76,bicycle,Fallen vehicle,Resolved,,2026-09-04T23:18:59Z,2026-09-05T01:46:59Z,POINT (-9.14523 38.70883)
309b2493-80bc-4b84-9c1e-f89bbba25bba,Lime,fa33853b-2041-4e4c-8a10-c2a4412c2183,bicycle,Sidewalk parking,Resolved,,2026-09-04T23:36:47Z,2026-09-05T01:59:47Z,POINT (-9.14309 38.71113)
51271ff2-d522-4b1c-b9c7-4d64c0a0e238,Lime,df0231e6-d581-47c6-abd9-a8f293b7eefc,scooter,Sidewalk parking,Resolved,,2026-09-05T00:35:59Z,2026-09-05T01:24:59Z,POINT (-9.13925 38.70638)
f45a3411-27b9-4888-bd24-98bb3f98967e,Bolt,8bbb2e07-52b0-4f65-955e-04f6d218234f,scooter,Fallen vehicle,Open,,2026-09-05T01:00:12Z,,POINT (-9.14097 38.71421)
1d717dbd-7184-471b-b950-3c0047943db9,Lime,86907ae7-0a0a-453e-baa6-6b0fc301fcce,bicycle,Sidewalk parking,Resolved,,2026-09-05T01:16:48Z,2026-09-05T01:42:48Z,POINT (-9.12853 38.71501)
d6f70319-4c41-42c9-9dc2-86a78a879255,Voi,ff39bda5-a681-4586-b949-0241639e7d48,scooter,Sidewalk parking,Resolved,,2026-09-05T01:26:53Z,2026-09-05T02:33:53Z,POINT (-9.15924 38.77366)
2309ca58-e47f-4322-af5e-88489cd4dcb4,Dott,9f6f5501-4f64-4342-bd7c-da00e94fc024,scooter,Sidewalk parking,Resolved,,2026-09-05T01:51:12Z,2026-09-05T03:55:12Z,POINT (-9.14303 38.73468)
cca95b51-1ff2-481c-9ec2-6b3c5ba41224,Lime,8d0d40f6-c1ef-43bb-ba79-ae69100f2eec,scooter,Blocking access,Fined,150,2026-09-05T01:58:59Z,2026-09-05T02:28:59Z,POINT (-9.15342 38.72463)
4c7b792a-e676-4efe-b794-c4e079f641dd,Bolt,94e381db-489f-4416-bd22-c7986e41c09c,scooter,Fallen vehicle,Fined,50,2026-09-05T02:22:46Z,2026-09-05T02:49:46Z,POINT (-9.14538 38.72452)
a4269df0-2eb4-4a26-bcd2-8a47d8451009,Lime,c3e1d004-949d-4356-8263-14a287ea3973,scooter,Outside parking zone,Resolved,,2026-09-05T02:22:55Z,2026-09-05T03:47:55Z,POINT (-9.21525 38.69890)
5750ca94-9e63-49c9-a60e-4af0fd1836e7,Bolt,f3f54142-6378-416e-aee9-ed44ed7d92f6,scooter,No-parking zone,Resolved,,2026-09-05T06:59:12Z,2026-09-05T09:27:12Z,POINT (-9.12444 38.71206)
f6278219-b5c1-4a4b-b973-78e31b43d56c,Bolt,73430839-06a0-4968-acad-7206425aa146,scooter,Sidewalk parking,Resolved,,2026-09-05T08:27:33Z,2026-09-05T13:03:33Z,POINT (-9.11031 38.76069)
b40f1f12-e359-4c7b-8f51-5da3bb6e22a0,Lime,55a9161a-e6e7-418d-b9ef-913e064bde41,bicycle,Blocking access,Resolved,,2026-09-05T08:49:31Z,2026-09-05T11:55:31Z,POINT (-9.13325 38.73548)
da68ec8d-dd3e-46cb-9258-6cd622861126,Voi,e611de85-b90e-4193-9c4d-4fa610d3d826,scooter,No-parking zone,Resolved,,2026-09-05T09:18:32Z,2026-09-05T12:13:32Z,POINT (-9.20744 38.69854)
45dd3c13-af3f-436c-92b3-4dc5e656bd10,Voi,0742f3ec-8c89-4b52-8cb3-ae704b7969a0,scooter,Sidewalk parking,Open,,2026-09-05T09:38:19Z,,POINT (-9.09568 38.76361)
28554f8f-e55a-4d91-9736-6fd4be83402d,Lime,8f9fd386-dd56-4a81-82d1-a1c38c6a3273,bicycle,Outside parking zone,Resolved,,2026-09-05T09:53:47Z,2026-09-05T10:36:47Z,POINT (-9.13188 38.71076)
a0109fbf-ae9c-475e-9f49-283c77c6b677,Bolt,ecbc5104-194a-45ea-8dc2-75d0a5825c16,scooter,Fallen vehicle,Fined,50,2026-09-05T10:39:26Z,2026-09-05T12:29:26Z,POINT (-9.17826 38.70446)
63ce5360-343f-4894-a3e7-6883f3021edd,Bolt,c59345f1-b528-4495-b5db-06a7b0ab88fb,scooter,Sidewalk parking,Fined,75,2026-09-05T10:45:45Z,2026-09-05T12:07:45Z,POINT (-9.13055 38.71522)
4fa77b57-25c1-4dbb-a6dc-7c7131fc9e95,Lime,5719b835-13ec-4a5b-ba2b-6dc88604917b,scooter,Outside parking zone,Fined,50,2026-09-05T11:25:32Z,2026-09-05T12:29:32Z,POINT (-9.13198 38.71257)
4e132f73-e45b-4437-a074-c81832c4465c,Lime,03919a48-7615-4861-81c5-7011dec8c20f,scooter,Sidewalk parking,Resolved,,2026-09-05T12:02:35Z,2026-09-05T13:24:35Z,POINT (-9.13835 38.71241)
84ae746d-968a-4bb6-9242-5c3caa4328eb,Dott,4744dc07-1773-4590-a8d2-33752cd6b6e4,scooter,Sidewalk parking,Resolved,,2026-09-05T13:33:57Z,2026-09-05T16:01:57Z,POINT (-9.13742 38.73164)
bce31380-e50f-432f-9394-065a2930d4af,Lime,dd3b8a7c-d173-4bdf-b4c6-0087416549ac,bicycle,Sidewalk parking,Resolved,,2026-09-05T13:38:52Z,2026-09-05T15:20:52Z,POINT (-9.11711 38.73676)
2f4ef390-0c92-42d2-88c4-453f81f72b38,Bolt,655fbccc-dad5-48e7-b063-3645f8375150,scooter,Sidewalk parking,Open,,2026-09-05T14:42:21Z,,POINT (-9.16474 38.71253)
d84f1c8f-257d-4dcc-8ea0-9be8915ed613,Bolt,51e141ec-2f8a-4f4d-bd6f-7b454d46aee7,scooter,Sidewalk parking,Resolved,,2026-09-05T15:17:20Z,2026-09-05T16:14:20Z,POINT (-9.20219 38.69821)
3d2a1aa2-80f8-470e-8bbe-5d9980ba14ba,Bolt,ecbc5104-194a-45ea-8dc2-75d0a5825c16,scooter,Blocking access,Resolved,,2026-09-05T15:33:34Z,2026-09-05T16:54:34Z,POINT (-9.12886 38.71485)
18e0f027-f329-4ba3-8788-7a7db743d179,Bolt,87eb5403-3e61-4cbf-a65e-a02c4d5e0624,scooter,No-parking zone,Resolved,,2026-09-05T15:41:58Z,2026-09-05T17:15:58Z,POINT (-9.14681 38.75384)
d3293616-78fe-4a86-b7fe-7f06f6345490,Lime,df0231e6-d581-47c6-abd9-a8f293b7eefc,scooter,Outside parking zone,Fined,50,2026-09-05T16:24:16Z,2026-09-05T18:31:16Z,POINT (-9.14298 38.71285)
c77bf120-7fc3-4d58-834e-802f1518297d,Lime,2fd27da7-1c0c-41aa-a2e1-8a57ba49d4f9,bicycle,Outside parking zone,Resolved,,2026-09-05T16:54:20Z,2026-09-05T19:00:20Z,POINT (-9.13663 38.72055)
850bb714-f21f-42f8-b92e-cec34cd10fce,Dott,901acb58-2e93-4fca-8173-5b98a030f0dd,scooter,Outside parking zone,Resolved,,2026-09-05T17:04:03Z,2026-09-05T19:57:03Z,POINT (-9.14263 38.71045)
97f6a940-2d9f-4fe0-9e75-718808e92249,Lime,5719b835-13ec-4a5b-ba2b-6dc88604917b,scooter,No-parking zone,Fined,100,2026-09-05T17:08:35Z,2026-09-05T21:10:35Z,POINT (-9.12847 38.71386)
af1a91e6-0a87-4aa9-998d-86f8d149afe3,Bolt,09f17440-c180-4355-9541-3c7c8244de80,scooter,Sidewalk parking,Resolved,,2026-09-05T17:30:47Z,2026-09-05T18:34:47Z,POINT (-9.09521 38.76184)
272b9f91-5073-4aa4-808c-bd83b4f2b222,Bolt,674f230a-2cb1-4601-adcc-c4613b720d4c,scooter,Sidewalk parking,Fined,75,2026-09-05T17:41:40Z,2026-09-05T19:53:40Z,POINT (-9.15802 38.76126)
c7419030-01c9-472b-93e1-3c1c84f31b7c,Voi,222129a3-eadc-481e-9a7e-99cb4a7903c0,scooter,Outside parking zone,Fined,50,2026-09-05T17:50:09Z,2026-09-05T19:13:09Z,POINT (-9.08700 38.76806)
cf41a2a0-7f40-4286-91aa-f8ca525e6578,Bolt,eb88b887-6c31-4d1d-abc6-772f84b94070,scooter,Sidewalk parking,Resolved,,2026-09-05T17:55:08Z,2026-09-05T19:59:08Z,POINT (-9.14006 38.70929)
82a4921f-8ae3-4540-8c93-460cf08f17ef,Voi,ad92b7c4-cb38-4292-b45f-eede5f25c0c4,scooter,Outside parking zone,Fined,50,2026-09-05T19:18:47Z,2026-09-05T20:25:47Z,POINT (-9.14139 38.71240)
2f1d35b7-a344-4f82-86c6-0b8c03c6668a,Lime,1498b1e4-300c-4e6e-a3a6-ad1f44004869,bicycle,Blocking access,Fined,150,2026-09-05T19:22:26Z,2026-09-05T20:52:26Z,POINT (-9.13280 38.71865)
a004f556-57a7-4332-9bab-bd787c9790a3,Bolt,822e8e99-d1c8-48f6-9352-eaef72e70813,scooter,No-parking zone,Resolved,,2026-09-05T19:38:35Z,2026-09-06T03:14:35Z,POINT (-9.13654 38.71441)
7048b7af-83c6-4362-9f43-414e822c52a9,Bolt,79d6f3f6-d934-46dc-8a72-20cfb2c0e511,scooter,Sidewalk parking,Fined,75,2026-09-05T20:30:51Z,2026-09-05T21:37:51Z,POINT (-9.15051 38.71322)
23af4a40-bdbf-4539-9784-457ddbd85b57,Bolt,bb189b4c-9409-4888-8862-a45372979b86,scooter,No-parking zone,Open,,2026-09-05T21:11:30Z,,POINT (-9.14639 38.71122)
a51b23fe-1697-46d8-acc3-7a87a39d43fd,Lime,cf67b2c9-006f-4bff-a4ac-8732aa49e976,scooter,Outside parking zone,Resolved,,2026-09-05T22:02:09Z,2026-09-05T23:36:09Z,POINT (-9.14525 38.71620)
d060b3ec-9b1d-414a-9f90-7a078e902e7f,Dott,aaab08af-954f-4a12-8cd0-c5e3199508ab,bicycle,Sidewalk parking,Resolved,,2026-09-05T23:41:14Z,2026-09-06T00:40:14Z,POINT (-9.10808 38.76671)
e129018d-818a-4d19-a667-225f32f1c369,Dott,4744dc07-1773-4590-a8d2-33752cd6b6e4,scooter,Fallen vehicle,Fined,50,2026-09-06T00:06:35Z,2026-09-06T00:17:35Z,POINT (-9.14793 38.70630)
1e01a45e-f052-48d2-8e46-fd18f9759f81,Dott,e6e7681b-7508-4685-a55d-55c23e850d2e,bicycle,Outside parking zone,Resolved,,2026-09-06T01:17:27Z,2026-09-06T03:55:27Z,POINT (-9.13610 38.74953)
5ccc6ed5-5b22-420a-b09f-8136ea24db7c,Bolt,63224ca0-a983-496c-8494-e510a97c7fed,scooter,Sidewalk parking,Resolved,,2026-09-06T01:19:16Z,2026-09-06T02:57:16Z,POINT (-9.15031 38.71305)
acfc2906-0cc4-4585-86c7-fb64e4802f34,Lime,10ed1eb9-f24f-49dd-a34f-cfcb51e6590a,scooter,Sidewalk parking,Fined,75,2026-09-06T04:36:49Z,2026-09-06T05:16:49Z,POINT (-9.13904 38.71161)
0e2858c5-a6d5-40b5-bf83-07ae322d2564,Voi,1aa8ce25-3593-471e-8da1-5e45f5bfd5f9,scooter,No-parking zone,Resolved,,2026-09-06T06:40:02Z,2026-09-06T08:42:02Z,POINT (-9.10265 38.73913)
3f98403c-e57f-42d9-812c-798de7b8cab3,Bolt,38032fc0-56f9-4a0d-a9e2-4e23c38835f8,scooter,No-parking zone,Fined,100,2026-09-06T08:59:53Z,2026-09-06T11:19:53Z,POINT (-9.15127 38.73617)
89fb9480-e1c3-4283-8c49-da58983011bb,Lime,8aeeae6c-c9f8-4f74-88fa-262a282eb4d5,bicycle,No-parking zone,Resolved,,2026-09-06T09:01:43Z,2026-09-06T12:34:43Z,POINT (-9.13135 38.71273)
5e01c75e-08c2-4cbd-b313-a47786b5ea08,Bolt,a9f10692-7758-4710-84f6-07a97a48decb,scooter,Sidewalk parking,Fined,75,2026-09-06T09:47:39Z,2026-09-06T14:24:39Z,POINT (-9.12560 38.71570)
ce339bae-5a45-43f1-9185-f982311ed657,Bolt,d8667dc6-ac80-4d0e-993c-decb7990a95c,scooter,Sidewalk parking,Resolved,,2026-09-06T10:10:17Z,2026-09-06T10:41:17Z,POINT (-9.13782 38.71256)
29db9bc2-7ae6-4467-9f2e-404465fd44ce,Bolt,845223d1-3a11-45a1-8580-c4e77e7fa2e7,scooter,Outside parking zone,Fined,50,2026-09-06T10:19:53Z,2026-09-06T12:43:53Z,POINT (-9.13945 38.73723)
e860a84a-f812-4eed-b7f2-c8fa1333bbe1,Dott,31b87611-30e0-4bbd-839b-41db00dc9ec3,scooter,Sidewalk parking,Resolved,,2026-09-06T11:35:35Z,2026-09-06T23:35:35Z,POINT (-9.12550 38.71455)
cf28a784-53e8-4686-9486-758f973b20e8,Dott,497b4441-5d47-4eba-83db-d65416709e8d,scooter,No-parking zone,Resolved,,2026-09-06T13:17:28Z,2026-09-06T14:07:28Z,POINT (-9.13092 38.71136)
54674f3d-109b-475b-a8f9-af9c10e63ec8,Lime,c872019d-f344-450b-ad27-a32946a03e4e,bicycle,No-parking zone,Resolved,,2026-09-06T13:30:00Z,2026-09-06T15:22:00Z,POINT (-9.16127 38.72741)
74108b5f-fe1d-4d7b-a62c-efe1288f433b,Voi,cb124cb8-7c86-46db-99a9-bbcfac0fabca,scooter,Blocking access,Resolved,,2026-09-06T13:34:33Z,2026-09-06T21:32:33Z,POINT (-9.14583 38.70559)
017e28f5-17a4-4e47-a6de-4da14c459630,Voi,c0e7040e-da84-4a3f-8146-d3f6215bfdb2,scooter,Blocking access,Fined,150,2026-09-06T13:52:45Z,2026-09-06T14:42:45Z,POINT (-9.14123 38.70969)
b85439fa-05d6-4e6a-b66a-d4cf537b9ae7,Voi,cb124cb8-7c86-46db-99a9-bbcfac0fabca,scooter,Blocking access,Resolved,,2026-09-06T14:14:55Z,2026-09-06T15:20:55Z,POINT (-9.20486 38.69553)
a21a8c01-9fef-41d0-aed9-ad3709eacdec,Bolt,7913c9ec-749b-46d0-aaf4-ed5d07766d36,scooter,Blocking access,Fined,150,2026-09-06T15:05:53Z,2026-09-06T15:22:53Z,POINT (-9.10014 38.76625)
8c8dd785-4010-4e79-aaf5-9151527a20df,Voi,15ad4876-8763-4430-860f-36447fe58e69,scooter,Sidewalk parking,Resolved,,2026-09-06T15:19:31Z,2026-09-06T17:54:31Z,POINT (-9.13631 38.70940)
143bb832-37e5-41f2-bc8b-8704000f75f0,Voi,c84e310c-3cd6-45b7-a916-3599c05d0142,scooter,Blocking access,Open,,2026-09-06T15:26:22Z,,POINT (-9.10356 38.77480)
1163ab78-80d3-48c1-88f4-74a0883051ec,Lime,09d4feb2-fd91-4f33-9908-434fc5f75dfc,scooter,Sidewalk parking,Fined,75,2026-09-06T15:44:27Z,2026-09-06T18:00:27Z,POINT (-9.16107 38.70898)
5849220a-0e06-45ac-93d9-2509c0d68c2e,Dott,4be88a40-5994-4df4-a25c-c05ac75d3ffa,scooter,Sidewalk parking,Open,,2026-09-06T16:18:36Z,,POINT (-9.18236 38.70379)
e261e73a-437f-49ff-99fa-23762831c0b1,Dott,ecfe89a7-1533-4e22-853a-95501163d941,scooter,Fallen vehicle,Resolved,,2026-09-06T16:36:21Z,2026-09-06T17:06:21Z,POINT (-9.09311 38.76845)
23c34d94-7ea3-4e9f-8384-6347c404cf8f,Bolt,8beab7ce-2625-49b1-85c9-8425c302ff30,scooter,Outside parking zone,Fined,50,2026-09-06T17:14:11Z,2026-09-06T23:55:11Z,POINT (-9.14358 38.74029)
797590c5-97c0-462e-9428-1f7c41a1027c,Lime,ea886f8f-381a-4124-b25f-606055cfd3f8,scooter,No-parking zone,Open,,2026-09-06T17:16:35Z,,POINT (-9.13797 38.73946)
891ca841-f0b0-4aaf-a4b9-5cd04c705e56,Voi,222129a3-eadc-481e-9a7e-99cb4a7903c0,scooter,Outside parking zone,Resolved,,2026-09-06T18:58:28Z,2026-09-06T21:29:28Z,POINT (-9.13051 38.71018)
a24d4d8c-b7a6-4d0b-9d17-9ab9e584fb2c,Lime,dd3b8a7c-d173-4bdf-b4c6-0087416549ac,bicycle,Sidewalk parking,Resolved,,2026-09-06T19:27:24Z,2026-09-06T20:19:24Z,POINT (-9.13594 38.71160)
439ac980-5fa3-43a5-82d7-8fb264f19961,Dott,3ba12081-719b-46af-8dda-bf9a425d88b5,bicycle,Sidewalk parking,Open,,2026-09-06T19:30:21Z,,POINT (-9.14843 38.70622)
edf11b46-bcd9-4a63-a326-2940fab34b5b,Lime,caf7cbe8-8988-4a9b-bc19-abce848dc709,scooter,Outside parking zone,Resolved,,2026-09-06T20:39:39Z,2026-09-06T23:00:39Z,POINT (-9.13875 38.71368)
24f3e9eb-38ee-42bd-b423-f625d96e467f,Dott,034de5a9-4154-4774-b2ac-bbc3e955e2aa,bicycle,Sidewalk parking,Resolved,,2026-09-06T21:48:53Z,2026-09-07T05:57:53Z,POINT (-9.14519 38.71379)
5df5c34f-abcb-48a4-90a5-449de62974e2,Lime,0642e91e-8c71-44d0-a695-41cc1c3602bf,scooter,Blocking access,Resolved,,2026-09-06T22:10:08Z,2026-09-07T00:43:08Z,POINT (-9.14115 38.70783)
288f948c-5329-42d6-b237-8a086d8ef9c4,Dott,9f6119d8-cba3-4e6d-9916-b886e7ca2674,scooter,Outside parking zone,Fined,50,2026-09-06T22:31:01Z,2026-09-07T01:13:01Z,POINT (-9.14687 38.70531)
437c6a95-32b1-4f34-8c6b-36cb2c4af530,Bolt,6cb361f1-fab7-43da-a851-7a6a759fcb0b,scooter,Sidewalk parking,Fined,75,2026-09-06T23:06:31Z,2026-09-06T23:33:31Z,POINT (-9.14564 38.70968)
bd4d579e-ecba-4187-a428-1f2c4703d8b1,Lime,a622facf-984c-41da-a5eb-60ecfb503550,scooter,No-parking zone,Fined,100,2026-09-06T23:08:44Z,2026-09-07T00:35:44Z,POINT (-9.14619 38.71357)
cfe1756f-46a5-4b37-a6f6-c880f5a0bf3f,Bolt,63224ca0-a983-496c-8494-e510a97c7fed,scooter,Sidewalk parking,Resolved,,2026-09-06T23:18:05Z,2026-09-06T23:57:05Z,POINT (-9.12976 38.72010)
15d9c130-5136-43b2-be60-afd8374e0bf0,Bolt,f9402d97-ef22-4a4e-a2a9-72be35bf051a,scooter,Sidewalk parking,Resolved,,2026-09-06T23:24:16Z,2026-09-07T00:01:16Z,POINT (-9.15954 38.71959)
03fca030-9420-41fe-b272-8716073d2b3c,Lime,60b65eb3-2281-4781-b552-6de994dce744,bicycle,Sidewalk parking,Resolved,,2026-09-06T23:30:44Z,2026-09-07T00:45:44Z,POINT (-9.14349 38.71582)
d21a40b2-bbf5-4363-8d21-23af32dbe93b,Dott,ecfe89a7-1533-4e22-853a-95501163d941,scooter,Fallen vehicle,Resolved,,2026-09-06T23:41:48Z,2026-09-07T00:24:48Z,POINT (-9.14053 38.71211)
ea9976d0-cd03-4e35-b439-036bc05b2462,Voi,e611de85-b90e-4193-9c4d-4fa610d3d826,scooter,Blocking access,Resolved,,2026-09-06T23:55:44Z,2026-09-07T02:03:44Z,POINT (-9.14722 38.71540)
7b32d855-a116-4fd8-93e8-48306bb40645,Bolt,9b5eaef2-4593-4c16-948a-1040ade2ae96,scooter,Blocking access,Resolved,,2026-09-06T23:59:18Z,2026-09-07T00:51:18Z,POINT (-9.14338 38.71344)
e54a1d92-281a-41ff-9e99-82dd4bd3d810,Dott,3dbfb324-91c6-4294-8433-7dba4075267e,scooter,Blocking access,Fined,150,2026-09-07T00:38:58Z,2026-09-07T01:39:58Z,POINT (-9.14373 38.73209)
0a4913c7-d039-40a3-aa57-7f15385ee1f6,Lime,fee92983-dc39-4ce9-b358-fcd6df4b4b96,bicycle,Outside parking zone,Resolved,,2026-09-07T03:57:42Z,2026-09-07T04:54:42Z,POINT (-9.10365 38.76395)
f31e6dda-ca46-4b58-bd1d-9f1b06452f5e,Bolt,8635d1c1-abf9-4d3a-b872-9a87083011d5,scooter,Sidewalk parking,Resolved,,2026-09-07T07:24:48Z,2026-09-07T08:33:48Z,POINT (-9.13854 38.74504)
0b34e91f-4017-4d6b-9265-5184b11f591b,Lime,6e12a984-5c48-429a-9105-c5f50bbc0dec,bicycle,Outside parking zone,Resolved,,2026-09-07T08:31:46Z,2026-09-07T12:06:46Z,POINT (-9.15438 38.73589)
40c5b071-114d-412d-897c-875d7fd1794e,Bolt,bb189b4c-9409-4888-8862-a45372979b86,scooter,Outside parking zone,Resolved,,2026-09-07T08:53:58Z,2026-09-07T09:35:58Z,POINT (-9.15604 38.72025)
d631c120-9132-401e-b062-720d76186543,Dott,8065e38b-acff-4c04-acdf-b79139826240,bicycle,Outside parking zone,Resolved,,2026-09-07T08:55:58Z,2026-09-07T10:32:58Z,POINT (-9.13928 38.74271)
4b801235-d344-49ad-8935-2e38dadabbf5,Bolt,020ead92-b37b-4150-a283-b8ccf5530cc4,scooter,Blocking access,Resolved,,2026-09-07T09:14:23Z,2026-09-07T10:29:23Z,POINT (-9.13168 38.71478)
bdbc1130-0972-4218-8d0c-9c649007fe08,Lime,daf28f52-64d1-4690-884e-f318ed93f6d2,scooter,Sidewalk parking,Resolved,,2026-09-07T09:16:17Z,2026-09-07T11:00:17Z,POINT (-9.14998 38.71078)
d21cee96-11fe-46f4-b844-2b4ea57705b6,Lime,aecbc50f-78be-4f8b-b759-1d225f0da23a,scooter,Fallen vehicle,Fined,50,2026-09-07T10:57:13Z,2026-09-07T13:44:13Z,POINT (-9.12977 38.71982)
2fdcbfaa-4ff3-414f-b5a0-3e6ff30985e7,Bolt,da1c65ca-f9df-4605-afae-f6d321463c8d,scooter,Outside parking zone,Resolved,,2026-09-07T11:58:06Z,2026-09-07T13:24:06Z,POINT (-9.20449 38.69732)
3b16fdc7-7865-4e18-819d-7969e2d8bbb4,Lime,6ec9bfa9-3a3c-4954-b0a0-1ca271651287,scooter,Sidewalk parking,Resolved,,2026-09-07T12:22:01Z,2026-09-07T14:09:01Z,POINT (-9.17852 38.70584)
ae7973e6-ef5b-4c9f-8926-f4a33a7040df,Voi,37ff9702-4abc-497e-9e45-57f12afcd2ff,scooter,Outside parking zone,Fined,50,2026-09-07T12:41:16Z,2026-09-07T13:55:16Z,POINT (-9.12896 38.71736)
c02c6826-81e6-4e0d-8c37-9d97addf0308,Lime,c3e1d004-949d-4356-8263-14a287ea3973,scooter,Sidewalk parking,Fined,75,2026-09-07T12:46:34Z,2026-09-07T16:56:34Z,POINT (-9.13465 38.71251)
802a20ca-401c-4292-a048-906cd9e55b9b,Lime,23435007-b8d7-482a-93b0-a2cd0d7cb78e,scooter,Sidewalk parking,Resolved,,2026-09-07T12:56:18Z,2026-09-07T13:52:18Z,POINT (-9.13186 38.71529)
864f8a62-305b-4fd4-8813-94408d27b888,Lime,db7218ff-f38f-4eab-8d15-373d6cb374ee,bicycle,Sidewalk parking,Resolved,,2026-09-07T13:13:50Z,2026-09-07T13:50:50Z,POINT (-9.14143 38.71486)
52b60881-16ee-412f-8b83-2e14f8255c0f,Bolt,b0e370d4-0d4c-4bb1-aa52-7b1fed0c499c,scooter,Outside parking zone,Resolved,,2026-09-07T13:15:04Z,2026-09-07T14:40:04Z,POINT (-9.13480 38.74012)
2fefe8bb-f9bf-4137-81ea-e4f7e728ff14,Lime,13af053e-3297-4397-b859-9e1cb5d237a2,bicycle,Outside parking zone,Resolved,,2026-09-07T14:25:01Z,2026-09-07T15:18:01Z,POINT (-9.16454 38.71715)
98bb352f-5e7b-41c2-b12f-ed76aa4b8353,Bolt,b78e4f51-c829-41c7-9490-551e2bd03335,scooter,Sidewalk parking,Resolved,,2026-09-07T14:31:36Z,2026-09-07T16:14:36Z,POINT (-9.13839 38.71462)
839d504c-56d4-4f0c-8648-3daff0e0d5f4,Voi,a722b2d0-4298-423b-967c-8555a07b8646,scooter,Outside parking zone,Resolved,,2026-09-07T15:56:49Z,2026-09-07T18:04:49Z,POINT (-9.10712 38.75933)
edb40cb0-9817-49f6-acdc-3f58cfed06e8,Voi,cc4be73f-0e1c-4923-93a6-bcc656439d19,scooter,Sidewalk parking,Resolved,,2026-09-07T16:10:50Z,2026-09-07T18:53:50Z,POINT (-9.11368 38.73609)
a16e1cff-3002-442e-a0c8-c0814ebac705,Lime,6ec9bfa9-3a3c-4954-b0a0-1ca271651287,scooter,Outside parking zone,Open,,2026-09-07T16:17:48Z,,POINT (-9.13026 38.71528)
fce1be5a-9421-4d1c-8e94-416b76438b2b,Lime,1498b1e4-300c-4e6e-a3a6-ad1f44004869,bicycle,Sidewalk parking,Fined,75,2026-09-07T16:26:35Z,2026-09-07T17:29:35Z,POINT (-9.13581 38.71699)
42ab864a-e515-489d-a838-41aef6fcbcd6,Lime,13af053e-3297-4397-b859-9e1cb5d237a2,bicycle,Sidewalk parking,Resolved,,2026-09-07T16:47:11Z,2026-09-07T17:43:11Z,POINT (-9.14386 38.70596)
c41852fa-f593-491e-af19-70c1df9349e9,Lime,c872019d-f344-450b-ad27-a32946a03e4e,bicycle,Sidewalk parking,Open,,2026-09-07T16:49:34Z,,POINT (-9.15124 38.73017)
bb6f6b34-6dfd-457a-9c94-5a47b209946d,Lime,b98f3373-f73d-4745-9ca4-7f8314ce9c91,bicycle,Outside parking zone,Open,,2026-09-07T17:32:23Z,,POINT (-9.12603 38.71204)
208971d0-6493-40fc-896d-3bdc2bc0b800,Dott,638f49cf-5ce6-4541-a7c4-bc5cb506ffe2,bicycle,Sidewalk parking,Resolved,,2026-09-07T17:46:57Z,2026-09-07T19:08:57Z,POINT (-9.20791 38.70446)
627c767d-ae8a-439f-bb56-a3607f4c134e,Bolt,0dfe0da6-9f5d-416e-baa6-aad2832f2b01,scooter,Outside parking zone,Fined,50,2026-09-07T17:56:45Z,2026-09-07T18:38:45Z,POINT (-9.14207 38.74397)
99dd14e8-922c-4078-a24d-c561cc2bf8e9,Bolt,21434c5d-93bd-434b-b0dc-8b264f9f9faf,scooter,Outside parking zone,Fined,50,2026-09-07T18:13:39Z,2026-09-07T19:47:39Z,POINT (-9.14989 38.70962)
d7b82ae5-bf1b-4606-a011-094ebcc23a83,Bolt,951afe99-fd1f-4464-8524-c95d7e879f08,scooter,Outside parking zone,Resolved,,2026-09-07T18:30:33Z,2026-09-07T20:18:33Z,POINT (-9.14035 38.71183)
fae92d49-4c0d-4a70-8d30-6d814813cd54,Lime,f619a308-40e8-4bf9-b97e-7a3ddba14dd8,bicycle,Sidewalk parking,Resolved,,2026-09-07T18:45:49Z,2026-09-07T20:43:49Z,POINT (-9.13940 38.72923)
9773dcc6-4d2a-48ea-84db-c83fd5f34f06,Bolt,87eb5403-3e61-4cbf-a65e-a02c4d5e0624,scooter,Blocking access,Open,,2026-09-07T18:46:42Z,,POINT (-9.08431 38.77261)
c63636cc-9bf0-494d-9344-12234184ade7,Lime,ac345722-273a-40d3-acec-64edc508cb39,scooter,Sidewalk parking,Fined,75,2026-09-07T19:26:08Z,2026-09-07T21:46:08Z,POINT (-9.15331 38.75250)
284287d4-f96d-4118-a9b4-3387c64069ed,Bolt,64e5ffe5-b608-4d74-a227-1b75507f7772,scooter,Blocking access,Resolved,,2026-09-07T19:48:23Z,2026-09-07T20:22:23Z,POINT (-9.09850 38.75558)
0033c447-33fc-43ce-8227-db38ed33192c,Voi,031db94c-6eae-4fdf-baf5-f663feff8b63,scooter,No-parking zone,Resolved,,2026-09-07T19:56:17Z,2026-09-07T20:37:17Z,POINT (-9.14638 38.75623)
29623199-8e62-4c59-81ac-f3ad12cd4b96,Voi,2bfd7591-b635-4123-b71d-1bb2e940c7cd,scooter,Outside parking zone,Resolved,,2026-09-07T20:27:26Z,2026-09-07T21:22:26Z,POINT (-9.14192 38.74892)
a2c40c5c-08d5-49cc-8464-902a3375a3c5,Dott,e6e7681b-7508-4685-a55d-55c23e850d2e,bicycle,Outside parking zone,Fined,50,2026-09-07T20:38:03Z,2026-09-07T22:48:03Z,POINT (-9.14898 38.70951)
654345da-7f73-4722-88b7-c0e7e0b64a83,Lime,967533db-b88d-462f-ba82-87a8b01a5f43,scooter,No-parking zone,Fined,100,2026-09-07T20:54:14Z,2026-09-07T22:08:14Z,POINT (-9.17695 38.70230)
7e38b118-15de-45a5-ab8d-d8813a503c9d,Bolt,8beab7ce-2625-49b1-85c9-8425c302ff30,scooter,Blocking access,Resolved,,2026-09-07T22:09:05Z,2026-09-07T23:26:05Z,POINT (-9.14286 38.74977)
191f307c-2f57-4820-b368-902c764f0666,Voi,60f6b037-e36f-4db5-9fcb-5a9b5a3d5661,scooter,Sidewalk parking,Open,,2026-09-07T23:04:20Z,,POINT (-9.14531 38.70937)
cfbee205-a6d8-4cd8-975b-84200b2d3712,Dott,1ba682cf-266a-469c-93c9-fece39aa3eb9,bicycle,Fallen vehicle,Fined,50,2026-09-07T23:38:26Z,2026-09-08T01:05:26Z,POINT (-9.14668 38.70766)
b9112924-270e-4255-a388-7f9c909ecbfd,Bolt,f245afd0-9a63-4ccf-aab8-a73e135b5fb7,scooter,Sidewalk parking,Resolved,,2026-09-08T06:36:50Z,2026-09-08T07:18:50Z,POINT (-9.10193 38.76170)
bdc10813-5b1c-47b6-9f39-f3e0f41a2481,Bolt,3ea17d33-1611-4563-a92d-2943e6a53331,scooter,Outside parking zone,Fined,50,2026-09-08T08:13:05Z,2026-09-08T09:25:05Z,POINT (-9.15277 38.73476)
8590eecc-d093-4cc0-b731-671eb0b73e56,Bolt,c999c62f-5c42-40b7-9d38-a46999d858f7,scooter,Sidewalk parking,Resolved,,2026-09-08T08:41:48Z,2026-09-08T09:50:48Z,POINT (-9.15270 38.72544)
b8ead9d1-a017-4894-9df9-cadf7a0a3e51,Lime,fc462b47-da67-4b76-a1a1-8c54d98b9d36,scooter,Sidewalk parking,Fined,75,2026-09-08T09:28:23Z,2026-09-08T10:12:23Z,POINT (-9.13238 38.73902)
eee5aeac-5f37-460f-92bd-eb8a95873949,Bolt,b486ed5a-c947-46e3-a3e0-72a117e2f556,scooter,Outside parking zone,Resolved,,2026-09-08T09:53:23Z,2026-09-08T14:35:23Z,POINT (-9.15682 38.72681)
d01fa5b5-d604-43ce-a826-d3bffccaebc0,Voi,4af9c284-b894-4508-807d-b9cd23bd1bed,scooter,Blocking access,Fined,150,2026-09-08T10:14:14Z,2026-09-08T12:31:14Z,POINT (-9.16067 38.71640)
7e9f8644-126f-4a69-885b-036561d156be,Bolt,6cc66bbf-0dba-4afb-9f93-cf8ebd604a01,scooter,Outside parking zone,Open,,2026-09-08T10:42:25Z,,POINT (-9.14144 38.74536)
6533b110-4add-438c-9bb0-c052639686ce,Bolt,855bed57-f2f1-4ed8-8234-2561905866fc,scooter,Sidewalk parking,Fined,75,2026-09-08T10:45:49Z,2026-09-08T11:24:49Z,POINT (-9.12155 38.71361)
d7a827e7-2e6a-4df7-9f98-96854c806f05,Lime,65e94c18-a260-490d-b2bc-ae7aa196fdee,bicycle,No-parking zone,Resolved,,2026-09-08T12:27:39Z,2026-09-08T13:36:39Z,POINT (-9.12651 38.71020)
0a75f41c-6b06-4bf2-9c0c-e045e81c416e,Voi,81f7407a-191d-4396-99d7-8f1a68a315d3,scooter,Outside parking zone,Resolved,,2026-09-08T12:33:26Z,2026-09-08T14:02:26Z,POINT (-9.14425 38.70753)
a11645c4-a813-413f-b057-1e66c8419078,Dott,16b9cf6c-f4cb-4ea5-9078-d59824d60553,scooter,Outside parking zone,Open,,2026-09-08T12:40:42Z,,POINT (-9.14718 38.74300)
260f044e-367a-4685-9a18-ae7c29d55c3f,Bolt,e4ac6120-1ebb-41ec-972f-8199570c83e0,scooter,No-parking zone,Fined,100,2026-09-08T12:44:32Z,2026-09-08T13:23:32Z,POINT (-9.15445 38.72078)
920a03d0-182e-4c03-bc43-8b0ac4ff742a,Bolt,a9aaa9fa-5059-4e41-acac-a34df6920af5,scooter,No-parking zone,Fined,100,2026-09-08T12:59:22Z,2026-09-08T17:04:22Z,POINT (-9.12894 38.71299)
be829cc2-2de5-44d5-99bc-e7d82c32406f,Bolt,73430839-06a0-4968-acad-7206425aa146,scooter,Sidewalk parking,Resolved,,2026-09-08T13:30:37Z,2026-09-08T14:44:37Z,POINT (-9.14972 38.72717)
0fbd5309-5a67-47f6-bedc-1d5adb3c3160,Dott,e2f386a4-a401-47ee-b5c7-196e2ab008f9,bicycle,Sidewalk parking,Fined,75,2026-09-08T13:49:16Z,2026-09-08T15:32:16Z,POINT (-9.13898 38.70653)
545d24e5-2ed9-42c6-b505-64808be9a120,Bolt,02511cc7-717e-4af7-b075-595696806c74,scooter,Sidewalk parking,Resolved,,2026-09-08T13:50:08Z,2026-09-08T16:33:08Z,POINT (-9.12417 38.71715)
6a76beed-1acc-4adc-a7f0-749392b616c2,Bolt,a32edf7e-685c-4ea3-be46-3be2e90c8961,scooter,Outside parking zone,Fined,50,2026-09-08T13:58:11Z,2026-09-08T16:40:11Z,POINT (-9.13404 38.71872)
8b2d00c5-9afb-4f9c-9cac-464b5d4e9033,Voi,bd18cf69-a632-4529-80a8-40bf17fedf2a,scooter,Outside parking zone,Resolved,,2026-09-08T14:09:12Z,2026-09-08T14:58:12Z,POINT (-9.13347 38.71184)
b8bc3319-6a05-4697-bf8f-ec77d29fc769,Bolt,8f7f320d-d22e-4a12-aa12-91d94d5db2e1,scooter,Sidewalk parking,Resolved,,2026-09-08T14:22:36Z,2026-09-08T15:31:36Z,POINT (-9.13529 38.75741)
cd991993-5ccc-4e5a-86c0-b6825e87e1aa,Bolt,ae0be1e2-f46f-4895-9674-8a80386c54a9,scooter,Sidewalk parking,Resolved,,2026-09-08T14:23:38Z,2026-09-08T16:32:38Z,POINT (-9.13038 38.71379)
a1c9e75b-1243-4f6d-9224-a6a955da1d2e,Bolt,822e8e99-d1c8-48f6-9352-eaef72e70813,scooter,Sidewalk parking,Fined,75,2026-09-08T15:11:23Z,2026-09-08T19:22:23Z,POINT (-9.13587 38.74617)
796f85b4-a8ba-46e4-9cc9-965089c40191,Lime,264feda3-4669-4c49-9f0b-84202d37beaa,scooter,No-parking zone,Fined,100,2026-09-08T15:28:44Z,2026-09-08T16:15:44Z,POINT (-9.20147 38.69787)
0a721650-ff4e-4946-be19-db7f77b4d713,Dott,16b9cf6c-f4cb-4ea5-9078-d59824d60553,scooter,Blocking access,Fined,150,2026-09-08T16:09:11Z,2026-09-08T17:17:11Z,POINT (-9.20373 38.69808)
41e05125-b687-4569-b802-d8f121300395,Lime,3de085de-6d81-45f7-ae9a-8f5d8d2136bd,bicycle,Sidewalk parking,Fined,75,2026-09-08T16:46:45Z,2026-09-08T17:46:45Z,POINT (-9.15017 38.70679)
78abd7cf-64bc-4896-b812-56d396572a74,Voi,3a08457e-65e3-4dda-8ac4-5b4f51296b23,scooter,Blocking access,Fined,150,2026-09-08T17:47:17Z,2026-09-08T19:40:17Z,POINT (-9.20272 38.70545)
7789e38a-3907-4a02-8b1f-f0c92d61c7f4,Bolt,3833e49c-787d-4c09-be52-a47af5d53dfb,scooter,Sidewalk parking,Open,,2026-09-08T17:57:32Z,,POINT (-9.14961 38.74363)
b042f892-d5a4-4475-b5b6-d19db33547d1,Lime,15c1e979-e545-41b8-af6a-2cf2fe70e894,bicycle,Outside parking zone,Resolved,,2026-09-08T18:24:09Z,2026-09-08T22:00:09Z,POINT (-9.13347 38.71920)
f99fcc01-fa1b-4da2-864f-5e929277137a,Dott,9f6119d8-cba3-4e6d-9916-b886e7ca2674,scooter,Sidewalk parking,Fined,75,2026-09-08T18:32:40Z,2026-09-08T21:00:40Z,POINT (-9.20322 38.70260)
25cc82ef-95ba-41db-a0c9-f3249aaff85c,Dott,563ab0f1-aae1-43bb-8827-e377e4e140af,scooter,Outside parking zone,Open,,2026-09-08T18:33:25Z,,POINT (-9.14734 38.74545)
e1438dc8-8401-46cd-9b88-d42bffafb2c8,Lime,e0a204aa-b833-4c75-89f0-96cdd0d821b3,bicycle,Blocking access,Resolved,,2026-09-08T19:23:35Z,2026-09-08T21:55:35Z,POINT (-9.15142 38.72737)
dd1cfe89-a361-47e5-83e5-ca2df01e54d0,Bolt,b0c8d5de-2f85-4430-a4b3-932311251753,scooter,Fallen vehicle,Resolved,,2026-09-08T20:14:05Z,2026-09-08T21:14:05Z,POINT (-9.15118 38.70731)
4817b5ad-a33e-4ac7-a7fd-ef4b89c1cef1,Lime,1193f5a2-7f12-4881-b7ad-91e7aba2593b,bicycle,Sidewalk parking,Fined,75,2026-09-08T20:23:49Z,2026-09-08T23:03:49Z,POINT (-9.14809 38.73929)
542f9c89-85fc-4f99-b721-886a3425326c,Voi,59ad6aed-33a6-4022-96c7-9631cfb93a36,scooter,Sidewalk parking,Open,,2026-09-09T01:43:21Z,,POINT (-9.14283 38.72157)
7a6ebcbe-2369-4ccb-9a20-83443538f531,Voi,222129a3-eadc-481e-9a7e-99cb4a7903c0,scooter,Outside parking zone,Resolved,,2026-09-09T02:23:31Z,2026-09-09T05:07:31Z,POINT (-9.14501 38.70514)
5c147f03-9f60-4741-98f9-2e68d2561aea,Dott,ca417849-db72-40d7-a6a4-42200aa8e720,scooter,No-parking zone,Fined,100,2026-09-09T02:57:31Z,2026-09-09T04:20:31Z,POINT (-9.19803 38.69669)
fa74ea51-d490-4bd3-9f1c-e224cfa5d2b6,Bolt,f6fe45fd-0ad7-431f-bff7-475598354581,scooter,Fallen vehicle,Open,,2026-09-09T03:39:36Z,,POINT (-9.16305 38.76747)
c026860f-3004-4075-bc97-13ac1d69f400,Dott,909a06a6-b743-443d-b450-b8b8eb2c92b4,scooter,Sidewalk parking,Open,,2026-09-09T04:32:11Z,,POINT (-9.12965 38.71969)
26963ddd-8921-4c05-83bd-d635a28907c7,Lime,60b65eb3-2281-4781-b552-6de994dce744,bicycle,Outside parking zone,Resolved,,2026-09-09T06:37:57Z,2026-09-09T08:11:57Z,POINT (-9.17677 38.70481)
c18a4b50-8b43-4219-b0ec-8fa6417cb10e,Dott,9f6f5501-4f64-4342-bd7c-da00e94fc024,scooter,Sidewalk parking,Resolved,,2026-09-09T07:11:49Z,2026-09-09T08:29:49Z,POINT (-9.14212 38.73569)
81f1fcfc-e9bb-4e94-9d25-5fe6cd85d3c2,Voi,bd18cf69-a632-4529-80a8-40bf17fedf2a,scooter,Blocking access,Resolved,,2026-09-09T07:32:52Z,2026-09-09T07:56:52Z,POINT (-9.09661 38.76210)
635ff9a2-05e9-4e33-b4e0-f0ea841ca401,Lime,174e1d65-7ce2-4b88-b457-6e704045e03f,scooter,No-parking zone,Resolved,,2026-09-09T07:43:45Z,2026-09-09T09:12:45Z,POINT (-9.12580 38.74679)
d38011e8-876f-487d-b1a2-91d0d6166498,Dott,e20fd009-b485-4f89-a3df-3e8e3d37878b,bicycle,No-parking zone,Resolved,,2026-09-09T08:01:28Z,2026-09-09T10:15:28Z,POINT (-9.08725 38.76982)
c179c354-4461-4927-b693-8babe2c428fd,Dott,9b626692-04c9-4f07-8c38-4e95838b0729,bicycle,Sidewalk parking,Fined,75,2026-09-09T08:51:06Z,2026-09-09T09:38:06Z,POINT (-9.12074 38.76535)
89d2484a-ff1b-492f-8e85-07fbef00af02,Lime,a7e5c98e-a5cf-4a38-87cc-5356e391cd51,bicycle,Outside parking zone,Resolved,,2026-09-09T08:54:14Z,2026-09-09T10:03:14Z,POINT (-9.14629 38.72454)
39dad511-f59d-4484-b833-b36b54cad99b,Lime,13af053e-3297-4397-b859-9e1cb5d237a2,bicycle,Sidewalk parking,Resolved,,2026-09-09T09:00:15Z,2026-09-09T11:40:15Z,POINT (-9.13308 38.71468)
ab952a22-ba5d-4c94-81b7-8fe7a1df0dd2,Lime,df475f7a-2731-4bf4-84f1-c3fca6a600af,scooter,Outside parking zone,Resolved,,2026-09-09T11:11:15Z,2026-09-09T12:17:15Z,POINT (-9.12533 38.72033)
ed804aa7-b75c-48bc-a1ec-982d1489b2c0,Lime,fa33853b-2041-4e4c-8a10-c2a4412c2183,bicycle,Sidewalk parking,Open,,2026-09-09T12:47:18Z,,POINT (-9.13799 38.71548)
4232f341-71ac-467e-8985-8060dd233c66,Dott,bb591682-0a85-4373-8525-688f70d3fed0,scooter,Sidewalk parking,Open,,2026-09-09T12:52:57Z,,POINT (-9.11660 38.73378)
776f6011-1035-460e-9ba3-da7d7177778c,Dott,ecfe89a7-1533-4e22-853a-95501163d941,scooter,Sidewalk parking,Resolved,,2026-09-09T13:05:49Z,2026-09-09T16:12:49Z,POINT (-9.13749 38.70753)
19f7691c-ffd0-43fe-9263-ad80e4b80a21,Lime,174e1d65-7ce2-4b88-b457-6e704045e03f,scooter,No-parking zone,Resolved,,2026-09-09T13:07:48Z,2026-09-09T14:42:48Z,POINT (-9.20616 38.69998)
db987902-8028-4804-8c34-e60cc6cd218c,Bolt,73430839-06a0-4968-acad-7206425aa146,scooter,Sidewalk parking,Resolved,,2026-09-09T14:31:26Z,2026-09-09T16:04:26Z,POINT (-9.15135 38.74183)
6f72a73f-b5db-48cf-a166-962d85e2e6c7,Dott,7a5a62cb-f951-44d8-801b-262087fd3a00,scooter,Fallen vehicle,Fined,50,2026-09-09T15:19:24Z,2026-09-09T18:04:24Z,POINT (-9.20423 38.69743)
6b1da6ea-5751-493d-ae8d-2350ca68d601,Dott,7d7410f2-69b0-4145-8e98-18f21781fcc0,scooter,Outside parking zone,Resolved,,2026-09-09T15:29:01Z,2026-09-09T17:16:01Z,POINT (-9.14210 38.70752)
96bc4fb0-fc9e-4fe4-b15f-6160e610a8f5,Lime,c5d2b1d1-cec8-4c42-b7c8-57148be7879d,bicycle,Outside parking zone,Resolved,,2026-09-09T16:15:03Z,2026-09-09T18:21:03Z,POINT (-9.13190 38.71635)
860708b8-2cb2-4d4a-9eaa-0328c3715251,Voi,ad7035ae-3c5b-4bcf-bf4f-a07785177a9b,scooter,Outside parking zone,Fined,50,2026-09-09T16:27:17Z,2026-09-09T17:14:17Z,POINT (-9.13415 38.71271)
be33e40b-eae8-4031-b012-7d674ca8c38b,Lime,69f94807-bf86-463d-8390-ce9eb90985bc,scooter,Sidewalk parking,Resolved,,2026-09-09T16:28:22Z,2026-09-09T17:59:22Z,POINT (-9.13992 38.70727)
e38c59f8-6ac2-46e3-a95f-e43e511be41a,Bolt,f9402d97-ef22-4a4e-a2a9-72be35bf051a,scooter,Sidewalk parking,Open,,2026-09-09T16:33:02Z,,POINT (-9.15218 38.72251)
34d4510f-9fe6-46c8-bfe1-d0f0a165a43e,Voi,ee1ca2cb-3fd3-448f-a1dc-f958a0b12a49,scooter,Outside parking zone,Fined,50,2026-09-09T16:38:04Z,2026-09-09T19:48:04Z,POINT (-9.12905 38.71253)
7e0c5c4a-309f-44fb-a5a0-75dfccd8acc1,Lime,13af053e-3297-4397-b859-9e1cb5d237a2,bicycle,Fallen vehicle,Resolved,,2026-09-09T16:46:18Z,2026-09-09T17:40:18Z,POINT (-9.14572 38.70625)
32ed6289-aeb9-40fb-8ca3-efe7b85430fb,Lime,998a58e8-816d-4928-a799-2f68a0bd793b,scooter,Sidewalk parking,Resolved,,2026-09-09T16:51:12Z,2026-09-09T20:17:12Z,POINT (-9.20437 38.69520)
0a868fee-84a4-45d8-b10e-8857f9b3d843,Bolt,8ba5ce5e-bae2-492b-a37f-653c3675f5e3,scooter,Outside parking zone,Resolved,,2026-09-09T17:00:56Z,2026-09-09T21:56:56Z,POINT (-9.13976 38.73990)
2f677582-2e23-4c8d-ace2-b51e2c018bea,Lime,30443cff-eef4-4d29-9c14-97acee7743ca,bicycle,Blocking access,Open,,2026-09-09T17:04:33Z,,POINT (-9.21686 38.70234)
db042ac5-56d8-432d-9105-1522b72d42df,Bolt,43067cd3-96a3-4da9-a3f9-4911bdea5565,scooter,Outside parking zone,Fined,50,2026-09-09T17:07:23Z,2026-09-09T19:50:23Z,POINT (-9.09980 38.76087)
da2a6210-d87a-436f-a7eb-e73f1649d149,Bolt,39960fa4-33f5-4a9c-bda2-07f786358fa3,scooter,Sidewalk parking,Resolved,,2026-09-09T17:11:36Z,2026-09-09T18:31:36Z,POINT (-9.17426 38.70396)
067af63d-a6e7-4c18-9594-707f19d4441c,Lime,8f9fd386-dd56-4a81-82d1-a1c38c6a3273,bicycle,Fallen vehicle,Resolved,,2026-09-09T17:32:49Z,2026-09-09T17:56:49Z,POINT (-9.14805 38.72944)
a24c8504-a563-473e-a5b7-4f638658246d,Lime,6e12a984-5c48-429a-9105-c5f50bbc0dec,bicycle,Outside parking zone,Open,,2026-09-09T17:47:31Z,,POINT (-9.12474 38.71607)
9e3bd6a6-3100-4352-b92a-62d1d49ced29,Dott,5216ba43-1b1a-4f38-b6c7-bc4bb97319f5,bicycle,Sidewalk parking,Fined,75,2026-09-09T17:50:03Z,2026-09-09T23:31:03Z,POINT (-9.13624 38.71483)
8c6de5ac-84fd-4b24-96ef-60bf41845d5a,Lime,3343cc05-54bc-422a-a457-5525fc4399f5,bicycle,No-parking zone,Fined,100,2026-09-09T18:35:30Z,2026-09-09T21:26:30Z,POINT (-9.12353 38.71641)
34e16016-a472-4cf2-82b8-2921b22eb637,Dott,27c2ded7-9f66-4557-a9b2-86d9d9ed6c7b,bicycle,Sidewalk parking,Fined,75,2026-09-09T19:09:16Z,2026-09-09T22:44:16Z,POINT (-9.08966 38.76936)
0de1d769-133e-42ed-bae0-1a778433a43b,Voi,ff39bda5-a681-4586-b949-0241639e7d48,scooter,Outside parking zone,Open,,2026-09-09T20:59:17Z,,POINT (-9.14484 38.75657)
76ab6f3a-c572-463e-9d55-8b66c80f64d5,Dott,4be88a40-5994-4df4-a25c-c05ac75d3ffa,scooter,Outside parking zone,Resolved,,2026-09-09T21:27:50Z,2026-09-09T22:08:50Z,POINT (-9.13768 38.70964)
f08ff618-ee5b-42a9-8ae8-99e05e68983f,Bolt,a9f10692-7758-4710-84f6-07a97a48decb,scooter,Blocking access,Resolved,,2026-09-09T22:52:33Z,2026-09-09T23:39:33Z,POINT (-9.17920 38.70034)
8ca62aca-e406-4a86-9c92-61c9162fa928,Dott,4be88a40-5994-4df4-a25c-c05ac75d3ffa,scooter,Sidewalk parking,Fined,75,2026-09-10T00:56:02Z,2026-09-10T03:29:02Z,POINT (-9.14244 38.71003)
37d140e0-c8d7-4cee-a8ca-0ebc1149470a,Voi,3a08457e-65e3-4dda-8ac4-5b4f51296b23,scooter,Fallen vehicle,Resolved,,2026-09-10T06:36:04Z,2026-09-10T07:12:04Z,POINT (-9.13611 38.71337)
d41b85b0-a5dc-41fb-8280-6da0a986ec89,Bolt,a7716886-075f-4822-b757-7f9d3627e28d,scooter,Outside parking zone,Fined,50,2026-09-10T07:32:21Z,2026-09-10T08:32:21Z,POINT (-9.13928 38.73729)
8129a9dd-9511-4305-afa9-763707337c6d,Lime,0f2851fd-07f9-4cf0-92ff-0dfe1c08dfb1,scooter,No-parking zone,Fined,100,2026-09-10T07:39:38Z,2026-09-10T08:57:38Z,POINT (-9.15487 38.72499)
539ea98e-c024-4379-b7bd-1fda4ea71fab,Lime,c3e1d004-949d-4356-8263-14a287ea3973,scooter,No-parking zone,Resolved,,2026-09-10T08:01:51Z,2026-09-10T08:22:51Z,POINT (-9.13913 38.71144)
11b2ebb9-c831-4286-bd17-3af367071f30,Voi,0b6b7ab5-a037-4b2c-b7e2-a4ed556ffa40,scooter,Sidewalk parking,Fined,75,2026-09-10T08:17:35Z,2026-09-10T08:52:35Z,POINT (-9.16897 38.71458)
581c1c36-f907-4f22-a248-659d3397cae0,Bolt,607c386c-957d-4591-8eb5-9a8683d3a6da,scooter,Blocking access,Fined,150,2026-09-10T08:19:31Z,2026-09-10T10:20:31Z,POINT (-9.14643 38.74570)
a856ce2f-38b6-42d9-9883-87f1096e659e,Voi,56fe8c0c-66e1-4926-9f98-240d88dffe1c,scooter,Sidewalk parking,Fined,75,2026-09-10T09:36:12Z,2026-09-10T13:00:12Z,POINT (-9.13958 38.72817)
4ac7d044-6ca5-48db-8392-8e0d0f945265,Lime,9ef6d396-4266-464e-be68-52d8090dff9a,scooter,No-parking zone,Resolved,,2026-09-10T09:38:27Z,2026-09-10T11:55:27Z,POINT (-9.13937 38.70722)
2c84afe1-ddb3-4dc3-9d0b-c39d4a93d938,Bolt,674f230a-2cb1-4601-adcc-c4613b720d4c,scooter,Outside parking zone,Open,,2026-09-10T09:57:10Z,,POINT (-9.10201 38.76511)
9b50cb4a-7067-47c8-bf7a-f1e3e40c6b26,Bolt,a3fe7fdf-2b63-4cc0-99b7-d0a6d249779f,scooter,No-parking zone,Fined,100,2026-09-10T10:14:52Z,2026-09-10T16:27:52Z,POINT (-9.14438 38.71123)
a993a103-2443-4bce-a528-187fc2970fc8,Bolt,e63fe948-1dda-4946-94ca-de415ce7da6d,scooter,Outside parking zone,Resolved,,2026-09-10T10:15:03Z,2026-09-10T11:41:03Z,POINT (-9.15921 38.71410)
622edc08-dc5f-4e25-b2b2-38198352f899,Lime,9f28be4c-7f08-4202-a214-10631c485770,scooter,Fallen vehicle,Fined,50,2026-09-10T10:38:02Z,2026-09-10T12:21:02Z,POINT (-9.14040 38.70974)
12e511f0-bd5d-4765-8146-f2abef379395,Lime,0642e91e-8c71-44d0-a695-41cc1c3602bf,scooter,Outside parking zone,Open,,2026-09-10T11:50:58Z,,POINT (-9.09334 38.76028)
3221e3b1-6cee-4b11-85e1-276fcc75a152,Lime,ea827419-e8cf-4015-8d21-5546afe9a538,scooter,Fallen vehicle,Resolved,,2026-09-10T11:51:52Z,2026-09-10T15:36:52Z,POINT (-9.13268 38.71443)
52753041-c783-4bc7-9a2e-61d269cef03f,Lime,db7218ff-f38f-4eab-8d15-373d6cb374ee,bicycle,Sidewalk parking,Resolved,,2026-09-10T11:59:26Z,2026-09-10T13:15:26Z,POINT (-9.13389 38.71646)
b16cae06-02f0-4a23-8a79-293aed285b0a,Voi,885db577-04cb-491d-9d1f-64441dde467f,scooter,Sidewalk parking,Fined,75,2026-09-10T12:53:18Z,2026-09-10T15:21:18Z,POINT (-9.12940 38.71575)
bcca703a-e462-4508-8950-e56bf9c8a2bb,Bolt,9d297801-a969-4418-93b7-79f923086790,scooter,Blocking access,Fined,150,2026-09-10T13:05:29Z,2026-09-10T14:57:29Z,POINT (-9.09206 38.76420)
36eaf84b-66fe-41b6-8169-657c48e3c35f,Bolt,a3fe7fdf-2b63-4cc0-99b7-d0a6d249779f,scooter,No-parking zone,Resolved,,2026-09-10T13:19:30Z,2026-09-10T14:44:30Z,POINT (-9.13423 38.71756)
781f952a-2e0d-42c1-be5d-921e6b0d7d0a,Lime,df475f7a-2731-4bf4-84f1-c3fca6a600af,scooter,Sidewalk parking,Open,,2026-09-10T13:21:22Z,,POINT (-9.13283 38.71608)
177b94f2-2d88-484f-81f7-6371cfd3ba75,Bolt,8c8da4fe-bd96-402a-8156-d82c5475a8fd,scooter,Outside parking zone,Fined,50,2026-09-10T14:01:03Z,2026-09-10T14:36:03Z,POINT (-9.12837 38.71737)
cefbd56b-0a19-4ebc-aa77-c694bd410203,Voi,150152fd-da6f-4ceb-86ab-0ed62b6e9195,scooter,No-parking zone,Fined,100,2026-09-10T14:45:48Z,2026-09-10T15:19:48Z,POINT (-9.13792 38.74050)
2f0868df-da5f-46d1-b170-5a362e162c36,Bolt,71b46293-9cd8-4771-af89-b4fae2a3afed,scooter,Sidewalk parking,Fined,75,2026-09-10T15:11:16Z,2026-09-10T16:05:16Z,POINT (-9.13654 38.74661)
42ba4c7c-27bf-4065-8f4d-d31432413eda,Lime,494bed18-40d6-40c0-9f14-138322d849d2,scooter,No-parking zone,Open,,2026-09-10T15:19:18Z,,POINT (-9.13791 38.71058)
965bb1da-9155-4360-a08d-4ead4905a5f7,Bolt,73430839-06a0-4968-acad-7206425aa146,scooter,Sidewalk parking,Open,,2026-09-10T15:38:20Z,,POINT (-9.17283 38.70176)
2adbb448-9a38-43ba-9366-ccc286ae0476,Bolt,64e5ffe5-b608-4d74-a227-1b75507f7772,scooter,Sidewalk parking,Fined,75,2026-09-10T16:19:09Z,2026-09-10T19:18:09Z,POINT (-9.14068 38.75898)
cd939c09-2e8e-4980-9f7d-3fc568ec4fd8,Dott,b5db7303-c55e-4bd1-addf-addb755e28f3,scooter,Fallen vehicle,Open,,2026-09-10T16:27:31Z,,POINT (-9.14844 38.73537)
30a48aae-a5b0-48a0-8838-18cd61b71368,Lime,9ef6d396-4266-464e-be68-52d8090dff9a,scooter,Sidewalk parking,Resolved,,2026-09-10T17:05:01Z,2026-09-10T17:39:01Z,POINT (-9.14982 38.72552)
21bc8386-628d-461f-9667-ab705d6e53cd,Dott,4be88a40-5994-4df4-a25c-c05ac75d3ffa,scooter,Sidewalk parking,Fined,75,2026-09-10T17:08:39Z,2026-09-10T20:26:39Z,POINT (-9.14236 38.74195)
f7200229-b910-4dc9-91d4-ebcece96aa4b,Dott,909a06a6-b743-443d-b450-b8b8eb2c92b4,scooter,Sidewalk parking,Resolved,,2026-09-10T19:06:18Z,2026-09-10T21:01:18Z,POINT (-9.11179 38.75703)
e51420ec-3a51-4ae4-a544-dcedaee9c509,Dott,d5e44995-92ee-4d06-948b-85490dc99960,bicycle,Outside parking zone,Fined,50,2026-09-10T19:11:23Z,2026-09-10T20:43:23Z,POINT (-9.09534 38.77261)
f5d51458-09ac-4124-ba63-17fce9299e81,Voi,e611de85-b90e-4193-9c4d-4fa610d3d826,scooter,Blocking access,Resolved,,2026-09-10T21:00:06Z,2026-09-10T22:20:06Z,POINT (-9.14182 38.74258)
7d39f27d-b173-45c4-bcb3-789d6e8fc2ad,Bolt,a9f10692-7758-4710-84f6-07a97a48decb,scooter,No-parking zone,Open,,2026-09-10T21:03:43Z,,POINT (-9.14909 38.70559)
c5d6dc10-ea18-4e7c-bee0-c9b6da4a4698,Bolt,94e381db-489f-4416-bd22-c7986e41c09c,scooter,Fallen vehicle,Fined,50,2026-09-10T22:40:41Z,2026-09-11T01:36:41Z,POINT (-9.17995 38.70185)
46c62756-48c8-440d-bc12-42f19572a11e,Dott,3fba3f16-4ac5-49eb-84da-ec56c9bf9f05,scooter,Fallen vehicle,Resolved,,2026-09-10T22:49:07Z,2026-09-11T00:53:07Z,POINT (-9.14490 38.70706)
cb50d390-c61b-46f8-b007-7adace47f5ff,Lime,8f9fd386-dd56-4a81-82d1-a1c38c6a3273,bicycle,Outside parking zone,Resolved,,2026-09-10T23:50:40Z,2026-09-11T01:50:40Z,POINT (-9.14959 38.70991)
0494b035-82c8-46d5-a1de-8c5bf80ec7aa,Bolt,a17d395c-a3a7-4a21-842b-67696930191a,scooter,No-parking zone,Resolved,,2026-09-11T03:05:07Z,2026-09-11T03:27:07Z,POINT (-9.14572 38.71191)
9fdd3aae-5076-4486-bb97-42635efe06bd,Bolt,2ec8cb81-09e6-45d6-b4a1-728e1f6885f9,scooter,Sidewalk parking,Fined,75,2026-09-11T05:06:05Z,2026-09-11T06:01:05Z,POINT (-9.16500 38.71631)
91331a90-8f52-4962-b3a7-f8ede1b26abd,Voi,5cc64abb-164f-4eff-b724-f58a5a6c4484,scooter,Blocking access,Resolved,,2026-09-11T07:42:21Z,2026-09-11T11:07:21Z,POINT (-9.14917 38.74236)
63f6ab56-d9b6-4cf8-ae88-d963078b86a6,Gira,e7938eb0-37e5-41f4-b071-260482319791,bicycle,Sidewalk parking,Resolved,,2026-09-11T08:11:21Z,2026-09-11T09:13:21Z,POINT (-9.14555 38.73669)
f600bb38-dda1-4aa2-9c5b-628494b01eb4,Gira,887a82ed-065a-46b7-b5fc-6c54dd18919b,bicycle,Outside parking zone,Resolved,,2026-09-11T08:42:36Z,2026-09-11T10:26:36Z,POINT (-9.16754 38.71563)
e0bcad95-0cbd-4fae-9345-c2603e1a36b4,Lime,a112da0c-b094-4a5a-be01-f695793dd1b8,scooter,Sidewalk parking,Fined,75,2026-09-11T08:51:10Z,2026-09-11T11:12:10Z,POINT (-9.14153 38.71232)
b9293b6b-b787-4be1-b5a5-4c5428cfa5d2,Voi,ad92b7c4-cb38-4292-b45f-eede5f25c0c4,scooter,Blocking access,Resolved,,2026-09-11T09:35:42Z,2026-09-11T10:24:42Z,POINT (-9.14657 38.74058)
fd388520-a135-48ee-b900-599a66d07264,Voi,222129a3-eadc-481e-9a7e-99cb4a7903c0,scooter,No-parking zone,Open,,2026-09-11T10:49:54Z,,POINT (-9.14931 38.72314)
f755dd16-e2db-4cb6-a84d-e69ebdfe2273,Voi,ee9f0b9d-7fd5-45c0-91a5-9181202c6b79,scooter,No-parking zone,Fined,100,2026-09-11T11:44:35Z,2026-09-11T14:51:35Z,POINT (-9.16341 38.72148)
1dd051f2-d47d-4c02-ab71-d1f915a0ee89,Lime,a7e415d5-d7f5-4607-a928-a293048e00cc,scooter,Sidewalk parking,Resolved,,2026-09-11T11:47:57Z,2026-09-11T17:47:57Z,POINT (-9.20087 38.69831)
e6e68240-58b2-436e-a368-bf2c88492a29,Lime,48c7875a-8170-4452-9688-4003d2d4f8ea,scooter,Sidewalk parking,Resolved,,2026-09-11T11:57:18Z,2026-09-11T15:23:18Z,POINT (-9.13734 38.70894)
fbb40844-9533-4e66-87a4-d9ae57067b2c,Dott,a9f55de9-e097-4d26-8171-ee94fced8b27,scooter,Sidewalk parking,Resolved,,2026-09-11T12:01:56Z,2026-09-11T13:47:56Z,POINT (-9.14652 38.73372)
61f17933-39b3-4359-a5b2-a1c96e10943e,Bolt,18446068-94ec-440f-bbd6-afbf135b5c1b,scooter,Sidewalk parking,Resolved,,2026-09-11T12:12:39Z,2026-09-11T13:00:39Z,POINT (-9.19938 38.69596)
568b5e81-26fb-4cfe-a8f6-81bcc40b1b7b,Bolt,b0c8d5de-2f85-4430-a4b3-932311251753,scooter,No-parking zone,Resolved,,2026-09-11T13:01:26Z,2026-09-11T15:06:26Z,POINT (-9.12612 38.71410)
16cd9e45-4a62-4654-bbb0-99387797142b,Voi,60f6b037-e36f-4db5-9fcb-5a9b5a3d5661,scooter,Sidewalk parking,Open,,2026-09-11T13:29:20Z,,POINT (-9.14213 38.72064)
53aa9d4f-6cf0-46e7-98a2-70406a5acc34,Bolt,8f7f320d-d22e-4a12-aa12-91d94d5db2e1,scooter,No-parking zone,Fined,100,2026-09-11T14:26:13Z,2026-09-11T15:56:13Z,POINT (-9.14802 38.70787)
0d372a3a-70d2-47b5-a519-5340f955de44,Lime,b98f3373-f73d-4745-9ca4-7f8314ce9c91,bicycle,Sidewalk parking,Resolved,,2026-09-11T15:45:17Z,2026-09-11T18:28:17Z,POINT (-9.13824 38.72815)
4760ad6b-3e2c-4b71-8311-7984078ab89c,Voi,bcf89c7a-96b6-404f-9052-35663e8b2a87,scooter,Fallen vehicle,Resolved,,2026-09-11T15:45:48Z,2026-09-11T16:27:48Z,POINT (-9.13879 38.73369)
251791d0-deab-41bb-a034-04b84403e4d5,Dott,003cf1df-d549-4570-9574-003641dc2133,scooter,Outside parking zone,Open,,2026-09-11T15:51:45Z,,POINT (-9.10705 38.76353)
92a0c7fa-5981-43d4-9eba-3679f8bb0d90,Lime,a112da0c-b094-4a5a-be01-f695793dd1b8,scooter,Outside parking zone,Fined,50,2026-09-11T16:03:04Z,2026-09-11T18:31:04Z,POINT (-9.20665 38.70114)
a2da9b0c-c137-4517-a3df-b1f89506879c,Bolt,fc0ac66b-445a-43fa-9ab4-3f387def774a,scooter,Fallen vehicle,Fined,50,2026-09-11T16:08:31Z,2026-09-11T17:03:31Z,POINT (-9.13449 38.71061)
0a4e14ed-9e46-4004-8086-fa2ad93c4cd8,Dott,a96719dc-aaf7-42d7-948f-7f225b285ebb,scooter,No-parking zone,Fined,100,2026-09-11T16:17:29Z,2026-09-11T17:10:29Z,POINT (-9.12887 38.71349)
276275a2-8efe-40ee-b076-892536523d3b,Lime,7299461f-7442-4f44-956a-099c1a8f8e50,scooter,Outside parking zone,Fined,50,2026-09-11T17:03:06Z,2026-09-11T19:01:06Z,POINT (-9.15691 38.73724)
63466c5e-1189-4a1e-98b9-ed4de2f42ddf,Bolt,f6fe45fd-0ad7-431f-bff7-475598354581,scooter,Outside parking zone,Fined,50,2026-09-11T17:04:37Z,2026-09-11T17:36:37Z,POINT (-9.13855 38.73261)
d3af131d-b38c-4f93-9dab-7f5b1468eb52,Dott,4be88a40-5994-4df4-a25c-c05ac75d3ffa,scooter,Outside parking zone,Resolved,,2026-09-11T17:06:25Z,2026-09-11T17:39:25Z,POINT (-9.10274 38.76890)
adcf71a9-a1fc-4d03-938b-63f28abb8f10,Dott,6d4c2eeb-6344-47c5-b503-3ba86078d64c,scooter,Sidewalk parking,Resolved,,2026-09-11T17:30:58Z,2026-09-11T23:22:58Z,POINT (-9.14829 38.70680)
3e8c0386-82d1-4628-a7c2-6f63a61d912f,Lime,8d0d40f6-c1ef-43bb-ba79-ae69100f2eec,scooter,Outside parking zone,Open,,2026-09-11T17:40:23Z,,POINT (-9.14965 38.71924)
5a75e2cf-0dfc-4df9-8335-e87bac02ed6b,Voi,96bb6967-19b5-403e-a4f5-24fad6e269fa,scooter,Outside parking zone,Fined,50,2026-09-11T17:57:59Z,2026-09-11T20:07:59Z,POINT (-9.14379 38.71896)
3e72ce73-f8fd-4a17-9c8c-131ee4dc6c56,Voi,59ad6aed-33a6-4022-96c7-9631cfb93a36,scooter,Outside parking zone,Resolved,,2026-09-11T18:55:43Z,2026-09-11T21:42:43Z,POINT (-9.14985 38.72312)
f7c2a67b-a843-4609-ac1d-226289082b32,Bolt,9fae123d-0ce2-4f22-a7ea-ab9f6e69f612,scooter,No-parking zone,Resolved,,2026-09-11T19:21:19Z,2026-09-11T20:50:19Z,POINT (-9.12711 38.71873)
c1df8a49-8478-4398-ba1a-562ffd0f216a,Dott,e6e7681b-7508-4685-a55d-55c23e850d2e,bicycle,Outside parking zone,Resolved,,2026-09-11T19:29:32Z,2026-09-11T21:21:32Z,POINT (-9.14394 38.72247)
977ccec4-2df8-4f75-85e0-ef8f4f6fa13e,Voi,5cc64abb-164f-4eff-b724-f58a5a6c4484,scooter,No-parking zone,Open,,2026-09-11T19:32:55Z,,POINT (-9.20574 38.69574)
1f909da0-33a7-4d89-98ae-03871987cec2,Lime,7062cb9e-5fbf-40b8-875a-ba30033d37e4,scooter,Sidewalk parking,Resolved,,2026-09-11T20:13:55Z,2026-09-11T20:54:55Z,POINT (-9.14657 38.71720)
26120d8e-bb19-427b-91fa-22303d10c92b,Lime,fb263cb4-1438-4fa9-b9b9-2d0d5c211b09,bicycle,Sidewalk parking,Open,,2026-09-11T21:12:20Z,,POINT (-9.14179 38.71038)
69ff6152-9a07-4a14-8baf-98c527c548cb,Voi,00fe2a23-5bd1-4e4d-9c94-9be01740c305,scooter,Outside parking zone,Fined,50,2026-09-11T21:24:11Z,2026-09-12T02:25:11Z,POINT (-9.17827 38.70517)
daf13226-7e10-46a8-a0d0-04a2d89a3946,Lime,2055bd47-95de-49ed-9521-d5dda61dae8f,scooter,Sidewalk parking,Open,,2026-09-11T21:47:27Z,,POINT (-9.14388 38.70800)
190f8018-7e8f-40a9-9daa-b3910fa64f7c,Voi,0742f3ec-8c89-4b52-8cb3-ae704b7969a0,scooter,Outside parking zone,Fined,50,2026-09-11T21:48:47Z,2026-09-11T22:43:47Z,POINT (-9.14940 38.70600)
2e0a8f77-7902-4fdf-b713-563d99910832,Bolt,674f230a-2cb1-4601-adcc-c4613b720d4c,scooter,Sidewalk parking,Fined,75,2026-09-11T22:40:43Z,2026-09-11T23:53:43Z,POINT (-9.14223 38.70916)
11ce5ca5-e323-4a79-959a-c3cb6bef4d9d,Voi,1aa8ce25-3593-471e-8da1-5e45f5bfd5f9,scooter,Sidewalk parking,Fined,75,2026-09-12T00:12:50Z,2026-09-12T03:41:50Z,POINT (-9.13956 38.71005)
fdc1c2b8-92a3-4e5b-9417-32d849a0f6ec,Voi,c0e7040e-da84-4a3f-8146-d3f6215bfdb2,scooter,Fallen vehicle,Resolved,,2026-09-12T00:19:14Z,2026-09-12T01:11:14Z,POINT (-9.13787 38.70680)
99f50c8d-f91d-4cdc-aef9-34e752347667,Voi,cc4be73f-0e1c-4923-93a6-bcc656439d19,scooter,Sidewalk parking,Resolved,,2026-09-12T00:38:06Z,2026-09-12T03:20:06Z,POINT (-9.14240 38.71227)
45dd558b-75a1-4e78-ac90-f1469f8b9ed7,Dott,7445e5f0-6676-47e9-a611-b6be3c9d77ba,scooter,Blocking access,Fined,150,2026-09-12T00:54:21Z,2026-09-12T01:45:21Z,POINT (-9.09710 38.76284)
2bb0b4b8-aa5a-443d-bf5e-77e53178bfe5,Dott,901acb58-2e93-4fca-8173-5b98a030f0dd,scooter,Fallen vehicle,Resolved,,2026-09-12T01:11:16Z,2026-09-12T03:35:16Z,POINT (-9.14834 38.70938)
e3ff2266-6dda-4f51-ac96-9f3852558970,Lime,3343cc05-54bc-422a-a457-5525fc4399f5,bicycle,No-parking zone,Fined,100,2026-09-12T02:56:10Z,2026-09-12T03:53:10Z,POINT (-9.13945 38.71452)
dffff079-fb2e-467b-abb2-92d57f1719a2,Dott,ca417849-db72-40d7-a6a4-42200aa8e720,scooter,Outside parking zone,Fined,50,2026-09-12T02:56:47Z,2026-09-12T04:38:47Z,POINT (-9.15149 38.71550)
e0204857-204d-42a7-aecc-2322227fb78f,Bolt,a32edf7e-685c-4ea3-be46-3be2e90c8961,scooter,Sidewalk parking,Resolved,,2026-09-12T03:07:07Z,2026-09-12T03:35:07Z,POINT (-9.13192 38.71021)
1ff40d69-a605-43a0-9113-76d8a9333492,Lime,1498b1e4-300c-4e6e-a3a6-ad1f44004869,bicycle,Outside parking zone,Resolved,,2026-09-12T06:43:20Z,2026-09-12T08:25:20Z,POINT (-9.14076 38.74475)
98a198c8-0a2a-4af6-b3cb-05dd1818ecbf,Dott,7d7410f2-69b0-4145-8e98-18f21781fcc0,scooter,Sidewalk parking,Resolved,,2026-09-12T08:30:21Z,2026-09-12T09:30:21Z,POINT (-9.13323 38.71088)
7a898352-1c8a-4ec6-9fff-4906de51e2aa,Bolt,6276fcec-0532-4d6b-ae5f-0476bf5c91b1,scooter,Sidewalk parking,Fined,75,2026-09-12T09:35:16Z,2026-09-12T12:11:16Z,POINT (-9.14371 38.70727)
aaa6bc2e-51e9-4ab7-a7b0-5246a404dbcd,Voi,e611de85-b90e-4193-9c4d-4fa610d3d826,scooter,No-parking zone,Resolved,,2026-09-12T10:21:07Z,2026-09-12T12:04:07Z,POINT (-9.17835 38.70600)
c1ca3c6c-c60c-4dc5-b22f-5dca0937b452,Dott,a5773941-12a9-4097-9dde-474885acd738,bicycle,Sidewalk parking,Resolved,,2026-09-12T11:03:38Z,2026-09-12T12:43:38Z,POINT (-9.20571 38.69952)
28614d82-2fb3-4283-a0d9-c247af6354c9,Bolt,9b5eaef2-4593-4c16-948a-1040ade2ae96,scooter,No-parking zone,Resolved,,2026-09-12T11:16:19Z,2026-09-12T14:13:19Z,POINT (-9.14945 38.70981)
3be6deab-9a77-4fbe-821b-4c954fad5b52,Lime,fc462b47-da67-4b76-a1a1-8c54d98b9d36,scooter,Outside parking zone,Resolved,,2026-09-12T11:56:16Z,2026-09-12T13:43:16Z,POINT (-9.21159 38.69818)
401fd44f-93a1-4675-99cc-b411f014ee7e,Bolt,71b46293-9cd8-4771-af89-b4fae2a3afed,scooter,Outside parking zone,Resolved,,2026-09-12T12:19:11Z,2026-09-12T15:57:11Z,POINT (-9.09328 38.76061)
e578cef6-c2c5-403e-b66b-99b88a86e736,Lime,998a58e8-816d-4928-a799-2f68a0bd793b,scooter,Sidewalk parking,Open,,2026-09-12T13:40:35Z,,POINT (-9.15040 38.73234)
04c7626a-bf72-44af-8470-fbfb0012df2f,Dott,3ba12081-719b-46af-8dda-bf9a425d88b5,bicycle,Blocking access,Resolved,,2026-09-12T13:41:12Z,2026-09-12T14:26:12Z,POINT (-9.09290 38.76232)
49dc9e9d-cfec-455c-965e-eb155d4149cd,Lime,65e94c18-a260-490d-b2bc-ae7aa196fdee,bicycle,Sidewalk parking,Open,,2026-09-12T14:10:27Z,,POINT (-9.21047 38.69594)
f0dceb02-5e3d-49e3-b1c0-243863c13f79,Bolt,b486ed5a-c947-46e3-a3e0-72a117e2f556,scooter,Sidewalk parking,Fined,75,2026-09-12T14:25:07Z,2026-09-12T15:31:07Z,POINT (-9.17707 38.70060)
7157d318-7aad-4c6d-a9c3-bead67bfa27c,Voi,c24a7eb4-3ebf-472f-b386-3ec1adc8cb0d,scooter,No-parking zone,Resolved,,2026-09-12T14:39:06Z,2026-09-12T15:50:06Z,POINT (-9.17953 38.70284)
0c3e929e-68dd-4f21-b09a-6438afa58e66,Lime,df7f9e29-9b15-47ab-bd7f-77c8a497f42d,scooter,No-parking zone,Resolved,,2026-09-12T14:46:21Z,2026-09-12T16:00:21Z,POINT (-9.14023 38.70973)
71ae94b9-95eb-436e-8ec1-0887bd227238,Bolt,822e8e99-d1c8-48f6-9352-eaef72e70813,scooter,Outside parking zone,Resolved,,2026-09-12T14:52:36Z,2026-09-12T18:39:36Z,POINT (-9.21112 38.70037)
683ddf81-a6fb-48aa-a267-63e21b9a95c5,Dott,563ab0f1-aae1-43bb-8827-e377e4e140af,scooter,Sidewalk parking,Resolved,,2026-09-12T15:40:42Z,2026-09-12T18:25:42Z,POINT (-9.13794 38.71446)
57e219bb-0a0f-40ee-af9c-d318105dd63a,Lime,e55b17db-7832-46dd-b980-be4dcd5fd2b4,scooter,No-parking zone,Resolved,,2026-09-12T16:13:10Z,2026-09-12T17:02:10Z,POINT (-9.14031 38.71382)
a9d53583-875f-4590-98ed-98b5b65d37a3,Voi,96bb6967-19b5-403e-a4f5-24fad6e269fa,scooter,Sidewalk parking,Fined,75,2026-09-12T16:48:04Z,2026-09-12T19:03:04Z,POINT (-9.13560 38.75505)
14871edc-7389-4a39-84d0-f81e2c54fcaf,Bolt,f5422f20-5f6e-4d63-b354-a528b67428d7,scooter,Fallen vehicle,Open,,2026-09-12T17:09:40Z,,POINT (-9.15296 38.77050)
794b7b27-bb4b-4a76-93f4-1cfb929fb29d,Bolt,39960fa4-33f5-4a9c-bda2-07f786358fa3,scooter,Fallen vehicle,Resolved,,2026-09-12T17:42:59Z,2026-09-12T18:19:59Z,POINT (-9.14065 38.71819)
daeead01-d2f4-492a-bd5a-5e17b19d5f2a,Dott,e2f386a4-a401-47ee-b5c7-196e2ab008f9,bicycle,Fallen vehicle,Resolved,,2026-09-12T17:44:08Z,2026-09-12T18:05:08Z,POINT (-9.14013 38.70879)
904fce21-48a4-4023-bad7-a7ed0d2ff9a0,Bolt,951afe99-fd1f-4464-8524-c95d7e879f08,scooter,Fallen vehicle,Fined,50,2026-09-12T17:50:42Z,2026-09-12T19:19:42Z,POINT (-9.14362 38.71250)
a50f97bc-2ac7-4dd2-86a6-3df9dcc960e4,Bolt,c59345f1-b528-4495-b5db-06a7b0ab88fb,scooter,Outside parking zone,Open,,2026-09-12T20:06:47Z,,POINT (-9.13571 38.73839)
fad2c3c8-bd0e-451f-879e-316b7ee3c4c6,Lime,b08e4a5d-b760-48a9-bbe9-6351a77d736c,scooter,Sidewalk parking,Resolved,,2026-09-12T20:27:46Z,2026-09-12T22:06:46Z,POINT (-9.20437 38.69709)
0c154b0c-6987-4e59-8154-3dc2fe82d546,Bolt,606e0d9f-3847-4cee-8f3b-b73a8f87f880,scooter,Sidewalk parking,Resolved,,2026-09-12T21:40:22Z,2026-09-13T00:46:22Z,POINT (-9.12934 38.73612)
1206ad57-7944-428f-8cb5-26abc9933303,Voi,37ff9702-4abc-497e-9e45-57f12afcd2ff,scooter,Fallen vehicle,Open,,2026-09-12T21:47:22Z,,POINT (-9.13897 38.70894)
f979b65c-e925-4012-b192-115408d6ea14,Bolt,51e141ec-2f8a-4f4d-bd6f-7b454d46aee7,scooter,Fallen vehicle,Resolved,,2026-09-12T21:49:38Z,2026-09-12T22:48:38Z,POINT (-9.15117 38.70819)
b776c787-14bd-41fd-beae-1f8084ccdcca,Bolt,ae0be1e2-f46f-4895-9674-8a80386c54a9,scooter,Outside parking zone,Fined,50,2026-09-12T21:58:17Z,2026-09-13T02:09:17Z,POINT (-9.13416 38.71531)
877ba9aa-e69e-4091-a7f0-a17a43141f96,Dott,e20fd009-b485-4f89-a3df-3e8e3d37878b,bicycle,Fallen vehicle,Fined,50,2026-09-12T22:39:39Z,2026-09-12T23:52:39Z,POINT (-9.14780 38.71370)
5fad2b78-0e1b-452e-896f-17ad2227325c,Voi,a722b2d0-4298-423b-967c-8555a07b8646,scooter,Fallen vehicle,Resolved,,2026-09-12T23:14:48Z,2026-09-13T00:27:48Z,POINT (-9.14337 38.71671)
3194549e-0351-4a0c-a88a-aebd97645a12,Bolt,4c730785-2183-4291-b078-5e2b7fe91018,scooter,Outside parking zone,Resolved,,2026-09-12T23:43:25Z,2026-09-13T01:07:25Z,POINT (-9.14526 38.73730)
a61c926c-a040-46a6-ab94-16ead5c039a3,Bolt,ecbc5104-194a-45ea-8dc2-75d0a5825c16,scooter,Fallen vehicle,Fined,50,2026-09-13T00:06:36Z,2026-09-13T00:34:36Z,POINT (-9.14297 38.71361)
6b219131-8faa-43f1-9740-906a11fed0a1,Bolt,e63fe948-1dda-4946-94ca-de415ce7da6d,scooter,Fallen vehicle,Open,,2026-09-13T00:07:16Z,,POINT (-9.14404 38.71504)
a65e81cb-5c87-43c1-b423-af6b44ffbe5c,Lime,a112da0c-b094-4a5a-be01-f695793dd1b8,scooter,Fallen vehicle,Resolved,,2026-09-13T00:19:19Z,2026-09-13T01:03:19Z,POINT (-9.14318 38.70871)
d0cad2ce-d06c-41f9-a39b-e4f00b60ae56,Dott,919f3a56-e04a-434a-ad4e-5a9ffaf71903,scooter,Fallen vehicle,Resolved,,2026-09-13T00:29:34Z,2026-09-13T00:50:34Z,POINT (-9.14438 38.70534)
c2ce4e2a-6fad-4b4a-9820-e72f376fdc2b,Voi,cb124cb8-7c86-46db-99a9-bbcfac0fabca,scooter,Outside parking zone,Resolved,,2026-09-13T00:31:13Z,2026-09-13T01:43:13Z,POINT (-9.14462 38.70914)
46e54865-7bfb-4c69-a6b2-ae29a32b4780,Voi,ecf762c0-2f6a-440e-94ae-ff6776a3e6ab,scooter,No-parking zone,Fined,100,2026-09-13T01:01:40Z,2026-09-13T01:47:40Z,POINT (-9.14245 38.70887)
15fde0c5-4037-4e35-bb70-ef186b027f69,Lime,86907ae7-0a0a-453e-baa6-6b0fc301fcce,bicycle,No-parking zone,Resolved,,2026-09-13T01:40:46Z,2026-09-13T06:10:46Z,POINT (-9.13935 38.70957)
3907d459-ff7e-4be1-97e1-cd3d22f302be,Bolt,be234d5a-15d4-4578-9c01-3698cfcb4175,scooter,Blocking access,Open,,2026-09-13T01:43:53Z,,POINT (-9.16613 38.71350)
4954efca-c1e0-4f78-bc98-9ac88e1dcff2,Bolt,44c7084d-4933-4490-afe3-1350c0a0d959,scooter,Sidewalk parking,Open,,2026-09-13T01:47:48Z,,POINT (-9.13960 38.70705)
e2f46849-08a1-47bb-9e34-be9fb08a7e73,Voi,81f7407a-191d-4396-99d7-8f1a68a315d3,scooter,No-parking zone,Resolved,,2026-09-13T09:22:15Z,2026-09-13T10:51:15Z,POINT (-9.20873 38.69469)
d57d6785-5b3a-40b2-b888-d63623075c31,Voi,00fe2a23-5bd1-4e4d-9c94-9be01740c305,scooter,Sidewalk parking,Fined,75,2026-09-13T09:27:51Z,2026-09-13T11:52:51Z,POINT (-9.10757 38.77367)
b87e7ca7-7695-4881-b73a-1b99c922ad8e,Lime,36b2ff62-c93c-415d-ab77-10777fd2acd1,bicycle,Outside parking zone,Resolved,,2026-09-13T09:29:31Z,2026-09-13T09:53:31Z,POINT (-9.13334 38.71330)
c5d5fb34-f41a-4224-9285-86a4a41c1262,Lime,1193f5a2-7f12-4881-b7ad-91e7aba2593b,bicycle,Outside parking zone,Resolved,,2026-09-13T09:59:11Z,2026-09-13T17:43:11Z,POINT (-9.14048 38.75236)
19ed7687-4bab-4c15-853f-2c337682f6ee,Bolt,39960fa4-33f5-4a9c-bda2-07f786358fa3,scooter,Blocking access,Fined,150,2026-09-13T10:17:39Z,2026-09-13T13:37:39Z,POINT (-9.15065 38.71100)
a92cd3c0-15ac-4e15-80ff-dc05a50ea941,Lime,03919a48-7615-4861-81c5-7011dec8c20f,scooter,Outside parking zone,Resolved,,2026-09-13T11:08:18Z,2026-09-13T13:02:18Z,POINT (-9.14539 38.71254)
f5e224e3-b63b-4fb5-9c30-3b896c0b4d67,Bolt,44d8c4f1-7cef-432c-8977-64aab56212da,scooter,Blocking access,Resolved,,2026-09-13T11:14:18Z,2026-09-13T13:08:18Z,POINT (-9.21293 38.70023)
100d1cc4-b0ce-4873-91a4-ac9f354e41eb,Lime,ac345722-273a-40d3-acec-64edc508cb39,scooter,Blocking access,Resolved,,2026-09-13T11:24:24Z,2026-09-13T12:47:24Z,POINT (-9.12889 38.71511)
619f235f-3548-43b5-be0f-ef7cec6df56c,Voi,bdd367c1-afc0-4b28-b3ee-cce9f358c84c,scooter,Sidewalk parking,Open,,2026-09-13T11:25:01Z,,POINT (-9.14147 38.70978)
e26e54cb-0dba-40cb-a9d4-ae33a2699abf,Bolt,43067cd3-96a3-4da9-a3f9-4911bdea5565,scooter,No-parking zone,Open,,2026-09-13T12:22:09Z,,POINT (-9.14091 38.70832)
8f76a29d-4742-42e4-8589-ac14f764664c,Bolt,a9f10692-7758-4710-84f6-07a97a48decb,scooter,No-parking zone,Resolved,,2026-09-13T13:05:59Z,2026-09-13T13:37:59Z,POINT (-9.20293 38.69579)
3adeed4e-fb3b-456c-a68c-a4bffe16dccb,Voi,cb124cb8-7c86-46db-99a9-bbcfac0fabca,scooter,Blocking access,Resolved,,2026-09-13T13:47:52Z,2026-09-13T17:00:52Z,POINT (-9.10587 38.76503)
ce43acc1-a1dc-48dd-946f-d1ed857017e9,Dott,6d4c2eeb-6344-47c5-b503-3ba86078d64c,scooter,Outside parking zone,Resolved,,2026-09-13T13:48:15Z,2026-09-13T16:39:15Z,POINT (-9.13642 38.74369)
1fb41dba-b146-4dd5-818e-148d9951ad6a,Bolt,4c730785-2183-4291-b078-5e2b7fe91018,scooter,Outside parking zone,Resolved,,2026-09-13T14:43:38Z,2026-09-13T16:38:38Z,POINT (-9.12965 38.70990)
3f10b53d-6b8d-41f5-9f7e-d7751618336d,Voi,81f7407a-191d-4396-99d7-8f1a68a315d3,scooter,Sidewalk parking,Resolved,,2026-09-13T14:43:58Z,2026-09-13T16:14:58Z,POINT (-9.15186 38.71391)
56e4eeaa-293d-4942-830e-d8e7517d0375,Voi,ff39bda5-a681-4586-b949-0241639e7d48,scooter,Sidewalk parking,Resolved,,2026-09-13T14:52:20Z,2026-09-13T16:36:20Z,POINT (-9.13409 38.75826)
cc9d2ba0-dba8-40ff-924c-5f25330c4c98,Voi,031db94c-6eae-4fdf-baf5-f663feff8b63,scooter,Sidewalk parking,Resolved,,2026-09-13T14:57:33Z,2026-09-13T15:57:33Z,POINT (-9.20367 38.69651)
2a0bf69b-5436-48fb-8746-8251a39e7a80,Bolt,7913c9ec-749b-46d0-aaf4-ed5d07766d36,scooter,Sidewalk parking,Open,,2026-09-13T15:18:30Z,,POINT (-9.14478 38.70680)
f1bb72f6-9ef8-4c00-8c13-c34017912e45,Lime,13af053e-3297-4397-b859-9e1cb5d237a2,bicycle,No-parking zone,Resolved,,2026-09-13T15:38:10Z,2026-09-13T18:47:10Z,POINT (-9.13175 38.71545)
d3cbbf36-1aeb-49f9-9a46-2d398cc85347,Bolt,d8882c64-0e15-45af-a3c3-68520cf0cde5,scooter,Fallen vehicle,Resolved,,2026-09-13T15:59:43Z,2026-09-13T16:53:43Z,POINT (-9.14723 38.71466)
e8a21481-054c-486c-88d7-92490ca62982,Lime,ac345722-273a-40d3-acec-64edc508cb39,scooter,Outside parking zone,Resolved,,2026-09-13T16:40:48Z,2026-09-13T17:32:48Z,POINT (-9.13633 38.71128)
93c8f733-ec31-4dcd-93e6-e02b03feec5d,Bolt,27557603-bd9d-46dc-9d67-ce35a5fc3509,scooter,Sidewalk parking,Fined,75,2026-09-13T17:32:07Z,2026-09-13T18:57:07Z,POINT (-9.12970 38.71890)
38604564-b998-479a-ba02-86ed9bbfa54b,Bolt,1e1c161b-9bd5-48f7-bc74-b5637909d74a,scooter,Blocking access,Fined,150,2026-09-13T18:10:04Z,2026-09-14T06:45:04Z,POINT (-9.10512 38.73666)
c268e9e2-8d36-4dfd-bbe1-9928cc2fc53d,Lime,494bed18-40d6-40c0-9f14-138322d849d2,scooter,Sidewalk parking,Fined,75,2026-09-13T19:01:29Z,2026-09-13T19:31:29Z,POINT (-9.09958 38.75754)
30cd9df3-fe43-4a49-a805-e00a8810fec6,Lime,1498b1e4-300c-4e6e-a3a6-ad1f44004869,bicycle,Sidewalk parking,Fined,75,2026-09-13T19:53:05Z,2026-09-13T21:04:05Z,POINT (-9.12869 38.71891)
fceab268-277d-42f6-afdf-d06432ae4fd2,Bolt,f9402d97-ef22-4a4e-a2a9-72be35bf051a,scooter,Outside parking zone,Resolved,,2026-09-13T21:05:56Z,2026-09-14T00:13:56Z,POINT (-9.14232 38.73209)
0c4022bb-2f4f-4327-8b02-53acd277ac05,Dott,ecfe89a7-1533-4e22-853a-95501163d941,scooter,No-parking zone,Fined,100,2026-09-13T22:07:53Z,2026-09-13T23:57:53Z,POINT (-9.13494 38.70845)
68a16ece-88a7-471d-9e7d-4686467cd03b,Lime,e2a32a9b-f7d1-4eb9-9bb4-b7ef9ff7417f,bicycle,Fallen vehicle,Open,,2026-09-13T22:19:56Z,,POINT (-9.16075 38.71891)
f796369a-9544-4846-a1bb-d04318ee25fc,Lime,55a9161a-e6e7-418d-b9ef-913e064bde41,bicycle,No-parking zone,Resolved,,2026-09-13T22:29:06Z,2026-09-14T00:37:06Z,POINT (-9.14520 38.71056)
7b29f68d-8677-4ddf-b172-59ecd2278611,Dott,3fba3f16-4ac5-49eb-84da-ec56c9bf9f05,scooter,Sidewalk parking,Resolved,,2026-09-13T23:02:07Z,2026-09-13T23:53:07Z,POINT (-9.14003 38.70879)
1878a53d-2026-4ebe-9116-d6dd0b55029f,Voi,ad7035ae-3c5b-4bcf-bf4f-a07785177a9b,scooter,Blocking access,Resolved,,2026-09-14T01:42:18Z,2026-09-14T02:20:18Z,POINT (-9.15368 38.71017)
5750d14c-5122-48ee-a23a-2d152ac50836,Lime,c7beb112-5bfa-4f5c-bab4-6137cca8f52a,bicycle,Blocking access,Resolved,,2026-09-14T05:12:05Z,2026-09-14T07:28:05Z,POINT (-9.09304 38.76016)
66b81f9a-b6bc-46ab-a88e-64fa5ca10209,Dott,6d4c2eeb-6344-47c5-b503-3ba86078d64c,scooter,Outside parking zone,Fined,50,2026-09-14T07:23:13Z,2026-09-14T10:48:13Z,POINT (-9.14710 38.72056)
fa47070b-2875-4bdc-b95e-4822950f951c,Gira,334ebd9b-05e2-42f8-afb7-980f72735a8c,bicycle,Blocking access,Resolved,,2026-09-14T07:33:50Z,2026-09-14T12:43:50Z,POINT (-9.10526 38.76028)
e4dc3657-deb3-4a5c-b5b8-4433b4be761f,Lime,c7dc7860-b122-4751-a592-725ea9b3660b,scooter,Blocking access,Fined,150,2026-09-14T07:49:04Z,2026-09-14T08:37:04Z,POINT (-9.14562 38.73051)
a94dde86-4fed-4b64-8737-7e3c939c0448,Voi,9839fcf0-67f5-4bb5-a903-60f15770f804,scooter,Blocking access,Open,,2026-09-14T08:35:43Z,,POINT (-9.15489 38.71536)
8a4b4ff6-5724-4139-b074-2d2d23cb574a,Voi,bd18cf69-a632-4529-80a8-40bf17fedf2a,scooter,Blocking access,Fined,150,2026-09-14T08:50:31Z,2026-09-14T12:03:31Z,POINT (-9.15637 38.73383)
f1a05283-5356-464f-9b3a-fb5c57b121aa,Lime,13af053e-3297-4397-b859-9e1cb5d237a2,bicycle,Sidewalk parking,Open,,2026-09-14T09:23:25Z,,POINT (-9.14401 38.71286)
5a143a1a-a576-4997-b9b7-1e882d29ae45,Lime,7299461f-7442-4f44-956a-099c1a8f8e50,scooter,No-parking zone,Fined,100,2026-09-14T09:33:32Z,2026-09-14T10:16:32Z,POINT (-9.14468 38.73204)
e70ecb21-492f-4c64-95ef-7c41753c2a74,Bolt,1e1c161b-9bd5-48f7-bc74-b5637909d74a,scooter,Blocking access,Resolved,,2026-09-14T10:06:37Z,2026-09-14T12:29:37Z,POINT (-9.15226 38.72494)
f222c59a-6d4d-4fa8-b0e8-77d0c9ace29f,Dott,3fba3f16-4ac5-49eb-84da-ec56c9bf9f05,scooter,Sidewalk parking,Open,,2026-09-14T10:23:54Z,,POINT (-9.15654 38.71149)
74e3738a-6701-49f3-93d6-d39efb4d3d5e,Voi,afe64dac-ad9d-495c-8f04-ac027820b93a,scooter,Sidewalk parking,Resolved,,2026-09-14T10:31:41Z,2026-09-14T11:33:41Z,POINT (-9.13125 38.71159)
2c38bd1e-6c18-4db9-9c57-e4a11244c121,Dott,5216ba43-1b1a-4f38-b6c7-bc4bb97319f5,bicycle,Outside parking zone,Fined,50,2026-09-14T11:28:05Z,2026-09-14T14:14:05Z,POINT (-9.12928 38.71626)
881763cd-4d14-44e5-a761-72505ffe11cb,Bolt,606e0d9f-3847-4cee-8f3b-b73a8f87f880,scooter,Outside parking zone,Fined,50,2026-09-14T11:31:16Z,2026-09-14T13:02:16Z,POINT (-9.14938 38.70609)
75be1674-f977-40a2-a8b6-05a2631d8f79,Lime,118e5622-b6ba-4bef-bf5e-b4eea7fe3d7b,bicycle,No-parking zone,Open,,2026-09-14T11:55:50Z,,POINT (-9.13102 38.71453)
43bf3843-cbf7-4b6c-8473-e006f4897ca3,Bolt,6276fcec-0532-4d6b-ae5f-0476bf5c91b1,scooter,Blocking access,Resolved,,2026-09-14T13:29:10Z,2026-09-14T14:11:10Z,POINT (-9.13869 38.73599)
629431f4-af12-4974-8523-ce753cb88be2,Bolt,d8882c64-0e15-45af-a3c3-68520cf0cde5,scooter,Blocking access,Open,,2026-09-14T13:36:14Z,,POINT (-9.14908 38.73472)
ff2d98e0-5f52-4b02-824c-6d2a6f6018eb,Lime,0a28746f-1a0f-4b9a-87c9-b151c01588e5,bicycle,Blocking access,Fined,150,2026-09-14T13:50:51Z,2026-09-14T15:54:51Z,POINT (-9.09493 38.77247)
01d2e0e9-d0c7-452c-9a20-8c1a65afd401,Bolt,d8f678fc-d8c3-4bdb-8d4c-7d259770efe2,scooter,Outside parking zone,Open,,2026-09-14T14:33:20Z,,POINT (-9.17856 38.70887)
dc600795-f9f8-4cd7-9d65-c9816f729725,Dott,1ba682cf-266a-469c-93c9-fece39aa3eb9,bicycle,No-parking zone,Open,,2026-09-14T14:39:19Z,,POINT (-9.13576 38.75561)
e74337ea-53ce-4d4e-b034-108dc889066b,Dott,ebf29ade-0d0b-410e-ad9c-178fd6342ae7,scooter,Outside parking zone,Resolved,,2026-09-14T14:44:27Z,2026-09-14T16:43:27Z,POINT (-9.14651 38.74655)
d10c5d1a-b82a-4f85-a552-136c34a4ac44,Bolt,4c730785-2183-4291-b078-5e2b7fe91018,scooter,No-parking zone,Open,,2026-09-14T15:12:05Z,,POINT (-9.09184 38.76573)
c569ae12-f312-4e94-9b40-27036139f96d,Lime,a60fcf46-f6ac-4356-bf19-dd195c722b33,bicycle,No-parking zone,Resolved,,2026-09-14T15:29:38Z,2026-09-14T19:43:38Z,POINT (-9.18109 38.70437)
7ed79db5-f288-4e46-a8d3-995a68a1c417,Bolt,a17d395c-a3a7-4a21-842b-67696930191a,scooter,Fallen vehicle,Resolved,,2026-09-14T15:34:12Z,2026-09-14T16:22:12Z,POINT (-9.14659 38.71974)
00f482e9-2b1d-4310-ad86-c2f2ad0e30cb,Bolt,92eebb84-cc1a-417c-8e25-e34060ded0e4,scooter,No-parking zone,Resolved,,2026-09-14T16:00:21Z,2026-09-14T18:30:21Z,POINT (-9.17113 38.70867)
1d1c0651-f114-4620-97cf-affcd2319244,Dott,21381d0d-9361-44cd-a319-5b0fef20bbe5,bicycle,Outside parking zone,Resolved,,2026-09-14T16:09:33Z,2026-09-14T17:45:33Z,POINT (-9.09055 38.76503)
9e249851-fed1-4a1b-b34e-cf224efc66f1,Bolt,fa5ea5cc-703b-448d-829e-19604c4666f7,scooter,Fallen vehicle,Resolved,,2026-09-14T17:43:56Z,2026-09-14T18:11:56Z,POINT (-9.14373 38.72411)
57f1e705-724e-49a8-b66e-dc9cfe5cd3a0,Dott,7a5a62cb-f951-44d8-801b-262087fd3a00,scooter,Sidewalk parking,Resolved,,2026-09-14T18:09:39Z,2026-09-14T19:22:39Z,POINT (-9.14573 38.73952)
3755ab88-f228-4196-91fc-1cecf1243aa2,Lime,3e98a5d8-ab8c-4da5-a839-1e43dd3f1182,bicycle,Blocking access,Resolved,,2026-09-14T19:08:48Z,2026-09-14T20:02:48Z,POINT (-9.12513 38.71150)
90d28c35-8aa5-4811-b6aa-5046255b002c,Bolt,f245afd0-9a63-4ccf-aab8-a73e135b5fb7,scooter,No-parking zone,Fined,100,2026-09-14T19:15:32Z,2026-09-14T21:26:32Z,POINT (-9.13966 38.73335)
37910663-470f-4cdd-8343-5f1073c86ada,Bolt,c92a1c96-6478-4985-816b-3055e5d95ab4,scooter,Sidewalk parking,Resolved,,2026-09-14T19:57:06Z,2026-09-14T22:13:06Z,POINT (-9.20386 38.70413)
5fd958d1-3558-4204-bb4a-7270e578f040,Lime,aecbc50f-78be-4f8b-b759-1d225f0da23a,scooter,Blocking access,Resolved,,2026-09-14T20:27:32Z,2026-09-14T20:48:32Z,POINT (-9.18109 38.70177)
1fbc53fa-3437-4600-98f2-8f2312b2a748,Lime,48c7875a-8170-4452-9688-4003d2d4f8ea,scooter,Sidewalk parking,Fined,75,2026-09-14T23:25:48Z,2026-09-15T01:49:48Z,POINT (-9.15612 38.71106)
eac05241-28a0-4768-88a3-20e0b240e4e0,Voi,7dbb5001-6391-4bac-b726-655b9224415c,scooter,Outside parking zone,Resolved,,2026-09-14T23:47:56Z,2026-09-15T00:50:56Z,POINT (-9.15271 38.71795)
5cebf377-5b8c-483d-8644-98fa5149788f,Bolt,79d6f3f6-d934-46dc-8a72-20cfb2c0e511,scooter,Fallen vehicle,Resolved,,2026-09-14T23:56:29Z,2026-09-15T00:19:29Z,POINT (-9.16247 38.76259)
47534d99-9f0c-4769-b933-d0801ca8416c,Bolt,63224ca0-a983-496c-8494-e510a97c7fed,scooter,Outside parking zone,Resolved,,2026-09-15T00:06:09Z,2026-09-15T00:28:09Z,POINT (-9.14454 38.70614)
23f9e0a9-7ed7-4398-8225-27d324ddee68,Dott,003cf1df-d549-4570-9574-003641dc2133,scooter,Sidewalk parking,Fined,75,2026-09-15T00:13:31Z,2026-09-15T05:16:31Z,POINT (-9.14488 38.71226)
ccd735d4-d00b-4847-af8e-255e4d307ee8,Lime,6e12a984-5c48-429a-9105-c5f50bbc0dec,bicycle,Outside parking zone,Fined,50,2026-09-15T00:33:38Z,2026-09-15T05:50:38Z,POINT (-9.14316 38.74162)
a05ad4d5-ba31-45a3-86cc-53294108d83e,Dott,7a653381-f878-47d8-9b67-bc36e8d0610c,scooter,Outside parking zone,Resolved,,2026-09-15T00:42:14Z,2026-09-15T02:22:14Z,POINT (-9.14358 38.70918)
6f8c3ddd-72f9-4818-8e04-3a6d2baa9233,Lime,e9d401b6-7d2e-459b-b81d-548cee72ef0a,bicycle,Fallen vehicle,Open,,2026-09-15T01:00:17Z,,POINT (-9.14297 38.70918)
0db95978-7480-4a3d-af31-5d414a40da24,Dott,1a997dc1-8f97-4311-b09f-b9e2c05491be,bicycle,Fallen vehicle,Fined,50,2026-09-15T01:01:36Z,2026-09-15T02:00:36Z,POINT (-9.20471 38.69852)
62f4176d-0b8a-4b81-a4d3-31c93ad90a2a,Voi,15ad4876-8763-4430-860f-36447fe58e69,scooter,Fallen vehicle,Resolved,,2026-09-15T01:15:29Z,2026-09-15T01:40:29Z,POINT (-9.14982 38.70549)
9b0005da-f8b2-46d4-b700-2dca1ea32865,Bolt,f9402d97-ef22-4a4e-a2a9-72be35bf051a,scooter,Outside parking zone,Open,,2026-09-15T02:31:56Z,,POINT (-9.15073 38.71234)
3e6c09e3-6d4d-417c-9834-6f8ac914da2e,Dott,b2f1d9db-2f34-487b-9208-4dbb67281bb5,scooter,Outside parking zone,Resolved,,2026-09-15T03:52:50Z,2026-09-15T04:12:50Z,POINT (-9.14835 38.73723)
eeb80e28-e7a9-41e5-aa73-dc144be69ba5,Dott,21381d0d-9361-44cd-a319-5b0fef20bbe5,bicycle,Sidewalk parking,Fined,75,2026-09-15T06:24:39Z,2026-09-15T07:48:39Z,POINT (-9.13880 38.71288)
3ab75123-60be-445d-a45d-5df47a2b6ddb,Dott,7445e5f0-6676-47e9-a611-b6be3c9d77ba,scooter,Outside parking zone,Resolved,,2026-09-15T09:42:37Z,2026-09-15T10:31:37Z,POINT (-9.15692 38.72007)
9413db49-c821-414d-aae3-fd4272cc19f8,Dott,9039b651-6066-4727-837f-f9e9050f3d2f,bicycle,No-parking zone,Open,,2026-09-15T10:17:58Z,,POINT (-9.12988 38.71246)
cf6efa77-6589-4658-88a0-5ec84ddbd900,Dott,638f49cf-5ce6-4541-a7c4-bc5cb506ffe2,bicycle,Sidewalk parking,Resolved,,2026-09-15T10:18:39Z,2026-09-15T11:31:39Z,POINT (-9.12420 38.71341)
a3e4f3fc-0f6b-476e-bc21-cd7124efcbbd,Dott,e20fd009-b485-4f89-a3df-3e8e3d37878b,bicycle,No-parking zone,Resolved,,2026-09-15T10:31:19Z,2026-09-15T10:50:19Z,POINT (-9.17909 38.70164)
93196dd1-b8f0-4a52-9534-f6c2d43729bb,Dott,7ece2cb7-6079-40f4-b31b-ea5b045df80e,bicycle,Sidewalk parking,Resolved,,2026-09-15T10:37:56Z,2026-09-15T11:32:56Z,POINT (-9.12542 38.71763)
e3c9fcac-9ba3-4cd6-8415-724d2c7b4e7e,Dott,b5db7303-c55e-4bd1-addf-addb755e28f3,scooter,No-parking zone,Fined,100,2026-09-15T12:04:38Z,2026-09-15T13:26:38Z,POINT (-9.12164 38.71587)
f033dac0-37c2-49dd-bd54-83fde5747be2,Gira,ba9b6485-b44a-48d1-a9a3-a6e0cfb5bf3c,bicycle,Sidewalk parking,Fined,75,2026-09-15T12:22:30Z,2026-09-15T17:56:30Z,POINT (-9.17502 38.70202)
5d5373ff-1ad2-44f6-a391-0730058797f1,Voi,bd18cf69-a632-4529-80a8-40bf17fedf2a,scooter,Blocking access,Fined,150,2026-09-15T12:39:55Z,2026-09-15T13:10:55Z,POINT (-9.14089 38.73565)
0d317b25-8b7e-410e-84ac-5d1798329970,Bolt,a17d395c-a3a7-4a21-842b-67696930191a,scooter,Blocking access,Fined,150,2026-09-15T12:47:24Z,2026-09-15T13:40:24Z,POINT (-9.14124 38.74042)
6c5a8d80-3f47-428c-b321-a367cba7937e,Lime,775282e5-1545-4f79-a189-0a9f9c85046a,scooter,No-parking zone,Resolved,,2026-09-15T13:05:20Z,2026-09-15T14:59:20Z,POINT (-9.14566 38.71261)
7dd0a978-09de-4b3e-9f68-80d5a7a2de43,Lime,e492336a-6569-4c72-8711-6caa9f8003e6,bicycle,Sidewalk parking,Resolved,,2026-09-15T13:15:29Z,2026-09-15T13:59:29Z,POINT (-9.14161 38.70673)
cab35808-b8ad-46a8-9b90-e4d208bb4329,Dott,91c71422-c929-4b4c-b646-e04b8b102d95,bicycle,Blocking access,Fined,150,2026-09-15T13:27:02Z,2026-09-15T15:21:02Z,POINT (-9.20426 38.69881)
7bfe9640-56d8-4a01-9c52-56e026ab4164,Dott,fd8ee806-1c56-4a6d-9987-a8249dd2eaee,scooter,Outside parking zone,Resolved,,2026-09-15T13:37:39Z,2026-09-15T16:35:39Z,POINT (-9.21117 38.70025)
54f06500-af0d-41cb-b4dd-a0a67f1aafae,Lime,36b2ff62-c93c-415d-ab77-10777fd2acd1,bicycle,Sidewalk parking,Resolved,,2026-09-15T14:04:16Z,2026-09-15T16:55:16Z,POINT (-9.18388 38.70531)
2f742e7c-f9eb-499e-989e-b349987cde5d,Bolt,b0c8d5de-2f85-4430-a4b3-932311251753,scooter,Sidewalk parking,Fined,75,2026-09-15T14:11:27Z,2026-09-15T16:30:27Z,POINT (-9.20509 38.70213)
b4e9d41f-2403-4e4f-82dd-db2b23d6fd01,Voi,976d53f5-0aca-40ae-bf69-b3076feb33a4,scooter,Fallen vehicle,Fined,50,2026-09-15T14:15:18Z,2026-09-15T14:56:18Z,POINT (-9.13187 38.71561)
7293a5ec-f9a1-418b-925f-d7b0aab5b089,Bolt,44d8c4f1-7cef-432c-8977-64aab56212da,scooter,Outside parking zone,Resolved,,2026-09-15T14:37:20Z,2026-09-15T15:53:20Z,POINT (-9.15153 38.72597)
5a01ed2b-7780-49e2-9973-da6ccf73394d,Dott,f3038bd4-0660-4a82-8413-d9f6861b7df6,bicycle,Fallen vehicle,Fined,50,2026-09-15T14:58:56Z,2026-09-15T15:20:56Z,POINT (-9.14623 38.71489)
b787c318-3972-4c9d-b0e4-1f5974ac44c0,Dott,b2f1d9db-2f34-487b-9208-4dbb67281bb5,scooter,Blocking access,Open,,2026-09-15T15:07:26Z,,POINT (-9.12982 38.71574)
7ced12d9-699c-4967-a7c0-55bd084bc6ab,Dott,3dbfb324-91c6-4294-8433-7dba4075267e,scooter,Sidewalk parking,Open,,2026-09-15T15:14:26Z,,POINT (-9.12717 38.71305)
ba91cc82-7896-4f46-8d8d-ffdd4511b2a5,Dott,7a653381-f878-47d8-9b67-bc36e8d0610c,scooter,Sidewalk parking,Resolved,,2026-09-15T15:32:17Z,2026-09-15T18:32:17Z,POINT (-9.12999 38.71523)
573a6578-2051-40e1-9630-fdc04ff43894,Lime,e55b17db-7832-46dd-b980-be4dcd5fd2b4,scooter,Blocking access,Resolved,,2026-09-15T16:21:01Z,2026-09-15T17:23:01Z,POINT (-9.12376 38.71542)
d887f9ae-d542-41cc-9d70-95fe2ae53245,Bolt,c999c62f-5c42-40b7-9d38-a46999d858f7,scooter,Sidewalk parking,Resolved,,2026-09-15T16:25:56Z,2026-09-15T17:22:56Z,POINT (-9.15608 38.71641)
a2427043-4904-4087-8591-5bf220dd76c5,Dott,33e6f7c2-076a-42a0-8217-7e80d170884c,bicycle,No-parking zone,Resolved,,2026-09-15T16:53:02Z,2026-09-15T18:27:02Z,POINT (-9.14384 38.72023)
f80235f5-d53e-40ba-948c-b9339802582a,Dott,ca417849-db72-40d7-a6a4-42200aa8e720,scooter,Fallen vehicle,Resolved,,2026-09-15T17:04:29Z,2026-09-15T18:11:29Z,POINT (-9.15445 38.77267)
6aa0cdfb-b05e-41ab-a82f-bca18d90c0a5,Lime,0642e91e-8c71-44d0-a695-41cc1c3602bf,scooter,Outside parking zone,Open,,2026-09-15T17:32:08Z,,POINT (-9.09133 38.76771)
fe8a46e7-bc22-47fd-8a6c-bacb18e4c957,Bolt,18446068-94ec-440f-bbd6-afbf135b5c1b,scooter,Blocking access,Open,,2026-09-15T18:14:56Z,,POINT (-9.12050 38.71446)
77adc610-d6ca-4b46-81c9-64612be85a22,Bolt,4c730785-2183-4291-b078-5e2b7fe91018,scooter,Blocking access,Resolved,,2026-09-15T18:23:59Z,2026-09-15T19:25:59Z,POINT (-9.14363 38.72141)
c3a635f7-d5ac-43fc-be99-c27a86fc0cf3,Gira,7e857511-173d-47c0-924b-843eb37f1747,bicycle,Blocking access,Resolved,,2026-09-15T18:26:29Z,2026-09-15T20:11:29Z,POINT (-9.15041 38.73257)
f0367b9d-7252-4cb0-a590-0646f498322f,Voi,4b09abca-6335-4c15-964d-e9121b107017,scooter,Sidewalk parking,Resolved,,2026-09-15T19:11:03Z,2026-09-15T20:07:03Z,POINT (-9.14314 38.75202)
aa7c09ac-15d9-43fc-b506-6484314bdec2,Dott,8a22e49d-a087-49c9-9445-537672ec7619,bicycle,Sidewalk parking,Resolved,,2026-09-15T19:22:51Z,2026-09-15T20:15:51Z,POINT (-9.14805 38.72404)
80c517be-1f98-4743-887e-8c418564f17b,Bolt,18446068-94ec-440f-bbd6-afbf135b5c1b,scooter,Outside parking zone,Resolved,,2026-09-15T19:47:55Z,2026-09-15T21:06:55Z,POINT (-9.15501 38.76387)
cd51ff58-71c7-4bfb-af4c-3606be055686,Bolt,6cb361f1-fab7-43da-a851-7a6a759fcb0b,scooter,Sidewalk parking,Open,,2026-09-15T20:44:10Z,,POINT (-9.14665 38.72970)
4112de74-a89d-4279-bf84-b9072aef860e,Dott,ebf29ade-0d0b-410e-ad9c-178fd6342ae7,scooter,Sidewalk parking,Resolved,,2026-09-15T21:42:19Z,2026-09-16T00:40:19Z,POINT (-9.20035 38.69674)
010b5ecd-4665-4524-9187-7cb66f7b0be3,Lime,c7beb112-5bfa-4f5c-bab4-6137cca8f52a,bicycle,Sidewalk parking,Resolved,,2026-09-15T21:58:21Z,2026-09-15T23:45:21Z,POINT (-9.14693 38.71042)
cfeb0e54-861d-45c0-88d7-5bd9f2a88419,Bolt,855bed57-f2f1-4ed8-8234-2561905866fc,scooter,Outside parking zone,Resolved,,2026-09-15T22:01:30Z,2026-09-16T08:26:30Z,POINT (-9.14611 38.70851)
fcc576c0-d667-4c4f-b7ec-ac761126d344,Bolt,90b00829-bea6-4447-ad96-05c4e2676ad6,scooter,Fallen vehicle,Resolved,,2026-09-15T22:04:18Z,2026-09-15T22:32:18Z,POINT (-9.10143 38.76580)
deb5379e-7a1a-4496-ba87-fc1e81fc8eaa,Voi,ad92b7c4-cb38-4292-b45f-eede5f25c0c4,scooter,Fallen vehicle,Open,,2026-09-15T22:33:51Z,,POINT (-9.09541 38.76819)
5289cfcc-de60-4ca1-8819-063eee85b588,Bolt,bb077633-73d7-4d11-a1ed-7e3acd4593b2,scooter,No-parking zone,Resolved,,2026-09-16T00:30:38Z,2026-09-16T01:05:38Z,POINT (-9.13541 38.71555)
a31b1601-ab85-4a07-a765-5017bda55cd3,Bolt,b0e370d4-0d4c-4bb1-aa52-7b1fed0c499c,scooter,Sidewalk parking,Fined,75,2026-09-16T00:45:44Z,2026-09-16T02:40:44Z,POINT (-9.14672 38.70516)
5651c7b6-7d37-4307-82c9-4dc24aa2e8c7,Lime,48c7875a-8170-4452-9688-4003d2d4f8ea,scooter,Outside parking zone,Resolved,,2026-09-16T00:47:31Z,2026-09-16T01:53:31Z,POINT (-9.14904 38.70670)
cf173487-fa8b-4238-87f5-9c67a504f3f7,Voi,976d53f5-0aca-40ae-bf69-b3076feb33a4,scooter,Fallen vehicle,Resolved,,2026-09-16T01:42:47Z,2026-09-16T02:13:47Z,POINT (-9.10326 38.77525)
4186e07d-ff1a-4e35-87b8-4c195db0a749,Lime,a622facf-984c-41da-a5eb-60ecfb503550,scooter,Sidewalk parking,Resolved,,2026-09-16T04:55:37Z,2026-09-16T07:56:37Z,POINT (-9.14084 38.74102)
1cbf1e82-221d-4628-870a-3c45e6f0d69e,Bolt,12faf527-4504-44b1-8ce8-3ac07b066deb,scooter,Outside parking zone,Resolved,,2026-09-16T07:20:02Z,2026-09-16T08:42:02Z,POINT (-9.09753 38.77184)
352104a1-86c3-4030-94c8-5f585743066b,Dott,e6e7681b-7508-4685-a55d-55c23e850d2e,bicycle,Outside parking zone,Resolved,,2026-09-16T08:33:15Z,2026-09-16T10:48:15Z,POINT (-9.13865 38.75061)
eca2aa4d-0147-4615-adb3-9ed4b66dff73,Lime,c464edf4-bfc6-4238-83b8-2395cfe9b9d6,bicycle,Outside parking zone,Open,,2026-09-16T08:52:32Z,,POINT (-9.14546 38.72859)
67aad3d2-7b30-4424-b44f-df33b47dbc1b,Lime,a7e5c98e-a5cf-4a38-87cc-5356e391cd51,bicycle,Outside parking zone,Fined,50,2026-09-16T08:52:44Z,2026-09-16T09:54:44Z,POINT (-9.13809 38.73857)
4cb654d5-8aa4-4988-a75b-b18ecc65e170,Dott,c09c9a54-6219-416c-85dc-b163559d6702,bicycle,Outside parking zone,Resolved,,2026-09-16T09:32:47Z,2026-09-16T10:00:47Z,POINT (-9.10968 38.76792)
d05c3a3f-04ce-4e52-8ff4-c050f7363750,Bolt,9b5eaef2-4593-4c16-948a-1040ade2ae96,scooter,Outside parking zone,Resolved,,2026-09-16T09:43:23Z,2026-09-16T13:11:23Z,POINT (-9.14079 38.74207)
379b3f5c-ad27-4383-98a7-7ed9452980ec,Dott,a9f55de9-e097-4d26-8171-ee94fced8b27,scooter,Outside parking zone,Fined,50,2026-09-16T09:59:02Z,2026-09-16T11:08:02Z,POINT (-9.14610 38.72246)
2b187d80-7936-472c-a678-648d955a7998,Lime,b4a6e508-6c93-47ae-9bf8-efa7f9b0cfac,scooter,Outside parking zone,Resolved,,2026-09-16T10:04:46Z,2026-09-16T11:58:46Z,POINT (-9.13965 38.72890)
f83976e7-9b5c-452d-8f83-b44a04917db1,Bolt,dc2f3b0f-669c-4ebf-9665-27fcefbb41a8,scooter,Fallen vehicle,Open,,2026-09-16T10:27:38Z,,POINT (-9.11211 38.73812)
3715091e-3a05-4baa-827f-efa9f451b51b,Bolt,3833e49c-787d-4c09-be52-a47af5d53dfb,scooter,Sidewalk parking,Resolved,,2026-09-16T10:48:10Z,2026-09-16T12:12:10Z,POINT (-9.20241 38.69787)
2921fc48-ec21-45b2-8529-79095ed86da0,Dott,6d4c2eeb-6344-47c5-b503-3ba86078d64c,scooter,Sidewalk parking,Resolved,,2026-09-16T10:55:33Z,2026-09-16T11:29:33Z,POINT (-9.13050 38.71504)
5955a9c6-ecbd-4884-bc1a-e826a7796b00,Voi,61185fe0-1e4d-48b8-a5ab-d332d52f53a2,scooter,Outside parking zone,Resolved,,2026-09-16T11:10:30Z,2026-09-16T12:17:30Z,POINT (-9.17481 38.70180)
49af6ce4-7420-4545-bd26-295223436ab8,Lime,b04846a6-34b1-465b-98c3-d05f3dd6ec13,scooter,Fallen vehicle,Open,,2026-09-16T11:59:37Z,,POINT (-9.17736 38.70445)
14b56e43-7113-47b2-b7b1-bce78910669b,Lime,8456a2c0-e666-4fc6-9135-7617adebcf6a,bicycle,Outside parking zone,Resolved,,2026-09-16T12:25:54Z,2026-09-16T16:08:54Z,POINT (-9.12558 38.71333)
3f3feaeb-a8db-46ac-865d-bb5f69196da1,Dott,034de5a9-4154-4774-b2ac-bbc3e955e2aa,bicycle,Sidewalk parking,Fined,75,2026-09-16T13:03:48Z,2026-09-16T15:14:48Z,POINT (-9.14979 38.73951)
0c1aafe2-1686-492a-b51b-fe95bd4e4682,Bolt,b486ed5a-c947-46e3-a3e0-72a117e2f556,scooter,No-parking zone,Fined,100,2026-09-16T14:09:21Z,2026-09-16T15:54:21Z,POINT (-9.14106 38.71130)
35fd5301-9259-494d-afd9-5e2eb977f943,Bolt,dd46a98e-50e4-4b2d-b240-6aab2270b960,scooter,No-parking zone,Resolved,,2026-09-16T15:12:12Z,2026-09-16T15:38:12Z,POINT (-9.19328 38.69778)
b76850d5-461c-46d5-9184-68cd59efc466,Lime,0a86dee7-da23-451a-90b8-42d85fb59057,bicycle,Outside parking zone,Fined,50,2026-09-16T15:29:53Z,2026-09-16T18:26:53Z,POINT (-9.12960 38.71313)
824acb9e-fcac-4ed7-bd6c-5f097942a92f,Voi,ee1ca2cb-3fd3-448f-a1dc-f958a0b12a49,scooter,Sidewalk parking,Resolved,,2026-09-16T15:31:06Z,2026-09-16T18:29:06Z,POINT (-9.14032 38.73901)
4aaaad7d-5f14-4cbf-8e37-30de46f25d0a,Dott,e6e7681b-7508-4685-a55d-55c23e850d2e,bicycle,Outside parking zone,Fined,50,2026-09-16T15:51:05Z,2026-09-16T17:21:05Z,POINT (-9.13149 38.71600)
20d4c682-ee1c-466e-933d-5a09c2eee900,Lime,86907ae7-0a0a-453e-baa6-6b0fc301fcce,bicycle,Sidewalk parking,Fined,75,2026-09-16T15:55:21Z,2026-09-16T17:10:21Z,POINT (-9.13793 38.74671)
03c04481-b309-4803-b82c-ad04ae9f8b3b,Voi,96bb6967-19b5-403e-a4f5-24fad6e269fa,scooter,No-parking zone,Fined,100,2026-09-16T18:04:10Z,2026-09-16T19:13:10Z,POINT (-9.14597 38.71090)
633cb69a-9f78-4f4b-923b-ac35bbc37852,Dott,c09c9a54-6219-416c-85dc-b163559d6702,bicycle,Outside parking zone,Resolved,,2026-09-16T20:17:50Z,2026-09-16T23:33:50Z,POINT (-9.13298 38.71348)
9fe34f1a-4e4d-4d03-8023-c956f0fed628,Bolt,a9aaa9fa-5059-4e41-acac-a34df6920af5,scooter,Sidewalk parking,Open,,2026-09-16T21:06:57Z,,POINT (-9.14353 38.75104)
8cbc3a23-eab3-486f-b835-06d3a7fc6169,Lime,c464edf4-bfc6-4238-83b8-2395cfe9b9d6,bicycle,Outside parking zone,Resolved,,2026-09-16T21:16:11Z,2026-09-17T00:00:11Z,POINT (-9.14648 38.71412)
350d5e78-efe9-48bd-bd66-867f37119d3c,Bolt,63224ca0-a983-496c-8494-e510a97c7fed,scooter,Blocking access,Open,,2026-09-16T21:29:56Z,,POINT (-9.14977 38.73437)
03b5e85d-80e7-433e-8635-d777cdebaf7e,Dott,e2f386a4-a401-47ee-b5c7-196e2ab008f9,bicycle,Blocking access,Fined,150,2026-09-16T22:42:27Z,2026-09-16T23:42:27Z,POINT (-9.09758 38.75735)
7042ae6f-1b06-4b81-865e-088b7211cbb3,Dott,ca417849-db72-40d7-a6a4-42200aa8e720,scooter,Outside parking zone,Resolved,,2026-09-16T23:58:28Z,2026-09-17T01:42:28Z,POINT (-9.17734 38.70098)
b72063c5-7114-4254-bdf7-cd25d3da932b,Bolt,12faf527-4504-44b1-8ce8-3ac07b066deb,scooter,Blocking access,Fined,150,2026-09-17T00:26:32Z,2026-09-17T02:46:32Z,POINT (-9.14489 38.70977)
1c5c2d15-d9ca-404f-992b-8a542719bf1f,Voi,ad7035ae-3c5b-4bcf-bf4f-a07785177a9b,scooter,Outside parking zone,Fined,50,2026-09-17T01:15:45Z,2026-09-17T02:42:45Z,POINT (-9.14576 38.70778)
8d4a84b3-a36e-4b61-9c48-16e14fc51a10,Bolt,b0e370d4-0d4c-4bb1-aa52-7b1fed0c499c,scooter,No-parking zone,Open,,2026-09-17T07:52:45Z,,POINT (-9.13839 38.74700)
471544e7-e4ef-4778-97f3-8fb2f3da4407,Dott,27c2ded7-9f66-4557-a9b2-86d9d9ed6c7b,bicycle,No-parking zone,Fined,100,2026-09-17T08:26:59Z,2026-09-17T13:30:59Z,POINT (-9.17509 38.70780)
41a4a3f8-0608-489f-bbf1-243604f548e0,Dott,4be88a40-5994-4df4-a25c-c05ac75d3ffa,scooter,Outside parking zone,Fined,50,2026-09-17T09:09:56Z,2026-09-17T13:06:56Z,POINT (-9.14299 38.74077)
e3641977-7837-4f20-82c0-d8129a350d2c,Bolt,75b6a7f4-2fd7-4d52-a1d0-a14daa582a89,scooter,Blocking access,Resolved,,2026-09-17T09:19:10Z,2026-09-17T10:55:10Z,POINT (-9.10143 38.75915)
07dd2e3b-7368-446d-8cc2-1fe2f17f9c86,Lime,3343cc05-54bc-422a-a457-5525fc4399f5,bicycle,Sidewalk parking,Open,,2026-09-17T09:22:49Z,,POINT (-9.14312 38.72547)
f688b627-cd57-4926-b4e4-ef1e1a2af1e5,Lime,ea886f8f-381a-4124-b25f-606055cfd3f8,scooter,Sidewalk parking,Fined,75,2026-09-17T10:17:04Z,2026-09-17T10:43:04Z,POINT (-9.10411 38.75946)
a1127ce0-a5ad-435c-a9ae-78cb1a60d8f7,Lime,850505e0-50a8-4b3e-94a3-4538d5d7c75f,scooter,Outside parking zone,Fined,50,2026-09-17T10:49:00Z,2026-09-17T11:32:00Z,POINT (-9.13142 38.73895)
f5124ca5-3583-4e9c-a063-bbb3a92afcd7,Dott,3fba3f16-4ac5-49eb-84da-ec56c9bf9f05,scooter,No-parking zone,Fined,100,2026-09-17T11:35:38Z,2026-09-17T12:40:38Z,POINT (-9.13214 38.71764)
25e64e95-aadc-4f20-9f2e-31823c99d61e,Bolt,f6fe45fd-0ad7-431f-bff7-475598354581,scooter,Outside parking zone,Fined,50,2026-09-17T12:24:38Z,2026-09-17T13:56:38Z,POINT (-9.12867 38.70975)
ac6291b5-77ea-4b84-bfa6-c4ffb9ea728f,Dott,6d4c2eeb-6344-47c5-b503-3ba86078d64c,scooter,Sidewalk parking,Open,,2026-09-17T12:24:48Z,,POINT (-9.12624 38.71314)
d6b4c218-faf6-460e-8a0c-f323dbc7a539,Lime,321dcab6-370b-457a-8b12-9d8e49be39cf,bicycle,Sidewalk parking,Resolved,,2026-09-17T12:31:51Z,2026-09-17T18:16:51Z,POINT (-9.14184 38.74105)
84697e6c-d12c-49a9-be1c-506b6ae78cb9,Voi,61185fe0-1e4d-48b8-a5ab-d332d52f53a2,scooter,Sidewalk parking,Resolved,,2026-09-17T12:56:01Z,2026-09-17T15:25:01Z,POINT (-9.12661 38.71869)
6b4dc977-b8e4-4531-9691-617a7957c00a,Bolt,c999c62f-5c42-40b7-9d38-a46999d858f7,scooter,Sidewalk parking,Fined,75,2026-09-17T13:15:23Z,2026-09-17T16:20:23Z,POINT (-9.16837 38.75621)
578ff903-8f0a-4d8b-a572-e2b691a1eced,Lime,6e12a984-5c48-429a-9105-c5f50bbc0dec,bicycle,Outside parking zone,Fined,50,2026-09-17T13:37:51Z,2026-09-17T14:28:51Z,POINT (-9.13805 38.73485)
3e3ac845-b684-4f42-ae90-457cafb80258,Bolt,822e8e99-d1c8-48f6-9352-eaef72e70813,scooter,Blocking access,Open,,2026-09-17T13:43:52Z,,POINT (-9.09570 38.76519)
aea6d47f-ad2b-415e-a8fa-85eb9e8d26c8,Lime,dd3b8a7c-d173-4bdf-b4c6-0087416549ac,bicycle,Sidewalk parking,Open,,2026-09-17T14:39:04Z,,POINT (-9.19612 38.69954)
27f8c277-036c-4c9c-9088-3ceb275f1d8f,Bolt,cc7a2057-a19f-4e43-82bb-cdac403c782f,scooter,No-parking zone,Fined,100,2026-09-17T14:57:27Z,2026-09-17T15:29:27Z,POINT (-9.17693 38.70797)
bbd88783-148b-48f4-98bd-55ac5fe526f1,Bolt,b710806b-0080-4b27-98d2-f97de13c18f9,scooter,Outside parking zone,Resolved,,2026-09-17T15:28:49Z,2026-09-17T16:51:49Z,POINT (-9.13395 38.74082)
fe0be13d-3c24-4203-be54-1227ccbcdfb7,Lime,d2b3cdbe-5a12-4f5d-8ae4-68e06da2b97b,bicycle,Sidewalk parking,Resolved,,2026-09-17T15:53:54Z,2026-09-17T19:08:54Z,POINT (-9.14670 38.73739)
37797216-ea92-499f-83fc-6de62b19ac73,Bolt,39960fa4-33f5-4a9c-bda2-07f786358fa3,scooter,Outside parking zone,Fined,50,2026-09-17T16:14:37Z,2026-09-17T19:10:37Z,POINT (-9.14661 38.71112)
a5733f4f-8430-4a97-b5ec-df3a3aa17b49,Lime,03919a48-7615-4861-81c5-7011dec8c20f,scooter,No-parking zone,Open,,2026-09-17T16:22:07Z,,POINT (-9.17386 38.70238)
f6ce0c6f-7a51-4a20-a955-5497c6bc8735,Lime,b53ea916-632f-4c84-8334-772a5b0ec48b,bicycle,Sidewalk parking,Fined,75,2026-09-17T16:24:06Z,2026-09-17T17:58:06Z,POINT (-9.15414 38.72183)
c1d3a4dd-ce66-452d-b12d-04ea6967f379,Bolt,02511cc7-717e-4af7-b075-595696806c74,scooter,Outside parking zone,Fined,50,2026-09-17T16:25:15Z,2026-09-17T18:14:15Z,POINT (-9.20330 38.69807)
4b4a5095-7ec2-4a35-a66d-fb0ee783cb42,Voi,96bb6967-19b5-403e-a4f5-24fad6e269fa,scooter,Outside parking zone,Open,,2026-09-17T16:28:32Z,,POINT (-9.13684 38.71629)
46b963e5-77de-4729-ad4a-50f3adeabcf0,Bolt,be234d5a-15d4-4578-9c01-3698cfcb4175,scooter,Outside parking zone,Open,,2026-09-17T16:52:10Z,,POINT (-9.14789 38.72258)
19c3c08d-da01-4904-ae31-facae3cc196e,Bolt,fc0ac66b-445a-43fa-9ab4-3f387def774a,scooter,Blocking access,Resolved,,2026-09-17T17:33:11Z,2026-09-17T22:30:11Z,POINT (-9.14761 38.72157)
04e2a55b-a436-4365-9707-a873e1e626d9,Dott,a6ca6885-5673-401c-af60-ee07b9904f3b,scooter,Blocking access,Fined,150,2026-09-17T18:42:38Z,2026-09-17T20:23:38Z,POINT (-9.14764 38.73655)
63b3c858-e86c-40e0-bda0-5018330b72e2,Voi,3a08457e-65e3-4dda-8ac4-5b4f51296b23,scooter,Sidewalk parking,Resolved,,2026-09-17T19:29:18Z,2026-09-18T00:57:18Z,POINT (-9.12289 38.71750)
ab53e6c7-53c5-4b30-ba7f-4cdf23781611,Lime,f619a308-40e8-4bf9-b97e-7a3ddba14dd8,bicycle,Outside parking zone,Resolved,,2026-09-17T21:35:29Z,2026-09-17T23:58:29Z,POINT (-9.13774 38.73362)
3bad7d09-e4d8-4394-b5f9-d3998371f2e0,Dott,3fba3f16-4ac5-49eb-84da-ec56c9bf9f05,scooter,Sidewalk parking,Fined,75,2026-09-17T21:35:50Z,2026-09-17T23:51:50Z,POINT (-9.13054 38.73879)
8edd260e-ca75-4de0-9dee-74d71bda41c2,Lime,9c2a2049-d60a-475d-ba07-a7e4ab347991,scooter,Outside parking zone,Resolved,,2026-09-17T21:39:33Z,2026-09-18T00:34:33Z,POINT (-9.16524 38.71213)
31642124-a690-448c-a516-f47df52b4be9,Bolt,e4ac6120-1ebb-41ec-972f-8199570c83e0,scooter,Fallen vehicle,Fined,50,2026-09-18T00:26:22Z,2026-09-18T02:43:22Z,POINT (-9.14399 38.74190)
a5582072-9bab-42ea-8125-a4c09ca06dc3,Bolt,355904ab-83ac-49b3-a4b6-a2c74cf8fc46,scooter,Sidewalk parking,Resolved,,2026-09-18T01:10:19Z,2026-09-18T04:03:19Z,POINT (-9.14524 38.74240)
95102b60-b217-463b-94ae-5478943116fd,Dott,361564bd-e51a-4100-9213-3572f83292f5,bicycle,Fallen vehicle,Open,,2026-09-18T02:07:23Z,,POINT (-9.14355 38.71041)
f1be88ae-1db2-4170-8c02-44d202096e2f,Dott,37c93767-edf4-4807-9c5b-0e4ff0464f70,bicycle,Fallen vehicle,Resolved,,2026-09-18T02:29:09Z,2026-09-18T04:00:09Z,POINT (-9.14113 38.70750)
2baebd3c-8778-4b64-acb3-2bc697d5ab2d,Bolt,04f1fa1e-7156-4928-931d-8c20d8c5322e,scooter,Sidewalk parking,Resolved,,2026-09-18T06:23:47Z,2026-09-18T07:08:47Z,POINT (-9.14646 38.71114)
1a0210b9-75b7-4b69-9990-fb263da5f830,Bolt,0dfe0da6-9f5d-416e-baa6-aad2832f2b01,scooter,Outside parking zone,Open,,2026-09-18T06:26:58Z,,POINT (-9.14541 38.73208)
4bd5cdd7-c267-4f3f-9727-b17e96744fa4,Lime,e0a204aa-b833-4c75-89f0-96cdd0d821b3,bicycle,Outside parking zone,Open,,2026-09-18T08:18:36Z,,POINT (-9.15245 38.73213)
f5dbf235-85de-41aa-8d24-731bff9e3be4,Lime,a7e5c98e-a5cf-4a38-87cc-5356e391cd51,bicycle,Outside parking zone,Resolved,,2026-09-18T08:23:36Z,2026-09-18T09:52:36Z,POINT (-9.15901 38.77306)
09eab0c8-542a-41bd-b903-16a6824a0752,Dott,7d0d698f-6d06-4ea5-96ee-514021bfa829,scooter,Blocking access,Resolved,,2026-09-18T08:28:19Z,2026-09-18T10:52:19Z,POINT (-9.13596 38.71620)
318dcb29-3cb8-43c0-889a-86628e3ad200,Bolt,822e8e99-d1c8-48f6-9352-eaef72e70813,scooter,Fallen vehicle,Resolved,,2026-09-18T09:06:37Z,2026-09-18T10:12:37Z,POINT (-9.14261 38.70957)
4b6c7344-0d76-45e2-8818-b79e4687c74c,Lime,36b2ff62-c93c-415d-ab77-10777fd2acd1,bicycle,Sidewalk parking,Fined,75,2026-09-18T09:22:29Z,2026-09-18T12:07:29Z,POINT (-9.15192 38.73684)
8f7c33df-1d74-47d1-8f30-105a1996e515,Bolt,a7716886-075f-4822-b757-7f9d3627e28d,scooter,Sidewalk parking,Resolved,,2026-09-18T09:35:08Z,2026-09-18T10:05:08Z,POINT (-9.14376 38.74030)
84ff55c6-e9de-47ef-987e-425772c51751,Lime,f513e61a-b1f3-4a3d-93a7-ee4558dd0cc9,bicycle,Outside parking zone,Resolved,,2026-09-18T10:02:02Z,2026-09-18T12:34:02Z,POINT (-9.18144 38.70389)
a25377a3-8e15-447b-8aec-b048d095a5da,Bolt,b7570a21-38ba-43f6-b2f4-dda5da9d1d1a,scooter,No-parking zone,Resolved,,2026-09-18T11:28:30Z,2026-09-18T13:12:30Z,POINT (-9.15803 38.73709)
e4e3b501-de02-46ec-b426-aa5244a77777,Dott,1a997dc1-8f97-4311-b09f-b9e2c05491be,bicycle,No-parking zone,Resolved,,2026-09-18T11:45:45Z,2026-09-18T14:02:45Z,POINT (-9.14609 38.74172)
b16eee00-8dc0-40da-922a-4ea18cadf7a7,Voi,cc4be73f-0e1c-4923-93a6-bcc656439d19,scooter,Sidewalk parking,Resolved,,2026-09-18T12:27:58Z,2026-09-18T15:01:58Z,POINT (-9.15391 38.75132)
b8b6481f-f15c-4ef1-868f-7bcfedae8625,Voi,bd18cf69-a632-4529-80a8-40bf17fedf2a,scooter,Blocking access,Resolved,,2026-09-18T12:30:27Z,2026-09-18T13:20:27Z,POINT (-9.13475 38.71959)
b19af448-2fd7-4d4f-bd85-3d6ff1d2986f,Dott,4e311b9b-4ff5-496b-946f-9ec4f5cfd84b,scooter,Sidewalk parking,Fined,75,2026-09-18T13:05:03Z,2026-09-18T15:14:03Z,POINT (-9.20460 38.70294)
7c696835-282c-4ac0-9322-74b9cde80316,Gira,5cb0a336-da9b-4926-a214-48b98e6b6c9f,bicycle,No-parking zone,Fined,100,2026-09-18T13:19:49Z,2026-09-18T15:17:49Z,POINT (-9.13215 38.71466)
ff841f0a-c5da-49ed-be54-f32a6048b35c,Bolt,b646d4c2-53b0-4d24-bc27-a4e73882aebe,scooter,No-parking zone,Fined,100,2026-09-18T13:29:13Z,2026-09-18T16:40:13Z,POINT (-9.14430 38.71539)
1a249e54-8b4b-48bb-844a-0c28f46bc1e3,Voi,61185fe0-1e4d-48b8-a5ab-d332d52f53a2,scooter,No-parking zone,Fined,100,2026-09-18T13:45:32Z,2026-09-18T14:31:32Z,POINT (-9.15605 38.71764)
9ee8d9b1-bf46-42c4-adc2-1cf85f7630f4,Lime,7062cb9e-5fbf-40b8-875a-ba30033d37e4,scooter,Blocking access,Fined,150,2026-09-18T14:16:56Z,2026-09-18T16:21:56Z,POINT (-9.13166 38.71926)
4cb740cb-875c-455f-a073-89692af944e8,Gira,5cb0a336-da9b-4926-a214-48b98e6b6c9f,bicycle,Sidewalk parking,Resolved,,2026-09-18T15:20:46Z,2026-09-18T16:07:46Z,POINT (-9.09806 38.76513)
e92fa579-7c17-4877-b1c4-a25fffe5a777,Dott,3dbfb324-91c6-4294-8433-7dba4075267e,scooter,Sidewalk parking,Fined,75,2026-09-18T15:21:02Z,2026-09-18T18:27:02Z,POINT (-9.13100 38.71550)
10224a47-00b6-4861-a423-20fd6dc54771,Dott,4744dc07-1773-4590-a8d2-33752cd6b6e4,scooter,Sidewalk parking,Resolved,,2026-09-18T15:31:34Z,2026-09-18T17:03:34Z,POINT (-9.14764 38.73313)
65339ccb-e48a-4661-8366-3c46d9fae86d,Lime,22c21901-7dd3-441c-8ab6-5655b2435e95,scooter,Outside parking zone,Open,,2026-09-18T16:02:36Z,,POINT (-9.13260 38.71201)
1095f8c9-a801-4b72-bce0-099b14f940e3,Dott,f52172e6-88d0-4dfb-8918-3accc7047627,bicycle,Outside parking zone,Resolved,,2026-09-18T16:16:51Z,2026-09-18T17:25:51Z,POINT (-9.14219 38.71593)
a32f60e0-fac0-4c71-bc12-79fb01a2d27a,Dott,800e8cf1-2a41-48cf-91a6-f1069b74a911,scooter,Sidewalk parking,Fined,75,2026-09-18T16:21:05Z,2026-09-18T22:48:05Z,POINT (-9.13058 38.71643)
2e531861-aa6d-4aa6-b7ba-dc07a2e244e2,Voi,0b6b7ab5-a037-4b2c-b7e2-a4ed556ffa40,scooter,Sidewalk parking,Open,,2026-09-18T16:36:01Z,,POINT (-9.14490 38.71393)
f529025e-a687-404a-94ac-37d31817e12d,Dott,7a653381-f878-47d8-9b67-bc36e8d0610c,scooter,Fallen vehicle,Fined,50,2026-09-18T16:52:43Z,2026-09-18T19:32:43Z,POINT (-9.15477 38.72700)
5e6d875f-b041-4396-9caa-75e2ec9b42a2,Bolt,b7570a21-38ba-43f6-b2f4-dda5da9d1d1a,scooter,Sidewalk parking,Open,,2026-09-18T17:07:07Z,,POINT (-9.13855 38.73312)
24e0c0fd-48f4-40d7-9be4-59e6a350a466,Lime,775282e5-1545-4f79-a189-0a9f9c85046a,scooter,Outside parking zone,Open,,2026-09-18T17:20:17Z,,POINT (-9.15078 38.72902)
5e91f450-b0dc-43ce-9dc2-02a96e8c5ccd,Dott,6d4c2eeb-6344-47c5-b503-3ba86078d64c,scooter,Sidewalk parking,Open,,2026-09-18T18:02:05Z,,POINT (-9.14866 38.72177)
a0be3269-d730-4b55-9d71-bc808165bef7,Dott,7a5a62cb-f951-44d8-801b-262087fd3a00,scooter,Blocking access,Resolved,,2026-09-18T18:10:33Z,2026-09-18T18:44:33Z,POINT (-9.14387 38.73851)
394bb1f3-e2ac-4c20-8cf7-0470d49b102b,Voi,885db577-04cb-491d-9d1f-64441dde467f,scooter,Sidewalk parking,Open,,2026-09-18T18:25:28Z,,POINT (-9.09690 38.76823)
991f0dda-b71f-4b97-955d-e44d20e5a563,Voi,9839fcf0-67f5-4bb5-a903-60f15770f804,scooter,Outside parking zone,Resolved,,2026-09-18T18:31:02Z,2026-09-19T00:05:02Z,POINT (-9.14928 38.74295)
5d95849d-2e04-4f90-852a-459305299c9c,Lime,e492336a-6569-4c72-8711-6caa9f8003e6,bicycle,Outside parking zone,Open,,2026-09-18T19:18:11Z,,POINT (-9.11922 38.71454)
ad772835-9274-4807-845a-fbe690e26129,Lime,cf67b2c9-006f-4bff-a4ac-8732aa49e976,scooter,Blocking access,Open,,2026-09-18T20:31:25Z,,POINT (-9.14109 38.70720)
34b279f3-deb9-4f2b-a441-04a667ecfccf,Voi,ad92b7c4-cb38-4292-b45f-eede5f25c0c4,scooter,Outside parking zone,Fined,50,2026-09-18T22:08:26Z,2026-09-19T01:00:26Z,POINT (-9.10182 38.74962)
c9f6e636-c9f0-48b7-980f-32a2aa52e3f5,Voi,18677b5b-da89-44dd-b813-e7d58a8e2671,scooter,Outside parking zone,Open,,2026-09-18T23:12:50Z,,POINT (-9.14407 38.71131)
21c3dd8a-0719-436d-b694-f7952d07b464,Bolt,b7570a21-38ba-43f6-b2f4-dda5da9d1d1a,scooter,Sidewalk parking,Resolved,,2026-09-18T23:31:38Z,2026-09-19T01:30:38Z,POINT (-9.12666 38.71859)
c49e29b7-52d4-4abc-8310-f13b19cf4d9d,Bolt,ae0be1e2-f46f-4895-9674-8a80386c54a9,scooter,Blocking access,Resolved,,2026-09-18T23:39:37Z,2026-09-19T01:36:37Z,POINT (-9.14586 38.75572)
705cac77-6a5a-4fcc-8e51-2e3ad6383a2d,Bolt,ac80ba37-93c5-423d-b4f2-3ea44dec70c4,scooter,Sidewalk parking,Open,,2026-09-19T00:04:48Z,,POINT (-9.12829 38.74490)
4a0eaf8b-f3aa-4a14-aff5-6a9b8af0bb97,Bolt,44d8c4f1-7cef-432c-8977-64aab56212da,scooter,Fallen vehicle,Resolved,,2026-09-19T00:08:57Z,2026-09-19T01:17:57Z,POINT (-9.17700 38.70316)
6c63ee03-4864-4839-b016-fac702bcb95d,Voi,ecf762c0-2f6a-440e-94ae-ff6776a3e6ab,scooter,Outside parking zone,Resolved,,2026-09-19T00:56:58Z,2026-09-19T01:19:58Z,POINT (-9.16736 38.75776)
a5696cd0-c5ba-4460-9073-3ce694a75922,Bolt,44c7084d-4933-4490-afe3-1350c0a0d959,scooter,Blocking access,Open,,2026-09-19T02:03:05Z,,POINT (-9.14399 38.70823)
22385f19-f2ec-476d-83b5-e4230b20c10c,Voi,0b6b7ab5-a037-4b2c-b7e2-a4ed556ffa40,scooter,Fallen vehicle,Open,,2026-09-19T08:18:09Z,,POINT (-9.17469 38.70293)
45de85a3-434d-440d-8e2a-a8b61cd9de5d,Lime,e9d401b6-7d2e-459b-b81d-548cee72ef0a,bicycle,Sidewalk parking,Open,,2026-09-19T08:29:58Z,,POINT (-9.13880 38.71140)
3307655f-e01b-4c4c-9490-8cbdd099cdaf,Bolt,d8e0d475-d178-48aa-99bb-1ee6195897b4,scooter,Outside parking zone,Resolved,,2026-09-19T08:34:21Z,2026-09-19T11:18:21Z,POINT (-9.14613 38.70536)
74c31642-c796-48b0-96a1-edc66dd650d7,Dott,1fc245f7-cf3e-482b-87a7-2ab3069bcaf6,scooter,Outside parking zone,Fined,50,2026-09-19T08:52:21Z,2026-09-19T11:47:21Z,POINT (-9.12687 38.71719)
45862380-9999-478c-a0c5-de7995140181,Bolt,ae0be1e2-f46f-4895-9674-8a80386c54a9,scooter,Blocking access,Open,,2026-09-19T09:43:49Z,,POINT (-9.14714 38.73551)
b3c935fc-b9df-4442-9e3c-38297b0e8764,Gira,57a7b0ef-6205-4a1a-a3fc-cf9cc0610817,bicycle,No-parking zone,Open,,2026-09-19T09:56:46Z,,POINT (-9.14302 38.75926)
666b39b6-50de-45d2-b3f2-6f6802f52417,Bolt,04f1fa1e-7156-4928-931d-8c20d8c5322e,scooter,Sidewalk parking,Open,,2026-09-19T10:38:46Z,,POINT (-9.14385 38.70575)
149d3f5d-c8e4-43dd-a455-799dabccb8bf,Dott,edcaee5d-e3cb-4bbc-a382-948e3d239b1b,bicycle,Sidewalk parking,Resolved,,2026-09-19T10:41:14Z,2026-09-19T13:32:14Z,POINT (-9.13883 38.71198)
130e049d-e659-4547-b933-9a52fb757c4b,Dott,62ed6833-1807-4d9d-89ce-8a420f2ff8f2,bicycle,Fallen vehicle,Fined,50,2026-09-19T11:06:26Z,2026-09-19T11:59:26Z,POINT (-9.14389 38.73034)
69968a8b-53d8-4cf4-9128-78447f92df7a,Dott,9f6119d8-cba3-4e6d-9916-b886e7ca2674,scooter,Outside parking zone,Resolved,,2026-09-19T11:26:52Z,2026-09-19T15:06:52Z,POINT (-9.15194 38.70750)
2e976ef0-7e6e-49e0-9976-ded0e6ae05bd,Lime,3e98a5d8-ab8c-4da5-a839-1e43dd3f1182,bicycle,Fallen vehicle,Resolved,,2026-09-19T12:01:40Z,2026-09-19T13:20:40Z,POINT (-9.14927 38.71278)
b1cb4fd7-adcc-4ea7-88d8-d25d24157949,Dott,e2f386a4-a401-47ee-b5c7-196e2ab008f9,bicycle,Sidewalk parking,Resolved,,2026-09-19T12:16:35Z,2026-09-19T14:06:35Z,POINT (-9.13956 38.70910)
923a0cf5-2c95-4585-ab5a-ed65be375c3f,Bolt,8beab7ce-2625-49b1-85c9-8425c302ff30,scooter,Blocking access,Resolved,,2026-09-19T12:25:55Z,2026-09-19T15:11:55Z,POINT (-9.14952 38.73241)
b4e51668-7afc-40f9-8abd-8c2b7360b21b,Lime,3de085de-6d81-45f7-ae9a-8f5d8d2136bd,bicycle,Outside parking zone,Open,,2026-09-19T12:42:10Z,,POINT (-9.21057 38.69914)
d44bd9af-fbad-445f-ae12-1475625d4410,Bolt,2ec8cb81-09e6-45d6-b4a1-728e1f6885f9,scooter,No-parking zone,Resolved,,2026-09-19T13:08:39Z,2026-09-19T20:37:39Z,POINT (-9.13681 38.72379)
ddeeef9b-24e5-4e45-b8cf-9b8f56831855,Dott,638f49cf-5ce6-4541-a7c4-bc5cb506ffe2,bicycle,No-parking zone,Open,,2026-09-19T14:12:58Z,,POINT (-9.16159 38.71129)
deb0adf7-f6d4-4362-bd06-c4b9722590a3,Voi,56fe8c0c-66e1-4926-9f98-240d88dffe1c,scooter,Blocking access,Resolved,,2026-09-19T14:39:07Z,2026-09-19T15:39:07Z,POINT (-9.16360 38.71840)
73deb76c-03c1-4ccb-a63e-926318176026,Dott,c293731b-bd63-4834-bea7-f47c972b935f,scooter,Outside parking zone,Fined,50,2026-09-19T14:54:15Z,2026-09-19T15:37:15Z,POINT (-9.17399 38.70123)
4d2607ee-e413-4c66-8e3a-f7d41f38160c,Dott,1ba682cf-266a-469c-93c9-fece39aa3eb9,bicycle,Outside parking zone,Resolved,,2026-09-19T15:06:14Z,2026-09-19T21:20:14Z,POINT (-9.18150 38.69946)
5e7dfd25-b765-4727-8ba0-16e0c1a0ec0b,Bolt,d8f678fc-d8c3-4bdb-8d4c-7d259770efe2,scooter,No-parking zone,Resolved,,2026-09-19T15:35:40Z,2026-09-19T16:46:40Z,POINT (-9.12761 38.71183)
6a08abe6-1cf4-412b-8e8c-bb7147bc0aa7,Voi,885db577-04cb-491d-9d1f-64441dde467f,scooter,No-parking zone,Fined,100,2026-09-19T15:50:54Z,2026-09-19T18:23:54Z,POINT (-9.13264 38.71370)
b39da448-f42e-44a4-b413-06e6280d4819,Bolt,f245afd0-9a63-4ccf-aab8-a73e135b5fb7,scooter,Sidewalk parking,Open,,2026-09-19T16:07:30Z,,POINT (-9.20598 38.69893)
fd5defaf-8d0f-47dc-9ff5-5bcd993010d1,Lime,a622facf-984c-41da-a5eb-60ecfb503550,scooter,Sidewalk parking,Open,,2026-09-19T16:13:26Z,,POINT (-9.14366 38.70744)
69f2c82b-80b1-40c1-b5f2-96da33bf0ee8,Lime,a112da0c-b094-4a5a-be01-f695793dd1b8,scooter,Outside parking zone,Resolved,,2026-09-19T16:18:23Z,2026-09-19T17:44:23Z,POINT (-9.10266 38.76225)
33985122-0472-4937-b3cb-a3c67d9821a6,Voi,885db577-04cb-491d-9d1f-64441dde467f,scooter,Sidewalk parking,Fined,75,2026-09-19T16:18:37Z,2026-09-19T17:19:37Z,POINT (-9.13813 38.71589)
602fdb26-b047-4009-b456-708daec87d7f,Lime,03919a48-7615-4861-81c5-7011dec8c20f,scooter,Fallen vehicle,Fined,50,2026-09-19T16:27:52Z,2026-09-19T17:07:52Z,POINT (-9.14180 38.74807)
2c189c9c-b98c-4c78-8478-fc10ad10bea1,Bolt,79d6f3f6-d934-46dc-8a72-20cfb2c0e511,scooter,Outside parking zone,Resolved,,2026-09-19T16:40:18Z,2026-09-19T19:57:18Z,POINT (-9.16406 38.71713)
88aceedf-7f65-4583-829e-e969a0746b75,Bolt,f6fe45fd-0ad7-431f-bff7-475598354581,scooter,Sidewalk parking,Resolved,,2026-09-19T17:12:34Z,2026-09-19T18:25:34Z,POINT (-9.09144 38.76444)
17256f41-a3d0-497a-b4bd-9f45dda0e630,Bolt,71b46293-9cd8-4771-af89-b4fae2a3afed,scooter,Blocking access,Resolved,,2026-09-19T17:12:35Z,2026-09-19T18:41:35Z,POINT (-9.17908 38.70379)
48a0c5d4-804d-4ba9-b993-ed17e4dddad6,Lime,d2b3cdbe-5a12-4f5d-8ae4-68e06da2b97b,bicycle,Sidewalk parking,Resolved,,2026-09-19T17:28:27Z,2026-09-19T18:12:27Z,POINT (-9.13740 38.71517)
1e6011b4-e9ea-43e2-9500-22ef247f37cc,Dott,497b4441-5d47-4eba-83db-d65416709e8d,scooter,Sidewalk parking,Open,,2026-09-19T17:38:01Z,,POINT (-9.13315 38.71547)
4f1b6f3e-94aa-4c1d-9ceb-83c81710fba8,Voi,8090491f-cb89-4c85-a1c0-03219b01ea96,scooter,Blocking access,Fined,150,2026-09-19T20:17:36Z,2026-09-20T00:54:36Z,POINT (-9.13437 38.74103)
f8dca119-cda4-4355-9b9e-cb9ca22212d2,Dott,a9f55de9-e097-4d26-8171-ee94fced8b27,scooter,Fallen vehicle,Resolved,,2026-09-19T22:25:22Z,2026-09-19T23:37:22Z,POINT (-9.15607 38.76562)
272ad76c-313c-4e36-9956-e2458c62f60b,Dott,9f6f5501-4f64-4342-bd7c-da00e94fc024,scooter,Sidewalk parking,Resolved,,2026-09-19T23:01:39Z,2026-09-20T00:05:39Z,POINT (-9.14975 38.71044)
2a8f0764-75fc-4514-a2c7-da1cd7eb041a,Lime,d3573f45-4587-42ed-8812-724692ba8590,bicycle,Outside parking zone,Resolved,,2026-09-19T23:42:15Z,2026-09-20T01:09:15Z,POINT (-9.09818 38.76630)
fbf05254-91df-4c1b-8015-da870374e41e,Dott,c293731b-bd63-4834-bea7-f47c972b935f,scooter,Fallen vehicle,Resolved,,2026-09-19T23:56:15Z,2026-09-20T00:40:15Z,POINT (-9.14858 38.71027)
9ebab4e4-d031-488f-a92d-ce835deb8131,Dott,4744dc07-1773-4590-a8d2-33752cd6b6e4,scooter,Sidewalk parking,Open,,2026-09-20T00:34:18Z,,POINT (-9.10314 38.74178)
573b85c3-2e62-4c2c-bc93-d252c3fc778c,Voi,4203f409-bf6c-4ad7-9235-999d0ad2c07c,scooter,Fallen vehicle,Open,,2026-09-20T00:54:45Z,,POINT (-9.11445 38.73444)
50c85e57-049e-4436-836d-ab1729f2d757,Dott,9039b651-6066-4727-837f-f9e9050f3d2f,bicycle,Outside parking zone,Fined,50,2026-09-20T01:30:59Z,2026-09-20T02:31:59Z,POINT (-9.14175 38.71441)
4986666a-fd6c-445a-bf93-3f19348b2f92,Dott,563ab0f1-aae1-43bb-8827-e377e4e140af,scooter,Outside parking zone,Resolved,,2026-09-20T02:29:59Z,2026-09-20T07:01:59Z,POINT (-9.14757 38.70892)
bc18a47e-00fa-4442-97b1-6c931c620738,Bolt,9be4d1b4-ff4c-47dd-bd56-7f5a1a39d239,scooter,Sidewalk parking,Open,,2026-09-20T05:24:26Z,,POINT (-9.14742 38.72679)
2eea2032-5ae6-4cf9-a382-5afa945760ea,Lime,df0231e6-d581-47c6-abd9-a8f293b7eefc,scooter,Outside parking zone,Resolved,,2026-09-20T07:08:38Z,2026-09-20T12:09:38Z,POINT (-9.14002 38.71436)
39266af8-3475-4837-9cd7-d1489f2b1c54,Bolt,09f17440-c180-4355-9541-3c7c8244de80,scooter,No-parking zone,Open,,2026-09-20T08:11:53Z,,POINT (-9.17645 38.70800)
ae1ca1fe-2c65-40be-93df-a3cc72f7db76,Bolt,fc0ac66b-445a-43fa-9ab4-3f387def774a,scooter,No-parking zone,Resolved,,2026-09-20T08:35:23Z,2026-09-20T13:45:23Z,POINT (-9.13872 38.71393)
ac3867e7-39b6-4cbd-9915-2b4e053acfc1,Bolt,9fae123d-0ce2-4f22-a7ea-ab9f6e69f612,scooter,Sidewalk parking,Resolved,,2026-09-20T08:48:59Z,2026-09-20T10:37:59Z,POINT (-9.15541 38.71446)
31dbef79-4d60-4b5c-b66c-6adb925a83df,Dott,7d7410f2-69b0-4145-8e98-18f21781fcc0,scooter,Outside parking zone,Fined,50,2026-09-20T08:53:38Z,2026-09-20T11:05:38Z,POINT (-9.15156 38.74072)
72f95214-de3c-46c2-a2a2-663e2c6c4953,Lime,d2b3cdbe-5a12-4f5d-8ae4-68e06da2b97b,bicycle,Outside parking zone,Resolved,,2026-09-20T10:17:41Z,2026-09-20T13:56:41Z,POINT (-9.10779 38.73529)
23709118-7bd5-489e-8b43-7bc3ad350a94,Voi,4b09abca-6335-4c15-964d-e9121b107017,scooter,Sidewalk parking,Resolved,,2026-09-20T11:26:16Z,2026-09-20T13:49:16Z,POINT (-9.13394 38.71323)
57db2fb3-a5ed-442e-ab15-4f8cc09f465e,Lime,daa14a90-9c69-4ddf-b387-11d33bc89d20,scooter,Fallen vehicle,Resolved,,2026-09-20T12:43:11Z,2026-09-20T13:11:11Z,POINT (-9.20804 38.69477)
3a23d49f-e8a8-4762-8252-0825ae1b3fce,Bolt,44d8c4f1-7cef-432c-8977-64aab56212da,scooter,Outside parking zone,Resolved,,2026-09-20T13:16:20Z,2026-09-20T15:19:20Z,POINT (-9.14685 38.73193)
de01d70e-e73f-47bd-a02d-612223dfdd05,Dott,3dbfb324-91c6-4294-8433-7dba4075267e,scooter,No-parking zone,Resolved,,2026-09-20T13:29:20Z,2026-09-20T15:37:20Z,POINT (-9.09302 38.76204)
fbed0caa-edca-43c4-bb37-484ef3c5d15a,Dott,52e14f8f-ee58-4143-852b-e72cff81e8aa,scooter,Sidewalk parking,Resolved,,2026-09-20T13:53:14Z,2026-09-20T15:00:14Z,POINT (-9.15727 38.72472)
ea9fea2d-fc05-4f73-87e8-c92ee34d28bb,Lime,e2a32a9b-f7d1-4eb9-9bb4-b7ef9ff7417f,bicycle,Outside parking zone,Open,,2026-09-20T14:21:32Z,,POINT (-9.17188 38.71256)
c56431f9-4e01-4cef-a766-237754f9b446,Lime,94b3df6f-1c28-48b6-a19e-f8586c7b6682,bicycle,No-parking zone,Fined,100,2026-09-20T14:25:47Z,2026-09-20T17:18:47Z,POINT (-9.15411 38.70493)
f3a1db53-fad1-482e-90cb-8f537a672683,Bolt,674f230a-2cb1-4601-adcc-c4613b720d4c,scooter,Outside parking zone,Open,,2026-09-20T14:49:41Z,,POINT (-9.14770 38.70639)
5cc38995-a333-45d1-896f-08a75f9d99ba,Bolt,c999c62f-5c42-40b7-9d38-a46999d858f7,scooter,No-parking zone,Fined,100,2026-09-20T15:03:15Z,2026-09-20T16:14:15Z,POINT (-9.13547 38.75460)
86f3b7ae-d7a2-4bc5-b21a-f373d3619ccd,Bolt,44c7084d-4933-4490-afe3-1350c0a0d959,scooter,Outside parking zone,Fined,50,2026-09-20T15:21:03Z,2026-09-20T16:46:03Z,POINT (-9.20791 38.69666)
9535b2d2-2c41-465e-9514-7dabec2fd0ab,Bolt,355904ab-83ac-49b3-a4b6-a2c74cf8fc46,scooter,Outside parking zone,Open,,2026-09-20T15:49:20Z,,POINT (-9.20660 38.69715)
238f54c6-9d31-41c5-8c41-7fa90fc50fde,Bolt,ca83c6b2-29c5-45c1-a902-c3618400965d,scooter,Fallen vehicle,Open,,2026-09-20T16:00:20Z,,POINT (-9.13855 38.72084)
26c2c4b9-d8b7-4d1f-ae7f-d09426b2efab,Bolt,d8e0d475-d178-48aa-99bb-1ee6195897b4,scooter,Sidewalk parking,Resolved,,2026-09-20T16:04:40Z,2026-09-20T17:25:40Z,POINT (-9.14039 38.70651)
a25cfd2d-6540-468a-8d84-d88571820187,Bolt,9be4d1b4-ff4c-47dd-bd56-7f5a1a39d239,scooter,No-parking zone,Fined,100,2026-09-20T16:12:42Z,2026-09-20T19:09:42Z,POINT (-9.13102 38.72172)
ccb62bdb-3ce1-4423-b045-8921f880f758,Lime,f513e61a-b1f3-4a3d-93a7-ee4558dd0cc9,bicycle,Outside parking zone,Resolved,,2026-09-20T16:19:42Z,2026-09-20T17:04:42Z,POINT (-9.14278 38.71318)
ba8643b3-2451-4549-b29a-0cb9767005ab,Dott,b5db7303-c55e-4bd1-addf-addb755e28f3,scooter,Sidewalk parking,Resolved,,2026-09-20T16:38:59Z,2026-09-20T19:22:59Z,POINT (-9.12239 38.74016)
d3e4d421-77f2-4ec4-bb32-ed07f630c9b9,Voi,ecf762c0-2f6a-440e-94ae-ff6776a3e6ab,scooter,Sidewalk parking,Resolved,,2026-09-20T16:43:05Z,2026-09-20T18:16:05Z,POINT (-9.13088 38.74058)
35f77980-144c-4715-b4a6-e91021d2b1c6,Bolt,64b2a9be-eb65-4ba8-a4f3-0d86d38f7fb7,scooter,Outside parking zone,Resolved,,2026-09-20T16:44:19Z,2026-09-20T17:41:19Z,POINT (-9.20034 38.69932)
881548de-314a-42e9-b45e-706abdd1fa16,Voi,ecf762c0-2f6a-440e-94ae-ff6776a3e6ab,scooter,Sidewalk parking,Resolved,,2026-09-20T17:17:44Z,2026-09-20T19:57:44Z,POINT (-9.14038 38.71198)
fb97a9f0-de05-40ed-af3a-eb410212d8cb,Dott,361564bd-e51a-4100-9213-3572f83292f5,bicycle,Sidewalk parking,Open,,2026-09-20T18:48:20Z,,POINT (-9.14967 38.72070)
ca2f5054-9e79-424d-9e52-c497e755531d,Bolt,51e141ec-2f8a-4f4d-bd6f-7b454d46aee7,scooter,Sidewalk parking,Fined,75,2026-09-20T19:20:18Z,2026-09-20T22:26:18Z,POINT (-9.18147 38.70311)
f22555bb-b4b8-4ec9-8012-7ab823a7cdf8,Lime,998a58e8-816d-4928-a799-2f68a0bd793b,scooter,Outside parking zone,Open,,2026-09-20T19:41:20Z,,POINT (-9.13804 38.74098)
f3ca268d-c6d4-4b3b-98fd-742fb2f4c7b4,Bolt,21434c5d-93bd-434b-b0dc-8b264f9f9faf,scooter,Sidewalk parking,Fined,75,2026-09-20T20:25:38Z,2026-09-20T22:41:38Z,POINT (-9.14313 38.71507)
240a05eb-aa7d-44f6-9a59-c533229db702,Voi,81f7407a-191d-4396-99d7-8f1a68a315d3,scooter,Sidewalk parking,Resolved,,2026-09-20T20:42:36Z,2026-09-20T21:16:36Z,POINT (-9.10747 38.75570)
751c8ef4-3f94-4be9-86eb-8f629dd5e214,Bolt,02511cc7-717e-4af7-b075-595696806c74,scooter,Sidewalk parking,Open,,2026-09-20T21:07:51Z,,POINT (-9.13451 38.71340)
9960c3c8-2221-432a-aaba-63d62bf51b46,Dott,9f6119d8-cba3-4e6d-9916-b886e7ca2674,scooter,Sidewalk parking,Resolved,,2026-09-20T21:33:18Z,2026-09-20T22:43:18Z,POINT (-9.14181 38.73764)
151f0eaf-d22c-4365-b7dd-673512aa0e76,Lime,bc774567-0e02-4857-8fc3-26c36aa75c44,bicycle,Outside parking zone,Resolved,,2026-09-20T21:49:50Z,2026-09-20T23:53:50Z,POINT (-9.14378 38.72353)
5caa686e-92d0-43a8-8c6f-5300d5825f70,Bolt,655fbccc-dad5-48e7-b063-3645f8375150,scooter,Outside parking zone,Resolved,,2026-09-20T22:34:20Z,2026-09-21T01:14:20Z,POINT (-9.15388 38.71077)
93f117ed-61e6-4d41-9f73-7a0854a7199b,Lime,0fd2eda9-f999-4902-8d0c-77936e0b3fd4,scooter,Fallen vehicle,Open,,2026-09-20T23:43:26Z,,POINT (-9.15195 38.70846)
1fdfd2fa-c4a0-48af-af1e-764471fc0148,Lime,09d4feb2-fd91-4f33-9908-434fc5f75dfc,scooter,Sidewalk parking,Open,,2026-09-21T00:09:00Z,,POINT (-9.15741 38.76637)
24e6140f-317f-4276-bb62-c66a8ce67d4e,Lime,8aeeae6c-c9f8-4f74-88fa-262a282eb4d5,bicycle,Outside parking zone,Fined,50,2026-09-21T00:31:16Z,2026-09-21T01:42:16Z,POINT (-9.15039 38.72668)
e203d399-df66-4ec7-ab47-6436895c49e0,Dott,9b626692-04c9-4f07-8c38-4e95838b0729,bicycle,Fallen vehicle,Resolved,,2026-09-21T00:37:16Z,2026-09-21T01:47:16Z,POINT (-9.09452 38.76321)
0ce2df8e-1f58-43d7-b693-b8bee7c12817,Dott,d5e44995-92ee-4d06-948b-85490dc99960,bicycle,Outside parking zone,Fined,50,2026-09-21T00:39:40Z,2026-09-21T02:18:40Z,POINT (-9.13228 38.70987)
bb06e8c6-4444-433a-9e8b-e9333d762edf,Dott,919f3a56-e04a-434a-ad4e-5a9ffaf71903,scooter,Sidewalk parking,Fined,75,2026-09-21T01:00:03Z,2026-09-21T03:25:03Z,POINT (-9.14741 38.71548)
9895cc4a-6df6-4051-a284-4dba300bdf0c,Lime,6338d609-49a1-4ffd-9e6f-363adb2c5b17,scooter,Sidewalk parking,Resolved,,2026-09-21T07:17:14Z,2026-09-21T09:06:14Z,POINT (-9.14982 38.74394)
cef406b2-22f3-4d06-8a82-7e27acb7734f,Dott,edcaee5d-e3cb-4bbc-a382-948e3d239b1b,bicycle,No-parking zone,Open,,2026-09-21T07:44:02Z,,POINT (-9.15579 38.72969)
9c9f9dc2-9c9e-4e43-ad1e-bca498787b86,Lime,6338d609-49a1-4ffd-9e6f-363adb2c5b17,scooter,No-parking zone,Resolved,,2026-09-21T08:18:20Z,2026-09-21T12:33:20Z,POINT (-9.14919 38.73483)
1ee6dc60-f326-4c5c-8c4a-1274e580af96,Bolt,51e141ec-2f8a-4f4d-bd6f-7b454d46aee7,scooter,Outside parking zone,Fined,50,2026-09-21T08:38:47Z,2026-09-21T11:08:47Z,POINT (-9.14677 38.74109)
c41ca34f-bb01-4dcf-8504-83030f142439,Lime,18365523-305c-4ec7-929d-6ec2e686aedf,bicycle,Outside parking zone,Open,,2026-09-21T08:40:35Z,,POINT (-9.14752 38.71434)
e29de88e-86c9-4b01-ac70-7254a45c5321,Voi,e611de85-b90e-4193-9c4d-4fa610d3d826,scooter,Sidewalk parking,Fined,75,2026-09-21T08:42:01Z,2026-09-21T09:19:01Z,POINT (-9.18197 38.70474)
70375df8-9cf7-4ac1-b6eb-4bdcb05f1756,Voi,bdd367c1-afc0-4b28-b3ee-cce9f358c84c,scooter,Sidewalk parking,Resolved,,2026-09-21T09:07:12Z,2026-09-21T12:09:12Z,POINT (-9.15617 38.72915)
059ace2b-6551-4be4-a356-30be638f97fc,Dott,034de5a9-4154-4774-b2ac-bbc3e955e2aa,bicycle,Outside parking zone,Resolved,,2026-09-21T09:31:24Z,2026-09-21T10:20:24Z,POINT (-9.14588 38.74537)
9fbeed0c-c208-41db-8c45-6b67bc483e22,Voi,00fe2a23-5bd1-4e4d-9c94-9be01740c305,scooter,Sidewalk parking,Fined,75,2026-09-21T09:56:38Z,2026-09-21T12:33:38Z,POINT (-9.14514 38.75233)
9604d70e-bfdf-4916-88ba-1a34c06a2e64,Bolt,2172eab2-6220-4d54-acf3-68acfed98c7d,scooter,Sidewalk parking,Open,,2026-09-21T10:09:01Z,,POINT (-9.14509 38.71528)
bd552b97-a974-48ac-b363-de84fb6be7f5,Dott,e2f386a4-a401-47ee-b5c7-196e2ab008f9,bicycle,Blocking access,Resolved,,2026-09-21T10:25:27Z,2026-09-21T13:34:27Z,POINT (-9.14575 38.74648)
b56ad4d2-be13-404f-9063-3931db851357,Dott,8b03e9c5-8c6a-4e58-937c-6e92fe75537a,scooter,Outside parking zone,Resolved,,2026-09-21T10:37:36Z,2026-09-21T13:22:36Z,POINT (-9.14307 38.72500)
3cca610a-a8d5-4696-8947-24742e860f23,Voi,c0e7040e-da84-4a3f-8146-d3f6215bfdb2,scooter,Outside parking zone,Fined,50,2026-09-21T10:49:57Z,2026-09-21T13:00:57Z,POINT (-9.13366 38.71729)
0385d5a9-7b43-452b-a7f0-a4ed0e10850e,Voi,afe64dac-ad9d-495c-8f04-ac027820b93a,scooter,Outside parking zone,Resolved,,2026-09-21T11:25:36Z,2026-09-21T15:48:36Z,POINT (-9.12941 38.71698)
3f008a86-9fe2-49fa-9c8c-5cc03aa71263,Lime,1498b1e4-300c-4e6e-a3a6-ad1f44004869,bicycle,Sidewalk parking,Resolved,,2026-09-21T11:34:54Z,2026-09-21T12:54:54Z,POINT (-9.16645 38.70874)
dafac496-6bfd-451c-bae1-650e40649179,Lime,1498b1e4-300c-4e6e-a3a6-ad1f44004869,bicycle,Sidewalk parking,Resolved,,2026-09-21T11:38:13Z,2026-09-21T13:03:13Z,POINT (-9.14746 38.72312)
4f4cd471-7c1d-44e4-956e-210e4413473d,Lime,e492336a-6569-4c72-8711-6caa9f8003e6,bicycle,Outside parking zone,Open,,2026-09-21T11:48:02Z,,POINT (-9.14839 38.70809)
7a8e6050-4d92-4ddd-a263-298a15e2c766,Lime,23435007-b8d7-482a-93b0-a2cd0d7cb78e,scooter,Outside parking zone,Fined,50,2026-09-21T12:08:50Z,2026-09-21T12:34:50Z,POINT (-9.15382 38.73890)
8bd6f7a4-8e94-452b-96da-0ce4b3d9f1ee,Voi,6339b154-2eb9-48d1-8545-f139608240e9,scooter,Fallen vehicle,Fined,50,2026-09-21T12:28:25Z,2026-09-21T12:55:25Z,POINT (-9.15575 38.72057)
8f7d24a8-f5a1-4e57-a746-c3f290573d84,Bolt,b710806b-0080-4b27-98d2-f97de13c18f9,scooter,No-parking zone,Open,,2026-09-21T14:52:58Z,,POINT (-9.13921 38.70921)
6fcb0c52-abf2-4655-ae3f-af7a0339f758,Dott,33e6f7c2-076a-42a0-8217-7e80d170884c,bicycle,Outside parking zone,Open,,2026-09-21T14:57:33Z,,POINT (-9.13954 38.73776)
91d51519-7f57-47ad-9762-8fdf31215ee0,Lime,8aeeae6c-c9f8-4f74-88fa-262a282eb4d5,bicycle,Sidewalk parking,Resolved,,2026-09-21T16:19:29Z,2026-09-21T18:39:29Z,POINT (-9.16485 38.70917)
a67396cc-6e34-4af8-9562-818d54991356,Lime,ea886f8f-381a-4124-b25f-606055cfd3f8,scooter,Fallen vehicle,Fined,50,2026-09-21T16:32:34Z,2026-09-21T17:10:34Z,POINT (-9.13088 38.71522)
8d8abfca-6d30-4a6c-80a9-3ba34cdd9d16,Voi,0742f3ec-8c89-4b52-8cb3-ae704b7969a0,scooter,No-parking zone,Resolved,,2026-09-21T16:44:02Z,2026-09-21T17:55:02Z,POINT (-9.17753 38.70739)
a4c6cda9-05d3-43dd-8973-06a7c60faa3c,Bolt,8635d1c1-abf9-4d3a-b872-9a87083011d5,scooter,Outside parking zone,Fined,50,2026-09-21T17:03:26Z,2026-09-21T17:55:26Z,POINT (-9.14282 38.70968)
c721bf00-ee10-4653-8b88-04232de0f689,Voi,ff39bda5-a681-4586-b949-0241639e7d48,scooter,Sidewalk parking,Resolved,,2026-09-21T17:20:43Z,2026-09-21T18:53:43Z,POINT (-9.21187 38.69613)
eaf684ce-3877-475b-ada2-eacdc30ebd52,Bolt,64b2a9be-eb65-4ba8-a4f3-0d86d38f7fb7,scooter,Sidewalk parking,Fined,75,2026-09-21T17:27:16Z,2026-09-21T19:45:16Z,POINT (-9.14741 38.73307)
350df992-5411-4bd3-92bc-f0b1b8efa988,Voi,885db577-04cb-491d-9d1f-64441dde467f,scooter,No-parking zone,Fined,100,2026-09-21T17:28:13Z,2026-09-21T18:57:13Z,POINT (-9.14727 38.73559)
ba1fee9b-487f-4198-af90-7a72cd0dfa2c,Bolt,b0c8d5de-2f85-4430-a4b3-932311251753,scooter,Sidewalk parking,Resolved,,2026-09-21T17:37:17Z,2026-09-21T19:09:17Z,POINT (-9.21923 38.69797)
7da8229f-3c68-4fe3-86be-48a9b7df0d05,Dott,800e8cf1-2a41-48cf-91a6-f1069b74a911,scooter,No-parking zone,Open,,2026-09-21T17:37:38Z,,POINT (-9.12954 38.71127)
1177c3a8-ea23-4701-ace8-2f88b150d806,Lime,a6792a24-a0cd-4193-9458-231c2d0f0ef4,scooter,Sidewalk parking,Fined,75,2026-09-21T17:57:28Z,2026-09-21T23:44:28Z,POINT (-9.15456 38.71788)
b477ade2-c1a7-4118-8a01-d45ad95194cb,Lime,c464edf4-bfc6-4238-83b8-2395cfe9b9d6,bicycle,Sidewalk parking,Resolved,,2026-09-21T18:23:00Z,2026-09-21T21:44:00Z,POINT (-9.21198 38.69504)
ee410e0e-0a56-4a80-b893-d078628bdc0f,Lime,264feda3-4669-4c49-9f0b-84202d37beaa,scooter,Blocking access,Open,,2026-09-21T18:41:11Z,,POINT (-9.15411 38.71824)
af4f7dc7-8755-4490-be65-9418286cc527,Dott,6d4c2eeb-6344-47c5-b503-3ba86078d64c,scooter,No-parking zone,Resolved,,2026-09-21T20:19:10Z,2026-09-21T21:44:10Z,POINT (-9.20651 38.69874)
6b28c089-f182-4bed-8445-8f603d3c6d08,Bolt,12faf527-4504-44b1-8ce8-3ac07b066deb,scooter,No-parking zone,Resolved,,2026-09-21T20:32:35Z,2026-09-21T23:06:35Z,POINT (-9.13855 38.71219)
74fd57c1-3fef-44ef-bf27-ec881654e5ad,Lime,b04846a6-34b1-465b-98c3-d05f3dd6ec13,scooter,Sidewalk parking,Resolved,,2026-09-21T20:34:37Z,2026-09-21T21:31:37Z,POINT (-9.16369 38.71532)
7c43821e-5c9f-4295-afd4-84022c6ec8e4,Dott,7d7410f2-69b0-4145-8e98-18f21781fcc0,scooter,Blocking access,Open,,2026-09-21T21:12:33Z,,POINT (-9.10301 38.75760)
18eb1949-c2e0-4b89-ba8d-740d23bd22b6,Dott,563ab0f1-aae1-43bb-8827-e377e4e140af,scooter,Sidewalk parking,Resolved,,2026-09-21T22:47:48Z,2026-09-21T23:41:48Z,POINT (-9.09384 38.76804)
54649251-48d0-40c4-846c-06cf759ae29f,Lime,a112da0c-b094-4a5a-be01-f695793dd1b8,scooter,Fallen vehicle,Fined,50,2026-09-21T23:01:23Z,2026-09-22T00:12:23Z,POINT (-9.15633 38.72333)
e85d70a4-0f0a-462e-b257-3409774b0a3c,Bolt,73430839-06a0-4968-acad-7206425aa146,scooter,Outside parking zone,Resolved,,2026-09-21T23:24:41Z,2026-09-22T04:20:41Z,POINT (-9.13685 38.73339)
1d9c0e28-d60d-4a04-99f6-e31ffcb96cf8,Bolt,7913c9ec-749b-46d0-aaf4-ed5d07766d36,scooter,Blocking access,Resolved,,2026-09-22T00:33:20Z,2026-09-22T01:52:20Z,POINT (-9.13105 38.71073)
e5dbdb74-f18f-4e8c-89ca-c0ca2090b49c,Bolt,8ba5ce5e-bae2-492b-a37f-653c3675f5e3,scooter,Sidewalk parking,Resolved,,2026-09-22T00:41:18Z,2026-09-22T03:21:18Z,POINT (-9.13263 38.71573)
68e67f37-c925-4332-bbcc-a4c9709f7adb,Lime,a622facf-984c-41da-a5eb-60ecfb503550,scooter,Sidewalk parking,Resolved,,2026-09-22T01:06:22Z,2026-09-22T03:52:22Z,POINT (-9.16605 38.77038)
696b86f2-8650-4944-b3c4-32a6c0b7cbff,Bolt,64b2a9be-eb65-4ba8-a4f3-0d86d38f7fb7,scooter,Fallen vehicle,Fined,50,2026-09-22T02:25:11Z,2026-09-22T04:14:11Z,POINT (-9.12814 38.71267)
4d10610e-d600-4028-a235-d6fc654c9445,Lime,0a86dee7-da23-451a-90b8-42d85fb59057,bicycle,Sidewalk parking,Resolved,,2026-09-22T06:08:41Z,2026-09-22T07:20:41Z,POINT (-9.11621 38.73771)
ff5c2324-0644-4e84-8de9-16841a685f02,Dott,4e311b9b-4ff5-496b-946f-9ec4f5cfd84b,scooter,Blocking access,Resolved,,2026-09-22T07:17:07Z,2026-09-22T09:23:07Z,POINT (-9.14917 38.74173)
4becfcd8-dd43-4e15-b05c-eb5cdac19a87,Voi,ad92b7c4-cb38-4292-b45f-eede5f25c0c4,scooter,Outside parking zone,Resolved,,2026-09-22T07:25:12Z,2026-09-22T08:57:12Z,POINT (-9.14062 38.74559)
8d152dc0-fdf8-40af-a655-6997254bea83,Lime,8f9fd386-dd56-4a81-82d1-a1c38c6a3273,bicycle,Sidewalk parking,Resolved,,2026-09-22T08:42:35Z,2026-09-22T11:46:35Z,POINT (-9.09566 38.77048)
eaa56a62-e2d2-4293-92b9-6c0a0a9a5aa5,Lime,321dcab6-370b-457a-8b12-9d8e49be39cf,bicycle,Fallen vehicle,Resolved,,2026-09-22T09:01:10Z,2026-09-22T10:47:10Z,POINT (-9.14899 38.71120)
7150e8b1-2657-4bc0-9fe0-3264673c12dc,Lime,94b3df6f-1c28-48b6-a19e-f8586c7b6682,bicycle,Sidewalk parking,Open,,2026-09-22T09:07:57Z,,POINT (-9.16058 38.70469)
94ddb0ef-02d4-40d6-8d0f-888cee7e51bf,Bolt,f5422f20-5f6e-4d63-b354-a528b67428d7,scooter,Blocking access,Resolved,,2026-09-22T09:39:12Z,2026-09-22T12:03:12Z,POINT (-9.14866 38.72843)
9ac2221b-c5fa-41b5-9e52-d3fed6f19ac7,Dott,ca417849-db72-40d7-a6a4-42200aa8e720,scooter,Fallen vehicle,Resolved,,2026-09-22T09:41:33Z,2026-09-22T13:56:33Z,POINT (-9.14935 38.73701)
f185b08f-6aca-4a43-9c5d-18fa0de0365b,Dott,7d7410f2-69b0-4145-8e98-18f21781fcc0,scooter,Outside parking zone,Open,,2026-09-22T10:05:20Z,,POINT (-9.13533 38.74547)
1d79f2a8-1201-4268-8984-1c700bf86977,Lime,2055bd47-95de-49ed-9521-d5dda61dae8f,scooter,Outside parking zone,Open,,2026-09-22T10:25:46Z,,POINT (-9.17820 38.70058)
5894d60c-5375-4a12-a844-d096e3409fb5,Voi,150152fd-da6f-4ceb-86ab-0ed62b6e9195,scooter,No-parking zone,Open,,2026-09-22T10:36:09Z,,POINT (-9.14136 38.73363)
c5c61930-4465-418d-ae41-236e9bcda648,Bolt,d8882c64-0e15-45af-a3c3-68520cf0cde5,scooter,Outside parking zone,Resolved,,2026-09-22T10:37:35Z,2026-09-22T12:29:35Z,POINT (-9.13335 38.75634)
7cf43492-2911-4a2d-be70-7588b4d5c8f2,Bolt,f9402d97-ef22-4a4e-a2a9-72be35bf051a,scooter,Sidewalk parking,Open,,2026-09-22T10:56:21Z,,POINT (-9.15712 38.71753)
96041bda-0388-40e0-9923-8fa2eb480745,Bolt,fa5ea5cc-703b-448d-829e-19604c4666f7,scooter,Outside parking zone,Resolved,,2026-09-22T11:00:20Z,2026-09-22T13:10:20Z,POINT (-9.12934 38.71664)
8e2ac2dc-cfc4-4885-aaaf-d37bc68517c1,Bolt,8635d1c1-abf9-4d3a-b872-9a87083011d5,scooter,No-parking zone,Resolved,,2026-09-22T11:00:35Z,2026-09-22T11:58:35Z,POINT (-9.17651 38.70525)
f9d0ebb9-127f-4133-b60e-a3d055fdb865,Bolt,63224ca0-a983-496c-8494-e510a97c7fed,scooter,Blocking access,Open,,2026-09-22T12:02:29Z,,POINT (-9.10359 38.76918)
90f37859-1ed0-4993-8b4a-c50fdfffd451,Bolt,a9f10692-7758-4710-84f6-07a97a48decb,scooter,No-parking zone,Resolved,,2026-09-22T13:07:43Z,2026-09-22T18:11:43Z,POINT (-9.17795 38.70739)
a8b816cb-4c6b-40a8-92df-986e528ece56,Lime,3de085de-6d81-45f7-ae9a-8f5d8d2136bd,bicycle,Outside parking zone,Resolved,,2026-09-22T13:22:42Z,2026-09-22T14:05:42Z,POINT (-9.12550 38.74164)
a82e678b-477d-44db-9a7f-436ab187ca97,Voi,731fce5f-590b-4e3d-9be0-b54ef5c099dd,scooter,No-parking zone,Resolved,,2026-09-22T13:43:33Z,2026-09-22T14:54:33Z,POINT (-9.13125 38.71328)
0f331d96-58c3-40ed-9662-f317b134c21d,Lime,df7f9e29-9b15-47ab-bd7f-77c8a497f42d,scooter,Blocking access,Resolved,,2026-09-22T14:26:22Z,2026-09-22T14:56:22Z,POINT (-9.10713 38.73291)
b78dbec4-cc59-48a6-b6ba-82f91c3431fb,Bolt,64b2a9be-eb65-4ba8-a4f3-0d86d38f7fb7,scooter,Sidewalk parking,Resolved,,2026-09-22T14:27:27Z,2026-09-22T15:44:27Z,POINT (-9.12725 38.71424)
760ae89a-eaf6-41ec-8099-5a98e957f538,Dott,0517342b-35d4-4213-a012-cd0bc34433ba,scooter,Blocking access,Open,,2026-09-22T15:28:07Z,,POINT (-9.14651 38.70804)
704f04c7-5e63-4def-aabf-00c577f6cc8b,Voi,a722b2d0-4298-423b-967c-8555a07b8646,scooter,Fallen vehicle,Resolved,,2026-09-22T15:57:38Z,2026-09-22T16:23:38Z,POINT (-9.14709 38.70937)
5cef3af7-7c5b-41e2-a3b7-4bd50f1bc535,Voi,0b6b7ab5-a037-4b2c-b7e2-a4ed556ffa40,scooter,Sidewalk parking,Fined,75,2026-09-22T15:59:22Z,2026-09-22T16:25:22Z,POINT (-9.12752 38.71392)
b4150aab-ce9d-4f48-b2b7-1c737eb20af7,Bolt,db792775-06c1-458c-97e0-4ccca55eb15e,scooter,No-parking zone,Fined,100,2026-09-22T16:07:32Z,2026-09-22T17:06:32Z,POINT (-9.17828 38.70072)
ba5500e8-95fe-4591-97b0-5d74602a5d5e,Lime,775282e5-1545-4f79-a189-0a9f9c85046a,scooter,Sidewalk parking,Resolved,,2026-09-22T16:35:32Z,2026-09-22T18:06:32Z,POINT (-9.13574 38.70804)
b2897ce2-c80f-4ef6-bd0a-6a9d0543606e,Lime,0f2851fd-07f9-4cf0-92ff-0dfe1c08dfb1,scooter,No-parking zone,Fined,100,2026-09-22T16:47:55Z,2026-09-22T19:50:55Z,POINT (-9.20398 38.69731)
cad9c87c-8a63-459b-b8a9-4821ba138390,Lime,174e1d65-7ce2-4b88-b457-6e704045e03f,scooter,Fallen vehicle,Resolved,,2026-09-22T17:04:50Z,2026-09-22T17:26:50Z,POINT (-9.14532 38.74068)
b71af974-064b-490e-aa4e-9ac57dc8857d,Lime,a84d138a-e314-4bd7-a194-3eef53a4299b,scooter,No-parking zone,Resolved,,2026-09-22T17:14:26Z,2026-09-22T19:20:26Z,POINT (-9.12085 38.71679)
3cdde103-c307-45b8-8604-42b88a87b0c9,Bolt,43067cd3-96a3-4da9-a3f9-4911bdea5565,scooter,Outside parking zone,Fined,50,2026-09-22T17:40:21Z,2026-09-22T20:42:21Z,POINT (-9.12686 38.71416)
884fc986-bfdb-4cd6-a0aa-d61edbe5affb,Lime,7062cb9e-5fbf-40b8-875a-ba30033d37e4,scooter,Fallen vehicle,Resolved,,2026-09-22T17:47:28Z,2026-09-22T18:55:28Z,POINT (-9.14827 38.73105)
059b9fba-ca18-4c37-9889-9390b1771c02,Gira,2e2839de-1a06-4cdd-a362-5ef199941026,bicycle,Outside parking zone,Resolved,,2026-09-22T17:49:50Z,2026-09-22T19:03:50Z,POINT (-9.14422 38.73263)
fb270ef0-9d48-48b2-94dd-2ad0ba2991f6,Bolt,6721d67a-5048-467c-880b-388b7efeb388,scooter,No-parking zone,Open,,2026-09-22T18:07:34Z,,POINT (-9.12463 38.71357)
e6b545a9-253e-47e5-9205-9c265cda224b,Dott,9f6f5501-4f64-4342-bd7c-da00e94fc024,scooter,Outside parking zone,Open,,2026-09-22T18:47:19Z,,POINT (-9.14851 38.71951)
ab6f9f67-1be6-4181-8cf1-637c79c68d9e,Bolt,8beab7ce-2625-49b1-85c9-8425c302ff30,scooter,Outside parking zone,Resolved,,2026-09-22T18:54:25Z,2026-09-22T23:59:25Z,POINT (-9.13456 38.71839)
487b1d82-2cae-44d6-a9c8-16b48b87cf55,Dott,7ece2cb7-6079-40f4-b31b-ea5b045df80e,bicycle,Blocking access,Resolved,,2026-09-22T18:57:27Z,2026-09-22T19:53:27Z,POINT (-9.13245 38.71585)
0239beb6-15b1-4bfb-877a-ec68e2adcc32,Lime,a622facf-984c-41da-a5eb-60ecfb503550,scooter,No-parking zone,Open,,2026-09-22T19:11:34Z,,POINT (-9.14271 38.70938)
fffc9b47-e8ee-4b66-b372-4e78e6f1f169,Lime,e32344e6-0680-4373-bc63-f317cf83d3fd,scooter,Outside parking zone,Open,,2026-09-22T20:27:02Z,,POINT (-9.14794 38.70629)
a245ae8f-dab3-4324-9517-b10469d8ce76,Voi,ee1ca2cb-3fd3-448f-a1dc-f958a0b12a49,scooter,Outside parking zone,Fined,50,2026-09-22T21:56:43Z,2026-09-23T01:31:43Z,POINT (-9.14594 38.70684)
efbba963-69dc-4007-9aeb-a22054b4b000,Voi,a722b2d0-4298-423b-967c-8555a07b8646,scooter,Blocking access,Open,,2026-09-23T00:28:28Z,,POINT (-9.09596 38.76408)
485f5823-b7e5-4485-b8f3-83acc55b417d,Bolt,2ec8cb81-09e6-45d6-b4a1-728e1f6885f9,scooter,Fallen vehicle,Resolved,,2026-09-23T00:42:32Z,2026-09-23T01:13:32Z,POINT (-9.10892 38.72641)
2b4d3c4d-c3aa-4dff-a09e-1c9504e9800d,Voi,0b6b7ab5-a037-4b2c-b7e2-a4ed556ffa40,scooter,Sidewalk parking,Fined,75,2026-09-23T00:51:26Z,2026-09-23T05:23:26Z,POINT (-9.15379 38.76032)
30c4f109-4a64-470e-a03c-1551b9773029,Lime,118e5622-b6ba-4bef-bf5e-b4eea7fe3d7b,bicycle,Outside parking zone,Open,,2026-09-23T03:21:06Z,,POINT (-9.13787 38.70725)
274273f7-7518-4de3-9aaa-5f4b93a441db,Dott,ed35e954-f76b-4036-9b20-12053d073251,bicycle,No-parking zone,Open,,2026-09-23T07:32:24Z,,POINT (-9.12423 38.74638)
7c209158-db8e-40bf-8b7b-4a873187663b,Bolt,1e1c161b-9bd5-48f7-bc74-b5637909d74a,scooter,No-parking zone,Fined,100,2026-09-23T07:33:01Z,2026-09-23T09:26:01Z,POINT (-9.13851 38.71791)
3a308486-53ed-437a-8ca3-3dab909bf330,Lime,c82e7656-b2e0-4230-9505-d5dc95852682,bicycle,Outside parking zone,Fined,50,2026-09-23T08:09:02Z,2026-09-23T09:16:02Z,POINT (-9.14192 38.73397)
23f99f71-c21a-4ecb-9a6b-7cc71ea5e829,Dott,3dbfb324-91c6-4294-8433-7dba4075267e,scooter,Blocking access,Resolved,,2026-09-23T08:19:52Z,2026-09-23T11:31:52Z,POINT (-9.14592 38.73564)
0ed35609-6f6f-452e-90d7-dc53e85bc8ec,Voi,c24a7eb4-3ebf-472f-b386-3ec1adc8cb0d,scooter,Fallen vehicle,Resolved,,2026-09-23T08:31:30Z,2026-09-23T09:51:30Z,POINT (-9.13968 38.73269)
7084b906-1ae3-45cc-aec2-7a1fe5bcd2ef,Lime,94b3df6f-1c28-48b6-a19e-f8586c7b6682,bicycle,No-parking zone,Resolved,,2026-09-23T08:40:56Z,2026-09-23T09:14:56Z,POINT (-9.14402 38.74309)
6f4797b2-6b89-411c-ab83-66f006779ba1,Voi,61185fe0-1e4d-48b8-a5ab-d332d52f53a2,scooter,Sidewalk parking,Resolved,,2026-09-23T08:53:27Z,2026-09-23T11:43:27Z,POINT (-9.13724 38.71504)
218ccf0b-947c-4fc3-b88b-7c28d58ba510,Dott,a9f55de9-e097-4d26-8171-ee94fced8b27,scooter,Sidewalk parking,Resolved,,2026-09-23T08:56:48Z,2026-09-23T10:08:48Z,POINT (-9.14876 38.73883)
bd4e89a7-a68c-4a55-83c4-c8c33a1b05eb,Dott,ca417849-db72-40d7-a6a4-42200aa8e720,scooter,Blocking access,Resolved,,2026-09-23T09:06:06Z,2026-09-23T11:38:06Z,POINT (-9.14080 38.71768)
b5eb0e94-f78a-417b-b406-8e637870fd1e,Lime,a7e5c98e-a5cf-4a38-87cc-5356e391cd51,bicycle,Fallen vehicle,Fined,50,2026-09-23T09:08:15Z,2026-09-23T10:58:15Z,POINT (-9.14977 38.73376)
a42d05d3-7b58-404b-9645-ec0851150bad,Voi,a722b2d0-4298-423b-967c-8555a07b8646,scooter,No-parking zone,Open,,2026-09-23T09:35:21Z,,POINT (-9.14809 38.73376)
bb305b8d-1c42-4a03-8361-e5e5f464acf1,Lime,df0231e6-d581-47c6-abd9-a8f293b7eefc,scooter,Sidewalk parking,Fined,75,2026-09-23T09:43:23Z,2026-09-23T11:51:23Z,POINT (-9.09220 38.76977)
92caceb2-82d9-48fc-80b3-b8f6ae79def3,Bolt,b945cd67-8cf4-4f90-97ae-e9285602559b,scooter,No-parking zone,Open,,2026-09-23T10:04:47Z,,POINT (-9.12630 38.71639)
78511d66-3ab7-4f43-b02d-a05ce7b9bd6f,Dott,a5773941-12a9-4097-9dde-474885acd738,bicycle,No-parking zone,Fined,100,2026-09-23T10:40:47Z,2026-09-23T11:13:47Z,POINT (-9.17471 38.70519)
ca8c85a2-efd8-4d56-ba24-317a14ff1740,Bolt,e4ac6120-1ebb-41ec-972f-8199570c83e0,scooter,Sidewalk parking,Resolved,,2026-09-23T10:42:05Z,2026-09-23T11:04:05Z,POINT (-9.14146 38.75057)
8388a968-9e7d-44ce-ac75-dfc718735bae,Voi,37ff9702-4abc-497e-9e45-57f12afcd2ff,scooter,No-parking zone,Resolved,,2026-09-23T12:06:47Z,2026-09-23T14:30:47Z,POINT (-9.13224 38.71313)
aabfb487-821a-4d97-b677-e6125d01e17b,Lime,b4a6e508-6c93-47ae-9bf8-efa7f9b0cfac,scooter,No-parking zone,Fined,100,2026-09-23T12:24:49Z,2026-09-23T17:51:49Z,POINT (-9.13470 38.71278)
d1871222-a3d0-48a8-b40d-d8b969e5afc7,Bolt,f245afd0-9a63-4ccf-aab8-a73e135b5fb7,scooter,Outside parking zone,Resolved,,2026-09-23T12:28:06Z,2026-09-23T17:52:06Z,POINT (-9.13686 38.74327)
81ee41bc-b08e-4302-b3df-97c743ae7922,Bolt,94e381db-489f-4416-bd22-c7986e41c09c,scooter,Sidewalk parking,Open,,2026-09-23T12:39:52Z,,POINT (-9.16423 38.71964)
cc3665ae-f6da-424c-bac5-1cfe17bc776b,Dott,3ba12081-719b-46af-8dda-bf9a425d88b5,bicycle,No-parking zone,Resolved,,2026-09-23T13:38:53Z,2026-09-23T15:43:53Z,POINT (-9.13976 38.72921)
ca622a95-8a70-4e29-9c6a-afd5a4745cc1,Bolt,a3fe7fdf-2b63-4cc0-99b7-d0a6d249779f,scooter,Outside parking zone,Resolved,,2026-09-23T14:22:00Z,2026-09-23T21:36:00Z,POINT (-9.13974 38.73237)
aa669e5d-2eb8-46ee-9d61-1993cb5bbfc6,Lime,db7218ff-f38f-4eab-8d15-373d6cb374ee,bicycle,Outside parking zone,Resolved,,2026-09-23T14:26:36Z,2026-09-23T21:03:36Z,POINT (-9.14865 38.71826)
b88dca03-650e-4e8e-a456-1bf6dd2638a3,Voi,96bb6967-19b5-403e-a4f5-24fad6e269fa,scooter,Outside parking zone,Resolved,,2026-09-23T14:27:40Z,2026-09-23T15:43:40Z,POINT (-9.14519 38.70864)
92377156-8aee-4f61-9d9d-908228b15867,Lime,2055bd47-95de-49ed-9521-d5dda61dae8f,scooter,Sidewalk parking,Resolved,,2026-09-23T14:34:31Z,2026-09-23T17:52:31Z,POINT (-9.14531 38.72128)
4c488b94-ce52-44bb-9b63-7e3ef60406e6,Dott,9039b651-6066-4727-837f-f9e9050f3d2f,bicycle,Sidewalk parking,Open,,2026-09-23T14:56:03Z,,POINT (-9.12985 38.71780)
abf8b60f-f891-45ba-a017-11e20d25175b,Voi,976d53f5-0aca-40ae-bf69-b3076feb33a4,scooter,No-parking zone,Open,,2026-09-23T15:09:03Z,,POINT (-9.20038 38.70687)
2ad91939-c4be-4982-b22a-804a3ba6757b,Dott,bdc815a8-2ad7-45da-bf1f-4623940453b8,bicycle,Fallen vehicle,Resolved,,2026-09-23T15:11:59Z,2026-09-23T16:04:59Z,POINT (-9.20407 38.69707)
bb67d0bf-3bb5-4e4b-bd00-b255f25e4305,Bolt,09f17440-c180-4355-9541-3c7c8244de80,scooter,Sidewalk parking,Resolved,,2026-09-23T15:30:04Z,2026-09-23T18:18:04Z,POINT (-9.13584 38.71790)
7f4ad348-bcb3-498a-b809-cd3b825d25c4,Lime,db7218ff-f38f-4eab-8d15-373d6cb374ee,bicycle,No-parking zone,Open,,2026-09-23T15:37:37Z,,POINT (-9.13993 38.75112)
5cc94ea6-49e5-452d-8ebe-d375a997578c,Bolt,90b00829-bea6-4447-ad96-05c4e2676ad6,scooter,Sidewalk parking,Fined,75,2026-09-23T15:54:42Z,2026-09-23T16:11:42Z,POINT (-9.13114 38.71262)
66030858-7592-4737-b3c0-2ac4c60e1563,Voi,731fce5f-590b-4e3d-9be0-b54ef5c099dd,scooter,Sidewalk parking,Fined,75,2026-09-23T16:11:52Z,2026-09-23T18:52:52Z,POINT (-9.13333 38.71402)
0500fd8f-2549-4b95-b4f0-1e8f5356093b,Bolt,27557603-bd9d-46dc-9d67-ce35a5fc3509,scooter,Outside parking zone,Resolved,,2026-09-23T16:15:03Z,2026-09-23T16:35:03Z,POINT (-9.13671 38.73358)
d1deb5fc-a102-4b58-9521-6ba7d76238cb,Lime,c82e7656-b2e0-4230-9505-d5dc95852682,bicycle,Outside parking zone,Open,,2026-09-23T16:43:17Z,,POINT (-9.17504 38.70702)
f43a5055-8b56-4d0c-bccf-e9b70f9feb30,Lime,f513e61a-b1f3-4a3d-93a7-ee4558dd0cc9,bicycle,Outside parking zone,Fined,50,2026-09-23T17:26:30Z,2026-09-23T18:14:30Z,POINT (-9.12702 38.71542)
5e75b978-2338-4584-9983-4d64dcdc33d3,Bolt,5e178a92-e8a5-4a2b-bd14-0ff7434c150a,scooter,No-parking zone,Fined,100,2026-09-23T17:28:59Z,2026-09-23T19:34:59Z,POINT (-9.20802 38.69667)
0005c8d9-4187-47e5-aee3-84f9c1c769dd,Lime,3de085de-6d81-45f7-ae9a-8f5d8d2136bd,bicycle,Sidewalk parking,Open,,2026-09-23T18:16:54Z,,POINT (-9.13872 38.71495)
56a0b2da-9995-44f6-a28f-62ecfcbfa57b,Lime,daa14a90-9c69-4ddf-b387-11d33bc89d20,scooter,Sidewalk parking,Resolved,,2026-09-23T18:33:37Z,2026-09-23T19:20:37Z,POINT (-9.14434 38.71978)
18dd3876-31fb-43ee-87e8-18ee455c01ec,Dott,62ed6833-1807-4d9d-89ce-8a420f2ff8f2,bicycle,Outside parking zone,Resolved,,2026-09-23T18:56:30Z,2026-09-24T00:03:30Z,POINT (-9.11216 38.76148)
3c25628c-9b9a-4b67-bcbb-1de24ba710d7,Voi,4b09abca-6335-4c15-964d-e9121b107017,scooter,Sidewalk parking,Fined,75,2026-09-23T19:06:58Z,2026-09-23T22:06:58Z,POINT (-9.14226 38.71473)
f9630c22-499d-4d50-8e18-1671dc13a189,Dott,a96719dc-aaf7-42d7-948f-7f225b285ebb,scooter,Outside parking zone,Fined,50,2026-09-23T19:48:58Z,2026-09-23T22:03:58Z,POINT (-9.15092 38.72276)
2b7b15b6-2e7d-496f-b56a-5fec55fed224,Lime,0642e91e-8c71-44d0-a695-41cc1c3602bf,scooter,Outside parking zone,Resolved,,2026-09-23T20:49:31Z,2026-09-24T00:41:31Z,POINT (-9.13912 38.70836)
bf260fee-6c49-4a7a-8daf-9c1bbb4ca5f2,Bolt,f3f54142-6378-416e-aee9-ed44ed7d92f6,scooter,Sidewalk parking,Open,,2026-09-23T20:49:58Z,,POINT (-9.14645 38.73677)
da50765f-8840-4c06-862a-3efeb250b74b,Bolt,bee576cb-25ee-47cb-909f-c725b21599bd,scooter,No-parking zone,Fined,100,2026-09-23T20:50:36Z,2026-09-24T00:10:36Z,POINT (-9.18412 38.70201)
bbbe4705-a86f-4b40-a909-6f059d0396c8,Bolt,ac80ba37-93c5-423d-b4f2-3ea44dec70c4,scooter,Blocking access,Resolved,,2026-09-23T21:54:24Z,2026-09-23T22:45:24Z,POINT (-9.14596 38.72436)
e32aeefd-7c34-4288-88ee-0bf7f0489a3c,Lime,df0231e6-d581-47c6-abd9-a8f293b7eefc,scooter,Sidewalk parking,Resolved,,2026-09-23T22:28:22Z,2026-09-24T00:51:22Z,POINT (-9.14522 38.72366)
a3cc9e09-738c-4405-91bb-667e3fb5c144,Lime,321dcab6-370b-457a-8b12-9d8e49be39cf,bicycle,Sidewalk parking,Fined,75,2026-09-23T23:11:24Z,2026-09-24T08:59:24Z,POINT (-9.13480 38.76182)
f6bac93e-9ff7-45fe-ad79-7ae19c1b662d,Lime,7062cb9e-5fbf-40b8-875a-ba30033d37e4,scooter,Fallen vehicle,Resolved,,2026-09-23T23:24:41Z,2026-09-24T01:07:41Z,POINT (-9.12553 38.73794)
1cc4fa6e-51b3-4dea-996a-a46f2fa83e6c,Bolt,44d8c4f1-7cef-432c-8977-64aab56212da,scooter,Outside parking zone,Fined,50,2026-09-23T23:38:56Z,2026-09-24T01:39:56Z,POINT (-9.14300 38.71874)
2ac29dc7-b5ea-4b32-bfb8-ba2c964188a0,Lime,98eff626-93b0-4fcf-89e0-284a03683902,bicycle,Fallen vehicle,Open,,2026-09-24T07:45:20Z,,POINT (-9.14306 38.71141)
fb879b7e-9a58-45b9-9a4e-46037b4e1e13,Voi,1aa8ce25-3593-471e-8da1-5e45f5bfd5f9,scooter,Fallen vehicle,Resolved,,2026-09-24T08:13:31Z,2026-09-24T09:20:31Z,POINT (-9.09693 38.77359)
3ad6f906-fa59-4b60-ac66-eba28075679a,Lime,321dcab6-370b-457a-8b12-9d8e49be39cf,bicycle,Sidewalk parking,Fined,75,2026-09-24T08:31:37Z,2026-09-24T14:07:37Z,POINT (-9.15607 38.73896)
9eee805c-2dfa-4eea-b144-bbb1a813a202,Dott,d5e44995-92ee-4d06-948b-85490dc99960,bicycle,Outside parking zone,Fined,50,2026-09-24T08:43:30Z,2026-09-24T10:00:30Z,POINT (-9.15634 38.71857)
590bc642-6451-4bdb-8343-ad48e47a4879,Bolt,db792775-06c1-458c-97e0-4ccca55eb15e,scooter,Sidewalk parking,Resolved,,2026-09-24T09:26:24Z,2026-09-24T09:48:24Z,POINT (-9.14911 38.73085)
35536456-0ebb-479c-a114-350a4eb70018,Lime,7062cb9e-5fbf-40b8-875a-ba30033d37e4,scooter,Sidewalk parking,Resolved,,2026-09-24T10:06:07Z,2026-09-24T11:45:07Z,POINT (-9.14727 38.76900)
697ff86a-1d0a-48db-897e-82b4c6008607,Gira,0196f669-0d3e-4d80-acef-3a7ee55faf21,bicycle,Outside parking zone,Resolved,,2026-09-24T10:10:16Z,2026-09-24T11:25:16Z,POINT (-9.14431 38.72564)
d5e50836-78b5-496e-aa32-0d6dfdf15b6d,Voi,031db94c-6eae-4fdf-baf5-f663feff8b63,scooter,Sidewalk parking,Resolved,,2026-09-24T10:10:58Z,2026-09-24T11:17:58Z,POINT (-9.21124 38.70286)
29b04f0e-72f0-4a61-9cdc-c8650f8a8289,Dott,800e8cf1-2a41-48cf-91a6-f1069b74a911,scooter,Outside parking zone,Fined,50,2026-09-24T10:31:09Z,2026-09-24T15:02:09Z,POINT (-9.13636 38.73119)
ebd1573c-1404-449e-b2ff-9c08e25cc0ca,Lime,36b2ff62-c93c-415d-ab77-10777fd2acd1,bicycle,Sidewalk parking,Open,,2026-09-24T10:34:35Z,,POINT (-9.13152 38.71712)
9f034289-e310-4c0d-be53-6027d75a5fc1,Lime,13af053e-3297-4397-b859-9e1cb5d237a2,bicycle,Outside parking zone,Resolved,,2026-09-24T10:45:13Z,2026-09-24T14:29:13Z,POINT (-9.15735 38.72571)
bec76350-2870-4417-9ec7-4d1ab08ef957,Bolt,951afe99-fd1f-4464-8524-c95d7e879f08,scooter,Blocking access,Fined,150,2026-09-24T11:17:51Z,2026-09-24T13:17:51Z,POINT (-9.13222 38.71282)
d2f81267-145a-4222-8f6c-0adaaa6415c8,Dott,94fe1632-b4c0-41a0-8b45-b3d576c462b7,scooter,Sidewalk parking,Open,,2026-09-24T12:11:35Z,,POINT (-9.14062 38.71443)
d7c0333c-1dfb-4b2d-bf6c-242ddacde835,Bolt,a32edf7e-685c-4ea3-be46-3be2e90c8961,scooter,Blocking access,Fined,150,2026-09-24T12:52:24Z,2026-09-24T16:22:24Z,POINT (-9.09421 38.76434)
3f1bde79-8b75-4a89-bca9-0b9e1405e9f8,Bolt,9fae123d-0ce2-4f22-a7ea-ab9f6e69f612,scooter,Blocking access,Fined,150,2026-09-24T13:02:30Z,2026-09-24T14:47:30Z,POINT (-9.13300 38.71432)
b9a618b1-db40-46de-9d0f-2899d99c676d,Bolt,6721d67a-5048-467c-880b-388b7efeb388,scooter,No-parking zone,Resolved,,2026-09-24T13:18:57Z,2026-09-24T15:00:57Z,POINT (-9.14576 38.71520)
9e55d41e-bde9-44ff-9e7e-acbd276ec4dc,Lime,fdfc2efa-711b-43c1-8a9a-6605f11c0223,scooter,Outside parking zone,Resolved,,2026-09-24T15:01:57Z,2026-09-24T15:26:57Z,POINT (-9.13421 38.74438)
1238d0ff-b0ce-4d79-af28-b3299eb316c0,Lime,2f1e8b2a-6eba-47ad-865c-1717c235a386,bicycle,Blocking access,Fined,150,2026-09-24T16:56:19Z,2026-09-24T17:52:19Z,POINT (-9.18015 38.70437)
6c01b23e-d246-410c-9687-511cd99c5843,Lime,4e1b3b14-e4a4-45a7-b143-84acc9995371,scooter,No-parking zone,Open,,2026-09-24T17:04:47Z,,POINT (-9.13027 38.74098)
61fb8fc7-2341-4db0-a98b-1b8de37d0f6e,Voi,976d53f5-0aca-40ae-bf69-b3076feb33a4,scooter,No-parking zone,Open,,2026-09-24T17:25:37Z,,POINT (-9.18228 38.70618)
fa6e0c4a-b66d-4779-99c5-4d06dc4f7cc6,Dott,e3b26730-d04d-4a7e-90ae-fd357058df76,bicycle,No-parking zone,Resolved,,2026-09-24T17:34:29Z,2026-09-24T19:28:29Z,POINT (-9.14345 38.75895)
0408a84e-538b-46be-befe-b7310ad4d367,Dott,e3b26730-d04d-4a7e-90ae-fd357058df76,bicycle,Sidewalk parking,Resolved,,2026-09-24T18:24:38Z,2026-09-24T20:06:38Z,POINT (-9.12880 38.71536)
d6bad897-cafc-411d-b21f-af3b71e9e758,Lime,967533db-b88d-462f-ba82-87a8b01a5f43,scooter,No-parking zone,Resolved,,2026-09-24T18:30:51Z,2026-09-24T22:54:51Z,POINT (-9.15177 38.73872)
5ed40653-d6e3-49f8-b9ad-4954e727ddfb,Dott,edcaee5d-e3cb-4bbc-a382-948e3d239b1b,bicycle,Sidewalk parking,Resolved,,2026-09-24T18:46:52Z,2026-09-24T22:19:52Z,POINT (-9.09849 38.76656)
dda2da50-86c5-427a-9d5a-224879da8d0e,Bolt,855bed57-f2f1-4ed8-8234-2561905866fc,scooter,Sidewalk parking,Fined,75,2026-09-24T19:21:26Z,2026-09-24T20:57:26Z,POINT (-9.14280 38.72405)
2437104b-7203-419f-aa36-f6dcfa0b66d1,Bolt,3ea17d33-1611-4563-a92d-2943e6a53331,scooter,Fallen vehicle,Fined,50,2026-09-24T19:42:27Z,2026-09-24T20:28:27Z,POINT (-9.09745 38.77006)
4d9a3074-d0da-49f3-b98e-188af4247290,Dott,37c93767-edf4-4807-9c5b-0e4ff0464f70,bicycle,Blocking access,Open,,2026-09-24T20:06:20Z,,POINT (-9.14402 38.70885)
a0ee0779-fb57-4c98-9928-d1b84f7cbd78,Dott,b6faffd3-000b-4fc2-888d-27f26debc031,scooter,Blocking access,Open,,2026-09-24T21:44:45Z,,POINT (-9.14150 38.70697)
c7a6d084-04f7-4309-907c-bf1059932aef,Bolt,b945cd67-8cf4-4f90-97ae-e9285602559b,scooter,No-parking zone,Open,,2026-09-24T22:09:58Z,,POINT (-9.14333 38.71020)
5ae1c850-2c06-4ad6-b137-d417fa493b26,Dott,7ea4b4d1-e1ff-4f80-9d67-61d0fe9bfea2,scooter,Fallen vehicle,Fined,50,2026-09-24T22:47:13Z,2026-09-24T23:21:13Z,POINT (-9.14323 38.70749)
d14b5026-29e9-465e-82ef-d70bb4fb8c6e,Lime,ac345722-273a-40d3-acec-64edc508cb39,scooter,Fallen vehicle,Open,,2026-09-25T01:56:22Z,,POINT (-9.14027 38.75175)
c1be7e89-a26c-4c02-b711-cc3b15bfb202,Lime,98eff626-93b0-4fcf-89e0-284a03683902,bicycle,Sidewalk parking,Resolved,,2026-09-25T06:17:23Z,2026-09-25T09:48:23Z,POINT (-9.15764 38.71793)
b72ebd69-41c8-4345-97c3-45ee6550bd53,Voi,c84e310c-3cd6-45b7-a916-3599c05d0142,scooter,Sidewalk parking,Resolved,,2026-09-25T06:49:55Z,2026-09-25T13:03:55Z,POINT (-9.09695 38.76183)
d10c51db-6a44-462e-b626-f9949239950c,Voi,bd18cf69-a632-4529-80a8-40bf17fedf2a,scooter,Sidewalk parking,Fined,75,2026-09-25T08:34:14Z,2026-09-25T09:47:14Z,POINT (-9.13752 38.73276)
1a199fca-6573-4fa3-8d4e-028fcf8a14b8,Bolt,73430839-06a0-4968-acad-7206425aa146,scooter,No-parking zone,Resolved,,2026-09-25T08:53:51Z,2026-09-25T10:58:51Z,POINT (-9.15052 38.72442)
7d0c880b-f018-4f88-bc94-acd623df77aa,Bolt,92eebb84-cc1a-417c-8e25-e34060ded0e4,scooter,Blocking access,Open,,2026-09-25T09:20:42Z,,POINT (-9.10761 38.76019)
8f07dd50-57e4-4c31-94b4-eafac0b6327e,Dott,0517342b-35d4-4213-a012-cd0bc34433ba,scooter,No-parking zone,Open,,2026-09-25T09:47:55Z,,POINT (-9.09274 38.76079)
8e8fcf1f-c3ba-402f-8db6-3eed5b8bb8a9,Dott,8b03e9c5-8c6a-4e58-937c-6e92fe75537a,scooter,No-parking zone,Resolved,,2026-09-25T10:00:21Z,2026-09-25T12:22:21Z,POINT (-9.15474 38.73386)
6e86428c-b579-4515-9d8c-327a785c5fdd,Bolt,d8667dc6-ac80-4d0e-993c-decb7990a95c,scooter,No-parking zone,Resolved,,2026-09-25T10:44:39Z,2026-09-25T14:23:39Z,POINT (-9.14000 38.75653)
bf32cbd8-9fc4-4125-a7c5-1e3b2559d38a,Lime,bf17d28b-0634-4637-871b-b2822e65fd44,bicycle,Sidewalk parking,Resolved,,2026-09-25T11:34:18Z,2026-09-25T13:39:18Z,POINT (-9.13889 38.71278)
ba0fa4eb-b4e8-4bb7-83fb-ce9c38db6caf,Lime,093d6d3a-bf72-4179-bf8e-af8017289661,scooter,Outside parking zone,Resolved,,2026-09-25T12:01:39Z,2026-09-25T13:24:39Z,POINT (-9.14164 38.72084)
6b92f667-74ef-4962-b9cb-76abd0fbd78c,Lime,f4e98941-2e10-4fbf-964e-9beeb7ed2649,scooter,Sidewalk parking,Resolved,,2026-09-25T12:26:46Z,2026-09-25T15:21:46Z,POINT (-9.17970 38.69974)
da86a229-ab3a-467b-a67a-df314edb6dfd,Voi,1aa8ce25-3593-471e-8da1-5e45f5bfd5f9,scooter,Blocking access,Open,,2026-09-25T13:23:06Z,,POINT (-9.13900 38.74099)
4dad6054-5a79-4318-9a77-72ea9a5c2cb7,Voi,bd18cf69-a632-4529-80a8-40bf17fedf2a,scooter,No-parking zone,Open,,2026-09-25T13:27:38Z,,POINT (-9.20954 38.69439)
32a6ff0d-f3fd-4b9f-956f-5bd36e3cc8d9,Voi,c24a7eb4-3ebf-472f-b386-3ec1adc8cb0d,scooter,Outside parking zone,Resolved,,2026-09-25T13:32:17Z,2026-09-25T14:09:17Z,POINT (-9.14792 38.71468)
e7d06e01-67ea-4b49-a363-47b666e4a0e9,Lime,13af053e-3297-4397-b859-9e1cb5d237a2,bicycle,No-parking zone,Resolved,,2026-09-25T14:05:01Z,2026-09-25T15:13:01Z,POINT (-9.16118 38.76380)
841275e6-20a8-45e8-bad4-553c419ed098,Lime,a112da0c-b094-4a5a-be01-f695793dd1b8,scooter,Outside parking zone,Open,,2026-09-25T14:35:10Z,,POINT (-9.12913 38.71344)
50830771-3f6c-4209-8e33-fee8117c328b,Lime,10ed1eb9-f24f-49dd-a34f-cfcb51e6590a,scooter,Outside parking zone,Resolved,,2026-09-25T14:54:51Z,2026-09-25T15:56:51Z,POINT (-9.13026 38.74217)
79c456ab-1843-4137-a301-56e8e3a38bf6,Dott,c193831d-8b4b-4261-8526-f3d41d9a2ba2,bicycle,Blocking access,Resolved,,2026-09-25T15:09:20Z,2026-09-25T17:43:20Z,POINT (-9.10072 38.76592)
ebe97de9-2f4b-4dc2-9cca-736bc6db4863,Lime,e0a204aa-b833-4c75-89f0-96cdd0d821b3,bicycle,Sidewalk parking,Resolved,,2026-09-25T15:15:40Z,2026-09-25T18:20:40Z,POINT (-9.13335 38.71012)
6107a041-5a49-4ca5-bb67-2398ab1a3a77,Lime,2378adfe-24e7-4920-bd9e-7212548244e8,bicycle,Outside parking zone,Resolved,,2026-09-25T15:24:21Z,2026-09-25T17:06:21Z,POINT (-9.14641 38.71219)
ee8f0475-372d-42a7-be90-3c27149bd534,Bolt,be234d5a-15d4-4578-9c01-3698cfcb4175,scooter,Sidewalk parking,Resolved,,2026-09-25T15:58:27Z,2026-09-25T17:41:27Z,POINT (-9.14521 38.73835)
7de9b498-3ba7-4bb3-9506-e10148912c4e,Bolt,18446068-94ec-440f-bbd6-afbf135b5c1b,scooter,Blocking access,Open,,2026-09-25T16:23:51Z,,POINT (-9.13879 38.70966)
6f05ea0b-7327-43bc-a619-f10af05152a9,Lime,98eff626-93b0-4fcf-89e0-284a03683902,bicycle,Outside parking zone,Resolved,,2026-09-25T16:32:36Z,2026-09-25T19:12:36Z,POINT (-9.13430 38.71389)
e7fe6654-6a88-4e2c-84e9-76d8bbaf6815,Voi,ecf762c0-2f6a-440e-94ae-ff6776a3e6ab,scooter,Sidewalk parking,Resolved,,2026-09-25T16:41:10Z,2026-09-25T18:18:10Z,POINT (-9.13665 38.71466)
63bdaa8b-abab-4bf3-b9f5-1ab18b8b143c,Voi,0b6b7ab5-a037-4b2c-b7e2-a4ed556ffa40,scooter,Blocking access,Open,,2026-09-25T17:38:37Z,,POINT (-9.15133 38.72761)
5ff7f9d8-d8e8-490a-af01-224219747889,Bolt,d8667dc6-ac80-4d0e-993c-decb7990a95c,scooter,No-parking zone,Resolved,,2026-09-25T17:49:02Z,2026-09-25T18:25:02Z,POINT (-9.10227 38.75947)
a6c7ca40-4aa5-4f7a-bad2-97926ef9af88,Voi,96bb6967-19b5-403e-a4f5-24fad6e269fa,scooter,Sidewalk parking,Fined,75,2026-09-25T18:19:27Z,2026-09-25T19:02:27Z,POINT (-9.14248 38.73158)
3a4f86c6-67e5-44a5-bb64-8906bd0e5c20,Voi,222129a3-eadc-481e-9a7e-99cb4a7903c0,scooter,No-parking zone,Resolved,,2026-09-25T18:25:48Z,2026-09-25T20:52:48Z,POINT (-9.15374 38.74468)
b471bcbe-83f4-4355-9610-250356e8484d,Lime,9c2a2049-d60a-475d-ba07-a7e4ab347991,scooter,Outside parking zone,Fined,50,2026-09-25T18:34:59Z,2026-09-25T19:55:59Z,POINT (-9.14991 38.74047)
65f40b98-e391-43d3-ae49-d9830edbdc26,Bolt,71b46293-9cd8-4771-af89-b4fae2a3afed,scooter,No-parking zone,Resolved,,2026-09-25T18:37:16Z,2026-09-25T19:51:16Z,POINT (-9.16373 38.71264)
7ce44ddb-b8bc-4eab-9d23-b3dbe4089641,Lime,d2b3cdbe-5a12-4f5d-8ae4-68e06da2b97b,bicycle,Outside parking zone,Resolved,,2026-09-25T18:50:26Z,2026-09-25T23:05:26Z,POINT (-9.10541 38.76363)
bfce4b29-66e7-422e-84d4-36b136ff71e3,Dott,6d4c2eeb-6344-47c5-b503-3ba86078d64c,scooter,Outside parking zone,Fined,50,2026-09-25T19:05:14Z,2026-09-25T20:09:14Z,POINT (-9.13103 38.75761)
fcd2f683-ac49-4138-8de2-c415f6d4a94d,Dott,ebf29ade-0d0b-410e-ad9c-178fd6342ae7,scooter,No-parking zone,Open,,2026-09-25T19:17:50Z,,POINT (-9.09389 38.76549)
9c96170f-5af2-49ac-82c7-4d8da2083921,Lime,f513e61a-b1f3-4a3d-93a7-ee4558dd0cc9,bicycle,Outside parking zone,Resolved,,2026-09-25T20:09:55Z,2026-09-25T21:36:55Z,POINT (-9.14046 38.71142)
f266d17d-ab43-475b-911d-2fb892e68fec,Bolt,09f17440-c180-4355-9541-3c7c8244de80,scooter,No-parking zone,Resolved,,2026-09-25T20:12:14Z,2026-09-25T23:40:14Z,POINT (-9.13115 38.71741)
e5dd872f-aa0c-4d8c-a2e7-6324545243c0,Lime,15c1e979-e545-41b8-af6a-2cf2fe70e894,bicycle,Outside parking zone,Open,,2026-09-25T20:22:34Z,,POINT (-9.19452 38.69888)
07ef1107-be47-4e12-a7ff-9634497fce50,Lime,aecbc50f-78be-4f8b-b759-1d225f0da23a,scooter,No-parking zone,Open,,2026-09-25T20:27:59Z,,POINT (-9.14580 38.71056)
86612762-23b1-47b6-81d5-b14a932d99f1,Bolt,674f230a-2cb1-4601-adcc-c4613b720d4c,scooter,Outside parking zone,Fined,50,2026-09-25T20:49:52Z,2026-09-25T22:02:52Z,POINT (-9.13595 38.75205)
951a8cf6-8da8-4a26-8a30-62acaec04bff,Bolt,db792775-06c1-458c-97e0-4ccca55eb15e,scooter,Fallen vehicle,Open,,2026-09-25T20:51:59Z,,POINT (-9.14126 38.71022)
98254b4e-4d31-43e6-8929-6a468cd38895,Bolt,b0e370d4-0d4c-4bb1-aa52-7b1fed0c499c,scooter,Sidewalk parking,Resolved,,2026-09-25T21:31:25Z,2026-09-25T22:15:25Z,POINT (-9.20452 38.69857)
35fa8d4e-b1df-46d6-be0d-7c00d8dd6267,Lime,0f2851fd-07f9-4cf0-92ff-0dfe1c08dfb1,scooter,No-parking zone,Fined,100,2026-09-25T22:07:09Z,2026-09-26T01:16:09Z,POINT (-9.14488 38.71481)
1a10c7be-a687-44f4-8677-17b7802eec6c,Dott,361564bd-e51a-4100-9213-3572f83292f5,bicycle,Sidewalk parking,Open,,2026-09-25T22:43:24Z,,POINT (-9.14431 38.71363)
5261dd0a-c867-4315-8249-9821cfcae94c,Lime,30443cff-eef4-4d29-9c14-97acee7743ca,bicycle,Blocking access,Fined,150,2026-09-25T22:44:23Z,2026-09-25T23:48:23Z,POINT (-9.14465 38.71209)
b22d5103-1ef3-44e1-a0b8-bf77d690642f,Lime,0f2851fd-07f9-4cf0-92ff-0dfe1c08dfb1,scooter,Sidewalk parking,Fined,75,2026-09-25T23:40:48Z,2026-09-26T02:20:48Z,POINT (-9.13768 38.74650)
09bcea59-aa87-4cd3-8f0b-71fd5fb89a63,Lime,7062cb9e-5fbf-40b8-875a-ba30033d37e4,scooter,No-parking zone,Resolved,,2026-09-26T00:49:02Z,2026-09-26T02:27:02Z,POINT (-9.14707 38.74218)
54d88e6b-98a7-4afc-83ad-a81ecfb3cd88,Lime,a112da0c-b094-4a5a-be01-f695793dd1b8,scooter,Outside parking zone,Open,,2026-09-26T01:20:33Z,,POINT (-9.14621 38.70646)
55f3e456-2713-4d89-b643-57085fdf9db9,Voi,3a08457e-65e3-4dda-8ac4-5b4f51296b23,scooter,Outside parking zone,Fined,50,2026-09-26T01:45:14Z,2026-09-26T03:47:14Z,POINT (-9.15053 38.71658)
2f87ac8b-f535-4d3c-a302-59e3752d1839,Lime,2055bd47-95de-49ed-9521-d5dda61dae8f,scooter,Fallen vehicle,Resolved,,2026-09-26T06:53:25Z,2026-09-26T08:08:25Z,POINT (-9.14648 38.72559)
f4e19906-d466-4ec7-bcd6-3af072c1e374,Bolt,44c7084d-4933-4490-afe3-1350c0a0d959,scooter,Sidewalk parking,Fined,75,2026-09-26T08:48:05Z,2026-09-26T11:01:05Z,POINT (-9.16545 38.76676)
8288dd00-c02e-4229-af3f-5959966b685d,Lime,60b65eb3-2281-4781-b552-6de994dce744,bicycle,Outside parking zone,Resolved,,2026-09-26T09:48:18Z,2026-09-26T10:23:18Z,POINT (-9.15277 38.72655)
7bd536d9-100a-4b00-9066-cca0f72a3469,Voi,e611de85-b90e-4193-9c4d-4fa610d3d826,scooter,Outside parking zone,Open,,2026-09-26T09:56:18Z,,POINT (-9.13558 38.74422)
79e7e4e3-61ed-4645-9322-0a74e5a7f793,Voi,56fe8c0c-66e1-4926-9f98-240d88dffe1c,scooter,Blocking access,Resolved,,2026-09-26T10:20:49Z,2026-09-26T12:41:49Z,POINT (-9.15549 38.75877)
8cfebe48-2413-41e3-aab6-c023dcb3db7e,Bolt,fc0ac66b-445a-43fa-9ab4-3f387def774a,scooter,Blocking access,Open,,2026-09-26T10:38:31Z,,POINT (-9.21049 38.70249)
c413b467-8b4d-4fdf-9794-bc57a523e93c,Lime,850505e0-50a8-4b3e-94a3-4538d5d7c75f,scooter,Blocking access,Resolved,,2026-09-26T10:50:24Z,2026-09-26T12:32:24Z,POINT (-9.17844 38.70832)
7d928d7f-4e63-46f3-80e3-0666c5440108,Bolt,21434c5d-93bd-434b-b0dc-8b264f9f9faf,scooter,Fallen vehicle,Resolved,,2026-09-26T11:48:03Z,2026-09-26T14:05:03Z,POINT (-9.13043 38.71299)
75f28501-fa9b-49e7-87c2-f269287f01d4,Bolt,a17d395c-a3a7-4a21-842b-67696930191a,scooter,Blocking access,Fined,150,2026-09-26T12:14:47Z,2026-09-26T14:15:47Z,POINT (-9.09383 38.76257)
8ba93063-ebb7-4379-885d-03dc306cf4a2,Lime,94b3df6f-1c28-48b6-a19e-f8586c7b6682,bicycle,Outside parking zone,Open,,2026-09-26T12:59:57Z,,POINT (-9.13025 38.71194)
8926e235-eab1-4eb1-9f43-39b21e8cac4a,Bolt,a32edf7e-685c-4ea3-be46-3be2e90c8961,scooter,No-parking zone,Fined,100,2026-09-26T13:14:52Z,2026-09-26T14:52:52Z,POINT (-9.20588 38.69912)
fd8f8e17-ceca-4c2c-993f-c2227b63f278,Bolt,c999c62f-5c42-40b7-9d38-a46999d858f7,scooter,Outside parking zone,Open,,2026-09-26T13:42:25Z,,POINT (-9.14413 38.71710)
0e446d5a-db70-4515-ab35-4dfe2804a424,Lime,ac345722-273a-40d3-acec-64edc508cb39,scooter,Sidewalk parking,Fined,75,2026-09-26T14:14:34Z,2026-09-26T17:29:34Z,POINT (-9.20888 38.69618)
e8b88cea-fd8c-432e-9610-be4773098f91,Lime,65e94c18-a260-490d-b2bc-ae7aa196fdee,bicycle,Fallen vehicle,Fined,50,2026-09-26T14:32:09Z,2026-09-26T15:21:09Z,POINT (-9.16859 38.71830)
3d0e8b89-6b20-4a08-a47e-3262c0c611b8,Voi,1aa8ce25-3593-471e-8da1-5e45f5bfd5f9,scooter,Blocking access,Resolved,,2026-09-26T14:39:11Z,2026-09-26T15:32:11Z,POINT (-9.10548 38.75839)
507fb02a-bad5-4d7b-a11d-6e53cfd5bd1e,Lime,a84d138a-e314-4bd7-a194-3eef53a4299b,scooter,No-parking zone,Resolved,,2026-09-26T16:38:40Z,2026-09-26T18:49:40Z,POINT (-9.12995 38.71660)
809070b5-ca73-49e4-b178-3dab1a2c22cf,Bolt,51e141ec-2f8a-4f4d-bd6f-7b454d46aee7,scooter,No-parking zone,Open,,2026-09-26T17:00:32Z,,POINT (-9.14007 38.71723)
f671b3b0-863f-4653-a7de-c1790ce59e2d,Voi,7dbb5001-6391-4bac-b726-655b9224415c,scooter,Sidewalk parking,Resolved,,2026-09-26T17:15:38Z,2026-09-26T19:52:38Z,POINT (-9.14246 38.71531)
c43375d6-90f3-4ca4-9f2e-f539cd84160f,Voi,2bfd7591-b635-4123-b71d-1bb2e940c7cd,scooter,Blocking access,Open,,2026-09-26T17:19:32Z,,POINT (-9.10169 38.76673)
6bc48055-9fea-4bf2-a622-83f80b76a34a,Bolt,c999c62f-5c42-40b7-9d38-a46999d858f7,scooter,Sidewalk parking,Resolved,,2026-09-26T18:08:55Z,2026-09-26T19:40:55Z,POINT (-9.16376 38.71214)
1a43e87b-7b36-4618-b302-39aeb098d94f,Bolt,c92a1c96-6478-4985-816b-3055e5d95ab4,scooter,Sidewalk parking,Open,,2026-09-26T18:26:18Z,,POINT (-9.16099 38.71773)
69aa375c-7f71-40c1-98c6-da6b1e2f4c1e,Gira,ba9b6485-b44a-48d1-a9a3-a6e0cfb5bf3c,bicycle,Blocking access,Resolved,,2026-09-26T19:10:17Z,2026-09-26T20:22:17Z,POINT (-9.13961 38.71597)
d8fc685f-64e9-4b49-8c40-6c2341c2c9b4,Dott,91c71422-c929-4b4c-b646-e04b8b102d95,bicycle,Outside parking zone,Resolved,,2026-09-26T20:19:44Z,2026-09-26T21:56:44Z,POINT (-9.13994 38.71115)
0c6788df-3ce7-42a9-83f9-d92b1e54ed3c,Dott,ed35e954-f76b-4036-9b20-12053d073251,bicycle,No-parking zone,Fined,100,2026-09-26T20:53:06Z,2026-09-26T21:40:06Z,POINT (-9.13869 38.71243)
fa6601b0-acf9-4e55-a890-f922fda8fa74,Lime,36b2ff62-c93c-415d-ab77-10777fd2acd1,bicycle,Sidewalk parking,Open,,2026-09-26T21:06:25Z,,POINT (-9.14887 38.71136)
179e04f1-e243-4d07-9da9-9a69ce0a6b15,Dott,d5e44995-92ee-4d06-948b-85490dc99960,bicycle,Outside parking zone,Fined,50,2026-09-26T21:14:17Z,2026-09-27T06:02:17Z,POINT (-9.13882 38.71440)
b50f67b9-2bb7-42c7-9d15-e648d6af1d79,Dott,94fe1632-b4c0-41a0-8b45-b3d576c462b7,scooter,Sidewalk parking,Fined,75,2026-09-26T21:19:13Z,2026-09-26T22:21:13Z,POINT (-9.14090 38.74594)
273bf57b-2879-4469-9b30-285bcd5ec867,Bolt,3ea17d33-1611-4563-a92d-2943e6a53331,scooter,Sidewalk parking,Fined,75,2026-09-26T21:44:30Z,2026-09-26T22:29:30Z,POINT (-9.20944 38.70121)
c73e7814-a1ed-4ab9-8a4a-c5306cfaa51d,Lime,965de629-aeca-450d-92d7-71a91df87b16,bicycle,Sidewalk parking,Resolved,,2026-09-26T21:55:23Z,2026-09-26T23:23:23Z,POINT (-9.13275 38.76075)
2a24806c-918b-4439-ba93-e099a2210997,Lime,8aeeae6c-c9f8-4f74-88fa-262a282eb4d5,bicycle,Fallen vehicle,Resolved,,2026-09-26T22:04:21Z,2026-09-27T00:38:21Z,POINT (-9.13852 38.71163)
ac53b4b3-edfa-4ec5-9e22-e432333bd155,Voi,cc4be73f-0e1c-4923-93a6-bcc656439d19,scooter,Fallen vehicle,Fined,50,2026-09-26T22:35:14Z,2026-09-26T23:32:14Z,POINT (-9.14724 38.71215)
4bb10940-a7ee-4525-982c-717272ae57b9,Bolt,21434c5d-93bd-434b-b0dc-8b264f9f9faf,scooter,No-parking zone,Resolved,,2026-09-26T23:39:28Z,2026-09-27T01:02:28Z,POINT (-9.20684 38.70245)
334cdf2b-73b0-4849-abb8-d3bb6c831e67,Lime,f513e61a-b1f3-4a3d-93a7-ee4558dd0cc9,bicycle,Sidewalk parking,Resolved,,2026-09-26T23:45:08Z,2026-09-27T02:38:08Z,POINT (-9.14205 38.70786)
230b4283-e085-474d-9f5d-d94aa916673c,Voi,150152fd-da6f-4ceb-86ab-0ed62b6e9195,scooter,Fallen vehicle,Resolved,,2026-09-26T23:51:41Z,2026-09-27T00:45:41Z,POINT (-9.13463 38.71825)
bfabcfd0-58cc-40ca-884f-d3a94250dc8b,Dott,a5773941-12a9-4097-9dde-474885acd738,bicycle,Fallen vehicle,Open,,2026-09-27T00:20:07Z,,POINT (-9.14739 38.70732)
14aee81e-b279-414b-883a-de4216342964,Bolt,f5422f20-5f6e-4d63-b354-a528b67428d7,scooter,Blocking access,Resolved,,2026-09-27T00:32:22Z,2026-09-27T01:55:22Z,POINT (-9.13993 38.71346)
54858a1f-a0ae-4b70-bd3a-2db9447cf6b4,Dott,901acb58-2e93-4fca-8173-5b98a030f0dd,scooter,Fallen vehicle,Resolved,,2026-09-27T02:28:39Z,2026-09-27T03:35:39Z,POINT (-9.14109 38.71185)
9ebe0a0d-4b19-4b33-8260-cf83556f815f,Bolt,9d297801-a969-4418-93b7-79f923086790,scooter,No-parking zone,Resolved,,2026-09-27T02:36:47Z,2026-09-27T02:52:47Z,POINT (-9.15088 38.73124)
a8435b69-eadb-47cc-9634-4c6fb6426859,Voi,976d53f5-0aca-40ae-bf69-b3076feb33a4,scooter,Fallen vehicle,Fined,50,2026-09-27T02:59:33Z,2026-09-27T03:40:33Z,POINT (-9.15551 38.71110)
bd56fd0f-8943-40eb-9033-fb3719e8c9f5,Lime,d3573f45-4587-42ed-8812-724692ba8590,bicycle,Sidewalk parking,Open,,2026-09-27T08:00:47Z,,POINT (-9.13578 38.71182)
4e857c72-22ce-46e9-a6e7-b9be5079df87,Voi,0742f3ec-8c89-4b52-8cb3-ae704b7969a0,scooter,Outside parking zone,Fined,50,2026-09-27T08:01:04Z,2026-09-27T14:39:04Z,POINT (-9.14482 38.71197)
f934ab10-763f-43ef-a10b-ab45a64a6e66,Lime,3343cc05-54bc-422a-a457-5525fc4399f5,bicycle,No-parking zone,Resolved,,2026-09-27T08:05:58Z,2026-09-27T08:47:58Z,POINT (-9.14487 38.71106)
96dcd3e4-0fa3-4535-b007-df765e63b737,Lime,967533db-b88d-462f-ba82-87a8b01a5f43,scooter,Sidewalk parking,Fined,75,2026-09-27T08:19:39Z,2026-09-27T09:51:39Z,POINT (-9.17503 38.70176)
6a344944-3d37-42dd-bce6-7a21b4095904,Voi,ad7035ae-3c5b-4bcf-bf4f-a07785177a9b,scooter,Sidewalk parking,Open,,2026-09-27T08:28:03Z,,POINT (-9.13493 38.75057)
a673af91-3d0d-4198-b559-27344c09a013,Lime,2fd27da7-1c0c-41aa-a2e1-8a57ba49d4f9,bicycle,Sidewalk parking,Resolved,,2026-09-27T09:04:35Z,2026-09-27T10:02:35Z,POINT (-9.14323 38.70690)
c1c20339-7286-44d6-b1d7-1b841a42de37,Bolt,bee576cb-25ee-47cb-909f-c725b21599bd,scooter,Sidewalk parking,Resolved,,2026-09-27T09:53:06Z,2026-09-27T11:30:06Z,POINT (-9.14405 38.70911)
af9b9ff9-517e-4e0e-a216-cb64cb25b5fc,Lime,c464edf4-bfc6-4238-83b8-2395cfe9b9d6,bicycle,Sidewalk parking,Resolved,,2026-09-27T10:07:10Z,2026-09-27T13:03:10Z,POINT (-9.13180 38.71686)
8994d5e8-f8c4-40dc-a31f-774af41393e3,Bolt,d8882c64-0e15-45af-a3c3-68520cf0cde5,scooter,No-parking zone,Open,,2026-09-27T10:07:37Z,,POINT (-9.15162 38.71058)
bb015842-d8e8-4470-80be-f62efae564c4,Voi,0b6b7ab5-a037-4b2c-b7e2-a4ed556ffa40,scooter,Sidewalk parking,Open,,2026-09-27T10:46:36Z,,POINT (-9.09592 38.76873)
e665c0db-5846-4a57-b255-876feb094a9d,Bolt,18412779-5c3b-40af-92aa-1160caaff275,scooter,No-parking zone,Open,,2026-09-27T10:48:18Z,,POINT (-9.18154 38.70713)
31690ab9-486e-4411-b49d-d559b39abbca,Bolt,09f17440-c180-4355-9541-3c7c8244de80,scooter,Sidewalk parking,Open,,2026-09-27T10:48:46Z,,POINT (-9.12910 38.71652)
e3e72439-7304-491b-a104-c99761e2fecc,Dott,1ba682cf-266a-469c-93c9-fece39aa3eb9,bicycle,Fallen vehicle,Resolved,,2026-09-27T11:00:53Z,2026-09-27T13:56:53Z,POINT (-9.20293 38.69527)
ac7f11e6-b8b0-4559-8ade-882f3aa6cd2d,Lime,2f1e8b2a-6eba-47ad-865c-1717c235a386,bicycle,Outside parking zone,Resolved,,2026-09-27T11:00:55Z,2026-09-27T11:59:55Z,POINT (-9.13945 38.70885)
9d7c2101-6424-4225-ba0d-64d46964682f,Voi,4af9c284-b894-4508-807d-b9cd23bd1bed,scooter,No-parking zone,Resolved,,2026-09-27T11:44:02Z,2026-09-27T12:45:02Z,POINT (-9.12323 38.71409)
c8263541-ef18-447c-a692-bc986428f982,Voi,bcf89c7a-96b6-404f-9052-35663e8b2a87,scooter,Blocking access,Resolved,,2026-09-27T12:52:11Z,2026-09-27T15:35:11Z,POINT (-9.14204 38.71418)
3f7c6479-1c85-46bd-b2c9-0ed738ee057f,Dott,e20f1b6d-0046-4b78-9940-13f6ca1a59cd,bicycle,Sidewalk parking,Resolved,,2026-09-27T12:53:08Z,2026-09-27T14:04:08Z,POINT (-9.16763 38.71840)
35987424-9f02-466f-ad36-1c3efb318797,Bolt,855bed57-f2f1-4ed8-8234-2561905866fc,scooter,Sidewalk parking,Resolved,,2026-09-27T13:02:32Z,2026-09-27T14:06:32Z,POINT (-9.21131 38.70190)
ac03a77e-b0fc-4c0d-8b20-aacbdddc3cfd,Lime,b04846a6-34b1-465b-98c3-d05f3dd6ec13,scooter,Outside parking zone,Resolved,,2026-09-27T13:08:26Z,2026-09-27T14:44:26Z,POINT (-9.14619 38.73706)
2ae2c10b-d029-4081-867f-0b5866d0a8f7,Lime,6ec9bfa9-3a3c-4954-b0a0-1ca271651287,scooter,Outside parking zone,Resolved,,2026-09-27T14:08:29Z,2026-09-27T15:31:29Z,POINT (-9.13929 38.71095)
a1e095b2-7b0d-474f-8300-a0f6ecb6b744,Dott,361564bd-e51a-4100-9213-3572f83292f5,bicycle,Fallen vehicle,Fined,50,2026-09-27T14:31:21Z,2026-09-27T14:58:21Z,POINT (-9.13985 38.75175)
579a0956-de6f-44d4-a5ba-cfe5c6be997d,Voi,cb124cb8-7c86-46db-99a9-bbcfac0fabca,scooter,Fallen vehicle,Resolved,,2026-09-27T14:57:38Z,2026-09-27T15:26:38Z,POINT (-9.16940 38.75744)
231d13b1-081f-4d9e-824c-967f57479131,Voi,61185fe0-1e4d-48b8-a5ab-d332d52f53a2,scooter,Blocking access,Resolved,,2026-09-27T15:18:15Z,2026-09-27T17:55:15Z,POINT (-9.11946 38.73723)
63c0d7ea-607e-4440-9496-3f037071dacb,Lime,c3e1d004-949d-4356-8263-14a287ea3973,scooter,Sidewalk parking,Resolved,,2026-09-27T15:37:21Z,2026-09-27T18:54:21Z,POINT (-9.18297 38.70656)
fe252bbd-41d6-425d-9e0b-12eb50a1de7a,Lime,daf28f52-64d1-4690-884e-f318ed93f6d2,scooter,Sidewalk parking,Resolved,,2026-09-27T17:09:27Z,2026-09-27T18:04:27Z,POINT (-9.13301 38.71532)
ae468ffc-a06e-4e49-99ec-dacf72ceec28,Bolt,ac80ba37-93c5-423d-b4f2-3ea44dec70c4,scooter,Outside parking zone,Resolved,,2026-09-27T18:05:24Z,2026-09-27T19:01:24Z,POINT (-9.13451 38.71278)
2c1c3a90-d630-4977-86ba-f4077b8890c0,Dott,7d7410f2-69b0-4145-8e98-18f21781fcc0,scooter,Outside parking zone,Resolved,,2026-09-27T18:13:39Z,2026-09-27T19:02:39Z,POINT (-9.13079 38.71554)
8bc91bb0-3e40-4cd5-929b-a61b0072b71a,Bolt,9247b7db-4a8b-452a-bb31-d89ef4301188,scooter,Outside parking zone,Fined,50,2026-09-27T19:04:03Z,2026-09-27T20:16:03Z,POINT (-9.12024 38.71395)
4081d6ce-9eec-4594-909f-b665b24d70b0,Lime,9ef6d396-4266-464e-be68-52d8090dff9a,scooter,Outside parking zone,Resolved,,2026-09-27T19:20:16Z,2026-09-27T23:13:16Z,POINT (-9.20516 38.69833)
4dad27a5-fe5b-4fdc-a566-b082c938fbd4,Gira,54ac85f6-271e-435b-bf5f-db11e4859177,bicycle,No-parking zone,Resolved,,2026-09-27T19:31:39Z,2026-09-27T20:45:39Z,POINT (-9.17677 38.70615)
24082e2c-de9b-4e07-8cd9-6637ff96219c,Dott,bb591682-0a85-4373-8525-688f70d3fed0,scooter,Outside parking zone,Resolved,,2026-09-27T20:44:25Z,2026-09-27T21:46:25Z,POINT (-9.15674 38.75654)
fb678a9e-be2a-4375-b008-4d10ad29a9f8,Voi,2bfd7591-b635-4123-b71d-1bb2e940c7cd,scooter,Blocking access,Open,,2026-09-27T20:47:50Z,,POINT (-9.14358 38.70598)
5744bbe1-463d-4dd5-816e-00adff44d2cc,Bolt,8c8da4fe-bd96-402a-8156-d82c5475a8fd,scooter,No-parking zone,Resolved,,2026-09-27T20:52:03Z,2026-09-27T23:07:03Z,POINT (-9.14707 38.71147)
76e9cf81-aff1-41c2-a11f-e6e784f26d4c,Gira,0196f669-0d3e-4d80-acef-3a7ee55faf21,bicycle,Sidewalk parking,Resolved,,2026-09-27T21:58:00Z,2026-09-28T00:47:00Z,POINT (-9.13373 38.71766)
260e67a2-b3c5-42a0-866b-12cbdc4e03b5,Dott,862fa97d-802c-4394-b802-98cbdbd410fb,scooter,Fallen vehicle,Open,,2026-09-27T22:15:44Z,,POINT (-9.20680 38.69899)
96c8ff96-6852-4267-b75f-43d7fe87ac7c,Voi,c0e7040e-da84-4a3f-8146-d3f6215bfdb2,scooter,Sidewalk parking,Resolved,,2026-09-27T22:32:43Z,2026-09-27T23:26:43Z,POINT (-9.14903 38.71469)
7760f4dd-0871-48c1-a5e1-ed2fb8a2a031,Bolt,75b6a7f4-2fd7-4d52-a1d0-a14daa582a89,scooter,Outside parking zone,Open,,2026-09-27T23:29:14Z,,POINT (-9.15375 38.76473)
0bf92528-791e-4d3c-bc9e-3d9c3a684819,Bolt,73430839-06a0-4968-acad-7206425aa146,scooter,Blocking access,Open,,2026-09-27T23:39:26Z,,POINT (-9.14296 38.71186)
9d5867ee-2d2c-4d64-9bea-857647d96227,Lime,36b2ff62-c93c-415d-ab77-10777fd2acd1,bicycle,Fallen vehicle,Open,,2026-09-28T00:00:51Z,,POINT (-9.14592 38.71391)
001bc5ac-53be-415a-b619-dccc5223d6d0,Lime,36b2ff62-c93c-415d-ab77-10777fd2acd1,bicycle,No-parking zone,Fined,100,2026-09-28T04:48:50Z,2026-09-28T05:42:50Z,POINT (-9.14673 38.74073)
2fa7355d-fa21-41ba-9357-1b8dda547b43,Lime,9c2a2049-d60a-475d-ba07-a7e4ab347991,scooter,No-parking zone,Fined,100,2026-09-28T07:33:18Z,2026-09-28T12:55:18Z,POINT (-9.12043 38.72021)
7c335de0-66ce-4259-b898-68d9830f930b,Bolt,b486ed5a-c947-46e3-a3e0-72a117e2f556,scooter,Fallen vehicle,Resolved,,2026-09-28T08:19:41Z,2026-09-28T08:53:41Z,POINT (-9.14479 38.73636)
742771ba-63fa-40af-b9b4-72f3c48fae52,Bolt,7913c9ec-749b-46d0-aaf4-ed5d07766d36,scooter,No-parking zone,Open,,2026-09-28T09:25:36Z,,POINT (-9.12319 38.71334)
a69c45c3-23ba-4b40-87b4-32e7492b5e91,Voi,bdd367c1-afc0-4b28-b3ee-cce9f358c84c,scooter,Outside parking zone,Open,,2026-09-28T09:43:53Z,,POINT (-9.13362 38.71747)
45447c74-ae8c-4f2a-abe2-0d5e4cbe26e2,Bolt,6cb361f1-fab7-43da-a851-7a6a759fcb0b,scooter,No-parking zone,Resolved,,2026-09-28T09:46:00Z,2026-09-28T10:41:00Z,POINT (-9.12941 38.71416)
64e16a68-4bbe-4b4d-a038-6321a857447f,Gira,cf99fac3-641b-4ad5-ad91-035041d4c070,bicycle,Sidewalk parking,Fined,75,2026-09-28T09:51:05Z,2026-09-28T13:20:05Z,POINT (-9.15235 38.74685)
050e2b28-1aaa-47d5-ac5f-1f427a275448,Bolt,21434c5d-93bd-434b-b0dc-8b264f9f9faf,scooter,Outside parking zone,Fined,50,2026-09-28T10:18:56Z,2026-09-28T11:22:56Z,POINT (-9.13824 38.71986)
3551aa4c-8853-459c-af36-89144fb15eee,Lime,db7218ff-f38f-4eab-8d15-373d6cb374ee,bicycle,Outside parking zone,Resolved,,2026-09-28T10:23:28Z,2026-09-28T10:57:28Z,POINT (-9.20413 38.69735)
358701a3-5d59-4491-8274-1110938d74b4,Bolt,d8e0d475-d178-48aa-99bb-1ee6195897b4,scooter,No-parking zone,Open,,2026-09-28T11:22:01Z,,POINT (-9.13899 38.71084)
8d020784-7275-452e-bb3e-30889c8a9a44,Dott,a6ca6885-5673-401c-af60-ee07b9904f3b,scooter,Sidewalk parking,Open,,2026-09-28T12:15:01Z,,POINT (-9.14065 38.72572)
7ed15aa7-a803-44a8-86ad-c5fa750add4f,Voi,15ad4876-8763-4430-860f-36447fe58e69,scooter,Sidewalk parking,Open,,2026-09-28T12:20:43Z,,POINT (-9.10648 38.76559)
66bdf5b2-fd44-43ca-ad12-75d540b5c1b4,Bolt,1e1c161b-9bd5-48f7-bc74-b5637909d74a,scooter,Outside parking zone,Resolved,,2026-09-28T12:41:03Z,2026-09-28T14:33:03Z,POINT (-9.13304 38.71172)
23219c70-e0c6-44e1-9ad5-e3ffc04b0d8a,Bolt,18a82f86-c008-43af-ba96-8776c9ebf1f7,scooter,Fallen vehicle,Resolved,,2026-09-28T12:54:23Z,2026-09-28T13:14:23Z,POINT (-9.16083 38.71505)
16405868-35d6-40ba-8bd1-f65e39ee1f78,Lime,d7ea6bc4-6355-4818-a924-9a4bc153e7dd,bicycle,Fallen vehicle,Resolved,,2026-09-28T13:42:37Z,2026-09-28T15:30:37Z,POINT (-9.14372 38.73815)
5e73f6ba-a6ab-4f48-abc2-0c04dc2b7a0c,Bolt,18446068-94ec-440f-bbd6-afbf135b5c1b,scooter,Outside parking zone,Resolved,,2026-09-28T14:18:32Z,2026-09-28T14:42:32Z,POINT (-9.15146 38.71519)
d988acd2-7111-4ac6-abc5-f51786fb8f61,Bolt,38032fc0-56f9-4a0d-a9e2-4e23c38835f8,scooter,No-parking zone,Resolved,,2026-09-28T14:39:18Z,2026-09-28T16:33:18Z,POINT (-9.17695 38.70389)
e398b79c-02fc-4bb2-bdfb-5c4c47def8d9,Lime,df475f7a-2731-4bf4-84f1-c3fca6a600af,scooter,Sidewalk parking,Open,,2026-09-28T14:47:52Z,,POINT (-9.12840 38.75388)
501074b3-fb3c-4920-b32c-175f78e43588,Bolt,355904ab-83ac-49b3-a4b6-a2c74cf8fc46,scooter,Sidewalk parking,Open,,2026-09-28T15:56:44Z,,POINT (-9.18163 38.70931)
70a24ca3-f388-48b7-8110-ad7f51010263,Dott,a96719dc-aaf7-42d7-948f-7f225b285ebb,scooter,Sidewalk parking,Resolved,,2026-09-28T16:26:18Z,2026-09-28T22:23:18Z,POINT (-9.17820 38.71072)
b689990b-095f-4b5a-96a6-abb29742516d,Lime,c5d2b1d1-cec8-4c42-b7c8-57148be7879d,bicycle,Sidewalk parking,Open,,2026-09-28T16:46:24Z,,POINT (-9.11691 38.76380)
881056cf-1cd4-4a77-b0c6-6b55032b57a5,Dott,a9f55de9-e097-4d26-8171-ee94fced8b27,scooter,No-parking zone,Resolved,,2026-09-28T17:19:18Z,2026-09-28T19:44:18Z,POINT (-9.12258 38.71466)
ef3f1a8e-0a97-4a9e-bf31-8740b5e0913f,Lime,0a28746f-1a0f-4b9a-87c9-b151c01588e5,bicycle,Outside parking zone,Fined,50,2026-09-28T18:01:48Z,2026-09-28T18:24:48Z,POINT (-9.13787 38.71508)
9e98b89c-dda5-4c9f-8a71-fb2c4b143c02,Voi,cb124cb8-7c86-46db-99a9-bbcfac0fabca,scooter,Fallen vehicle,Fined,50,2026-09-28T18:09:42Z,2026-09-28T19:08:42Z,POINT (-9.15448 38.72673)
f18b8d6d-5709-4ddd-a9db-993b7f78d2ac,Lime,4e1b3b14-e4a4-45a7-b143-84acc9995371,scooter,Sidewalk parking,Open,,2026-09-28T18:10:32Z,,POINT (-9.09083 38.76210)
27c7ae46-65ee-4f55-abe1-f75ed00933af,Voi,7dbb5001-6391-4bac-b726-655b9224415c,scooter,Sidewalk parking,Fined,75,2026-09-28T18:38:23Z,2026-09-28T20:01:23Z,POINT (-9.20450 38.70000)
36e6ff4c-155b-441a-b9a3-e8a475050c1b,Bolt,94e381db-489f-4416-bd22-c7986e41c09c,scooter,Fallen vehicle,Fined,50,2026-09-28T19:43:31Z,2026-09-28T20:21:31Z,POINT (-9.13841 38.74016)
b2919025-f81c-424e-a9fd-47bb3a8aa1d6,Lime,5fbb68e7-4ebe-489c-b191-87d3a3d899b5,scooter,No-parking zone,Fined,100,2026-09-28T19:55:21Z,2026-09-28T23:16:21Z,POINT (-9.20298 38.70079)
c3549239-67a6-4999-842a-668ded232674,Bolt,951afe99-fd1f-4464-8524-c95d7e879f08,scooter,Outside parking zone,Fined,50,2026-09-28T19:59:27Z,2026-09-28T20:46:27Z,POINT (-9.16399 38.71722)
f14cce70-0530-4840-967f-5d2cbe5d76c5,Dott,361564bd-e51a-4100-9213-3572f83292f5,bicycle,Sidewalk parking,Open,,2026-09-28T20:06:26Z,,POINT (-9.13766 38.71068)
90f1fb1e-4b45-4029-ab2c-aef029dba07d,Bolt,fc0ac66b-445a-43fa-9ab4-3f387def774a,scooter,Outside parking zone,Fined,50,2026-09-28T20:52:23Z,2026-09-28T23:26:23Z,POINT (-9.14312 38.71060)
06d4dd28-2f5c-46fc-8e3f-e0983842c7fc,Dott,497b4441-5d47-4eba-83db-d65416709e8d,scooter,Sidewalk parking,Resolved,,2026-09-28T21:27:41Z,2026-09-28T22:54:41Z,POINT (-9.11728 38.73042)
73a6bcab-a57d-4264-8a76-7d2954092f19,Bolt,020ead92-b37b-4150-a283-b8ccf5530cc4,scooter,Sidewalk parking,Open,,2026-09-28T22:14:12Z,,POINT (-9.12496 38.71538)
6841011e-1da8-4ff4-ae1c-4b5a220c7a8e,Bolt,6721d67a-5048-467c-880b-388b7efeb388,scooter,Outside parking zone,Open,,2026-09-28T22:17:16Z,,POINT (-9.14711 38.71197)
ca9c6c74-5e38-48b9-ae6c-950caa56da36,Bolt,845223d1-3a11-45a1-8580-c4e77e7fa2e7,scooter,No-parking zone,Resolved,,2026-09-28T23:10:23Z,2026-09-29T00:03:23Z,POINT (-9.17625 38.70221)
a1bfb6a1-e998-45ad-b15a-393a4f0e369e,Bolt,655fbccc-dad5-48e7-b063-3645f8375150,scooter,No-parking zone,Resolved,,2026-09-28T23:34:35Z,2026-09-29T03:10:35Z,POINT (-9.13628 38.71459)
86fa22d2-bbbf-4ce1-8f02-3409bf127939,Lime,f13f92b1-741b-4dd1-ad7d-c8ff2a287548,bicycle,No-parking zone,Fined,100,2026-09-29T02:38:50Z,2026-09-29T03:59:50Z,POINT (-9.12579 38.71172)
091cd8d1-9e70-4ee6-99d2-038b400a9132,Dott,52e14f8f-ee58-4143-852b-e72cff81e8aa,scooter,Blocking access,Fined,150,2026-09-29T03:45:27Z,2026-09-29T06:12:27Z,POINT (-9.15695 38.72714)
8eb7f2d7-55b7-4e3e-a863-e1efbfff7bad,Lime,d8483f91-75fe-4ddd-a55d-2a3a9cd435a5,scooter,Sidewalk parking,Open,,2026-09-29T04:45:37Z,,POINT (-9.13733 38.71330)
225cf38d-e9ee-4266-a254-fd3f6fc33d4c,Lime,df475f7a-2731-4bf4-84f1-c3fca6a600af,scooter,Sidewalk parking,Resolved,,2026-09-29T07:40:06Z,2026-09-29T09:31:06Z,POINT (-9.13733 38.70940)
308435c5-18b1-49f2-b908-54d20b241a2e,Bolt,8f7f320d-d22e-4a12-aa12-91d94d5db2e1,scooter,Blocking access,Resolved,,2026-09-29T08:14:44Z,2026-09-29T08:59:44Z,POINT (-9.15268 38.76251)
877c5dd4-b638-4279-b136-3c59eb7406f9,Dott,862fa97d-802c-4394-b802-98cbdbd410fb,scooter,Fallen vehicle,Fined,50,2026-09-29T08:41:50Z,2026-09-29T10:18:50Z,POINT (-9.14527 38.71674)
41bb51ee-8546-4f38-9a54-edfc862a1745,Lime,152b8423-9ca1-4efd-b397-c3f733a39cab,bicycle,Outside parking zone,Open,,2026-09-29T09:25:22Z,,POINT (-9.14452 38.73892)
fb6c622a-38c7-4633-a68d-3e45ba0d1aec,Bolt,b710806b-0080-4b27-98d2-f97de13c18f9,scooter,Outside parking zone,Resolved,,2026-09-29T09:51:24Z,2026-09-29T11:40:24Z,POINT (-9.16625 38.71715)
cb744181-f117-4e2e-9674-addc108400e8,Voi,bd18cf69-a632-4529-80a8-40bf17fedf2a,scooter,Sidewalk parking,Resolved,,2026-09-29T10:47:17Z,2026-09-29T18:33:17Z,POINT (-9.15818 38.71421)
a0c6b42f-5df1-43a0-b591-8a8552b0d419,Lime,daf28f52-64d1-4690-884e-f318ed93f6d2,scooter,Sidewalk parking,Fined,75,2026-09-29T11:19:00Z,2026-09-29T11:41:00Z,POINT (-9.14229 38.74331)
f80efc90-c755-43d9-a3e5-35e428188930,Lime,c464edf4-bfc6-4238-83b8-2395cfe9b9d6,bicycle,No-parking zone,Fined,100,2026-09-29T11:34:01Z,2026-09-29T12:44:01Z,POINT (-9.14548 38.73946)
4791c7c2-2824-47c3-a02b-eeb49b807bca,Dott,8065e38b-acff-4c04-acdf-b79139826240,bicycle,Blocking access,Fined,150,2026-09-29T12:20:04Z,2026-09-29T13:19:04Z,POINT (-9.12886 38.72053)
fc918f48-94fe-408a-b395-a5048b5ea062,Voi,96bb6967-19b5-403e-a4f5-24fad6e269fa,scooter,Sidewalk parking,Resolved,,2026-09-29T13:24:02Z,2026-09-29T14:16:02Z,POINT (-9.19868 38.70066)
b209d68f-c67c-4db8-981c-d018c13b4340,Bolt,8beab7ce-2625-49b1-85c9-8425c302ff30,scooter,No-parking zone,Resolved,,2026-09-29T13:26:12Z,2026-09-29T14:11:12Z,POINT (-9.14375 38.70990)
31c7c588-6002-4e90-89e8-0b34d020f4b5,Dott,e6e7681b-7508-4685-a55d-55c23e850d2e,bicycle,No-parking zone,Resolved,,2026-09-29T13:32:55Z,2026-09-29T14:07:55Z,POINT (-9.13785 38.71029)
110e30d2-e935-4cd2-9309-d1d0f0fd4e12,Bolt,a3fe7fdf-2b63-4cc0-99b7-d0a6d249779f,scooter,Outside parking zone,Resolved,,2026-09-29T13:50:25Z,2026-09-29T16:02:25Z,POINT (-9.13355 38.73551)
887f78de-140d-4938-abed-f746e6c16d26,Bolt,6721d67a-5048-467c-880b-388b7efeb388,scooter,Sidewalk parking,Resolved,,2026-09-29T15:23:07Z,2026-09-29T16:28:07Z,POINT (-9.12750 38.71165)
e5646a59-edba-4a8e-99ae-30a5cae83130,Dott,638f49cf-5ce6-4541-a7c4-bc5cb506ffe2,bicycle,No-parking zone,Resolved,,2026-09-29T15:56:59Z,2026-09-29T17:40:59Z,POINT (-9.14132 38.71295)
8200fb2f-01bf-4ce8-9781-a9bf497c130e,Bolt,e4ac6120-1ebb-41ec-972f-8199570c83e0,scooter,Outside parking zone,Resolved,,2026-09-29T16:14:57Z,2026-09-29T17:30:57Z,POINT (-9.14054 38.70725)
cdd3d7cc-0063-4b9b-aa29-82addad25171,Lime,18365523-305c-4ec7-929d-6ec2e686aedf,bicycle,Outside parking zone,Fined,50,2026-09-29T16:25:34Z,2026-09-29T17:03:34Z,POINT (-9.20868 38.69648)
02551f1c-f33c-484b-908b-c4c3f199d277,Lime,9810023e-7ce3-4b5c-85f5-4e86b955fd98,scooter,No-parking zone,Open,,2026-09-29T16:30:46Z,,POINT (-9.13316 38.71244)
936a56af-c9a1-4750-9781-21c16f34a69c,Lime,23435007-b8d7-482a-93b0-a2cd0d7cb78e,scooter,No-parking zone,Resolved,,2026-09-29T16:32:57Z,2026-09-29T17:13:57Z,POINT (-9.14392 38.73395)
86d776f6-aeb8-4919-9d8f-8e3a65bf5277,Bolt,e4ac6120-1ebb-41ec-972f-8199570c83e0,scooter,Outside parking zone,Resolved,,2026-09-29T16:47:42Z,2026-09-29T18:34:42Z,POINT (-9.13749 38.71075)
ef83700e-1c6f-44de-a13d-6b1b7a4e8f3a,Voi,81f7407a-191d-4396-99d7-8f1a68a315d3,scooter,Sidewalk parking,Open,,2026-09-29T16:48:44Z,,POINT (-9.13176 38.73858)
382974bb-473a-435f-b474-dd50d6bc1f2f,Bolt,ac80ba37-93c5-423d-b4f2-3ea44dec70c4,scooter,Blocking access,Open,,2026-09-29T16:55:13Z,,POINT (-9.20327 38.69817)
6af34ee5-dab6-4da2-91d1-3fb95a50e65e,Voi,ad7035ae-3c5b-4bcf-bf4f-a07785177a9b,scooter,Blocking access,Open,,2026-09-29T17:33:51Z,,POINT (-9.14639 38.72479)
2e9bb1e3-c6e2-47b0-a630-adecdcced363,Dott,034de5a9-4154-4774-b2ac-bbc3e955e2aa,bicycle,Outside parking zone,Open,,2026-09-29T18:12:46Z,,POINT (-9.14679 38.74317)
b5b2d84e-499a-4218-9aa3-ba89ed67b07d,Voi,18677b5b-da89-44dd-b813-e7d58a8e2671,scooter,Sidewalk parking,Resolved,,2026-09-29T19:12:03Z,2026-09-29T20:37:03Z,POINT (-9.15079 38.72533)
1d357730-5e05-43d6-b9b0-9dec28fba221,Voi,ee1ca2cb-3fd3-448f-a1dc-f958a0b12a49,scooter,Fallen vehicle,Open,,2026-09-29T19:36:54Z,,POINT (-9.14930 38.73706)
3686d719-f549-4c43-b4ee-fbf46588a1da,Gira,84fb2f81-7057-4025-96ff-ba9188c85478,bicycle,Fallen vehicle,Fined,50,2026-09-29T19:40:09Z,2026-09-29T22:44:09Z,POINT (-9.09955 38.76083)
e75372e6-c1c6-49ab-8512-21e093c4fa48,Lime,2f1e8b2a-6eba-47ad-865c-1717c235a386,bicycle,Blocking access,Resolved,,2026-09-29T20:13:01Z,2026-09-29T21:16:01Z,POINT (-9.14494 38.70849)
3394d10d-d8d9-452d-b821-9ad66aa9ffb4,Lime,752c1b66-e972-462b-9b17-802bf3c8837a,bicycle,Fallen vehicle,Resolved,,2026-09-29T20:22:08Z,2026-09-29T22:21:08Z,POINT (-9.12966 38.71385)
37f17278-a18a-4c39-baa5-3585002f74ac,Lime,22c21901-7dd3-441c-8ab6-5655b2435e95,scooter,Sidewalk parking,Open,,2026-09-29T20:48:57Z,,POINT (-9.20226 38.70351)
bbfe1f5d-8af0-4bf2-a81a-40bcc5673f35,Dott,1fc245f7-cf3e-482b-87a7-2ab3069bcaf6,scooter,Outside parking zone,Fined,50,2026-09-29T20:56:37Z,2026-09-29T21:15:37Z,POINT (-9.16521 38.71303)
31b1fa3b-ebb9-4373-a85e-a62a31ac068e,Voi,18677b5b-da89-44dd-b813-e7d58a8e2671,scooter,Sidewalk parking,Fined,75,2026-09-29T21:45:53Z,2026-09-29T22:39:53Z,POINT (-9.14582 38.70601)
02baf034-4780-4289-b0e8-421c10ef5815,Lime,321dcab6-370b-457a-8b12-9d8e49be39cf,bicycle,Fallen vehicle,Resolved,,2026-09-30T01:56:41Z,2026-09-30T03:01:41Z,POINT (-9.14090 38.71360)
b6c85ed2-7102-4e99-b840-c5d17d6268eb,Bolt,b486ed5a-c947-46e3-a3e0-72a117e2f556,scooter,Sidewalk parking,Open,,2026-09-30T09:28:41Z,,POINT (-9.12461 38.71193)
d53bd766-6175-4095-846b-7d763675d49b,Bolt,951afe99-fd1f-4464-8524-c95d7e879f08,scooter,No-parking zone,Resolved,,2026-09-30T09:45:56Z,2026-09-30T10:53:56Z,POINT (-9.14995 38.72608)
3fce7c75-d63b-4622-abc4-ab788d7361f7,Lime,7299461f-7442-4f44-956a-099c1a8f8e50,scooter,Sidewalk parking,Open,,2026-09-30T10:21:10Z,,POINT (-9.13405 38.74254)
c62f99d3-da60-46e5-9bdf-89931525d6d1,Dott,27c2ded7-9f66-4557-a9b2-86d9d9ed6c7b,bicycle,No-parking zone,Resolved,,2026-09-30T10:34:09Z,2026-09-30T11:03:09Z,POINT (-9.13830 38.71154)
8dafd89f-f123-4282-8130-514317b217f5,Lime,0f2851fd-07f9-4cf0-92ff-0dfe1c08dfb1,scooter,No-parking zone,Resolved,,2026-09-30T11:24:30Z,2026-09-30T11:40:30Z,POINT (-9.17788 38.70064)
108803c3-b1a7-469d-91de-5e6899585e74,Bolt,90b00829-bea6-4447-ad96-05c4e2676ad6,scooter,Blocking access,Resolved,,2026-09-30T11:42:25Z,2026-09-30T12:42:25Z,POINT (-9.14613 38.73260)
b11a77d2-45d3-447f-84de-700bd3535da7,Lime,a6792a24-a0cd-4193-9458-231c2d0f0ef4,scooter,Fallen vehicle,Resolved,,2026-09-30T11:45:18Z,2026-09-30T12:40:18Z,POINT (-9.12705 38.71667)
50c7491e-3ac5-4f31-9496-6b5fdd55d548,Lime,df475f7a-2731-4bf4-84f1-c3fca6a600af,scooter,Sidewalk parking,Open,,2026-09-30T12:51:15Z,,POINT (-9.14685 38.70655)
89eb0210-d004-438a-a387-8b974a80c24b,Bolt,bb077633-73d7-4d11-a1ed-7e3acd4593b2,scooter,Outside parking zone,Resolved,,2026-09-30T13:25:17Z,2026-09-30T14:56:17Z,POINT (-9.14828 38.70977)
00802bd4-7878-4380-8c93-c211259ebe8e,Dott,7eaa3129-812f-48de-8cb1-5317d8a87336,scooter,Sidewalk parking,Resolved,,2026-09-30T13:40:38Z,2026-09-30T14:16:38Z,POINT (-9.14738 38.75108)
e7516099-0bce-4806-bcaf-585002481a16,Lime,c872019d-f344-450b-ad27-a32946a03e4e,bicycle,Blocking access,Fined,150,2026-09-30T13:52:25Z,2026-09-30T20:26:25Z,POINT (-9.14996 38.74108)
4d8c5c9a-d47f-4f95-8151-38c8a8016761,Voi,81f7407a-191d-4396-99d7-8f1a68a315d3,scooter,Blocking access,Resolved,,2026-09-30T14:42:09Z,2026-09-30T16:46:09Z,POINT (-9.10279 38.76439)
316c856e-4fe0-4df2-8667-130c8285ddf0,Bolt,fc0ac66b-445a-43fa-9ab4-3f387def774a,scooter,Sidewalk parking,Resolved,,2026-09-30T15:15:45Z,2026-09-30T16:33:45Z,POINT (-9.14530 38.71317)
a4d38fbb-2819-44cc-9691-7b9adf48920b,Lime,48c7875a-8170-4452-9688-4003d2d4f8ea,scooter,Sidewalk parking,Resolved,,2026-09-30T15:42:24Z,2026-09-30T17:18:24Z,POINT (-9.15401 38.72288)
3586d47a-bf5c-4cb5-bb0c-def01529f308,Lime,a60fcf46-f6ac-4356-bf19-dd195c722b33,bicycle,Outside parking zone,Resolved,,2026-09-30T16:50:14Z,2026-09-30T18:47:14Z,POINT (-9.21193 38.69419)
430108c2-e724-4aba-b819-39464fab5ef6,Bolt,8f7f320d-d22e-4a12-aa12-91d94d5db2e1,scooter,Sidewalk parking,Open,,2026-09-30T17:26:01Z,,POINT (-9.14966 38.72839)
ceded55b-a7aa-435a-bd1f-1eebf0102480,Lime,399ae078-4986-4b21-b5be-e41be94d8dfc,scooter,No-parking zone,Resolved,,2026-09-30T17:50:51Z,2026-09-30T19:31:51Z,POINT (-9.20616 38.69785)
609b202f-b17f-46f4-b1e6-928a0aa9e64f,Lime,13af053e-3297-4397-b859-9e1cb5d237a2,bicycle,Sidewalk parking,Fined,75,2026-09-30T18:39:11Z,2026-10-01T00:20:11Z,POINT (-9.13603 38.74332)
9fdb7964-a734-4681-baa1-04a6c12e3b1d,Lime,0f2851fd-07f9-4cf0-92ff-0dfe1c08dfb1,scooter,Outside parking zone,Open,,2026-09-30T20:02:35Z,,POINT (-9.14068 38.73325)
5d2ef533-6cb4-411a-addf-02c91bbecd61,Lime,f619a308-40e8-4bf9-b97e-7a3ddba14dd8,bicycle,Outside parking zone,Resolved,,2026-09-30T20:33:57Z,2026-09-30T23:30:57Z,POINT (-9.10906 38.73843)
f13e6321-e001-4e7e-9147-02e899924d13,Lime,6ec9bfa9-3a3c-4954-b0a0-1ca271651287,scooter,Fallen vehicle,Resolved,,2026-09-30T23:18:44Z,2026-09-30T23:52:44Z,POINT (-9.14638 38.74884)
f8879625-8871-4051-8717-425d850173c6,Bolt,8bbb2e07-52b0-4f65-955e-04f6d218234f,scooter,Fallen vehicle,Fined,50,2026-09-30T23:23:51Z,2026-10-01T00:53:51Z,POINT (-9.14255 38.75573)
f8e8ba23-4736-40e9-9e92-b41be5a0de8b,Bolt,d8882c64-0e15-45af-a3c3-68520cf0cde5,scooter,Sidewalk parking,Resolved,,2026-09-30T23:36:56Z,2026-10-01T01:56:56Z,POINT (-9.14665 38.70840)
1902e909-0afe-455c-bad5-1e38134b1f47,Dott,7a5a62cb-f951-44d8-801b-262087fd3a00,scooter,Fallen vehicle,Open,,2026-09-30T23:39:40Z,,POINT (-9.14746 38.70512)
