trip_id,provider_id,provider_name,device_id,vehicle_type,propulsion_types,start_time,end_time,trip_duration,trip_distance,route
a67cac15-5e99-4b25-83b8-90de0434f8ba,f38b2ffc-80a4-4f5a-91c9-bc701e7ea419,Lime,026b3d02-a13b-487b-bf3b-9167f9e2e7d0,scooter,electric,2026-09-01T02:02:37Z,2026-09-01T02:10:17Z,460,1430,"LINESTRING (-9.12310 38.72960, -9.12179 38.73197, -9.12250 38.73449, -9.12287 38.73705, -9.12274 38.73963, -9.12210 38.74216)"
4cb325e2-72cb-44aa-af42-1ae6ca75c843,f38b2ffc-80a4-4f5a-91c9-bc701e7ea419,Lime,8b890fec-6872-496b-9497-db67a54b3b83,scooter,electric,2026-09-01T05:08:43Z,2026-09-01T05:30:18Z,1295,5466,"LINESTRING (-9.12637 38.74002, -9.13236 38.73847, -9.13770 38.73584, -9.13810 38.73093, -9.13816 38.72600, -9.13395 38.72233, -9.13054 38.71819, -9.12753 38.71386, -9.12265 38.71073, -9.11751 38.70788, -9.11142 38.70661)"
224c43df-a0e9-4c79-a46c-777e4d4e1050,6bad6be2-8e7a-46e9-9f19-950499dd251d,Voi,1756930d-2185-4bdd-b27e-2001c0eb1633,scooter,electric,2026-09-01T05:13:24Z,2026-09-01T05:19:29Z,365,1519,"LINESTRING (-9.11200 38.71071, -9.11352 38.70915, -9.11373 38.70720, -9.11377 38.70525, -9.11395 38.70330, -9.11392 38.70134, -9.11323 38.69946, -9.11302 38.69752)"
e60e2382-a8c2-45ff-87fe-78df86d3e9bd,f3f49249-dc28-4f90-a5ae-c7978306d03b,Bolt,b6fe3f33-2549-4c72-9312-a6cde66f0182,scooter,electric,2026-09-01T06:09:13Z,2026-09-01T06:13:48Z,275,1086,"LINESTRING (-9.14814 38.76557, -9.14790 38.76450, -9.14750 38.76346, -9.14637 38.76282, -9.14595 38.76179, -9.14489 38.76108, -9.14358 38.76070, -9.14241 38.76012, -9.14120 38.75958, -9.14028 38.75876)"
7036f7c4-9048-4c0f-862e-abfaf44c4a2d,e5121482-3929-4d22-a255-accb1a466884,Dott,6912b372-9f3f-400c-bd58-668d72299ee2,scooter,electric,2026-09-01T06:24:08Z,2026-09-01T06:28:09Z,241,942,"LINESTRING (-9.15692 38.72655, -9.15742 38.72568, -9.15799 38.72485, -9.15904 38.72438, -9.16023 38.72420, -9.16111 38.72355, -9.16158 38.72268, -9.16200 38.72180, -9.16241 38.72091, -9.16297 38.72007)"
e00be0f0-bf31-453c-ad87-7005f6d00b14,e5121482-3929-4d22-a255-accb1a466884,Dott,5fce192e-e983-41ec-8432-14a7865424a1,bicycle,electric_assist,2026-09-01T06:49:44Z,2026-09-01T06:55:01Z,317,1098,"LINESTRING (-9.16487 38.75917, -9.16696 38.75891, -9.16894 38.75835, -9.17082 38.75759, -9.17272 38.75688, -9.17480 38.75655, -9.17691 38.75665)"
42faa8be-cafd-46eb-92cc-1f75e64e56c1,f3f49249-dc28-4f90-a5ae-c7978306d03b,Bolt,9b4a8d0a-515c-4a27-98f0-080057f36ca6,scooter,electric,2026-09-01T07:03:56Z,2026-09-01T07:07:47Z,231,1143,"LINESTRING (-9.18230 38.70483, -9.18324 38.70571, -9.18363 38.70681, -9.18365 38.70796, -9.18318 38.70904, -9.18192 38.70963, -9.18104 38.71055, -9.18005 38.71139, -9.17875 38.71193, -9.17791 38.71286)"
a4e618f3-6853-443d-b7e8-1cb34415f2b3,f38b2ffc-80a4-4f5a-91c9-bc701e7ea419,Lime,c8fb4456-b76d-40c3-b078-22db703e53cf,scooter,electric,2026-09-01T07:13:51Z,2026-09-01T07:27:15Z,804,2508,"LINESTRING (-9.12227 38.71377, -9.12560 38.71186, -9.12692 38.70880, -9.12716 38.70558, -9.12903 38.70270, -9.12836 38.69951, -9.12695 38.69648, -9.12682 38.69325)"
feddb2c9-9334-4a5b-9bff-221200f46821,f3f49249-dc28-4f90-a5ae-c7978306d03b,Bolt,a8347fb4-b94e-43d4-a5ea-919ce83811ee,scooter,electric,2026-09-01T07:32:47Z,2026-09-01T07:36:53Z,246,1255,"LINESTRING (-9.11824 38.75040, -9.11731 38.74895, -9.11665 38.74742, -9.11614 38.74586, -9.11653 38.74427, -9.11771 38.74294, -9.11894 38.74164, -9.12073 38.74083)"
7862d788-0fd6-4639-94b5-944e648f9065,f3f49249-dc28-4f90-a5ae-c7978306d03b,Bolt,5d396109-83bb-4916-b88f-4c244cf74765,scooter,electric,2026-09-01T07:45:04Z,2026-09-01T07:56:27Z,683,3758,"LINESTRING (-9.10320 38.70144, -9.09913 38.70027, -9.09596 38.69796, -9.09263 38.69579, -9.09151 38.69252, -9.08929 38.68961, -9.08826 38.68632, -9.08619 38.68335, -9.08394 38.68045, -9.08203 38.67741, -9.07927 38.67480)"
388a7006-e3f1-47f6-96a1-6f409360cfd3,f38b2ffc-80a4-4f5a-91c9-bc701e7ea419,Lime,5366ece2-2d4d-4661-b7bb-365449a4c222,scooter,electric,2026-09-01T07:59:51Z,2026-09-01T08:05:12Z,321,1548,"LINESTRING (-9.13351 38.74076, -9.13646 38.74045, -9.13941 38.74008, -9.14198 38.73891, -9.14375 38.73704, -9.14604 38.73555, -9.14865 38.73443)"
39d7bcd0-29b2-44e8-ab09-a3ab80e83212,f3f49249-dc28-4f90-a5ae-c7978306d03b,Bolt,eaed9e29-74b8-446a-90b6-3899aefc1636,scooter,electric,2026-09-01T09:05:07Z,2026-09-01T09:25:04Z,1197,4885,"LINESTRING (-9.10786 38.73102, -9.10708 38.73833, -9.10486 38.74546, -9.10086 38.75209, -9.09415 38.75724, -9.08590 38.76076, -9.07650 38.76068)"
a44c41db-e11d-4cc0-9ae4-3b75e6ba40ce,f3f49249-dc28-4f90-a5ae-c7978306d03b,Bolt,79d762c9-cd55-43de-8738-3358d53a5eba,scooter,electric,2026-09-01T09:12:20Z,2026-09-01T09:18:48Z,388,1686,"LINESTRING (-9.17411 38.73938, -9.17285 38.73775, -9.17219 38.73593, -9.17279 38.73409, -9.17318 38.73221, -9.17454 38.73063, -9.17353 38.72891, -9.17265 38.72714, -9.17204 38.72530)"
ece62e56-eb8f-4e89-988b-b8140abb9f9c,f3f49249-dc28-4f90-a5ae-c7978306d03b,Bolt,2c47ba69-b974-44a0-a656-e638ec4292b6,scooter,electric,2026-09-01T09:41:32Z,2026-09-01T09:49:19Z,467,1606,"LINESTRING (-9.17991 38.74192, -9.17920 38.74058, -9.17971 38.73919, -9.18037 38.73783, -9.18075 38.73642, -9.18076 38.73497, -9.18076 38.73352, -9.18049 38.73209, -9.18002 38.73069, -9.18010 38.72925, -9.18037 38.72782)"
88974085-8640-4313-b9b1-d95ed615aa08,6bad6be2-8e7a-46e9-9f19-950499dd251d,Voi,caf3f372-cb53-42b5-9ada-81b0e867bc4e,scooter,electric,2026-09-01T09:41:51Z,2026-09-01T09:47:16Z,325,1315,"LINESTRING (-9.13553 38.75790, -9.13579 38.75958, -9.13571 38.76127, -9.13383 38.76211, -9.13227 38.76329, -9.13253 38.76497, -9.13368 38.76641, -9.13439 38.76801)"
e45376bc-3b91-4a83-bacb-b3951627de44,f38b2ffc-80a4-4f5a-91c9-bc701e7ea419,Lime,96060250-ea3e-4f73-884c-1884c88f63d6,bicycle,electric_assist,2026-09-01T10:43:40Z,2026-09-01T10:49:11Z,331,1710,"LINESTRING (-9.11471 38.71756, -9.11391 38.71938, -9.11458 38.72124, -9.11584 38.72289, -9.11576 38.72482, -9.11380 38.72599, -9.11224 38.72748, -9.11209 38.72941, -9.11175 38.73131)"
7dbf477f-0456-49aa-bd74-fb0520ab9dd8,f38b2ffc-80a4-4f5a-91c9-bc701e7ea419,Lime,c129017d-853c-4409-a20c-b7ac5738f7c7,scooter,electric,2026-09-01T11:04:33Z,2026-09-01T11:14:35Z,602,2312,"LINESTRING (-9.13477 38.75259, -9.13303 38.75481, -9.13037 38.75638, -9.12975 38.75894, -9.12943 38.76154, -9.13097 38.76384, -9.13300 38.76591, -9.13603 38.76702, -9.13892 38.76832)"
24b12c0c-4bc6-4ffa-adda-e690043493f2,f38b2ffc-80a4-4f5a-91c9-bc701e7ea419,Lime,ffce6973-7f62-4f26-b6c3-266043710baf,scooter,electric,2026-09-01T11:23:04Z,2026-09-01T11:39:56Z,1012,3965,"LINESTRING (-9.09830 38.72220, -9.09890 38.71826, -9.09846 38.71430, -9.09751 38.71040, -9.09944 38.70673, -9.10156 38.70312, -9.10441 38.69983, -9.10495 38.69589, -9.10523 38.69192, -9.10417 38.68804)"
3e7b3ec2-0a13-449c-bc94-e17350be1c17,d7a7a3cc-8c3d-4f16-9293-de8fc88b2875,Gira,8d632e14-31b6-430e-a650-b3a12bb9dbd8,bicycle,electric_assist,2026-09-01T11:23:32Z,2026-09-01T11:43:43Z,1211,3706,"LINESTRING (-9.17837 38.71791, -9.18371 38.71766, -9.18881 38.71641, -9.19390 38.71512, -9.19862 38.71316, -9.20374 38.71196, -9.20902 38.71267, -9.21423 38.71174, -9.21928 38.71036)"
e765cbc8-9669-4500-a6a9-7edc485a9868,f38b2ffc-80a4-4f5a-91c9-bc701e7ea419,Lime,8b890fec-6872-496b-9497-db67a54b3b83,scooter,electric,2026-09-01T11:55:15Z,2026-09-01T12:05:55Z,640,2815,"LINESTRING (-9.18167 38.70732, -9.18817 38.70723, -9.19311 38.71052, -9.19793 38.71393, -9.20398 38.71579, -9.21019 38.71428)"
78a7a048-da44-47a1-a638-c30c1b8f82c3,f3f49249-dc28-4f90-a5ae-c7978306d03b,Bolt,ae997691-f7a3-4672-813e-4826c14182a2,scooter,electric,2026-09-01T12:26:31Z,2026-09-01T12:33:06Z,395,1736,"LINESTRING (-9.16666 38.71799, -9.16873 38.71910, -9.17123 38.71923, -9.17373 38.71936, -9.17623 38.71920, -9.17873 38.71927, -9.18043 38.71783, -9.18294 38.71787, -9.18528 38.71717)"
60ee9d0e-a7df-40c7-9909-7d28497d4f65,f38b2ffc-80a4-4f5a-91c9-bc701e7ea419,Lime,37fe43eb-87a9-4c13-a549-7863210f4de3,bicycle,electric_assist,2026-09-01T12:36:49Z,2026-09-01T12:58:58Z,1329,4415,"LINESTRING (-9.16251 38.71598, -9.16779 38.71439, -9.17299 38.71264, -9.17841 38.71136, -9.18406 38.71104, -9.18973 38.71117, -9.19527 38.71208, -9.20087 38.71143, -9.20545 38.71404, -9.21075 38.71560)"
f4d27342-5b1d-4c54-872a-734f99e12f34,f38b2ffc-80a4-4f5a-91c9-bc701e7ea419,Lime,968e485e-46db-43ab-9044-df5c81b2499e,scooter,electric,2026-09-01T12:39:39Z,2026-09-01T12:43:17Z,218,1034,"LINESTRING (-9.16366 38.73091, -9.16477 38.73220, -9.16534 38.73369, -9.16532 38.73524, -9.16668 38.73638, -9.16820 38.73738, -9.16996 38.73810)"
2ab12730-20ef-45fc-b097-8c4b67de7621,f38b2ffc-80a4-4f5a-91c9-bc701e7ea419,Lime,92845dae-afe9-47c1-8fdf-66145a091fd6,bicycle,electric_assist,2026-09-01T12:42:08Z,2026-09-01T12:48:02Z,354,1218,"LINESTRING (-9.10566 38.75890, -9.10466 38.76026, -9.10372 38.76165, -9.10349 38.76321, -9.10415 38.76469, -9.10392 38.76624, -9.10382 38.76781, -9.10478 38.76919)"
c4233083-ba04-43a8-ac37-7d36d104557d,f38b2ffc-80a4-4f5a-91c9-bc701e7ea419,Lime,ebe48123-a5b0-4526-b20b-e3f808be3b07,bicycle,electric_assist,2026-09-01T12:50:54Z,2026-09-01T12:59:04Z,490,1651,"LINESTRING (-9.10750 38.72060, -9.10886 38.71933, -9.11029 38.71811, -9.11219 38.71738, -9.11357 38.71612, -9.11413 38.71453, -9.11499 38.71302, -9.11569 38.71146, -9.11509 38.70987, -9.11537 38.70823)"
66f917b1-6839-42a0-9b21-4609c99626a3,e5121482-3929-4d22-a255-accb1a466884,Dott,2b3e12cb-a7d3-49b9-a569-7c07fbcb36cc,bicycle,electric_assist,2026-09-01T12:56:51Z,2026-09-01T13:29:00Z,1929,6243,"LINESTRING (-9.18091 38.71459, -9.17370 38.71478, -9.16668 38.71350, -9.16343 38.71852, -9.16339 38.72415, -9.15986 38.72905, -9.15533 38.73343, -9.15438 38.73901, -9.14971 38.74329, -9.14280 38.74489, -9.13614 38.74704)"
46c273fc-22c8-4668-8cd1-c4c548e3e353,e5121482-3929-4d22-a255-accb1a466884,Dott,3e7705c8-cce3-429c-b1f6-7a20daa8f7b7,scooter,electric,2026-09-01T13:28:41Z,2026-09-01T13:39:19Z,638,2690,"LINESTRING (-9.18363 38.74206, -9.18634 38.74373, -9.18954 38.74475, -9.19271 38.74581, -9.19617 38.74574, -9.19958 38.74532, -9.20290 38.74605, -9.20567 38.74766, -9.20665 38.75025, -9.20894 38.75226)"
ded54eb8-01ac-42a4-96aa-deedd8be4537,f38b2ffc-80a4-4f5a-91c9-bc701e7ea419,Lime,69616452-038d-44fb-9018-d7f54191590c,bicycle,electric_assist,2026-09-01T13:56:25Z,2026-09-01T14:19:45Z,1400,4916,"LINESTRING (-9.12501 38.71920, -9.13172 38.71740, -9.13867 38.71630, -9.14575 38.71673, -9.15097 38.71299, -9.15574 38.70889, -9.15188 38.70424, -9.15173 38.69871, -9.15322 38.69330)"
2479cb5e-4b85-4006-9f01-5bb8da129eb3,f38b2ffc-80a4-4f5a-91c9-bc701e7ea419,Lime,b79ecb4e-a95c-4c0b-8746-58348afd44ae,scooter,electric,2026-09-01T14:00:16Z,2026-09-01T14:12:47Z,751,2187,"LINESTRING (-9.17307 38.75341, -9.17552 38.75496, -9.17866 38.75527, -9.18120 38.75673, -9.18436 38.75667, -9.18721 38.75560, -9.19006 38.75666, -9.19309 38.75735, -9.19620 38.75780)"
9a38c34b-c391-4727-9846-fc9559e68e4b,6bad6be2-8e7a-46e9-9f19-950499dd251d,Voi,ad2996da-8e86-4483-9efa-4b80ec192b67,scooter,electric,2026-09-01T14:07:28Z,2026-09-01T14:17:50Z,622,2651,"LINESTRING (-9.12481 38.73817, -9.12828 38.73943, -9.13204 38.73886, -9.13567 38.73980, -9.13946 38.74026, -9.14328 38.74022, -9.14698 38.74100, -9.15057 38.74204, -9.15422 38.74294)"
8f41fd88-3e18-4529-9248-986848c6b398,6bad6be2-8e7a-46e9-9f19-950499dd251d,Voi,dc1ff4d2-8df0-4cd1-8c3a-398cdfca29dc,scooter,electric,2026-09-01T14:15:44Z,2026-09-01T14:22:21Z,397,2083,"LINESTRING (-9.12323 38.72762, -9.12552 38.72914, -9.12782 38.73065, -9.13083 38.73054, -9.13319 38.73200, -9.13554 38.73346, -9.13471 38.73572, -9.13356 38.73789, -9.13178 38.73978)"
657afa20-6a1e-40d4-ab75-e7ee63893431,e5121482-3929-4d22-a255-accb1a466884,Dott,66a27c00-6a79-4f9d-bd6c-b580ce21626c,bicycle,electric_assist,2026-09-01T15:15:46Z,2026-09-01T15:42:10Z,1584,4360,"LINESTRING (-9.18318 38.75706, -9.17626 38.76277, -9.17074 38.76934, -9.16092 38.77113, -9.15290 38.77588, -9.15112 38.78361)"
ac58b325-8351-4069-b8b5-b08883c8fd13,f3f49249-dc28-4f90-a5ae-c7978306d03b,Bolt,cc1cdc7c-219a-49b4-a4db-befdba8ed768,scooter,electric,2026-09-01T16:23:46Z,2026-09-01T16:26:35Z,169,796,"LINESTRING (-9.11087 38.73703, -9.11093 38.73559, -9.11021 38.73427, -9.10855 38.73365, -9.10672 38.73380, -9.10488 38.73376)"
b54654c6-5c5d-47ba-92a6-10fbc77230ce,d7a7a3cc-8c3d-4f16-9293-de8fc88b2875,Gira,44abbde7-26df-4bfd-8e2e-ccd4eaca913e,bicycle,electric_assist,2026-09-01T16:30:20Z,2026-09-01T16:38:24Z,484,1754,"LINESTRING (-9.12119 38.71440, -9.12228 38.71594, -9.12212 38.71769, -9.12133 38.71933, -9.12033 38.72091, -9.12032 38.72266, -9.12044 38.72442, -9.11865 38.72547, -9.11656 38.72613, -9.11431 38.72609)"
5fedcc01-fe0b-415d-91d1-72e1568f65a4,6bad6be2-8e7a-46e9-9f19-950499dd251d,Voi,1fe6bb9b-2e5d-48af-982d-976b57441efc,scooter,electric,2026-09-01T16:31:37Z,2026-09-01T16:37:51Z,374,1636,"LINESTRING (-9.13111 38.72923, -9.13101 38.73070, -9.13070 38.73216, -9.13000 38.73353, -9.12893 38.73474, -9.12819 38.73610, -9.12697 38.73723, -9.12725 38.73869, -9.12716 38.74016, -9.12831 38.74133, -9.12985 38.74219)"
41399265-af82-4dec-9c2d-85ccfb1ca94a,d7a7a3cc-8c3d-4f16-9293-de8fc88b2875,Gira,07b17c4f-02e6-47a3-8a4c-27c1efe86a01,bicycle,electric_assist,2026-09-01T16:40:46Z,2026-09-01T16:51:18Z,632,3085,"LINESTRING (-9.13679 38.71603, -9.13402 38.72115, -9.12739 38.72319, -9.12027 38.72342, -9.11359 38.72148, -9.10914 38.71714)"
b0189978-0056-4d24-85fd-4e7a8169e137,f38b2ffc-80a4-4f5a-91c9-bc701e7ea419,Lime,9e5cf6e9-9255-4248-b771-f894f2e36355,bicycle,electric_assist,2026-09-01T17:09:55Z,2026-09-01T17:14:28Z,273,1016,"LINESTRING (-9.15126 38.70130, -9.15230 38.70088, -9.15340 38.70120, -9.15432 38.70178, -9.15518 38.70240, -9.15553 38.70327, -9.15466 38.70388, -9.15388 38.70457, -9.15339 38.70540, -9.15259 38.70607, -9.15169 38.70665)"
fd37861e-a30c-4d5d-a8a4-ae90d1aef76d,f3f49249-dc28-4f90-a5ae-c7978306d03b,Bolt,53b87501-e21d-49b4-bd02-487e415e9732,scooter,electric,2026-09-01T17:12:42Z,2026-09-01T17:22:02Z,560,2282,"LINESTRING (-9.17230 38.70842, -9.16981 38.71011, -9.16663 38.71077, -9.16334 38.71059, -9.16053 38.71194, -9.15730 38.71244, -9.15420 38.71157, -9.15095 38.71116, -9.14777 38.71183)"
8a8fbbe4-c611-4583-b4fc-8d7a22c49773,d7a7a3cc-8c3d-4f16-9293-de8fc88b2875,Gira,b091d372-cd24-4df9-8351-a26028c333a9,bicycle,electric_assist,2026-09-01T17:30:50Z,2026-09-01T17:46:34Z,944,2545,"LINESTRING (-9.14877 38.71664, -9.15364 38.71627, -9.15849 38.71576, -9.16181 38.71295, -9.16387 38.70948, -9.16565 38.70592, -9.17049 38.70535)"
92168738-62ae-465a-a253-b82083aa463d,e5121482-3929-4d22-a255-accb1a466884,Dott,deddc341-796f-43ef-916d-8fd6d2a0c9c8,bicycle,electric_assist,2026-09-01T17:31:43Z,2026-09-01T17:39:46Z,483,1929,"LINESTRING (-9.12047 38.71275, -9.12465 38.71155, -9.12902 38.71220, -9.13345 38.71259, -9.13791 38.71270, -9.14197 38.71413)"
764e96f7-7bee-41ac-9a4e-70575adf1412,6bad6be2-8e7a-46e9-9f19-950499dd251d,Voi,d2dde7e8-de8f-4d0a-9f64-9a87f9c6a003,scooter,electric,2026-09-01T17:36:26Z,2026-09-01T17:40:01Z,215,819,"LINESTRING (-9.11965 38.71674, -9.12131 38.71602, -9.12309 38.71552, -9.12483 38.71495, -9.12658 38.71438, -9.12775 38.71322)"
d82a6c0c-07d8-4b2d-8aad-16c68717500d,f38b2ffc-80a4-4f5a-91c9-bc701e7ea419,Lime,20550db9-9400-4427-acbd-bb71075f0e1d,bicycle,electric_assist,2026-09-01T17:44:20Z,2026-09-01T17:53:33Z,553,2620,"LINESTRING (-9.12214 38.70360, -9.12064 38.70676, -9.11723 38.70884, -9.11459 38.71150, -9.11283 38.71459, -9.11141 38.71777, -9.11003 38.72097, -9.10714 38.72347)"
78032e53-a0bd-452e-9d03-68c4b6f31955,6bad6be2-8e7a-46e9-9f19-950499dd251d,Voi,bc2cc533-dfd7-4fe8-96db-a2c5ffb5a97d,scooter,electric,2026-09-01T17:59:01Z,2026-09-01T18:19:37Z,1236,4432,"LINESTRING (-9.16564 38.74481, -9.15953 38.74628, -9.15390 38.74866, -9.14755 38.74928, -9.14118 38.74971, -9.13641 38.75304, -9.13244 38.75695, -9.12950 38.76139, -9.12531 38.76516)"
f4950b24-ff20-4e1f-82fe-7a0124f2ef08,f3f49249-dc28-4f90-a5ae-c7978306d03b,Bolt,4d2ecb65-9df0-4dde-8337-dda661963ad7,scooter,electric,2026-09-01T18:04:09Z,2026-09-01T18:25:22Z,1273,4251,"LINESTRING (-9.14049 38.70437, -9.13919 38.70850, -9.14016 38.71269, -9.14158 38.71680, -9.14346 38.72080, -9.14633 38.72442, -9.15178 38.72429, -9.15686 38.72273, -9.16191 38.72114, -9.16714 38.72234)"
00b2ec5e-75cb-4a23-bf08-4df51ad282db,f38b2ffc-80a4-4f5a-91c9-bc701e7ea419,Lime,e344f1c3-63ac-4f14-9b2b-980ef57585ce,bicycle,electric_assist,2026-09-01T18:45:51Z,2026-09-01T18:58:02Z,731,2695,"LINESTRING (-9.15373 38.70898, -9.15029 38.70924, -9.14703 38.71016, -9.14376 38.71103, -9.14068 38.70981, -9.13728 38.71033, -9.13424 38.71161, -9.13153 38.71328, -9.12933 38.71537, -9.12590 38.71571)"
bd57eee7-47e2-4f5d-ac82-f8339c59bcb0,f3f49249-dc28-4f90-a5ae-c7978306d03b,Bolt,059f963d-8a70-4dba-ba87-89509d0413de,scooter,electric,2026-09-01T18:47:15Z,2026-09-01T18:52:01Z,286,1012,"LINESTRING (-9.15716 38.74738, -9.15639 38.74599, -9.15505 38.74488, -9.15500 38.74336, -9.15587 38.74200, -9.15533 38.74054, -9.15356 38.73991)"
9fb7d128-593d-4162-8601-e738e1fce0ed,f3f49249-dc28-4f90-a5ae-c7978306d03b,Bolt,300a0066-b143-48ce-8e46-9e6f14388e02,scooter,electric,2026-09-01T18:52:08Z,2026-09-01T18:59:00Z,412,2014,"LINESTRING (-9.17012 38.71887, -9.17128 38.72239, -9.17558 38.72377, -9.17985 38.72521, -9.18327 38.72767, -9.18747 38.72924)"
ed4c4540-4d93-46e5-9021-79b9b1ac8029,e5121482-3929-4d22-a255-accb1a466884,Dott,13065403-5826-4a30-84d9-624817a88dd6,scooter,electric,2026-09-01T18:59:49Z,2026-09-01T19:22:29Z,1360,5921,"LINESTRING (-9.14322 38.76014, -9.14744 38.76840, -9.15308 38.77613, -9.15917 38.78365, -9.17053 38.78290, -9.18156 38.78518, -9.18833 38.79233)"
3d2187bb-b0c9-4eca-a066-d023acc0fc4e,e5121482-3929-4d22-a255-accb1a466884,Dott,e8d8235c-e46c-41cf-9f70-b8ba632d5714,bicycle,electric_assist,2026-09-01T19:49:13Z,2026-09-01T20:07:01Z,1068,3719,"LINESTRING (-9.13620 38.73384, -9.13723 38.72973, -9.14082 38.72661, -9.14494 38.72393, -9.14980 38.72214, -9.15511 38.72154, -9.15995 38.71973, -9.16378 38.71679, -9.16795 38.71415)"
50e85f76-7379-4446-8e78-db44b765d03a,f3f49249-dc28-4f90-a5ae-c7978306d03b,Bolt,185251bd-563a-447e-a8df-7da7ac92ece8,scooter,electric,2026-09-01T20:58:29Z,2026-09-01T21:03:12Z,283,1187,"LINESTRING (-9.13446 38.70388, -9.13295 38.70522, -9.13192 38.70681, -9.13212 38.70858, -9.13080 38.71004, -9.13000 38.71170, -9.12895 38.71329)"
fa7fab76-ac63-44dd-b099-6ac7a6c67da0,f38b2ffc-80a4-4f5a-91c9-bc701e7ea419,Lime,69616452-038d-44fb-9018-d7f54191590c,bicycle,electric_assist,2026-09-02T01:34:26Z,2026-09-02T01:41:13Z,407,1439,"LINESTRING (-9.13228 38.73636, -9.13388 38.73533, -9.13507 38.73400, -9.13678 38.73308, -9.13813 38.73184, -9.13917 38.73044, -9.13934 38.72883, -9.13829 38.72743, -9.13790 38.72584)"
f2c92a49-2820-41f9-86aa-e7b311a3f715,f38b2ffc-80a4-4f5a-91c9-bc701e7ea419,Lime,e060a724-2411-4258-b51b-4c8349a047dc,bicycle,electric_assist,2026-09-02T02:03:59Z,2026-09-02T02:14:33Z,634,2388,"LINESTRING (-9.14378 38.74568, -9.14860 38.74777, -9.15412 38.74778, -9.15939 38.74907, -9.16489 38.74875, -9.17034 38.74944)"
65bb3f1c-2009-46be-97aa-5e9ae6e600b1,f3f49249-dc28-4f90-a5ae-c7978306d03b,Bolt,54eb1e9f-8fc3-4287-819b-0c586ebea6fb,scooter,electric,2026-09-02T02:35:48Z,2026-09-02T02:43:50Z,482,1369,"LINESTRING (-9.11605 38.70252, -9.11886 38.70365, -9.11987 38.70599, -9.12127 38.70821, -9.12212 38.71058, -9.12321 38.71290)"
7e2e2c5a-9472-47f7-bbf0-ee64c2f91415,e5121482-3929-4d22-a255-accb1a466884,Dott,f4f07584-d4c0-4d4b-aa32-659bcd1259e2,scooter,electric,2026-09-02T03:57:51Z,2026-09-02T04:09:54Z,723,2576,"LINESTRING (-9.16881 38.73691, -9.16425 38.73393, -9.16352 38.72933, -9.16267 38.72473, -9.16688 38.72146, -9.16892 38.71710)"
6a8cf24e-9556-4310-9452-17edecd9dadb,f3f49249-dc28-4f90-a5ae-c7978306d03b,Bolt,56f0a1e4-a91a-462e-9164-38f37d3e7a21,scooter,electric,2026-09-02T05:18:30Z,2026-09-02T05:28:41Z,611,3014,"LINESTRING (-9.12008 38.72158, -9.11574 38.72136, -9.11165 38.72020, -9.10830 38.71804, -9.10531 38.71557, -9.10166 38.71372, -9.09812 38.71175, -9.09431 38.71012, -9.09001 38.71063)"
743c1867-d5e0-49af-b955-7d0d947f2480,6bad6be2-8e7a-46e9-9f19-950499dd251d,Voi,ee429e47-a3bb-4b8f-8479-ccc5264a1db3,scooter,electric,2026-09-02T06:06:53Z,2026-09-02T06:16:05Z,552,2167,"LINESTRING (-9.17207 38.70302, -9.17458 38.70157, -9.17718 38.70021, -9.17906 38.69826, -9.18139 38.69664, -9.18373 38.69501, -9.18673 38.69433, -9.18951 38.69321, -9.19207 38.69180)"
5f270980-67a5-4c1d-9b46-4d2ff4665f8a,f3f49249-dc28-4f90-a5ae-c7978306d03b,Bolt,f54cd1a7-4e99-41d4-a73a-454db79cd2ca,scooter,electric,2026-09-02T07:40:18Z,2026-09-02T07:48:34Z,496,2290,"LINESTRING (-9.12255 38.74794, -9.12004 38.74675, -9.11711 38.74697, -9.11417 38.74696, -9.11186 38.74838, -9.11067 38.75047, -9.10970 38.75264, -9.10870 38.75479, -9.10645 38.75627, -9.10550 38.75844)"
b015a3ca-1550-43f0-9a73-cffd5ea898bd,f3f49249-dc28-4f90-a5ae-c7978306d03b,Bolt,9c992583-a4f5-4734-9436-28f75581ebc2,scooter,electric,2026-09-02T07:45:15Z,2026-09-02T08:03:03Z,1068,3340,"LINESTRING (-9.09763 38.72614, -9.10530 38.72680, -9.11294 38.72601, -9.11982 38.72328, -9.12710 38.72527, -9.13399 38.72798)"
a709f648-8917-4f94-a193-99cee7b2c83b,e5121482-3929-4d22-a255-accb1a466884,Dott,87a87200-7b9b-4410-a1b1-c6f2972e6a6d,bicycle,electric_assist,2026-09-02T08:32:11Z,2026-09-02T08:37:11Z,300,1193,"LINESTRING (-9.10624 38.73176, -9.10749 38.73221, -9.10887 38.73228, -9.11024 38.73233, -9.11162 38.73226, -9.11290 38.73187, -9.11428 38.73185, -9.11565 38.73176, -9.11702 38.73188, -9.11808 38.73257, -9.11902 38.73335)"
92486132-a8f7-4571-837e-3a4b249b8372,e5121482-3929-4d22-a255-accb1a466884,Dott,aa1bc2e3-3e1e-4bd8-98da-990c9704364a,scooter,electric,2026-09-02T08:41:17Z,2026-09-02T08:48:52Z,455,1418,"LINESTRING (-9.11113 38.76699, -9.10845 38.76847, -9.10518 38.76834, -9.10260 38.76991, -9.09933 38.76965, -9.09641 38.77080)"
4b505e4f-91aa-42ef-ab6b-69b50c1079a5,f38b2ffc-80a4-4f5a-91c9-bc701e7ea419,Lime,ced8c284-63f1-4bbc-a97b-65cb81f8c04a,bicycle,electric_assist,2026-09-02T08:50:58Z,2026-09-02T08:55:52Z,294,1235,"LINESTRING (-9.13939 38.73888, -9.13866 38.73761, -9.13700 38.73710, -9.13534 38.73658, -9.13395 38.73571, -9.13241 38.73501, -9.13107 38.73409, -9.12980 38.73311, -9.12840 38.73225)"
6d0ddec3-b2d7-4bb3-a7ea-1ebec2a087ad,f3f49249-dc28-4f90-a5ae-c7978306d03b,Bolt,408e79ea-b3a2-459e-8f15-79f2445db505,scooter,electric,2026-09-02T09:11:09Z,2026-09-02T09:16:25Z,316,1558,"LINESTRING (-9.15630 38.72371, -9.15859 38.72588, -9.16106 38.72792, -9.16281 38.73037, -9.16629 38.73108, -9.16734 38.73377)"
998bd86d-0bce-4aa2-afb5-8069a8901c61,f38b2ffc-80a4-4f5a-91c9-bc701e7ea419,Lime,faa7176f-6d16-45c1-b671-87fd98142612,scooter,electric,2026-09-02T09:23:45Z,2026-09-02T09:35:01Z,676,2749,"LINESTRING (-9.10867 38.72111, -9.10996 38.72337, -9.11302 38.72403, -9.11614 38.72450, -9.11921 38.72389, -9.12196 38.72264, -9.12438 38.72104, -9.12691 38.71955, -9.12777 38.71716, -9.12961 38.71514, -9.13100 38.71292)"
942b1c3f-04f3-4906-be57-ecfd9c735010,f3f49249-dc28-4f90-a5ae-c7978306d03b,Bolt,08d68e5b-dd8c-4c74-aaa9-27e6cd463d49,scooter,electric,2026-09-02T09:27:47Z,2026-09-02T09:38:15Z,628,2772,"LINESTRING (-9.15007 38.71686, -9.14905 38.72094, -9.14581 38.72425, -9.14138 38.72657, -9.13621 38.72760, -9.13106 38.72869, -9.12576 38.72913)"
d8e5d67f-c348-4080-9e07-46313923abb9,f38b2ffc-80a4-4f5a-91c9-bc701e7ea419,Lime,f0acdebe-7aa9-4416-ba5c-875cd7aa2208,scooter,electric,2026-09-02T09:30:22Z,2026-09-02T09:49:40Z,1158,5507,"LINESTRING (-9.18439 38.70468, -9.19565 38.70929, -9.20763 38.70598, -9.21974 38.70295, -9.22787 38.69532, -9.23703 38.68843)"
5780fd81-1d5b-4910-97f0-cd98c33c5acb,f38b2ffc-80a4-4f5a-91c9-bc701e7ea419,Lime,15e5bc12-1adc-4207-823e-3122f714c462,bicycle,electric_assist,2026-09-02T09:41:17Z,2026-09-02T09:44:25Z,188,837,"LINESTRING (-9.13960 38.75335, -9.13822 38.75338, -9.13696 38.75295, -9.13571 38.75248, -9.13447 38.75200, -9.13320 38.75158, -9.13182 38.75164, -9.13048 38.75188)"
4ec58906-3f13-42a7-9f09-4ac0dd6f65bc,e5121482-3929-4d22-a255-accb1a466884,Dott,1c6e5e65-cec8-456f-a7c8-51c77510c361,bicycle,electric_assist,2026-09-02T10:06:56Z,2026-09-02T10:13:59Z,423,1582,"LINESTRING (-9.12596 38.70983, -9.12422 38.71027, -9.12245 38.70994, -9.12093 38.70914, -9.12002 38.70790, -9.11979 38.70649, -9.11858 38.70542, -9.11746 38.70430, -9.11733 38.70288, -9.11678 38.70152, -9.11613 38.70018)"
69b29a7e-4fed-4394-98e7-298bd2e560f5,6bad6be2-8e7a-46e9-9f19-950499dd251d,Voi,5c340368-0290-417a-bad4-79dcc846f765,scooter,electric,2026-09-02T10:16:48Z,2026-09-02T10:32:24Z,936,3505,"LINESTRING (-9.11672 38.74653, -9.11210 38.74492, -9.10705 38.74461, -9.10209 38.74538, -9.09708 38.74476, -9.09265 38.74286, -9.08903 38.74011, -9.08674 38.73658, -9.08265 38.73426)"
29ef7d44-cda9-49c7-831a-08c7ef66a36a,e5121482-3929-4d22-a255-accb1a466884,Dott,a0995504-75ff-41f6-a693-03f4a8ac3b26,scooter,electric,2026-09-02T10:29:09Z,2026-09-02T10:33:56Z,287,1482,"LINESTRING (-9.15132 38.74175, -9.14805 38.74254, -9.14609 38.74473, -9.14509 38.74728, -9.14295 38.74937, -9.14097 38.75154)"
fe7a31ce-d097-4246-a9fb-dece53f6f499,e5121482-3929-4d22-a255-accb1a466884,Dott,c302e4a4-10fa-4bc2-a3f8-992318c22f25,scooter,electric,2026-09-02T12:06:52Z,2026-09-02T12:20:17Z,805,3017,"LINESTRING (-9.14464 38.73667, -9.14952 38.73743, -9.15426 38.73862, -9.15858 38.74056, -9.16349 38.74120, -9.16803 38.74280, -9.16965 38.74648, -9.17111 38.75019)"
29d762cc-983b-4979-8b82-4d8277ce60f3,6bad6be2-8e7a-46e9-9f19-950499dd251d,Voi,ad2996da-8e86-4483-9efa-4b80ec192b67,scooter,electric,2026-09-02T12:42:24Z,2026-09-02T12:51:58Z,574,3100,"LINESTRING (-9.12057 38.73095, -9.12546 38.72977, -9.13046 38.72894, -9.13554 38.72847, -9.14063 38.72886, -9.14569 38.72826, -9.15068 38.72913, -9.15575 38.72857)"
e66817fb-1eaa-43cd-879e-7d07418a9e52,e5121482-3929-4d22-a255-accb1a466884,Dott,505a3117-8577-497c-9c4f-32a93db48829,bicycle,electric_assist,2026-09-02T12:47:12Z,2026-09-02T12:57:56Z,644,1928,"LINESTRING (-9.16087 38.70481, -9.16247 38.70695, -9.16475 38.70868, -9.16769 38.70962, -9.17070 38.71043, -9.17357 38.71150, -9.17633 38.71274, -9.17717 38.71513)"
12f970f9-bfc6-4a7e-a6ea-0abdd55c1c95,f38b2ffc-80a4-4f5a-91c9-bc701e7ea419,Lime,d9452ba0-d98d-4098-b795-587b888debe9,bicycle,electric_assist,2026-09-02T12:53:28Z,2026-09-02T12:58:37Z,309,1180,"LINESTRING (-9.11122 38.72667, -9.10963 38.72541, -9.10741 38.72580, -9.10552 38.72677, -9.10406 38.72814, -9.10325 38.72979, -9.10461 38.73121)"
888be47e-215f-42ff-8bae-ce29bee07940,f38b2ffc-80a4-4f5a-91c9-bc701e7ea419,Lime,e060a724-2411-4258-b51b-4c8349a047dc,scooter,electric,2026-09-02T13:04:34Z,2026-09-02T13:20:16Z,942,3160,"LINESTRING (-9.15510 38.77049, -9.16009 38.77322, -9.16486 38.77616, -9.16813 38.78017, -9.17166 38.78404, -9.17732 38.78579, -9.18026 38.78994)"
2c57c47b-5407-4819-a58b-6d6b2bb02ba2,6bad6be2-8e7a-46e9-9f19-950499dd251d,Voi,0ec3703b-37e1-4834-b4cc-204400923538,scooter,electric,2026-09-02T13:05:07Z,2026-09-02T13:20:58Z,951,3875,"LINESTRING (-9.11044 38.72210, -9.11503 38.72061, -9.11824 38.71764, -9.11982 38.71397, -9.11959 38.71009, -9.12032 38.70625, -9.12050 38.70238, -9.12078 38.69850, -9.11822 38.69518, -9.11423 38.69287)"
e4e1a9e2-f16b-43da-834c-50f3862b394b,e5121482-3929-4d22-a255-accb1a466884,Dott,0104a2ff-208e-4c04-9148-da691cf65d21,scooter,electric,2026-09-02T13:33:51Z,2026-09-02T13:45:41Z,710,3616,"LINESTRING (-9.09798 38.70090, -9.09083 38.70426, -9.08670 38.70992, -9.07971 38.71349, -9.07155 38.71488, -9.06365 38.71699)"
fc73c959-a456-41c1-af2b-d55e49c241cb,6bad6be2-8e7a-46e9-9f19-950499dd251d,Voi,ff87d3fb-b1db-4929-9dd6-08273ab8c535,scooter,electric,2026-09-02T13:49:31Z,2026-09-02T13:59:01Z,570,2548,"LINESTRING (-9.18200 38.73440, -9.17678 38.73229, -9.17138 38.73046, -9.16558 38.72968, -9.16085 38.72695, -9.15747 38.72319)"
73b17bc9-6895-444d-9939-4dc87290b9db,f3f49249-dc28-4f90-a5ae-c7978306d03b,Bolt,36079a2a-e59d-4568-a0f3-2241177dd1c5,scooter,electric,2026-09-02T13:58:58Z,2026-09-02T14:09:25Z,627,2741,"LINESTRING (-9.18157 38.76607, -9.17960 38.76225, -9.17756 38.75845, -9.17487 38.75491, -9.17278 38.75113, -9.17024 38.74752, -9.16627 38.74480)"
0fd80e56-a612-4e9d-afb5-02f65835d742,f3f49249-dc28-4f90-a5ae-c7978306d03b,Bolt,8bcd0aac-588f-49ba-b7f3-813076035237,scooter,electric,2026-09-02T15:07:36Z,2026-09-02T15:19:06Z,690,2796,"LINESTRING (-9.10823 38.72698, -9.10230 38.72898, -9.09736 38.73222, -9.09412 38.73658, -9.08988 38.74038, -9.08938 38.74541)"
dbd6ec84-6c58-46fe-9fa4-af051b168c50,6bad6be2-8e7a-46e9-9f19-950499dd251d,Voi,6f456bec-cd31-470e-86a9-5ffa42149a69,scooter,electric,2026-09-02T15:21:23Z,2026-09-02T15:27:34Z,371,1297,"LINESTRING (-9.11491 38.72957, -9.11678 38.73086, -9.11791 38.73260, -9.11874 38.73443, -9.12088 38.73544, -9.12319 38.73618, -9.12569 38.73617)"
1a500539-3e39-4acf-8f2f-dd8b68181edf,f3f49249-dc28-4f90-a5ae-c7978306d03b,Bolt,bbf7d98f-8cdc-46ee-af6d-14850b62fb05,scooter,electric,2026-09-02T15:45:09Z,2026-09-02T15:48:08Z,179,841,"LINESTRING (-9.10383 38.74431, -9.10572 38.74396, -9.10566 38.74244, -9.10640 38.74104, -9.10631 38.73952, -9.10588 38.73804)"
5b030f78-3d70-47b2-a0fa-bec928d428b6,d7a7a3cc-8c3d-4f16-9293-de8fc88b2875,Gira,b090385c-12ba-4845-8b23-f006d2fa3fdc,bicycle,electric_assist,2026-09-02T15:58:17Z,2026-09-02T16:09:02Z,645,1983,"LINESTRING (-9.11688 38.73740, -9.11879 38.73947, -9.12183 38.74042, -9.12487 38.74136, -9.12810 38.74095, -9.13126 38.74030, -9.13435 38.74115, -9.13718 38.74242)"
46e63bc1-ca47-41c8-8aee-b105d3343fdf,d7a7a3cc-8c3d-4f16-9293-de8fc88b2875,Gira,89ffc0ad-4dbb-4891-97c3-eb934191a453,bicycle,electric_assist,2026-09-02T16:09:46Z,2026-09-02T16:24:26Z,880,2808,"LINESTRING (-9.09519 38.76538, -9.09700 38.76205, -9.09922 38.75887, -9.10089 38.75550, -9.10216 38.75203, -9.10467 38.74898, -9.10856 38.74702, -9.11103 38.74396)"
06c35ed2-2a1b-422d-a53d-8c298a23d5eb,f38b2ffc-80a4-4f5a-91c9-bc701e7ea419,Lime,d9814559-3a9a-4a39-a261-e34a7b6bc3c6,bicycle,electric_assist,2026-09-02T16:19:30Z,2026-09-02T16:27:00Z,450,2405,"LINESTRING (-9.14971 38.74610, -9.14740 38.74730, -9.14527 38.74869, -9.14372 38.75049, -9.14363 38.75266, -9.14298 38.75477, -9.14340 38.75691, -9.14217 38.75886, -9.14224 38.76103, -9.14370 38.76287, -9.14431 38.76498)"
8cc27940-4ccb-4510-ac32-7eca3c38127e,e5121482-3929-4d22-a255-accb1a466884,Dott,e9588f94-efcd-43cc-aae9-da1f415e9e83,bicycle,electric_assist,2026-09-02T16:24:03Z,2026-09-02T16:47:54Z,1431,5101,"LINESTRING (-9.15070 38.74182, -9.15721 38.74238, -9.16376 38.74247, -9.16789 38.73851, -9.16875 38.73345, -9.17019 38.72847, -9.17022 38.72336, -9.17106 38.71830, -9.17455 38.71397, -9.17564 38.70894)"
8200b154-7a76-4a9f-b3b1-8af446b547d1,6bad6be2-8e7a-46e9-9f19-950499dd251d,Voi,95980705-73f0-494d-ae08-b785c173bada,scooter,electric,2026-09-02T16:43:29Z,2026-09-02T16:59:24Z,955,2680,"LINESTRING (-9.16165 38.71027, -9.15767 38.70657, -9.15169 38.70532, -9.14596 38.70350, -9.14004 38.70209, -9.13403 38.70093)"
5a19d7dc-0409-4709-9656-aa160b922b67,e5121482-3929-4d22-a255-accb1a466884,Dott,5fbe16a9-3083-40d7-8357-2d566f797e3e,bicycle,electric_assist,2026-09-02T17:05:53Z,2026-09-02T17:13:47Z,474,1658,"LINESTRING (-9.10126 38.75564, -9.09743 38.75559, -9.09368 38.75499, -9.08985 38.75517, -9.08607 38.75566, -9.08230 38.75616)"
6ca5ec7e-9f7a-4e5d-bb99-9ace8944110f,f38b2ffc-80a4-4f5a-91c9-bc701e7ea419,Lime,92845dae-afe9-47c1-8fdf-66145a091fd6,bicycle,electric_assist,2026-09-02T17:21:16Z,2026-09-02T17:26:34Z,318,1090,"LINESTRING (-9.15778 38.77016, -9.15621 38.77025, -9.15485 38.76963, -9.15407 38.76856, -9.15340 38.76745, -9.15341 38.76622, -9.15372 38.76502, -9.15317 38.76387, -9.15204 38.76301)"
d2620bc0-6da3-4043-967d-c1b483b21a44,f38b2ffc-80a4-4f5a-91c9-bc701e7ea419,Lime,5814b53f-2fec-4275-8e0e-889662186f4b,bicycle,electric_assist,2026-09-02T17:25:59Z,2026-09-02T17:33:59Z,480,2333,"LINESTRING (-9.16608 38.72167, -9.16174 38.72077, -9.15733 38.72145, -9.15305 38.72040, -9.14876 38.72144, -9.14429 38.72178, -9.14037 38.72349)"
7ba4fba0-81d4-4a94-ba49-1b722a13a13b,f38b2ffc-80a4-4f5a-91c9-bc701e7ea419,Lime,ddba7481-a674-4fca-89ba-f21c8d903c66,scooter,electric,2026-09-02T17:41:17Z,2026-09-02T17:52:37Z,680,3202,"LINESTRING (-9.14962 38.72107, -9.14514 38.71889, -9.14004 38.71995, -9.13478 38.71954, -9.13002 38.71775, -9.12475 38.71750, -9.11951 38.71699, -9.11446 38.71579)"
87c0bd5e-803e-40b3-8adf-5852bdb1e606,f3f49249-dc28-4f90-a5ae-c7978306d03b,Bolt,88e6823d-2b0d-46d4-9784-0d5e644f7ae9,scooter,electric,2026-09-02T18:22:48Z,2026-09-02T18:35:41Z,773,3431,"LINESTRING (-9.16879 38.73490, -9.17652 38.73628, -9.18378 38.73876, -9.19169 38.73915, -9.19897 38.74160, -9.20558 38.74501)"
34d509fc-f8c4-4b19-838c-6293c591d5e6,e5121482-3929-4d22-a255-accb1a466884,Dott,40868dcb-f0b6-459a-a85f-cb5025cb4dc5,bicycle,electric_assist,2026-09-02T18:26:52Z,2026-09-02T18:39:44Z,772,2472,"LINESTRING (-9.17056 38.71847, -9.17170 38.72051, -9.17178 38.72273, -9.17151 38.72495, -9.17045 38.72702, -9.17088 38.72922, -9.17146 38.73140, -9.17294 38.73331, -9.17488 38.73495, -9.17587 38.73703, -9.17633 38.73923)"
8af12cb9-142a-41ef-bda2-accc6660e923,f38b2ffc-80a4-4f5a-91c9-bc701e7ea419,Lime,fcf2c86d-9394-4318-8fa9-60d1af925385,bicycle,electric_assist,2026-09-02T18:33:55Z,2026-09-02T18:44:39Z,644,1519,"LINESTRING (-9.11326 38.74181, -9.11133 38.73952, -9.11021 38.73693, -9.10878 38.73443, -9.10617 38.73260, -9.10354 38.73078)"
ccb3d698-1061-4cd1-bcf4-3a4bcd63db90,f3f49249-dc28-4f90-a5ae-c7978306d03b,Bolt,56f0a1e4-a91a-462e-9164-38f37d3e7a21,scooter,electric,2026-09-02T18:36:27Z,2026-09-02T18:43:53Z,446,1990,"LINESTRING (-9.14375 38.71933, -9.14834 38.71934, -9.15246 38.71773, -9.15701 38.71721, -9.16130 38.71594, -9.16566 38.71480)"
36ce8f45-a214-4c71-a137-2270ac0600e8,f38b2ffc-80a4-4f5a-91c9-bc701e7ea419,Lime,2dfbc7b2-078e-4649-8425-0d88b8d3b186,scooter,electric,2026-09-02T18:38:24Z,2026-09-02T18:42:39Z,255,1344,"LINESTRING (-9.12087 38.72161, -9.12239 38.72066, -9.12427 38.72030, -9.12614 38.71988, -9.12803 38.72022, -9.12927 38.72139, -9.12929 38.72290, -9.12994 38.72433, -9.12911 38.72570)"
45dbfb38-92ac-4e34-8a50-324220f8e244,f38b2ffc-80a4-4f5a-91c9-bc701e7ea419,Lime,15e5bc12-1adc-4207-823e-3122f714c462,bicycle,electric_assist,2026-09-02T18:41:11Z,2026-09-02T18:52:40Z,689,2383,"LINESTRING (-9.10498 38.70314, -9.10275 38.70061, -9.09969 38.69868, -9.09591 38.69786, -9.09207 38.69718, -9.08828 38.69800, -9.08467 38.69921, -9.08082 38.69982)"
72ba1f11-024d-4bbd-86ee-2c43c4365bce,e5121482-3929-4d22-a255-accb1a466884,Dott,4c22499d-d4b2-4a27-b0b2-a517ba58b47b,bicycle,electric_assist,2026-09-02T19:34:35Z,2026-09-02T19:53:33Z,1138,2837,"LINESTRING (-9.16599 38.71377, -9.16426 38.71594, -9.16284 38.71824, -9.16056 38.72008, -9.15751 38.72102, -9.15493 38.72259, -9.15272 38.72447, -9.15241 38.72702, -9.15205 38.72956, -9.15068 38.73188, -9.14901 38.73408)"
3904a79c-9eca-4910-be00-30fb016a5fef,f38b2ffc-80a4-4f5a-91c9-bc701e7ea419,Lime,92845dae-afe9-47c1-8fdf-66145a091fd6,bicycle,electric_assist,2026-09-02T19:53:06Z,2026-09-02T19:59:47Z,401,1938,"LINESTRING (-9.12920 38.71396, -9.12723 38.71149, -9.12630 38.70867, -9.12738 38.70588, -9.12802 38.70302, -9.12927 38.70027, -9.12996 38.69742)"
1b250565-5449-499a-9697-70991e18a767,f3f49249-dc28-4f90-a5ae-c7978306d03b,Bolt,b4527974-e1df-4fe1-aaee-910c83d6877d,scooter,electric,2026-09-02T20:41:27Z,2026-09-02T20:52:26Z,659,2798,"LINESTRING (-9.13878 38.70003, -9.14040 38.69602, -9.14289 38.69229, -9.14709 38.68966, -9.15237 38.68883, -9.15775 38.68884, -9.16308 38.68828)"
17cf26a4-b2d8-4dcb-bb90-880b87e0a703,e5121482-3929-4d22-a255-accb1a466884,Dott,a2e8de7c-600a-4dc0-bc9a-b34b71e04d0f,bicycle,electric_assist,2026-09-02T20:49:28Z,2026-09-02T20:52:42Z,194,799,"LINESTRING (-9.10908 38.75687, -9.10793 38.75687, -9.10693 38.75641, -9.10597 38.75592, -9.10486 38.75567, -9.10373 38.75548, -9.10274 38.75501, -9.10222 38.75421, -9.10141 38.75357)"
54716d01-8197-47f4-b52e-944d2a7a1f83,f3f49249-dc28-4f90-a5ae-c7978306d03b,Bolt,2765e3b9-ae0f-4718-af85-b878c0590851,scooter,electric,2026-09-02T21:05:26Z,2026-09-02T21:13:27Z,481,2572,"LINESTRING (-9.11221 38.70218, -9.11421 38.70462, -9.11586 38.70722, -9.11600 38.71011, -9.11805 38.71253, -9.12016 38.71491, -9.12289 38.71687, -9.12660 38.71692, -9.12996 38.71815)"
bdc7d9d7-a295-42a8-973b-97a547bbfd80,f3f49249-dc28-4f90-a5ae-c7978306d03b,Bolt,871340d0-11fb-4c29-8ab8-34749717e79b,scooter,electric,2026-09-02T21:21:46Z,2026-09-02T21:27:22Z,336,1526,"LINESTRING (-9.17406 38.76311, -9.17641 38.76240, -9.17733 38.76057, -9.17877 38.75896, -9.18112 38.75825, -9.18360 38.75792, -9.18591 38.75871, -9.18802 38.75977)"
3d7b1403-f338-456f-ad59-d4cb05fd1b8f,f38b2ffc-80a4-4f5a-91c9-bc701e7ea419,Lime,968e485e-46db-43ab-9044-df5c81b2499e,scooter,electric,2026-09-03T05:46:15Z,2026-09-03T06:07:09Z,1254,5763,"LINESTRING (-9.15155 38.74838, -9.14285 38.75139, -9.13494 38.75551, -9.12837 38.76088, -9.12093 38.76549, -9.11706 38.77227, -9.11239 38.77873, -9.11182 38.78614)"
3ae5e1b3-57ea-4ae9-9fb7-957a01ef385a,f3f49249-dc28-4f90-a5ae-c7978306d03b,Bolt,8fe20a24-fd25-4f7c-93fc-42ee2e608e3d,scooter,electric,2026-09-03T07:16:17Z,2026-09-03T07:18:58Z,161,814,"LINESTRING (-9.12093 38.70021, -9.12274 38.69982, -9.12448 38.70038, -9.12604 38.70120, -9.12685 38.70253, -9.12873 38.70254)"
548d285e-eefd-4ebf-8d3e-cc21843ac5eb,f38b2ffc-80a4-4f5a-91c9-bc701e7ea419,Lime,731c9452-1919-493a-9117-45ad49889310,scooter,electric,2026-09-03T07:21:34Z,2026-09-03T07:38:03Z,989,4432,"LINESTRING (-9.11367 38.72196, -9.11754 38.72521, -9.12056 38.72897, -9.12315 38.73292, -9.12423 38.73727, -9.12286 38.74158, -9.11920 38.74497, -9.11519 38.74812, -9.11255 38.75205, -9.11092 38.75630)"
69b36000-9e24-4dbc-8598-6d842bba5ae0,f3f49249-dc28-4f90-a5ae-c7978306d03b,Bolt,eb74268f-b06c-4c63-9d8c-1b6f385d1c97,scooter,electric,2026-09-03T07:24:20Z,2026-09-03T07:32:20Z,480,2227,"LINESTRING (-9.15700 38.71386, -9.16213 38.71412, -9.16715 38.71500, -9.16956 38.71854, -9.17001 38.72254, -9.17057 38.72653)"
9852da41-6352-4c21-a5f3-2a62d8345583,f38b2ffc-80a4-4f5a-91c9-bc701e7ea419,Lime,36de6548-d90e-413a-9835-7aebd0ef5c36,scooter,electric,2026-09-03T07:40:17Z,2026-09-03T07:46:30Z,373,1514,"LINESTRING (-9.16270 38.74200, -9.16396 38.74455, -9.16307 38.74719, -9.16033 38.74889, -9.15885 38.75136, -9.15923 38.75408)"
5477ab1f-462e-474a-9638-04db9bcd27b0,f3f49249-dc28-4f90-a5ae-c7978306d03b,Bolt,b4527974-e1df-4fe1-aaee-910c83d6877d,scooter,electric,2026-09-03T07:48:19Z,2026-09-03T08:00:09Z,710,3388,"LINESTRING (-9.13394 38.74225, -9.13202 38.74576, -9.13145 38.74955, -9.13051 38.75330, -9.12707 38.75601, -9.12324 38.75838, -9.12011 38.76132, -9.11582 38.76315, -9.11124 38.76448)"
3ed7ba29-447d-4cb2-89e9-a9ccc02056b7,6bad6be2-8e7a-46e9-9f19-950499dd251d,Voi,1530a3b7-a23d-4925-a04d-e64c6915f7fc,scooter,electric,2026-09-03T07:57:29Z,2026-09-03T08:02:11Z,282,1388,"LINESTRING (-9.18255 38.74354, -9.18182 38.74524, -9.17991 38.74623, -9.17763 38.74640, -9.17551 38.74708, -9.17322 38.74713, -9.17217 38.74554, -9.17058 38.74425)"
ec3b4f8d-14e1-4ed3-a939-518ff3a0733a,f38b2ffc-80a4-4f5a-91c9-bc701e7ea419,Lime,ddba7481-a674-4fca-89ba-f21c8d903c66,bicycle,electric_assist,2026-09-03T08:31:50Z,2026-09-03T08:38:34Z,404,1522,"LINESTRING (-9.12663 38.74645, -9.13015 38.74644, -9.13340 38.74749, -9.13554 38.74967, -9.13771 38.75182, -9.14095 38.75289)"
461248e5-84d4-40c1-a3d0-4d5b1a96d9ee,f38b2ffc-80a4-4f5a-91c9-bc701e7ea419,Lime,0397a31d-ea9e-4ab5-b30b-89dc2577c324,scooter,electric,2026-09-03T08:44:03Z,2026-09-03T08:47:16Z,193,964,"LINESTRING (-9.11498 38.72500, -9.11621 38.72448, -9.11754 38.72416, -9.11885 38.72380, -9.11997 38.72444, -9.11973 38.72551, -9.11902 38.72645, -9.11788 38.72707, -9.11702 38.72792)"
f6344ba0-3c5e-4da6-8031-107c3550a784,e5121482-3929-4d22-a255-accb1a466884,Dott,c302e4a4-10fa-4bc2-a3f8-992318c22f25,scooter,electric,2026-09-03T08:46:28Z,2026-09-03T08:52:11Z,343,1281,"LINESTRING (-9.11342 38.77161, -9.11163 38.76977, -9.10916 38.76849, -9.10623 38.76815, -9.10341 38.76746, -9.10146 38.76572)"
04d295e6-241c-405f-b9ab-50fec2d23f6a,f38b2ffc-80a4-4f5a-91c9-bc701e7ea419,Lime,57fbeeeb-4698-45d2-943c-c5318fc460a1,bicycle,electric_assist,2026-09-03T08:51:17Z,2026-09-03T09:08:50Z,1053,2773,"LINESTRING (-9.11321 38.75408, -9.11575 38.75256, -9.11886 38.75194, -9.12110 38.75015, -9.12383 38.74885, -9.12700 38.74920, -9.12997 38.74826, -9.13271 38.74696, -9.13558 38.74584, -9.13719 38.74368, -9.14004 38.74254)"
cf3915ba-f2f9-4fbd-9896-304adfa3189a,f38b2ffc-80a4-4f5a-91c9-bc701e7ea419,Lime,8c285417-5567-461f-a3a3-62b4bb8a1881,scooter,electric,2026-09-03T08:56:11Z,2026-09-03T09:01:25Z,314,1420,"LINESTRING (-9.16132 38.74022, -9.16164 38.74162, -9.16185 38.74303, -9.16124 38.74438, -9.16185 38.74572, -9.16193 38.74714, -9.16197 38.74856, -9.16213 38.74998, -9.16183 38.75138, -9.16041 38.75227)"
0cdaf938-dbb5-4d97-9f60-635cd410ee49,f38b2ffc-80a4-4f5a-91c9-bc701e7ea419,Lime,2edc49c1-f71b-4135-ac06-43b173f29c6a,bicycle,electric_assist,2026-09-03T09:12:56Z,2026-09-03T09:38:29Z,1533,5305,"LINESTRING (-9.14007 38.70611, -9.13592 38.71031, -9.13281 38.71504, -9.13094 38.72015, -9.13097 38.72546, -9.12806 38.73026, -9.12217 38.73291, -9.11603 38.73521, -9.11001 38.73273, -9.10487 38.72925)"
057f59c2-6211-42c8-9cc5-eb2520849c26,e5121482-3929-4d22-a255-accb1a466884,Dott,e9588f94-efcd-43cc-aae9-da1f415e9e83,bicycle,electric_assist,2026-09-03T09:29:23Z,2026-09-03T09:38:02Z,519,1846,"LINESTRING (-9.15608 38.70687, -9.15758 38.70515, -9.15909 38.70344, -9.16162 38.70276, -9.16428 38.70275, -9.16671 38.70189, -9.16833 38.70024, -9.16926 38.69829, -9.17065 38.69652)"
55e40274-fe67-4f0f-a376-14b9cd5efe35,f38b2ffc-80a4-4f5a-91c9-bc701e7ea419,Lime,51a248ee-6aa8-40b5-8494-a9bc4c046460,bicycle,electric_assist,2026-09-03T09:30:01Z,2026-09-03T09:35:31Z,330,1277,"LINESTRING (-9.16453 38.75049, -9.16654 38.74999, -9.16864 38.75007, -9.17071 38.75037, -9.17195 38.75170, -9.17225 38.75333, -9.17379 38.75445, -9.17518 38.75568)"
ae1c9454-024e-42c6-af79-5df568cb59fc,e5121482-3929-4d22-a255-accb1a466884,Dott,aa1bc2e3-3e1e-4bd8-98da-990c9704364a,scooter,electric,2026-09-03T09:46:47Z,2026-09-03T10:00:02Z,795,2641,"LINESTRING (-9.15217 38.73246, -9.15716 38.73321, -9.16061 38.73613, -9.16514 38.73793, -9.16778 38.74131, -9.17179 38.74376, -9.17560 38.74639)"
f705a143-1e73-4e97-a00f-88251acc1866,e5121482-3929-4d22-a255-accb1a466884,Dott,deddc341-796f-43ef-916d-8fd6d2a0c9c8,scooter,electric,2026-09-03T09:48:24Z,2026-09-03T10:01:38Z,794,4559,"LINESTRING (-9.17285 38.76176, -9.16538 38.76249, -9.15836 38.76461, -9.15298 38.76871, -9.14939 38.77387, -9.14613 38.77916, -9.14746 38.78493, -9.15206 38.78958)"
1e6c8ec1-6f0b-472d-8c4b-07640cd2e015,d7a7a3cc-8c3d-4f16-9293-de8fc88b2875,Gira,fa8be65a-7fb8-4d26-80c5-f5d21801f648,bicycle,electric_assist,2026-09-03T10:00:21Z,2026-09-03T10:26:08Z,1547,5003,"LINESTRING (-9.14033 38.70879, -9.13638 38.70407, -9.13299 38.69909, -9.12935 38.69423, -9.12337 38.69108, -9.11782 38.68747, -9.11180 38.69058, -9.11001 38.69604, -9.10936 38.70166)"
594fa673-cec9-4935-8de5-a61c23a4561b,e5121482-3929-4d22-a255-accb1a466884,Dott,e9588f94-efcd-43cc-aae9-da1f415e9e83,bicycle,electric_assist,2026-09-03T10:38:30Z,2026-09-03T10:42:03Z,213,1008,"LINESTRING (-9.16008 38.72446, -9.15864 38.72460, -9.15719 38.72475, -9.15590 38.72528, -9.15462 38.72581, -9.15316 38.72584, -9.15171 38.72596, -9.15030 38.72570, -9.14976 38.72464)"
dde6e8a9-fc05-4bbc-ae2b-4c35bc41affd,e5121482-3929-4d22-a255-accb1a466884,Dott,6bd8e83a-0374-464b-b876-1b7c8697e1b6,scooter,electric,2026-09-03T10:40:42Z,2026-09-03T10:47:20Z,398,1454,"LINESTRING (-9.14660 38.75183, -9.14839 38.75268, -9.15009 38.75364, -9.15176 38.75464, -9.15385 38.75475, -9.15584 38.75422, -9.15730 38.75304, -9.15799 38.75149, -9.15874 38.74996)"
c1cc50f2-0f11-4451-9d5f-06585d5cad4c,f38b2ffc-80a4-4f5a-91c9-bc701e7ea419,Lime,2f9e09c9-d828-4123-a945-e7bb290f5d0f,bicycle,electric_assist,2026-09-03T11:05:52Z,2026-09-03T11:11:24Z,332,1347,"LINESTRING (-9.13600 38.76220, -9.13643 38.76420, -9.13729 38.76611, -9.13898 38.76764, -9.14157 38.76778, -9.14415 38.76757, -9.14674 38.76764)"
aae11aee-97ff-46fc-8991-0797e9da9ab4,f3f49249-dc28-4f90-a5ae-c7978306d03b,Bolt,914fe82d-1593-4452-8f37-fdfbb49cb061,scooter,electric,2026-09-03T11:58:36Z,2026-09-03T12:02:44Z,248,1329,"LINESTRING (-9.15603 38.72920, -9.15616 38.72681, -9.15583 38.72443, -9.15484 38.72216, -9.15597 38.71993, -9.15755 38.71788)"
342cfbbb-f4c6-4af2-86d5-8a628ae4789c,f38b2ffc-80a4-4f5a-91c9-bc701e7ea419,Lime,2950e9ae-5089-4e3b-ae8b-9e7c4a815857,bicycle,electric_assist,2026-09-03T12:15:12Z,2026-09-03T12:20:27Z,315,1674,"LINESTRING (-9.10331 38.70375, -9.10383 38.70587, -9.10597 38.70722, -9.10826 38.70843, -9.11093 38.70789, -9.11307 38.70652, -9.11459 38.70472, -9.11537 38.70266)"
51edb8a5-e82f-4a6b-9052-787a270c8cc3,6bad6be2-8e7a-46e9-9f19-950499dd251d,Voi,6f456bec-cd31-470e-86a9-5ffa42149a69,scooter,electric,2026-09-03T12:17:25Z,2026-09-03T12:23:45Z,380,1399,"LINESTRING (-9.10143 38.76365, -9.09992 38.76229, -9.09928 38.76056, -9.09705 38.76010, -9.09512 38.75911, -9.09289 38.75864, -9.09087 38.75777, -9.08875 38.75706)"
b5a64fb2-3626-4565-b4bd-c8d0637e5c3e,f38b2ffc-80a4-4f5a-91c9-bc701e7ea419,Lime,19cada68-bd51-4018-b6f7-b3d02351628d,bicycle,electric_assist,2026-09-03T12:24:27Z,2026-09-03T12:31:38Z,431,1434,"LINESTRING (-9.14651 38.75947, -9.14792 38.76095, -9.14864 38.76271, -9.14788 38.76446, -9.14590 38.76547, -9.14382 38.76636, -9.14192 38.76746, -9.13988 38.76840)"
02af4f69-9fd0-40e4-a44c-8267bc010117,e5121482-3929-4d22-a255-accb1a466884,Dott,69db8679-03df-4b62-880c-b1623e068813,bicycle,electric_assist,2026-09-03T12:34:36Z,2026-09-03T12:49:12Z,876,3568,"LINESTRING (-9.12439 38.77151, -9.12013 38.77283, -9.11805 38.77601, -9.11636 38.77933, -9.11263 38.78140, -9.11190 38.78493, -9.10994 38.78816, -9.10754 38.79120, -9.10695 38.79474, -9.10730 38.79830)"
45464f64-cfd1-4ada-a8fe-ea28644cbdae,f3f49249-dc28-4f90-a5ae-c7978306d03b,Bolt,7e9b56d2-f7ca-4132-a960-199b3982dbf3,scooter,electric,2026-09-03T13:03:58Z,2026-09-03T13:07:24Z,206,907,"LINESTRING (-9.12398 38.75828, -9.12296 38.75807, -9.12191 38.75809, -9.12093 38.75838, -9.11988 38.75831, -9.11884 38.75827, -9.11794 38.75785, -9.11691 38.75771, -9.11640 38.75699, -9.11599 38.75624, -9.11527 38.75564)"
a92f9495-134b-4487-86c2-2f632631b2ed,6bad6be2-8e7a-46e9-9f19-950499dd251d,Voi,d2dde7e8-de8f-4d0a-9f64-9a87f9c6a003,scooter,electric,2026-09-03T13:33:57Z,2026-09-03T13:48:39Z,882,3841,"LINESTRING (-9.10575 38.70085, -9.11423 38.69880, -9.12267 38.69667, -9.13110 38.69454, -9.13885 38.69118, -9.14683 38.68815)"
00e1b38c-af50-41fd-9546-469c690afc97,f3f49249-dc28-4f90-a5ae-c7978306d03b,Bolt,f064376c-4558-4af0-873e-f4721ba98d07,scooter,electric,2026-09-03T13:46:31Z,2026-09-03T13:53:51Z,440,2229,"LINESTRING (-9.12310 38.75654, -9.12408 38.75415, -9.12357 38.75167, -9.12468 38.74931, -9.12574 38.74694, -9.12718 38.74470, -9.13007 38.74359, -9.13264 38.74208, -9.13586 38.74208)"
d0d9cd1e-a6dc-4b1c-b646-5caab0aab4c7,e5121482-3929-4d22-a255-accb1a466884,Dott,69db8679-03df-4b62-880c-b1623e068813,bicycle,electric_assist,2026-09-03T13:53:51Z,2026-09-03T13:59:22Z,331,1828,"LINESTRING (-9.18150 38.72355, -9.18242 38.72187, -9.18232 38.72004, -9.18117 38.71844, -9.18072 38.71665, -9.17957 38.71505, -9.17854 38.71341, -9.17867 38.71158, -9.17840 38.70976, -9.17990 38.70836)"
d4825aeb-cce4-45fb-ac63-2fb296cf3bf1,f3f49249-dc28-4f90-a5ae-c7978306d03b,Bolt,a41f7aab-341d-457a-ac10-2d7a1d7a466a,scooter,electric,2026-09-03T14:48:30Z,2026-09-03T14:51:38Z,188,1006,"LINESTRING (-9.10061 38.72707, -9.10172 38.72611, -9.10309 38.72538, -9.10473 38.72517, -9.10628 38.72563, -9.10769 38.72631, -9.10930 38.72600, -9.11096 38.72599)"
fdae961d-5cbf-42c4-979f-98ad26678208,e5121482-3929-4d22-a255-accb1a466884,Dott,f2ca68b2-4ba5-45db-9bc7-d0e771be4d88,scooter,electric,2026-09-03T14:53:31Z,2026-09-03T15:10:48Z,1037,2251,"LINESTRING (-9.18319 38.76605, -9.18086 38.76968, -9.17887 38.77343, -9.17732 38.77730, -9.17723 38.78136, -9.17743 38.78541)"
7263b39a-e5c6-4719-956d-f3fef69bd761,f38b2ffc-80a4-4f5a-91c9-bc701e7ea419,Lime,5814b53f-2fec-4275-8e0e-889662186f4b,bicycle,electric_assist,2026-09-03T14:53:33Z,2026-09-03T15:07:02Z,809,3801,"LINESTRING (-9.15709 38.74750, -9.16096 38.74912, -9.16498 38.75050, -9.16909 38.75171, -9.17345 38.75211, -9.17768 38.75302, -9.18188 38.75402, -9.18547 38.75600, -9.18913 38.75789, -9.19346 38.75846, -9.19770 38.75756)"
49f5b670-e9c4-4aa8-a1a4-dd2644ad3cca,f3f49249-dc28-4f90-a5ae-c7978306d03b,Bolt,da159d43-a922-490e-9eef-616aa2e29977,scooter,electric,2026-09-03T14:55:50Z,2026-09-03T15:01:30Z,340,1111,"LINESTRING (-9.16840 38.77007, -9.17080 38.76936, -9.17318 38.77011, -9.17535 38.77118, -9.17770 38.77200, -9.17989 38.77304)"
90c344b0-1d5b-497c-90dd-804d40cebb91,f38b2ffc-80a4-4f5a-91c9-bc701e7ea419,Lime,e5a34078-795c-4b9b-8fba-5e788c7ddcd4,scooter,electric,2026-09-03T15:24:28Z,2026-09-03T15:27:28Z,180,852,"LINESTRING (-9.14252 38.73268, -9.14332 38.73196, -9.14431 38.73138, -9.14523 38.73074, -9.14642 38.73050, -9.14762 38.73072, -9.14885 38.73079, -9.15008 38.73078, -9.15127 38.73055)"
6361acef-1d1a-472f-a1aa-29d66478d152,e5121482-3929-4d22-a255-accb1a466884,Dott,87a87200-7b9b-4410-a1b1-c6f2972e6a6d,scooter,electric,2026-09-03T15:28:15Z,2026-09-03T15:34:56Z,401,1419,"LINESTRING (-9.11656 38.72744, -9.11927 38.72888, -9.11859 38.73139, -9.11661 38.73343, -9.11480 38.73556, -9.11207 38.73698)"
9d3c1c7c-7f26-4a32-83cb-e0ca0c1045e1,f38b2ffc-80a4-4f5a-91c9-bc701e7ea419,Lime,637c119a-f906-499e-a24e-229f5b72fcc5,scooter,electric,2026-09-03T15:41:12Z,2026-09-03T15:47:45Z,393,1701,"LINESTRING (-9.12749 38.77001, -9.12642 38.76828, -9.12588 38.76641, -9.12507 38.76460, -9.12476 38.76270, -9.12339 38.76111, -9.12264 38.75929, -9.12030 38.75869, -9.11791 38.75827)"
03be337f-a10c-487d-9853-ec03f6d14be4,f38b2ffc-80a4-4f5a-91c9-bc701e7ea419,Lime,968e485e-46db-43ab-9044-df5c81b2499e,bicycle,electric_assist,2026-09-03T16:05:50Z,2026-09-03T16:08:47Z,177,668,"LINESTRING (-9.16036 38.73827, -9.16010 38.73945, -9.15963 38.74060, -9.16018 38.74173, -9.16062 38.74288, -9.16177 38.74368)"
e17db028-0c24-4d0f-b536-34d51d355bc3,d7a7a3cc-8c3d-4f16-9293-de8fc88b2875,Gira,a298ab87-7947-4af8-86ab-5ec5b802e168,bicycle,electric_assist,2026-09-03T16:13:03Z,2026-09-03T16:19:35Z,392,1412,"LINESTRING (-9.10051 38.76433, -9.09852 38.76397, -9.09653 38.76364, -9.09474 38.76441, -9.09372 38.76578, -9.09296 38.76726, -9.09121 38.76809, -9.08928 38.76859, -9.08759 38.76948)"
0c750356-ddef-4b70-8739-2ad6270dbf2b,e5121482-3929-4d22-a255-accb1a466884,Dott,c4f27979-7053-4e0b-8611-fa58f40924ff,bicycle,electric_assist,2026-09-03T16:17:37Z,2026-09-03T16:35:33Z,1076,4509,"LINESTRING (-9.12987 38.72197, -9.13046 38.72600, -9.13407 38.72893, -9.13852 38.73104, -9.14368 38.73046, -9.14799 38.73274, -9.15123 38.73591, -9.15495 38.73876, -9.15942 38.74085, -9.16260 38.74406, -9.16428 38.74791)"
d3639049-74f8-4a51-a940-e0e3129f99b5,e5121482-3929-4d22-a255-accb1a466884,Dott,4f83d975-5239-45bb-bc29-5d1b6a96cf7e,bicycle,electric_assist,2026-09-03T16:25:40Z,2026-09-03T16:31:39Z,359,1298,"LINESTRING (-9.17197 38.72781, -9.17062 38.72573, -9.16905 38.72373, -9.16858 38.72142, -9.16849 38.71908, -9.16953 38.71689)"
2ecb2f71-5b1c-43fc-ad62-f4a291abcf06,e5121482-3929-4d22-a255-accb1a466884,Dott,e8d8235c-e46c-41cf-9f70-b8ba632d5714,scooter,electric,2026-09-03T16:31:05Z,2026-09-03T16:41:44Z,639,1953,"LINESTRING (-9.13126 38.71784, -9.13388 38.71703, -9.13655 38.71632, -9.13916 38.71550, -9.14129 38.71405, -9.14296 38.71228, -9.14435 38.71037, -9.14583 38.70849, -9.14734 38.70664)"
d67db29a-40f4-4b12-88b2-1389235d8b9b,f38b2ffc-80a4-4f5a-91c9-bc701e7ea419,Lime,7528ea79-5110-40a7-8a41-f8e4d4d6d278,scooter,electric,2026-09-03T16:35:02Z,2026-09-03T16:41:12Z,370,1651,"LINESTRING (-9.12794 38.75397, -9.12540 38.75320, -9.12404 38.75137, -9.12300 38.74940, -9.12114 38.74785, -9.11844 38.74756, -9.11578 38.74711, -9.11338 38.74610)"
715d84f7-1096-4b90-a511-91506d504850,d7a7a3cc-8c3d-4f16-9293-de8fc88b2875,Gira,5df6bd28-0291-4f4d-be8f-7334db828663,bicycle,electric_assist,2026-09-03T16:41:38Z,2026-09-03T16:47:29Z,351,1041,"LINESTRING (-9.11583 38.73217, -9.11760 38.73291, -9.11954 38.73328, -9.12132 38.73256, -9.12296 38.73165, -9.12476 38.73097, -9.12677 38.73095)"
5a61dbeb-9fc0-46c8-99ed-a44b2950ed4a,6bad6be2-8e7a-46e9-9f19-950499dd251d,Voi,9e6aefc8-f604-4370-9e93-4250ef659464,scooter,electric,2026-09-03T16:51:35Z,2026-09-03T17:00:02Z,507,2357,"LINESTRING (-9.09567 38.72161, -9.10021 38.71927, -9.10483 38.71702, -9.10960 38.71497, -9.11323 38.71181, -9.11867 38.71162)"
27a70799-5b4e-46ec-be7d-0707a3442532,f38b2ffc-80a4-4f5a-91c9-bc701e7ea419,Lime,50931ba9-f55e-4054-8389-73ec6afa2b31,scooter,electric,2026-09-03T16:56:14Z,2026-09-03T17:00:31Z,257,1022,"LINESTRING (-9.14655 38.70084, -9.14797 38.70114, -9.14878 38.70210, -9.14858 38.70324, -9.14854 38.70439, -9.14900 38.70548, -9.14965 38.70652, -9.14927 38.70763, -9.14859 38.70866)"
f4727b6b-064d-44e1-a092-b9fd6206a95b,e5121482-3929-4d22-a255-accb1a466884,Dott,2ceeed8c-bc7a-482d-ab95-1e7757b16995,bicycle,electric_assist,2026-09-03T17:07:51Z,2026-09-03T17:12:14Z,263,1087,"LINESTRING (-9.15241 38.73674, -9.15037 38.73635, -9.14905 38.73508, -9.14881 38.73346, -9.14875 38.73183, -9.14938 38.73027, -9.14955 38.72865)"
66383ca8-ac2a-42cf-9c3f-b98cedd133c9,e5121482-3929-4d22-a255-accb1a466884,Dott,f4f07584-d4c0-4d4b-aa32-659bcd1259e2,bicycle,electric_assist,2026-09-03T17:17:56Z,2026-09-03T17:24:59Z,423,1676,"LINESTRING (-9.17914 38.71158, -9.18189 38.71176, -9.18439 38.71269, -9.18584 38.71453, -9.18732 38.71635, -9.18923 38.71790, -9.19172 38.71885, -9.19446 38.71910)"
4e35ed99-979e-4b97-8383-c2ea6745b0e6,6bad6be2-8e7a-46e9-9f19-950499dd251d,Voi,895bf10a-9cce-402e-ad04-0b1f1a6688ba,scooter,electric,2026-09-03T17:25:33Z,2026-09-03T17:32:25Z,412,1248,"LINESTRING (-9.09745 38.75963, -9.09676 38.75783, -9.09609 38.75603, -9.09397 38.75515, -9.09159 38.75486, -9.08919 38.75472, -9.08753 38.75337)"
5221d031-3e94-4f9e-989d-2dac654bf141,f38b2ffc-80a4-4f5a-91c9-bc701e7ea419,Lime,328bf8ae-57ad-457d-b4f0-31fc8acaca45,bicycle,electric_assist,2026-09-03T17:30:36Z,2026-09-03T18:02:04Z,1888,7906,"LINESTRING (-9.12570 38.73206, -9.11736 38.73497, -9.10939 38.73149, -9.10073 38.72924, -9.09170 38.72817, -9.08258 38.72788, -9.07748 38.72197, -9.06994 38.71795, -9.06569 38.71164, -9.06728 38.70463, -9.07130 38.69823)"
9afc7788-b5de-47ac-ab99-165e736da7ce,f3f49249-dc28-4f90-a5ae-c7978306d03b,Bolt,2516f920-f893-4baf-8c01-dd1c07cef7b1,scooter,electric,2026-09-03T17:34:35Z,2026-09-03T17:45:58Z,683,2146,"LINESTRING (-9.16510 38.76074, -9.16916 38.76135, -9.17312 38.76044, -9.17725 38.76032, -9.18138 38.76042, -9.18549 38.76013, -9.18939 38.76119)"
627621d7-4c1a-4704-9cf7-d340e69f5028,d7a7a3cc-8c3d-4f16-9293-de8fc88b2875,Gira,405a5332-63ed-4daf-9ea3-fcfbaee127e0,bicycle,electric_assist,2026-09-03T17:59:31Z,2026-09-03T18:12:10Z,759,1921,"LINESTRING (-9.17075 38.76524, -9.17341 38.76323, -9.17503 38.76064, -9.17635 38.75794, -9.17811 38.75540, -9.17994 38.75290, -9.17895 38.75012)"
8edf0f2d-2daa-428f-9dcf-d959297857f8,f38b2ffc-80a4-4f5a-91c9-bc701e7ea419,Lime,e0ed4a62-17d6-4f8f-b423-f8be01418223,bicycle,electric_assist,2026-09-03T18:10:46Z,2026-09-03T18:24:42Z,836,2618,"LINESTRING (-9.16207 38.71864, -9.16119 38.71639, -9.16025 38.71414, -9.15982 38.71181, -9.16061 38.70953, -9.16086 38.70718, -9.16341 38.70591, -9.16634 38.70650, -9.16894 38.70530, -9.17133 38.70386, -9.17435 38.70395)"
85edaa0d-c772-4c48-bac1-c6a2edfe82cb,f38b2ffc-80a4-4f5a-91c9-bc701e7ea419,Lime,c129017d-853c-4409-a20c-b7ac5738f7c7,scooter,electric,2026-09-03T18:22:07Z,2026-09-03T18:28:21Z,374,1453,"LINESTRING (-9.14209 38.74893, -9.14147 38.75049, -9.14157 38.75212, -9.14207 38.75371, -9.14332 38.75503, -9.14358 38.75665, -9.14371 38.75828, -9.14268 38.75971, -9.14144 38.76103)"
9d485d89-3cef-4af9-b36f-99829359d904,e5121482-3929-4d22-a255-accb1a466884,Dott,3a387293-18a2-4e86-9f19-c99c9656c697,scooter,electric,2026-09-03T18:22:35Z,2026-09-03T18:36:40Z,845,4056,"LINESTRING (-9.12774 38.76228, -9.13241 38.76263, -9.13701 38.76193, -9.14168 38.76224, -9.14621 38.76131, -9.14877 38.75825, -9.15335 38.75745, -9.15601 38.75444, -9.15861 38.75141, -9.16127 38.74839, -9.16514 38.74634)"
baccfdad-b19f-4146-bf75-9ee746657ad5,f38b2ffc-80a4-4f5a-91c9-bc701e7ea419,Lime,36de6548-d90e-413a-9835-7aebd0ef5c36,scooter,electric,2026-09-03T18:24:51Z,2026-09-03T18:43:23Z,1112,4307,"LINESTRING (-9.15973 38.70735, -9.15881 38.70354, -9.15578 38.70046, -9.15424 38.69677, -9.15376 38.69291, -9.15343 38.68904, -9.15071 38.68579, -9.14747 38.68285, -9.14254 38.68234, -9.13917 38.68518, -9.13701 38.68868)"
483d5342-0323-45e7-856d-cbee31aa1658,6bad6be2-8e7a-46e9-9f19-950499dd251d,Voi,1c3e16e0-4fb0-44de-83f6-697df3e25f12,scooter,electric,2026-09-03T18:43:28Z,2026-09-03T18:50:01Z,393,1584,"LINESTRING (-9.14225 38.73710, -9.14017 38.73587, -9.13844 38.73434, -9.13729 38.73251, -9.13653 38.73056, -9.13540 38.72872, -9.13407 38.72696, -9.13290 38.72514)"
b2036a1e-560d-40f0-b6e2-0c76c7215ae5,6bad6be2-8e7a-46e9-9f19-950499dd251d,Voi,0ec3703b-37e1-4834-b4cc-204400923538,scooter,electric,2026-09-03T18:47:17Z,2026-09-03T18:51:35Z,258,1098,"LINESTRING (-9.16514 38.75571, -9.16457 38.75470, -9.16347 38.75402, -9.16214 38.75366, -9.16076 38.75341, -9.15967 38.75410, -9.15840 38.75458, -9.15710 38.75501, -9.15593 38.75563, -9.15570 38.75671)"
d3942034-3296-4c96-98a8-6887a5c80d30,d7a7a3cc-8c3d-4f16-9293-de8fc88b2875,Gira,c2936ca1-300a-4d21-b0e9-5ec95cf754a1,bicycle,electric_assist,2026-09-03T18:50:49Z,2026-09-03T18:55:40Z,291,1201,"LINESTRING (-9.13248 38.73403, -9.13372 38.73354, -9.13475 38.73426, -9.13605 38.73463, -9.13733 38.73505, -9.13870 38.73524, -9.13988 38.73581, -9.14014 38.73688, -9.14013 38.73796, -9.14042 38.73902, -9.14126 38.73988)"
de698cef-acdf-44d2-8ab7-9e328b799aa9,f3f49249-dc28-4f90-a5ae-c7978306d03b,Bolt,a07affad-8b8c-488a-a536-76a6437ccafb,scooter,electric,2026-09-03T18:53:48Z,2026-09-03T18:58:58Z,310,1100,"LINESTRING (-9.16268 38.74981, -9.16177 38.74880, -9.16075 38.74785, -9.15968 38.74693, -9.15809 38.74690, -9.15664 38.74640, -9.15549 38.74554, -9.15511 38.74434, -9.15430 38.74327)"
a9e45cdc-1e5a-4a66-8f38-77bb6cdcff09,f38b2ffc-80a4-4f5a-91c9-bc701e7ea419,Lime,5b74c718-a2aa-416a-81f6-192bab215122,scooter,electric,2026-09-03T18:55:22Z,2026-09-03T19:13:31Z,1089,3725,"LINESTRING (-9.12804 38.75057, -9.13083 38.75416, -9.13536 38.75642, -9.14061 38.75734, -9.14417 38.76049, -9.14617 38.76438, -9.14654 38.76857, -9.14823 38.77255, -9.14733 38.77668)"
834b17ed-465e-46db-9e1e-3d3bc47937af,f3f49249-dc28-4f90-a5ae-c7978306d03b,Bolt,54eb1e9f-8fc3-4287-819b-0c586ebea6fb,scooter,electric,2026-09-03T19:02:31Z,2026-09-03T19:09:50Z,439,2178,"LINESTRING (-9.11362 38.73279, -9.11577 38.73419, -9.11591 38.73636, -9.11473 38.73834, -9.11265 38.73980, -9.10987 38.73999, -9.10709 38.74023, -9.10466 38.73914, -9.10300 38.73739, -9.10098 38.73588)"
3fe5e3b7-9290-446a-a47e-3cba63d41401,e5121482-3929-4d22-a255-accb1a466884,Dott,4dc1de06-f181-48d8-bea8-7f15e0aef10b,scooter,electric,2026-09-03T19:06:26Z,2026-09-03T19:15:22Z,536,1825,"LINESTRING (-9.16322 38.70701, -9.16541 38.70420, -9.16831 38.70181, -9.17247 38.70131, -9.17626 38.70274, -9.17892 38.70530)"
2d5f1ff2-a042-4602-b18a-1ba6db60377a,f3f49249-dc28-4f90-a5ae-c7978306d03b,Bolt,8bcd0aac-588f-49ba-b7f3-813076035237,scooter,electric,2026-09-03T19:28:10Z,2026-09-03T19:35:20Z,430,1936,"LINESTRING (-9.17939 38.70624, -9.18213 38.70497, -9.18464 38.70342, -9.18632 38.70131, -9.18946 38.70083, -9.19134 38.69882, -9.18952 38.69677, -9.18679 38.69547)"
4e24ea21-4575-46f2-94e5-c572e59e6129,f38b2ffc-80a4-4f5a-91c9-bc701e7ea419,Lime,34fd02f6-8505-47c2-975c-ef7a27655f91,bicycle,electric_assist,2026-09-03T19:31:33Z,2026-09-03T19:35:51Z,258,856,"LINESTRING (-9.16526 38.70105, -9.16425 38.70207, -9.16292 38.70283, -9.16169 38.70369, -9.16013 38.70410, -9.15903 38.70506, -9.15799 38.70605)"
9890db1d-b1b3-4404-82aa-a23ed73626af,e5121482-3929-4d22-a255-accb1a466884,Dott,2ceeed8c-bc7a-482d-ab95-1e7757b16995,scooter,electric,2026-09-03T19:35:51Z,2026-09-03T19:47:37Z,706,3663,"LINESTRING (-9.13906 38.76363, -9.13387 38.76442, -9.12951 38.76676, -9.12471 38.76850, -9.12374 38.77255, -9.12477 38.77660, -9.12452 38.78072, -9.12912 38.78275, -9.13353 38.78504)"
6f7a280d-fe31-4963-b4e4-1a4fc05cdcc3,e5121482-3929-4d22-a255-accb1a466884,Dott,2ceeed8c-bc7a-482d-ab95-1e7757b16995,scooter,electric,2026-09-03T19:36:28Z,2026-09-03T19:43:02Z,394,1760,"LINESTRING (-9.16733 38.71495, -9.16533 38.71617, -9.16359 38.71762, -9.16234 38.71935, -9.16072 38.72088, -9.15861 38.72198, -9.15618 38.72256, -9.15414 38.72138, -9.15224 38.72006)"
7edb38dd-0027-4c96-9293-5a90f5fb423a,f38b2ffc-80a4-4f5a-91c9-bc701e7ea419,Lime,66160227-1737-4472-ac16-72297608d942,scooter,electric,2026-09-03T19:45:24Z,2026-09-03T19:50:58Z,334,1641,"LINESTRING (-9.17612 38.74268, -9.17923 38.74315, -9.18226 38.74246, -9.18357 38.74022, -9.18346 38.73775, -9.18106 38.73614, -9.17878 38.73444)"
77e5f83b-ce8f-4d4c-987c-4e7b7292e81e,f38b2ffc-80a4-4f5a-91c9-bc701e7ea419,Lime,64adbcea-f49e-42ce-8b6d-ba449297d61b,bicycle,electric_assist,2026-09-03T20:07:18Z,2026-09-03T20:15:00Z,462,1859,"LINESTRING (-9.16777 38.74874, -9.16934 38.75125, -9.17145 38.75350, -9.17413 38.75536, -9.17545 38.75795, -9.17766 38.76015, -9.18017 38.76213)"
a93b3af5-12a3-4256-9397-1d69d4be87ca,e5121482-3929-4d22-a255-accb1a466884,Dott,a5008b67-55d2-4105-99ff-51ed20e2098d,scooter,electric,2026-09-03T20:52:57Z,2026-09-03T21:02:40Z,583,2068,"LINESTRING (-9.11189 38.75599, -9.11444 38.75776, -9.11676 38.75972, -9.11752 38.76231, -9.11999 38.76415, -9.12323 38.76500, -9.12647 38.76582, -9.12975 38.76508)"
33a94ccc-39a3-43bf-9d85-2d4540a04c26,e5121482-3929-4d22-a255-accb1a466884,Dott,505a3117-8577-497c-9c4f-32a93db48829,bicycle,electric_assist,2026-09-03T20:54:30Z,2026-09-03T20:59:51Z,321,925,"LINESTRING (-9.18177 38.74078, -9.18080 38.74171, -9.18036 38.74285, -9.18020 38.74403, -9.18071 38.74516, -9.18167 38.74608, -9.18313 38.74644, -9.18464 38.74659)"
b264b709-c94e-4077-8d2d-135ac5a95dbb,f3f49249-dc28-4f90-a5ae-c7978306d03b,Bolt,20615b85-86cd-4ae5-9b01-02de820e8925,scooter,electric,2026-09-03T20:55:58Z,2026-09-03T20:59:27Z,209,779,"LINESTRING (-9.09632 38.71980, -9.09769 38.72070, -9.09941 38.72112, -9.10061 38.72217, -9.10181 38.72321, -9.10322 38.72408)"
edcef0c1-5c14-4f6d-b1b7-c47007026f01,f3f49249-dc28-4f90-a5ae-c7978306d03b,Bolt,7fae0a6b-e8d4-4587-b971-084f59095c12,scooter,electric,2026-09-03T21:13:02Z,2026-09-03T21:16:13Z,191,959,"LINESTRING (-9.18184 38.72569, -9.17999 38.72574, -9.17844 38.72496, -9.17667 38.72538, -9.17536 38.72640, -9.17396 38.72734, -9.17318 38.72865)"
e38a2ba0-2c2c-4ce4-bdfd-4ec2082f69bb,e5121482-3929-4d22-a255-accb1a466884,Dott,aa2939cf-b13c-4642-9e1c-fb0a398faf3a,bicycle,electric_assist,2026-09-03T21:16:58Z,2026-09-03T21:29:35Z,757,2863,"LINESTRING (-9.16027 38.74366, -9.16214 38.74770, -9.16543 38.75115, -9.17080 38.75018, -9.17606 38.74888, -9.18130 38.74754, -9.18627 38.74568)"
0f9d7c11-e8a6-49eb-8409-c69cb477bb70,d7a7a3cc-8c3d-4f16-9293-de8fc88b2875,Gira,31c5c36d-3806-4896-8d6d-f84546c569ce,bicycle,electric_assist,2026-09-04T00:21:35Z,2026-09-04T00:29:59Z,504,1629,"LINESTRING (-9.13495 38.74701, -9.13539 38.74459, -9.13534 38.74214, -9.13601 38.73975, -9.13721 38.73749, -9.13503 38.73573, -9.13435 38.73334)"
fd3cdfda-2fb1-4d49-8fff-27cc42da36c0,6bad6be2-8e7a-46e9-9f19-950499dd251d,Voi,e05afe02-6c4c-4546-b6b9-b1feaf8d7b95,scooter,electric,2026-09-04T00:49:36Z,2026-09-04T00:58:07Z,511,2053,"LINESTRING (-9.14832 38.70161, -9.14739 38.70354, -9.14587 38.70522, -9.14564 38.70726, -9.14551 38.70932, -9.14687 38.71108, -9.14770 38.71303, -9.14938 38.71461, -9.14840 38.71652, -9.14840 38.71857)"
5899b296-b2a6-4fcb-9545-6cd719a1ce9e,e5121482-3929-4d22-a255-accb1a466884,Dott,13737a12-9629-478f-b780-55face4b8b07,bicycle,electric_assist,2026-09-04T04:22:03Z,2026-09-04T04:32:21Z,618,1984,"LINESTRING (-9.10801 38.70709, -9.10574 38.70800, -9.10439 38.70968, -9.10308 38.71139, -9.10310 38.71337, -9.10300 38.71536, -9.10187 38.71714, -9.10252 38.71905, -9.10481 38.71993, -9.10711 38.72078)"
b2d92fe1-e567-44ca-bdd1-ee7e06fc674f,f38b2ffc-80a4-4f5a-91c9-bc701e7ea419,Lime,637c119a-f906-499e-a24e-229f5b72fcc5,scooter,electric,2026-09-04T06:09:19Z,2026-09-04T06:13:53Z,274,987,"LINESTRING (-9.12192 38.72210, -9.12120 38.72379, -9.11995 38.72527, -9.11814 38.72635, -9.11630 38.72741, -9.11419 38.72808)"
1ea2ebf0-64c3-4e41-88a6-f00d2adb4901,e5121482-3929-4d22-a255-accb1a466884,Dott,01484051-a017-4756-a22e-9caa61924ddf,bicycle,electric_assist,2026-09-04T06:46:11Z,2026-09-04T06:51:01Z,290,1572,"LINESTRING (-9.12121 38.75561, -9.12084 38.75422, -9.12021 38.75289, -9.11971 38.75153, -9.11940 38.75014, -9.11995 38.74879, -9.12155 38.74811, -9.12315 38.74744, -9.12404 38.74621, -9.12509 38.74505, -9.12539 38.74365)"
da9cb821-4a64-49dd-a0f7-52527b2729a9,f3f49249-dc28-4f90-a5ae-c7978306d03b,Bolt,a07affad-8b8c-488a-a536-76a6437ccafb,scooter,electric,2026-09-04T07:23:58Z,2026-09-04T07:41:05Z,1027,3704,"LINESTRING (-9.12267 38.71655, -9.11861 38.72012, -9.11999 38.72476, -9.12123 38.72943, -9.11747 38.73319, -9.11657 38.73790, -9.11772 38.74259, -9.11802 38.74735)"
bde52daa-b28f-4f91-a0f0-02f42cdccd96,f3f49249-dc28-4f90-a5ae-c7978306d03b,Bolt,4fe0f36e-c728-47b1-beac-0d53cef48cda,scooter,electric,2026-09-04T08:13:49Z,2026-09-04T08:31:31Z,1062,3444,"LINESTRING (-9.18040 38.72376, -9.18832 38.72320, -9.19585 38.72120, -9.20380 38.72138, -9.21126 38.72353, -9.21837 38.72631)"
21b661a5-39eb-40ef-b793-bbdb7244f7f5,f38b2ffc-80a4-4f5a-91c9-bc701e7ea419,Lime,c129017d-853c-4409-a20c-b7ac5738f7c7,bicycle,electric_assist,2026-09-04T08:15:37Z,2026-09-04T08:45:21Z,1784,5065,"LINESTRING (-9.14413 38.75237, -9.15580 38.75299, -9.16511 38.75852, -9.17440 38.76408, -9.17207 38.77303, -9.16677 38.78116)"
7fb63a6b-39fa-4171-8ff5-e02277fa76c6,f38b2ffc-80a4-4f5a-91c9-bc701e7ea419,Lime,7d510557-ed4d-49b8-85dc-0a68cdb54088,scooter,electric,2026-09-04T08:25:36Z,2026-09-04T08:47:48Z,1332,5843,"LINESTRING (-9.09565 38.76858, -9.09987 38.76374, -9.10663 38.76121, -9.11181 38.75698, -9.11849 38.75432, -9.12594 38.75362, -9.13339 38.75297, -9.14087 38.75252, -9.14784 38.75035, -9.15484 38.75244)"
cebf683a-ad5b-43c8-9002-b8b0b1661db6,6bad6be2-8e7a-46e9-9f19-950499dd251d,Voi,03b2eb39-5bb7-4bfc-a09d-e50d91c41ceb,scooter,electric,2026-09-04T08:25:57Z,2026-09-04T08:32:35Z,398,1582,"LINESTRING (-9.14311 38.71513, -9.14493 38.71497, -9.14639 38.71411, -9.14779 38.71320, -9.14904 38.71216, -9.14976 38.71085, -9.15097 38.70978, -9.15277 38.71006, -9.15381 38.70889, -9.15499 38.70780, -9.15560 38.70645)"
52343255-bc6b-46ca-aafe-a0f96608c64c,e5121482-3929-4d22-a255-accb1a466884,Dott,975cd6d2-ae80-48a2-be19-e269154dfd6d,bicycle,electric_assist,2026-09-04T08:29:49Z,2026-09-04T08:46:47Z,1018,3705,"LINESTRING (-9.11668 38.73741, -9.11662 38.73264, -9.11886 38.72821, -9.12307 38.72475, -9.12917 38.72454, -9.13528 38.72442, -9.14132 38.72518, -9.14706 38.72355)"
109fddae-9a26-4c47-a5cf-229b78c1e546,f38b2ffc-80a4-4f5a-91c9-bc701e7ea419,Lime,025ff87c-44df-4a13-94f3-98ee4b5c1a95,scooter,electric,2026-09-04T08:33:33Z,2026-09-04T08:42:14Z,521,2122,"LINESTRING (-9.17703 38.70360, -9.17898 38.70244, -9.18134 38.70194, -9.18379 38.70209, -9.18607 38.70278, -9.18851 38.70292, -9.19096 38.70297, -9.19341 38.70302, -9.19552 38.70204, -9.19712 38.70060, -9.19852 38.69903)"
eed23c8e-3e7e-4c38-9ba1-e646b5073606,f38b2ffc-80a4-4f5a-91c9-bc701e7ea419,Lime,92845dae-afe9-47c1-8fdf-66145a091fd6,bicycle,electric_assist,2026-09-04T08:38:12Z,2026-09-04T08:52:11Z,839,3492,"LINESTRING (-9.12668 38.74481, -9.13253 38.74048, -9.14006 38.73821, -9.14810 38.73876, -9.15547 38.73621, -9.16338 38.73748)"
2732bde6-4f7e-45ff-bed6-865704366df8,f38b2ffc-80a4-4f5a-91c9-bc701e7ea419,Lime,2c2dba9d-a39d-4086-899a-0307cb9d2149,bicycle,electric_assist,2026-09-04T08:39:44Z,2026-09-04T08:43:26Z,222,1018,"LINESTRING (-9.15820 38.74012, -9.15757 38.74116, -9.15645 38.74190, -9.15511 38.74237, -9.15464 38.74345, -9.15379 38.74439, -9.15329 38.74547, -9.15280 38.74656, -9.15261 38.74769)"
6672748d-b401-4d2c-ba09-9aa4be92b9e4,f38b2ffc-80a4-4f5a-91c9-bc701e7ea419,Lime,d8b6dd5b-5a19-47d0-86f5-94cff6111cf2,bicycle,electric_assist,2026-09-04T08:53:02Z,2026-09-04T08:59:20Z,378,1410,"LINESTRING (-9.18001 38.72948, -9.18267 38.72992, -9.18525 38.72927, -9.18745 38.72802, -9.18948 38.72662, -9.19218 38.72640, -9.19483 38.72596)"
f9c5ff15-50db-4713-a3ce-aa21999d2c69,d7a7a3cc-8c3d-4f16-9293-de8fc88b2875,Gira,699f48c0-92fa-463f-b735-a91f741152c4,bicycle,electric_assist,2026-09-04T09:21:41Z,2026-09-04T09:32:16Z,635,1730,"LINESTRING (-9.09898 38.75275, -9.10097 38.75264, -9.10210 38.75135, -9.10349 38.75023, -9.10538 38.74972, -9.10735 38.74998, -9.10892 38.74901, -9.11087 38.74865, -9.11278 38.74819, -9.11477 38.74814, -9.11647 38.74731)"
04b145e6-1a08-4a64-b548-85fadc8f1847,e5121482-3929-4d22-a255-accb1a466884,Dott,a2e8de7c-600a-4dc0-bc9a-b34b71e04d0f,bicycle,electric_assist,2026-09-04T09:36:20Z,2026-09-04T09:42:37Z,377,1560,"LINESTRING (-9.11933 38.71444, -9.11738 38.71207, -9.11559 38.70963, -9.11404 38.70710, -9.11380 38.70429, -9.11121 38.70233)"
8dd3f2f0-5a7d-4ea5-961d-54c291f1e712,f3f49249-dc28-4f90-a5ae-c7978306d03b,Bolt,4fe0f36e-c728-47b1-beac-0d53cef48cda,scooter,electric,2026-09-04T09:55:03Z,2026-09-04T10:01:16Z,373,1545,"LINESTRING (-9.15587 38.72568, -9.15512 38.72344, -9.15366 38.72142, -9.15195 38.71952, -9.14944 38.71827, -9.14815 38.71618, -9.14823 38.71386)"
e7700faa-b1db-4ff5-816e-f04196846d56,f38b2ffc-80a4-4f5a-91c9-bc701e7ea419,Lime,6edd77d8-66e6-4127-a26b-524ace0d8d87,scooter,electric,2026-09-04T10:00:02Z,2026-09-04T10:16:03Z,961,3082,"LINESTRING (-9.10974 38.74342, -9.11304 38.74576, -9.11748 38.74595, -9.12141 38.74758, -9.12496 38.74968, -9.12919 38.75074, -9.13347 38.75172, -9.13697 38.75386, -9.14083 38.75559)"
8c80d957-7c89-462c-9a25-011b24d03d38,f3f49249-dc28-4f90-a5ae-c7978306d03b,Bolt,a8347fb4-b94e-43d4-a5ea-919ce83811ee,scooter,electric,2026-09-04T10:05:47Z,2026-09-04T10:18:45Z,778,2946,"LINESTRING (-9.13388 38.75736, -9.12973 38.75812, -9.12549 38.75789, -9.12155 38.75664, -9.11753 38.75555, -9.11460 38.75315, -9.11095 38.75145, -9.10670 38.75167, -9.10280 38.75299)"
6cf88be9-9221-4b7a-9e1a-b9b2e6424f60,e5121482-3929-4d22-a255-accb1a466884,Dott,505a3117-8577-497c-9c4f-32a93db48829,bicycle,electric_assist,2026-09-04T10:08:40Z,2026-09-04T10:18:03Z,563,3316,"LINESTRING (-9.14788 38.70414, -9.15300 38.70563, -9.15786 38.70366, -9.16227 38.70114, -9.16768 38.70052, -9.17130 38.69731, -9.17429 38.69374, -9.17856 38.69107)"
91d7e49d-5272-4bd7-9d21-d2a604b14090,f3f49249-dc28-4f90-a5ae-c7978306d03b,Bolt,7543ade1-930b-4eb6-8b20-cf984495c05b,scooter,electric,2026-09-04T10:11:00Z,2026-09-04T10:15:32Z,272,1659,"LINESTRING (-9.12797 38.70988, -9.12542 38.71137, -9.12228 38.71090, -9.11934 38.70992, -9.11628 38.70921, -9.11474 38.70703, -9.11365 38.70469)"
0ac1ff1b-783a-4db6-b718-c8a710ac085e,f38b2ffc-80a4-4f5a-91c9-bc701e7ea419,Lime,19cada68-bd51-4018-b6f7-b3d02351628d,bicycle,electric_assist,2026-09-04T10:29:23Z,2026-09-04T10:35:35Z,372,1407,"LINESTRING (-9.15654 38.73301, -9.15810 38.73128, -9.16031 38.73006, -9.16225 38.72858, -9.16388 38.72690, -9.16510 38.72501, -9.16709 38.72358)"
972f29e5-3170-4ad3-b99e-0b0d6a20f925,e5121482-3929-4d22-a255-accb1a466884,Dott,a5008b67-55d2-4105-99ff-51ed20e2098d,bicycle,electric_assist,2026-09-04T10:44:03Z,2026-09-04T10:56:55Z,772,1709,"LINESTRING (-9.13421 38.74924, -9.13193 38.75175, -9.13093 38.75473, -9.12735 38.75602, -9.12406 38.75773, -9.12012 38.75795)"
bdad8b8c-8c1c-402b-9cc3-5bd9b79d9861,f3f49249-dc28-4f90-a5ae-c7978306d03b,Bolt,2bb0f862-d780-45c8-9546-601d330e3777,scooter,electric,2026-09-04T10:50:21Z,2026-09-04T11:07:27Z,1026,4603,"LINESTRING (-9.11629 38.70923, -9.12367 38.71519, -9.12252 38.72344, -9.13006 38.72928, -9.13222 38.73741, -9.14156 38.74137)"
50b1168d-7c32-4381-b670-0eeabb84ba61,f38b2ffc-80a4-4f5a-91c9-bc701e7ea419,Lime,df2986b2-e7f2-4366-bec4-f31ced5eeb81,scooter,electric,2026-09-04T11:10:23Z,2026-09-04T11:19:29Z,546,2411,"LINESTRING (-9.16464 38.72762, -9.16192 38.72718, -9.15928 38.72789, -9.15653 38.72755, -9.15377 38.72781, -9.15101 38.72749, -9.14846 38.72661, -9.14579 38.72601, -9.14378 38.72450, -9.14131 38.72350, -9.13854 38.72366)"
2acbe3db-242a-407c-8afa-aae0a4897183,e5121482-3929-4d22-a255-accb1a466884,Dott,dd729e1e-be3b-4bbf-9d14-62605b31c2c6,bicycle,electric_assist,2026-09-04T11:20:42Z,2026-09-04T11:28:11Z,449,1666,"LINESTRING (-9.10044 38.74379, -9.09835 38.74286, -9.09621 38.74200, -9.09436 38.74080, -9.09204 38.74129, -9.08999 38.74227, -9.08797 38.74329, -9.08663 38.74485, -9.08431 38.74536)"
6a0b8767-17b7-4b2c-84df-676509d9a98f,e5121482-3929-4d22-a255-accb1a466884,Dott,07d7ba06-8c44-4b9b-9cc6-fea01a06703f,scooter,electric,2026-09-04T11:26:41Z,2026-09-04T11:35:23Z,522,2166,"LINESTRING (-9.11573 38.75544, -9.11371 38.75187, -9.10994 38.74930, -9.10670 38.74633, -9.10484 38.74270, -9.10046 38.74082)"
962d49ac-b0ef-4eea-b6cd-fdf489ca2083,f38b2ffc-80a4-4f5a-91c9-bc701e7ea419,Lime,e060a724-2411-4258-b51b-4c8349a047dc,bicycle,electric_assist,2026-09-04T11:47:20Z,2026-09-04T11:51:20Z,240,1089,"LINESTRING (-9.13561 38.76150, -9.13665 38.76036, -9.13837 38.75997, -9.14003 38.75942, -9.14017 38.75802, -9.13923 38.75682, -9.13891 38.75545, -9.13915 38.75406)"
687a1fe8-aba0-4c02-8318-12bf2e147844,f38b2ffc-80a4-4f5a-91c9-bc701e7ea419,Lime,6041f10e-325a-4dec-8e91-82088520bf0c,scooter,electric,2026-09-04T12:02:00Z,2026-09-04T12:07:31Z,331,1373,"LINESTRING (-9.18013 38.74227, -9.18167 38.74129, -9.18319 38.74029, -9.18483 38.73943, -9.18631 38.73840, -9.18820 38.73792, -9.19014 38.73762, -9.19211 38.73775, -9.19401 38.73731)"
a6369a21-e210-4c58-b272-cabb08a12d93,f3f49249-dc28-4f90-a5ae-c7978306d03b,Bolt,b46ef085-8d22-42de-9b55-6bf026e8ffda,scooter,electric,2026-09-04T12:07:59Z,2026-09-04T12:10:52Z,173,782,"LINESTRING (-9.10555 38.76751, -9.10666 38.76698, -9.10784 38.76658, -9.10908 38.76685, -9.11037 38.76679, -9.11162 38.76654, -9.11287 38.76680, -9.11342 38.76771)"
fc88e6ed-d07a-4e4b-b964-352343fcedc7,d7a7a3cc-8c3d-4f16-9293-de8fc88b2875,Gira,44abbde7-26df-4bfd-8e2e-ccd4eaca913e,bicycle,electric_assist,2026-09-04T12:26:50Z,2026-09-04T12:37:58Z,668,2763,"LINESTRING (-9.10368 38.72279, -9.10785 38.72423, -9.11191 38.72585, -9.11586 38.72763, -9.12041 38.72774, -9.12404 38.72559, -9.12785 38.72364, -9.13191 38.72202)"
ff857072-ad9b-41cb-a9e7-8ed37d3570e3,e5121482-3929-4d22-a255-accb1a466884,Dott,627d12f9-37f3-4bfc-b208-392d7fbb836c,scooter,electric,2026-09-04T12:37:38Z,2026-09-04T12:42:49Z,311,1565,"LINESTRING (-9.17124 38.73171, -9.16855 38.73276, -9.16781 38.73504, -9.16753 38.73738, -9.16768 38.73973, -9.16922 38.74174, -9.17006 38.74400)"
5ebef7b2-4649-4eb4-b00d-b5137147b23c,6bad6be2-8e7a-46e9-9f19-950499dd251d,Voi,f85d1813-70d8-403a-a30d-ad86096b4ef8,scooter,electric,2026-09-04T13:06:26Z,2026-09-04T13:15:24Z,538,2749,"LINESTRING (-9.13999 38.71652, -9.13560 38.71742, -9.13108 38.71711, -9.12674 38.71610, -9.12271 38.71447, -9.11853 38.71310, -9.11728 38.70970, -9.11591 38.70632)"
4a64f61a-9e72-49b0-9295-d6da14f306d7,e5121482-3929-4d22-a255-accb1a466884,Dott,87a87200-7b9b-4410-a1b1-c6f2972e6a6d,scooter,electric,2026-09-04T13:15:05Z,2026-09-04T13:26:06Z,661,3152,"LINESTRING (-9.13151 38.72177, -9.13712 38.71997, -9.14242 38.71767, -9.14829 38.71647, -9.15434 38.71612, -9.16039 38.71639, -9.16644 38.71605)"
2bb36e26-7c30-4eaf-8fb4-345b0a35ef9d,f3f49249-dc28-4f90-a5ae-c7978306d03b,Bolt,9b4a8d0a-515c-4a27-98f0-080057f36ca6,scooter,electric,2026-09-04T13:20:01Z,2026-09-04T13:27:57Z,476,1786,"LINESTRING (-9.11190 38.76448, -9.11221 38.76648, -9.11204 38.76849, -9.11186 38.77049, -9.11246 38.77245, -9.11430 38.77386, -9.11634 38.77510, -9.11721 38.77699, -9.11823 38.77884)"
995feae4-6910-4483-986f-9f0921d3d157,d7a7a3cc-8c3d-4f16-9293-de8fc88b2875,Gira,1832fc16-c7ea-4a3a-873c-8fc14994fc89,bicycle,electric_assist,2026-09-04T14:55:33Z,2026-09-04T15:05:23Z,590,1905,"LINESTRING (-9.15474 38.76397, -9.15580 38.76247, -9.15617 38.76077, -9.15633 38.75906, -9.15644 38.75735, -9.15605 38.75566, -9.15562 38.75397, -9.15422 38.75265, -9.15291 38.75127, -9.15178 38.74980, -9.15059 38.74835)"
cb9318ca-b3f7-43b6-bc6e-eba3015e8792,f3f49249-dc28-4f90-a5ae-c7978306d03b,Bolt,f28d937a-f6c5-4bc1-81ea-df91c263064f,scooter,electric,2026-09-04T15:21:54Z,2026-09-04T15:28:39Z,405,2679,"LINESTRING (-9.09787 38.70378, -9.09658 38.70129, -9.09793 38.69882, -9.09624 38.69649, -9.09563 38.69385, -9.09685 38.69134, -9.09859 38.68903, -9.10202 38.68923, -9.10537 38.68982, -9.10876 38.69024)"
75dca0e7-ace4-4afa-8db8-f9000870a116,f3f49249-dc28-4f90-a5ae-c7978306d03b,Bolt,4d2ecb65-9df0-4dde-8337-dda661963ad7,scooter,electric,2026-09-04T15:26:51Z,2026-09-04T15:45:00Z,1089,5244,"LINESTRING (-9.12907 38.75476, -9.14116 38.75544, -9.15114 38.76080, -9.15840 38.76837, -9.16815 38.77398, -9.17512 38.78171)"
256c5f80-bd61-49e2-ae70-80dba2c0a757,f38b2ffc-80a4-4f5a-91c9-bc701e7ea419,Lime,7528ea79-5110-40a7-8a41-f8e4d4d6d278,scooter,electric,2026-09-04T15:42:06Z,2026-09-04T15:47:46Z,340,1657,"LINESTRING (-9.14452 38.70234, -9.14365 38.70032, -9.14130 38.69923, -9.13870 38.69857, -9.13635 38.69967, -9.13377 38.70038, -9.13107 38.70070, -9.12836 38.70040)"
159ee3d1-0203-4c8e-8e3d-245c7b2b7278,d7a7a3cc-8c3d-4f16-9293-de8fc88b2875,Gira,699f48c0-92fa-463f-b735-a91f741152c4,bicycle,electric_assist,2026-09-04T15:50:42Z,2026-09-04T15:56:54Z,372,857,"LINESTRING (-9.13037 38.76474, -9.13125 38.76542, -9.13242 38.76576, -9.13352 38.76619, -9.13373 38.76714, -9.13386 38.76810, -9.13341 38.76900, -9.13318 38.76995, -9.13282 38.77088)"
30071d5b-7d0e-48ae-b77c-e945b39c0fcd,f3f49249-dc28-4f90-a5ae-c7978306d03b,Bolt,a20b6436-d8ec-486b-ad9e-a62ae896319b,scooter,electric,2026-09-04T16:02:21Z,2026-09-04T16:11:32Z,551,3322,"LINESTRING (-9.16102 38.74542, -9.15708 38.74028, -9.15518 38.73449, -9.14888 38.73107, -9.14185 38.72866, -9.13561 38.72517)"
392b6826-0a77-42ea-bb54-fbe67f5cb233,f3f49249-dc28-4f90-a5ae-c7978306d03b,Bolt,6823c7a5-bf45-4b3d-ae2e-514d77342c58,scooter,electric,2026-09-04T16:03:10Z,2026-09-04T16:07:15Z,245,943,"LINESTRING (-9.11233 38.71276, -9.11108 38.71203, -9.10986 38.71128, -9.10834 38.71100, -9.10680 38.71115, -9.10524 38.71122, -9.10385 38.71176, -9.10238 38.71134)"
a1649d76-62bb-405c-bf07-deade0eddbf9,f38b2ffc-80a4-4f5a-91c9-bc701e7ea419,Lime,9e5cf6e9-9255-4248-b771-f894f2e36355,scooter,electric,2026-09-04T16:04:32Z,2026-09-04T16:11:58Z,446,2098,"LINESTRING (-9.16416 38.73660, -9.16653 38.73463, -9.16924 38.73295, -9.17142 38.73085, -9.17450 38.72962, -9.17559 38.72706, -9.17550 38.72436, -9.17488 38.72170)"
c41f6a6d-0a8a-43b0-bcc8-176481da57bc,f38b2ffc-80a4-4f5a-91c9-bc701e7ea419,Lime,6a01977b-8873-4737-ace4-048f45d6ac42,scooter,electric,2026-09-04T16:11:45Z,2026-09-04T16:21:14Z,569,2308,"LINESTRING (-9.15710 38.71539, -9.15927 38.71696, -9.16130 38.71865, -9.16171 38.72094, -9.16417 38.72223, -9.16535 38.72435, -9.16759 38.72586, -9.17037 38.72504, -9.17289 38.72383, -9.17578 38.72434)"
7f23acfd-4368-43f3-84a7-530ddcd8fa5b,f3f49249-dc28-4f90-a5ae-c7978306d03b,Bolt,07466814-29f7-4734-a50e-0c178a023907,scooter,electric,2026-09-04T16:14:23Z,2026-09-04T16:17:32Z,189,696,"LINESTRING (-9.16041 38.73226, -9.15881 38.73220, -9.15752 38.73144, -9.15664 38.73039, -9.15545 38.72955, -9.15399 38.72901)"
f06de53f-43ab-446f-b106-a063fd17e5e1,d7a7a3cc-8c3d-4f16-9293-de8fc88b2875,Gira,b3ba9cf3-f114-4f4e-b8ad-56b02185c6ea,bicycle,electric_assist,2026-09-04T16:14:45Z,2026-09-04T16:25:45Z,660,2556,"LINESTRING (-9.10360 38.76337, -9.10445 38.76793, -9.10868 38.77115, -9.11137 38.77525, -9.11480 38.77900, -9.11911 38.78215)"
a0b5b27f-a3b3-4d20-ba02-125bd20f0654,f3f49249-dc28-4f90-a5ae-c7978306d03b,Bolt,1ea300b9-8554-417b-9a19-e0d7c0a904a0,scooter,electric,2026-09-04T16:15:47Z,2026-09-04T16:25:07Z,560,2930,"LINESTRING (-9.14226 38.76597, -9.14089 38.77024, -9.14040 38.77462, -9.13867 38.77881, -9.14038 38.78301, -9.14178 38.78727, -9.13971 38.79136)"
0a12e988-39c4-4793-8c8f-83c8cdd3c011,e5121482-3929-4d22-a255-accb1a466884,Dott,aa1bc2e3-3e1e-4bd8-98da-990c9704364a,scooter,electric,2026-09-04T16:26:03Z,2026-09-04T16:31:39Z,336,948,"LINESTRING (-9.10924 38.74648, -9.10763 38.74764, -9.10585 38.74863, -9.10469 38.75008, -9.10353 38.75154, -9.10221 38.75290)"
f4270241-eb9e-460a-86bf-597b3ba77498,f3f49249-dc28-4f90-a5ae-c7978306d03b,Bolt,9bfeb0c4-eced-4c6f-9b3a-afeca16b28b1,scooter,electric,2026-09-04T16:27:05Z,2026-09-04T16:48:00Z,1255,6308,"LINESTRING (-9.15885 38.73606, -9.17036 38.74303, -9.18487 38.74195, -9.19944 38.74198, -9.21398 38.74274, -9.22623 38.73658)"
c85d3bac-32ff-4ff6-94dd-fddd0d452d8a,6bad6be2-8e7a-46e9-9f19-950499dd251d,Voi,0ec3703b-37e1-4834-b4cc-204400923538,scooter,electric,2026-09-04T16:27:36Z,2026-09-04T16:32:35Z,299,1385,"LINESTRING (-9.15653 38.75336, -9.15499 38.75166, -9.15434 38.74964, -9.15301 38.74784, -9.15156 38.74609, -9.14981 38.74452, -9.14714 38.74465)"
fca64c5f-924a-4a09-a110-381a21991d4e,f38b2ffc-80a4-4f5a-91c9-bc701e7ea419,Lime,51a248ee-6aa8-40b5-8494-a9bc4c046460,bicycle,electric_assist,2026-09-04T16:34:49Z,2026-09-04T16:38:05Z,196,810,"LINESTRING (-9.14375 38.74778, -9.14312 38.74724, -9.14233 38.74684, -9.14176 38.74627, -9.14115 38.74571, -9.14035 38.74533, -9.13941 38.74534, -9.13865 38.74576, -9.13773 38.74590, -9.13717 38.74649, -9.13682 38.74716)"
74adfb55-7c46-4dd0-b96a-9a191d283d1e,f38b2ffc-80a4-4f5a-91c9-bc701e7ea419,Lime,19cada68-bd51-4018-b6f7-b3d02351628d,bicycle,electric_assist,2026-09-04T16:39:21Z,2026-09-04T16:45:30Z,369,1565,"LINESTRING (-9.15942 38.72199, -9.15822 38.72305, -9.15662 38.72371, -9.15535 38.72470, -9.15362 38.72511, -9.15266 38.72631, -9.15169 38.72750, -9.15046 38.72853, -9.14890 38.72925, -9.14723 38.72979, -9.14557 38.73035)"
2302a237-fe6d-4178-9b5e-b8b9d6db829d,6bad6be2-8e7a-46e9-9f19-950499dd251d,Voi,7180131f-263e-44fc-bc98-1c1158afbcb8,scooter,electric,2026-09-04T16:40:18Z,2026-09-04T16:48:35Z,497,2015,"LINESTRING (-9.12559 38.71847, -9.12830 38.71997, -9.12964 38.72235, -9.13118 38.72465, -9.13366 38.72638, -9.13641 38.72783, -9.13916 38.72929, -9.14136 38.73123)"
167d4c86-a85b-4e2b-9c6d-af849263db7d,e5121482-3929-4d22-a255-accb1a466884,Dott,a1672599-83f7-43d0-b301-7f88d744f400,scooter,electric,2026-09-04T17:29:15Z,2026-09-04T17:35:02Z,347,1186,"LINESTRING (-9.12919 38.70240, -9.13060 38.70285, -9.13211 38.70296, -9.13297 38.70394, -9.13301 38.70513, -9.13247 38.70624, -9.13172 38.70727, -9.13140 38.70843, -9.13231 38.70939, -9.13351 38.71012)"
93e22167-bd9a-4531-8cc2-9860e60b8d95,f38b2ffc-80a4-4f5a-91c9-bc701e7ea419,Lime,cbee23b0-86f9-4a21-9ebf-3deb71d02f51,bicycle,electric_assist,2026-09-04T17:41:50Z,2026-09-04T17:56:12Z,862,2531,"LINESTRING (-9.11376 38.71462, -9.11582 38.71035, -9.11980 38.70700, -9.12295 38.70316, -9.12866 38.70222, -9.13308 38.70521)"
9aacf237-1b3c-42f4-9618-013f04942d02,f3f49249-dc28-4f90-a5ae-c7978306d03b,Bolt,cc1cdc7c-219a-49b4-a4db-befdba8ed768,scooter,electric,2026-09-04T17:52:39Z,2026-09-04T18:00:05Z,446,2114,"LINESTRING (-9.18244 38.76087, -9.18202 38.75899, -9.18108 38.75724, -9.18267 38.75579, -9.18450 38.75453, -9.18643 38.75336, -9.18877 38.75392, -9.19100 38.75315, -9.19303 38.75209, -9.19543 38.75172, -9.19714 38.75036)"
66fadaee-0a4b-447d-9a7e-3cab1ead80c9,f38b2ffc-80a4-4f5a-91c9-bc701e7ea419,Lime,e344f1c3-63ac-4f14-9b2b-980ef57585ce,bicycle,electric_assist,2026-09-04T18:07:17Z,2026-09-04T18:14:11Z,414,2092,"LINESTRING (-9.13316 38.75022, -9.13593 38.74795, -9.13740 38.74502, -9.14012 38.74270, -9.14343 38.74092, -9.14461 38.73792, -9.14643 38.73511)"
c866ba92-9031-47bf-af3c-2c411bf4f8c9,f38b2ffc-80a4-4f5a-91c9-bc701e7ea419,Lime,bef7e268-ffe9-46ab-a058-1ccace1d62e0,bicycle,electric_assist,2026-09-04T18:26:34Z,2026-09-04T18:40:02Z,808,3114,"LINESTRING (-9.14840 38.73197, -9.14703 38.72810, -9.14893 38.72438, -9.15308 38.72202, -9.15712 38.71954, -9.16074 38.71670, -9.15844 38.71311, -9.15678 38.70932)"
bf1fd018-dc4d-47f5-ab72-ea2b7c8c455d,f3f49249-dc28-4f90-a5ae-c7978306d03b,Bolt,24ba1cef-f8e5-4871-94ee-fc4b3bfa9e9c,scooter,electric,2026-09-04T18:50:41Z,2026-09-04T19:02:43Z,722,2919,"LINESTRING (-9.12711 38.73587, -9.12242 38.73346, -9.11801 38.73074, -9.11240 38.73056, -9.10718 38.73219, -9.10192 38.73372, -9.09716 38.73606)"
b15832f3-f13e-42ad-839d-a6af6d68efab,e5121482-3929-4d22-a255-accb1a466884,Dott,851f34bb-de98-4e78-9a2a-c8455a7cfed7,scooter,electric,2026-09-04T19:03:25Z,2026-09-04T19:18:14Z,889,4397,"LINESTRING (-9.11272 38.71099, -9.11800 38.71374, -9.12302 38.71677, -9.12841 38.71939, -9.13327 38.72257, -9.13540 38.72723, -9.13677 38.73207, -9.13359 38.73635, -9.13141 38.74100)"
1719f408-963f-46df-85c0-b329f76af889,f38b2ffc-80a4-4f5a-91c9-bc701e7ea419,Lime,2f9e09c9-d828-4123-a945-e7bb290f5d0f,scooter,electric,2026-09-04T19:18:57Z,2026-09-04T19:33:52Z,895,4212,"LINESTRING (-9.17428 38.74717, -9.18014 38.74425, -9.18393 38.73970, -9.18837 38.73553, -9.19302 38.73150, -9.19692 38.72701, -9.20340 38.72505, -9.21008 38.72356)"
c6cb51c4-70b1-4364-bbd6-385fe6d266b5,e5121482-3929-4d22-a255-accb1a466884,Dott,d16d3411-502a-43b6-9c29-490a4be3bcf2,scooter,electric,2026-09-04T19:45:05Z,2026-09-04T19:59:32Z,867,3237,"LINESTRING (-9.14515 38.73902, -9.14174 38.74309, -9.14103 38.74792, -9.14101 38.75278, -9.14397 38.75705, -9.14692 38.76134, -9.15267 38.76321)"
d7d45ecd-437a-4854-a24f-7b0de45ea474,e5121482-3929-4d22-a255-accb1a466884,Dott,a0995504-75ff-41f6-a693-03f4a8ac3b26,scooter,electric,2026-09-04T19:54:48Z,2026-09-04T20:03:24Z,516,2236,"LINESTRING (-9.15959 38.74009, -9.16245 38.73993, -9.16522 38.74053, -9.16797 38.74116, -9.17080 38.74078, -9.17272 38.73912, -9.17559 38.73918, -9.17843 38.73952, -9.18129 38.73934, -9.18407 38.73876)"
2c788199-2f15-4e9d-8590-f48f791eb23f,f38b2ffc-80a4-4f5a-91c9-bc701e7ea419,Lime,d9452ba0-d98d-4098-b795-587b888debe9,scooter,electric,2026-09-04T20:17:50Z,2026-09-04T20:29:49Z,719,2731,"LINESTRING (-9.13556 38.73050, -9.13817 38.73336, -9.14227 38.73482, -9.14424 38.73799, -9.14843 38.73929, -9.15272 38.74037, -9.15718 38.73988, -9.16122 38.73832)"
446d328a-b745-4d5b-8e46-b87425a84972,f38b2ffc-80a4-4f5a-91c9-bc701e7ea419,Lime,51a248ee-6aa8-40b5-8494-a9bc4c046460,scooter,electric,2026-09-04T20:22:17Z,2026-09-04T20:26:21Z,244,1146,"LINESTRING (-9.10088 38.74821, -9.10089 38.74692, -9.10017 38.74576, -9.09920 38.74471, -9.09811 38.74374, -9.09792 38.74246, -9.09882 38.74138, -9.10038 38.74095, -9.10200 38.74069)"
7f5dba59-17dc-41a4-bc94-6ceb7ed0b27c,e5121482-3929-4d22-a255-accb1a466884,Dott,ff5c37e3-790e-4bc8-a4c2-ce6b9e266b74,scooter,electric,2026-09-04T20:55:56Z,2026-09-04T21:01:28Z,332,1171,"LINESTRING (-9.16681 38.73761, -9.16803 38.73670, -9.16868 38.73548, -9.16900 38.73418, -9.16837 38.73296, -9.16776 38.73173, -9.16791 38.73042, -9.16747 38.72914, -9.16589 38.72867)"
67993a71-9155-4e62-aeaf-307af02ddfde,f3f49249-dc28-4f90-a5ae-c7978306d03b,Bolt,3d09dbf2-6668-4d40-be16-8259b0c1a87c,scooter,electric,2026-09-04T21:44:59Z,2026-09-04T21:54:47Z,588,2874,"LINESTRING (-9.10545 38.70278, -9.10082 38.70649, -9.09693 38.71069, -9.09264 38.71464, -9.08674 38.71701, -9.08022 38.71601)"
2d41e572-4c68-4161-adef-b59c814cbd65,f38b2ffc-80a4-4f5a-91c9-bc701e7ea419,Lime,15e5bc12-1adc-4207-823e-3122f714c462,bicycle,electric_assist,2026-09-04T21:56:51Z,2026-09-04T22:42:31Z,2740,10422,"LINESTRING (-9.17871 38.76090, -9.18810 38.77007, -9.18506 38.78157, -9.18396 38.79327, -9.17664 38.80353, -9.16949 38.81386, -9.16054 38.82330, -9.15508 38.83424, -9.14306 38.84131)"
1f37833f-ded8-41ef-b011-f22858ed58b6,f3f49249-dc28-4f90-a5ae-c7978306d03b,Bolt,2b186e16-39de-46d0-a97f-ee94c0d7c2df,scooter,electric,2026-09-04T22:11:56Z,2026-09-04T22:19:15Z,439,2119,"LINESTRING (-9.13115 38.73321, -9.12804 38.73197, -9.12457 38.73161, -9.12154 38.73297, -9.11879 38.73465, -9.11629 38.73656, -9.11523 38.73916, -9.11700 38.74151)"
bde071e8-6e05-4fe1-b170-2a618c029471,f38b2ffc-80a4-4f5a-91c9-bc701e7ea419,Lime,34fd02f6-8505-47c2-975c-ef7a27655f91,scooter,electric,2026-09-04T22:14:05Z,2026-09-04T22:20:34Z,389,1462,"LINESTRING (-9.18315 38.77042, -9.18312 38.76910, -9.18286 38.76780, -9.18357 38.76660, -9.18467 38.76560, -9.18582 38.76464, -9.18582 38.76332, -9.18642 38.76209, -9.18751 38.76108, -9.18917 38.76134, -9.19086 38.76140)"
e3e3af25-f11a-40b0-8fa9-5ea4c4057554,f3f49249-dc28-4f90-a5ae-c7978306d03b,Bolt,e991c589-7d5f-4051-9f6f-c52ba4275452,scooter,electric,2026-09-04T22:14:42Z,2026-09-04T22:24:46Z,604,2961,"LINESTRING (-9.17633 38.73623, -9.17813 38.73884, -9.18067 38.74105, -9.18186 38.74386, -9.18156 38.74682, -9.18252 38.74968, -9.18252 38.75265, -9.18472 38.75506, -9.18496 38.75802, -9.18619 38.76083)"
f8b4709a-3da5-42dc-b1b6-87d08f70f336,f38b2ffc-80a4-4f5a-91c9-bc701e7ea419,Lime,50931ba9-f55e-4054-8389-73ec6afa2b31,bicycle,electric_assist,2026-09-05T05:28:58Z,2026-09-05T05:43:24Z,866,3670,"LINESTRING (-9.13439 38.74290, -9.13539 38.73932, -9.13982 38.73806, -9.14138 38.73459, -9.14093 38.73093, -9.14219 38.72739, -9.14134 38.72378, -9.14324 38.72042, -9.14402 38.71679, -9.14133 38.71378)"
8d25659b-4fb3-4699-a598-3e0b84c79991,d7a7a3cc-8c3d-4f16-9293-de8fc88b2875,Gira,d73f213d-a048-4e8c-8719-2c7d33ba490f,bicycle,electric_assist,2026-09-05T07:03:23Z,2026-09-05T07:12:55Z,572,2222,"LINESTRING (-9.14354 38.75885, -9.14108 38.75942, -9.13897 38.76057, -9.13762 38.76227, -9.13687 38.76418, -9.13640 38.76615, -9.13753 38.76795, -9.13718 38.76993, -9.13759 38.77191, -9.13738 38.77390, -9.13631 38.77572)"
349f89c3-cc93-410b-b7c2-9d2784f4fd3e,e5121482-3929-4d22-a255-accb1a466884,Dott,dcd83b70-911f-4b86-b0b5-b413fb20c517,bicycle,electric_assist,2026-09-05T07:13:58Z,2026-09-05T07:21:48Z,470,2139,"LINESTRING (-9.15386 38.73218, -9.15352 38.72898, -9.15270 38.72583, -9.15105 38.72288, -9.14971 38.71985, -9.14946 38.71664, -9.15106 38.71368)"
d038fabb-0c8a-4efe-97e3-dc67de9f7226,f38b2ffc-80a4-4f5a-91c9-bc701e7ea419,Lime,bef7e268-ffe9-46ab-a058-1ccace1d62e0,scooter,electric,2026-09-05T07:20:33Z,2026-09-05T07:25:55Z,322,1300,"LINESTRING (-9.18472 38.76209, -9.18635 38.76282, -9.18800 38.76352, -9.18964 38.76423, -9.19127 38.76496, -9.19241 38.76612, -9.19346 38.76734, -9.19425 38.76867, -9.19462 38.77010)"
e3b557e1-1eff-400c-a15f-248c2bd1d4df,f38b2ffc-80a4-4f5a-91c9-bc701e7ea419,Lime,f551abfd-2197-43c5-9682-e074791572d5,scooter,electric,2026-09-05T07:30:42Z,2026-09-05T07:32:44Z,122,730,"LINESTRING (-9.18102 38.76194, -9.18241 38.76212, -9.18382 38.76203, -9.18522 38.76197, -9.18654 38.76236, -9.18790 38.76262, -9.18928 38.76285)"
ba81972e-3da9-4a20-9c63-6475346f404e,f3f49249-dc28-4f90-a5ae-c7978306d03b,Bolt,9b4ab5aa-8f1b-4ae4-b2ab-7967ef642b5f,scooter,electric,2026-09-05T07:40:46Z,2026-09-05T07:48:41Z,475,2017,"LINESTRING (-9.13788 38.72736, -9.13968 38.72954, -9.14121 38.73185, -9.14045 38.73437, -9.14006 38.73695, -9.13703 38.73802, -9.13544 38.74030, -9.13281 38.74190)"
00da298f-e844-4801-ac5c-76ae3c3b22d4,e5121482-3929-4d22-a255-accb1a466884,Dott,4c22499d-d4b2-4a27-b0b2-a517ba58b47b,scooter,electric,2026-09-05T08:09:17Z,2026-09-05T08:23:04Z,827,2853,"LINESTRING (-9.18111 38.77113, -9.18356 38.77285, -9.18675 38.77349, -9.18961 38.77478, -9.19291 38.77478, -9.19593 38.77581, -9.19912 38.77647, -9.20212 38.77753, -9.20461 38.77921, -9.20743 38.78055, -9.21006 38.78209)"
4281fdcc-1a74-494b-a82c-46b744ea563d,e5121482-3929-4d22-a255-accb1a466884,Dott,a1819c02-d797-400d-b4e6-a88c37f30b26,scooter,electric,2026-09-05T08:14:35Z,2026-09-05T08:16:34Z,119,535,"LINESTRING (-9.15497 38.70857, -9.15475 38.70779, -9.15475 38.70698, -9.15488 38.70618, -9.15436 38.70549, -9.15379 38.70482, -9.15311 38.70422)"
a29aa01c-b677-4479-bbdd-9fa97ab88ea0,f3f49249-dc28-4f90-a5ae-c7978306d03b,Bolt,5498130b-a5f2-48e1-9a27-2fcb6ca7dc2e,scooter,electric,2026-09-05T08:24:28Z,2026-09-05T08:30:58Z,390,1956,"LINESTRING (-9.17829 38.70832, -9.17531 38.70735, -9.17256 38.70604, -9.17081 38.70392, -9.16949 38.70163, -9.16917 38.69912, -9.16858 38.69665, -9.16882 38.69414)"
1677268f-9bb2-4149-9ab2-ce3f46fd2cca,6bad6be2-8e7a-46e9-9f19-950499dd251d,Voi,dd613171-ea1b-48a9-8cce-eb0d62495879,scooter,electric,2026-09-05T08:26:55Z,2026-09-05T08:36:05Z,550,2289,"LINESTRING (-9.17327 38.75688, -9.16954 38.75737, -9.16577 38.75749, -9.16203 38.75794, -9.15854 38.75681, -9.15481 38.75637, -9.15103 38.75620, -9.14732 38.75564)"
e3e2e3b2-3406-4563-b151-338eb0332eef,f38b2ffc-80a4-4f5a-91c9-bc701e7ea419,Lime,ee532f03-8b75-402a-a5f2-74190b94a014,scooter,electric,2026-09-05T08:44:06Z,2026-09-05T08:54:56Z,650,2451,"LINESTRING (-9.09811 38.77052, -9.10096 38.77156, -9.10409 38.77177, -9.10654 38.77331, -9.10967 38.77303, -9.11275 38.77251, -9.11267 38.77006, -9.11370 38.76774, -9.11515 38.76556, -9.11512 38.76311)"
b5b6b29a-fdde-475e-bfc2-d90fb284cb36,f3f49249-dc28-4f90-a5ae-c7978306d03b,Bolt,4f077111-f7eb-4fda-b58c-e418b47da864,scooter,electric,2026-09-05T08:48:36Z,2026-09-05T08:52:21Z,225,1225,"LINESTRING (-9.09576 38.72528, -9.09680 38.72453, -9.09796 38.72390, -9.09887 38.72305, -9.10001 38.72241, -9.10129 38.72194, -9.10244 38.72130, -9.10351 38.72057, -9.10468 38.71995, -9.10559 38.72080, -9.10603 38.72185)"
7feb73fd-c964-4954-a542-e4740b4bf97a,e5121482-3929-4d22-a255-accb1a466884,Dott,32051957-d324-4529-9f06-7c31bc24bd96,scooter,electric,2026-09-05T08:52:20Z,2026-09-05T08:53:57Z,97,400,"LINESTRING (-9.14923 38.73708, -9.14887 38.73673, -9.14849 38.73639, -9.14792 38.73631, -9.14735 38.73622, -9.14695 38.73654, -9.14638 38.73659, -9.14580 38.73652, -9.14525 38.73665)"
5760def2-5c96-4983-b5c8-631b449cf2ac,f38b2ffc-80a4-4f5a-91c9-bc701e7ea419,Lime,b79ecb4e-a95c-4c0b-8746-58348afd44ae,bicycle,electric_assist,2026-09-05T09:09:03Z,2026-09-05T09:31:36Z,1353,4886,"LINESTRING (-9.14155 38.74787, -9.14648 38.74572, -9.15128 38.74341, -9.15380 38.73947, -9.15893 38.73762, -9.16401 38.73570, -9.16954 38.73484, -9.17437 38.73256, -9.17775 38.72903, -9.18072 38.72529, -9.18350 38.72146)"
bf7b9b71-8066-4607-a779-157370941769,6bad6be2-8e7a-46e9-9f19-950499dd251d,Voi,dfc9f54d-1bac-45b5-a07f-149f4a019b41,scooter,electric,2026-09-05T09:10:22Z,2026-09-05T09:25:01Z,879,2886,"LINESTRING (-9.12274 38.75409, -9.12699 38.75810, -9.12501 38.76307, -9.11923 38.76566, -9.11262 38.76636, -9.10605 38.76724)"
a45561f1-ce6d-44b4-99c4-aa78bf1eace0,6bad6be2-8e7a-46e9-9f19-950499dd251d,Voi,895bf10a-9cce-402e-ad04-0b1f1a6688ba,scooter,electric,2026-09-05T09:33:19Z,2026-09-05T09:50:17Z,1018,4674,"LINESTRING (-9.17684 38.71048, -9.18232 38.71356, -9.18584 38.71804, -9.18944 38.72250, -9.19141 38.72753, -9.19134 38.73280, -9.19344 38.73780, -9.19481 38.74295, -9.19456 38.74822)"
7d5d656e-f1ce-40c4-945d-51d790c33f5f,f38b2ffc-80a4-4f5a-91c9-bc701e7ea419,Lime,7dabe929-c4a3-44bf-86cd-75e9bb049a79,bicycle,electric_assist,2026-09-05T09:43:25Z,2026-09-05T09:56:07Z,762,2752,"LINESTRING (-9.10963 38.76897, -9.11215 38.77090, -9.11377 38.77335, -9.11278 38.77599, -9.11078 38.77826, -9.10816 38.78011, -9.10491 38.78119, -9.10181 38.78252, -9.10030 38.78501, -9.09940 38.78767)"
d4bcb466-5c0c-4787-9bad-a9135803315d,f38b2ffc-80a4-4f5a-91c9-bc701e7ea419,Lime,5e6c9992-b5fb-42e0-9909-0b8906555096,scooter,electric,2026-09-05T10:47:38Z,2026-09-05T10:58:33Z,655,2496,"LINESTRING (-9.15791 38.76898, -9.15619 38.77145, -9.15458 38.77397, -9.15520 38.77674, -9.15748 38.77892, -9.16058 38.78036, -9.16108 38.78315, -9.15979 38.78577, -9.15756 38.78798)"
b91a23e4-398e-416a-95e5-565220effc62,d7a7a3cc-8c3d-4f16-9293-de8fc88b2875,Gira,a298ab87-7947-4af8-86ab-5ec5b802e168,bicycle,electric_assist,2026-09-05T11:18:20Z,2026-09-05T11:34:37Z,977,3796,"LINESTRING (-9.12707 38.71600, -9.13082 38.72090, -9.13683 38.72414, -9.14282 38.72741, -9.14850 38.73100, -9.15427 38.73449, -9.16060 38.73734)"
fdc10b88-fa42-4c0c-937f-0bec95d3ad71,e5121482-3929-4d22-a255-accb1a466884,Dott,a1672599-83f7-43d0-b301-7f88d744f400,bicycle,electric_assist,2026-09-05T12:00:34Z,2026-09-05T12:15:00Z,866,2116,"LINESTRING (-9.14177 38.70073, -9.14370 38.69793, -9.14556 38.69510, -9.14737 38.69225, -9.14868 38.68925, -9.14981 38.68619, -9.15305 38.68427)"
c1568e9e-70c7-4721-bc72-af1e27999acb,e5121482-3929-4d22-a255-accb1a466884,Dott,aa2939cf-b13c-4642-9e1c-fb0a398faf3a,bicycle,electric_assist,2026-09-05T12:27:31Z,2026-09-05T12:41:39Z,848,2375,"LINESTRING (-9.14744 38.75008, -9.14975 38.74701, -9.14771 38.74382, -9.14355 38.74234, -9.13898 38.74221, -9.13441 38.74214, -9.13056 38.74021)"
c5a91e46-41d2-48ed-8bc7-2b4db53d1bf2,f38b2ffc-80a4-4f5a-91c9-bc701e7ea419,Lime,8a88ce1b-46de-4eef-843f-9f5b05fb0d55,bicycle,electric_assist,2026-09-05T12:31:50Z,2026-09-05T12:48:27Z,997,4131,"LINESTRING (-9.17086 38.74596, -9.17534 38.74726, -9.17753 38.75056, -9.18075 38.75331, -9.18437 38.75574, -9.18790 38.75825, -9.19261 38.75882, -9.19733 38.75937, -9.20171 38.75788, -9.20631 38.75687, -9.21007 38.75458)"
c3c60b2c-1cf7-4547-a29d-714ea52d6df3,e5121482-3929-4d22-a255-accb1a466884,Dott,6912b372-9f3f-400c-bd58-668d72299ee2,bicycle,electric_assist,2026-09-05T12:52:54Z,2026-09-05T13:06:39Z,825,2463,"LINESTRING (-9.11765 38.74403, -9.11449 38.74530, -9.11271 38.74770, -9.11251 38.75047, -9.10953 38.75198, -9.10706 38.75398, -9.10405 38.75547, -9.10190 38.75768, -9.09964 38.75981)"
a5420841-dda9-4071-84ed-081b975d613a,f38b2ffc-80a4-4f5a-91c9-bc701e7ea419,Lime,ac9f21df-74f0-4af5-b361-8e1ca06d7a69,scooter,electric,2026-09-05T13:00:13Z,2026-09-05T13:17:06Z,1013,4151,"LINESTRING (-9.12102 38.76054, -9.11963 38.76668, -9.12186 38.77267, -9.12543 38.77825, -9.12578 38.78448, -9.12320 38.79038, -9.11897 38.79567)"
df8559f3-218d-4444-b214-081b781c402d,f38b2ffc-80a4-4f5a-91c9-bc701e7ea419,Lime,9924eb8b-7575-4c2b-961f-8bfe9f93693f,scooter,electric,2026-09-05T13:23:59Z,2026-09-05T13:34:31Z,632,3068,"LINESTRING (-9.12662 38.75875, -9.12676 38.76220, -9.12588 38.76559, -9.12263 38.76793, -9.11841 38.76899, -9.11415 38.76994, -9.10973 38.77024, -9.10569 38.76883, -9.10126 38.76864)"
8a2ed277-91ae-482d-bdb8-4fa6960a2294,e5121482-3929-4d22-a255-accb1a466884,Dott,a5008b67-55d2-4105-99ff-51ed20e2098d,bicycle,electric_assist,2026-09-05T13:39:11Z,2026-09-05T13:48:45Z,574,2230,"LINESTRING (-9.09699 38.70591, -9.09637 38.70786, -9.09761 38.70961, -9.09902 38.71130, -9.10091 38.71266, -9.10342 38.71308, -9.10584 38.71377, -9.10827 38.71310, -9.11066 38.71236, -9.11317 38.71192, -9.11541 38.71291)"
a7fcef3f-e236-49c5-b14c-194c5e34dbeb,e5121482-3929-4d22-a255-accb1a466884,Dott,d16d3411-502a-43b6-9c29-490a4be3bcf2,bicycle,electric_assist,2026-09-05T13:51:57Z,2026-09-05T14:08:38Z,1001,3613,"LINESTRING (-9.16934 38.72061, -9.16697 38.72372, -9.16774 38.72729, -9.17123 38.72967, -9.17339 38.73287, -9.17494 38.73628, -9.17429 38.73986, -9.17281 38.74329, -9.17239 38.74689, -9.16940 38.74965)"
8e9734cb-e9d5-416c-b166-68ab230a99f5,6bad6be2-8e7a-46e9-9f19-950499dd251d,Voi,ff69704a-193a-4d06-bf47-412e59ff005c,scooter,electric,2026-09-05T14:23:26Z,2026-09-05T14:34:03Z,637,2543,"LINESTRING (-9.12805 38.76651, -9.12503 38.76488, -9.12245 38.76284, -9.11961 38.76102, -9.11597 38.76065, -9.11233 38.76026, -9.10870 38.75983, -9.10508 38.75932, -9.10221 38.76111)"
ca824c90-cb70-44e0-a66a-fb666921a94a,f38b2ffc-80a4-4f5a-91c9-bc701e7ea419,Lime,8be40e7f-c079-41d4-8b6e-c6f39efebfda,scooter,electric,2026-09-05T15:01:29Z,2026-09-05T15:15:18Z,829,2521,"LINESTRING (-9.18101 38.72984, -9.18307 38.72790, -9.18583 38.72658, -9.18831 38.72495, -9.18956 38.72263, -9.19066 38.72025, -9.19198 38.71795, -9.19499 38.71702, -9.19818 38.71742, -9.20032 38.71553)"
ee985fa1-a87d-46cf-9a0e-84be82bc584c,e5121482-3929-4d22-a255-accb1a466884,Dott,851f34bb-de98-4e78-9a2a-c8455a7cfed7,scooter,electric,2026-09-05T15:12:02Z,2026-09-05T15:20:50Z,528,2356,"LINESTRING (-9.16862 38.73710, -9.16573 38.73437, -9.16246 38.73193, -9.15837 38.73039, -9.15390 38.72979, -9.15158 38.72675, -9.14897 38.72386)"
0ca471f9-5ffb-463b-8063-495af70f8b6f,f38b2ffc-80a4-4f5a-91c9-bc701e7ea419,Lime,a9f5307c-8ece-48b0-af29-a9f1ced66b44,bicycle,electric_assist,2026-09-05T15:13:10Z,2026-09-05T15:28:57Z,947,4084,"LINESTRING (-9.15992 38.75642, -9.16344 38.75887, -9.16815 38.75916, -9.17277 38.75843, -9.17748 38.75819, -9.18220 38.75802, -9.18680 38.75882, -9.19025 38.75631, -9.19461 38.75489, -9.19933 38.75483, -9.20404 38.75467)"
a8a3c561-2e6d-4c11-810e-727dcbe2e929,f38b2ffc-80a4-4f5a-91c9-bc701e7ea419,Lime,16e5fc44-97f9-4ad6-a074-81bdf1b8ea7c,scooter,electric,2026-09-05T15:31:19Z,2026-09-05T16:01:31Z,1812,9179,"LINESTRING (-9.12996 38.75641, -9.13993 38.75361, -9.14674 38.74727, -9.15713 38.74564, -9.16128 38.73803, -9.16124 38.72976, -9.15949 38.72160, -9.15920 38.71334, -9.16322 38.70569, -9.17347 38.70358, -9.18365 38.70587)"
9f915a15-3a9c-48b8-add8-3be4ce3835e3,f38b2ffc-80a4-4f5a-91c9-bc701e7ea419,Lime,cbee23b0-86f9-4a21-9ebf-3deb71d02f51,scooter,electric,2026-09-05T15:40:08Z,2026-09-05T15:46:59Z,411,1191,"LINESTRING (-9.13943 38.75961, -9.14102 38.76051, -9.14283 38.76111, -9.14438 38.76205, -9.14459 38.76358, -9.14519 38.76504, -9.14706 38.76551, -9.14902 38.76565)"
51bc6e62-7e54-479e-baae-db30c06a4958,f3f49249-dc28-4f90-a5ae-c7978306d03b,Bolt,36079a2a-e59d-4568-a0f3-2241177dd1c5,scooter,electric,2026-09-05T15:44:11Z,2026-09-05T15:47:50Z,219,999,"LINESTRING (-9.11328 38.74436, -9.11314 38.74324, -9.11305 38.74211, -9.11336 38.74102, -9.11357 38.73990, -9.11475 38.73925, -9.11600 38.73869, -9.11713 38.73799, -9.11835 38.73739)"
826eaad7-5931-4e36-acbe-f930e816047b,e5121482-3929-4d22-a255-accb1a466884,Dott,ab8e4041-6e35-4e9d-9904-8fce2b7a3cf0,scooter,electric,2026-09-05T15:47:41Z,2026-09-05T15:53:37Z,356,1446,"LINESTRING (-9.15174 38.74800, -9.14934 38.74618, -9.14746 38.74402, -9.14649 38.74153, -9.14508 38.73917, -9.14323 38.73700)"
de5964d4-115f-4d2b-861e-65bc4fe1a879,f3f49249-dc28-4f90-a5ae-c7978306d03b,Bolt,08d68e5b-dd8c-4c74-aaa9-27e6cd463d49,scooter,electric,2026-09-05T15:48:19Z,2026-09-05T16:03:39Z,920,3228,"LINESTRING (-9.12539 38.76964, -9.12926 38.76848, -9.13286 38.77008, -9.13681 38.77105, -9.13923 38.77367, -9.14262 38.77554, -9.14659 38.77461, -9.15044 38.77579, -9.15451 38.77518, -9.15858 38.77456)"
a5b25dd1-025b-448f-a003-96168b157582,f38b2ffc-80a4-4f5a-91c9-bc701e7ea419,Lime,e060a724-2411-4258-b51b-4c8349a047dc,bicycle,electric_assist,2026-09-05T15:48:45Z,2026-09-05T15:58:45Z,600,2055,"LINESTRING (-9.13757 38.71100, -9.13806 38.70838, -9.13750 38.70577, -9.13877 38.70332, -9.14054 38.70106, -9.14282 38.69911, -9.14405 38.69664, -9.14716 38.69559)"
b00306b2-347f-4ae3-815c-d364933b1cd2,f38b2ffc-80a4-4f5a-91c9-bc701e7ea419,Lime,ac9f21df-74f0-4af5-b361-8e1ca06d7a69,bicycle,electric_assist,2026-09-05T15:55:59Z,2026-09-05T16:01:01Z,302,1290,"LINESTRING (-9.18285 38.71304, -9.18219 38.71422, -9.18055 38.71441, -9.17892 38.71464, -9.17728 38.71447, -9.17580 38.71389, -9.17518 38.71269, -9.17438 38.71156, -9.17300 38.71085, -9.17141 38.71049)"
18c7d15c-c189-4be5-be9a-3d7e8c78ba23,6bad6be2-8e7a-46e9-9f19-950499dd251d,Voi,caf3f372-cb53-42b5-9ada-81b0e867bc4e,scooter,electric,2026-09-05T16:03:16Z,2026-09-05T16:22:52Z,1176,4340,"LINESTRING (-9.17516 38.71258, -9.17468 38.70771, -9.17220 38.70322, -9.16948 38.69882, -9.16847 38.69399, -9.16482 38.69002, -9.16329 38.68528, -9.16090 38.68076, -9.15874 38.67617)"
579b3901-beb4-4c8b-88ea-69ba7aa690da,f38b2ffc-80a4-4f5a-91c9-bc701e7ea419,Lime,ee532f03-8b75-402a-a5f2-74190b94a014,scooter,electric,2026-09-05T16:11:21Z,2026-09-05T16:22:48Z,687,3070,"LINESTRING (-9.11804 38.76745, -9.11912 38.76292, -9.12089 38.75852, -9.12359 38.75442, -9.12819 38.75152, -9.12953 38.74703, -9.12531 38.74380)"
e369dbcc-1ab3-498d-9b9e-38be8e6ab601,f3f49249-dc28-4f90-a5ae-c7978306d03b,Bolt,914fe82d-1593-4452-8f37-fdfbb49cb061,scooter,electric,2026-09-05T16:13:57Z,2026-09-05T16:23:35Z,578,1784,"LINESTRING (-9.18051 38.70051, -9.17848 38.70081, -9.17754 38.70224, -9.17742 38.70385, -9.17634 38.70521, -9.17444 38.70584, -9.17322 38.70714, -9.17252 38.70865, -9.17121 38.70989, -9.17004 38.71121, -9.16833 38.71211)"
837119ae-7a22-454e-ac84-fd4617bd36ba,f3f49249-dc28-4f90-a5ae-c7978306d03b,Bolt,b8d92d95-b9d3-4bd2-9086-a15edce937e4,scooter,electric,2026-09-05T16:24:36Z,2026-09-05T16:29:37Z,301,1320,"LINESTRING (-9.14398 38.71607, -9.14336 38.71730, -9.14237 38.71837, -9.14165 38.71957, -9.14055 38.72057, -9.13891 38.72091, -9.13722 38.72103, -9.13555 38.72082, -9.13407 38.72018, -9.13282 38.71929)"
151b67ba-0252-40ab-93b0-d35fd9149dba,d7a7a3cc-8c3d-4f16-9293-de8fc88b2875,Gira,4228718b-1fa0-45ae-8e93-2b83353434bf,bicycle,electric_assist,2026-09-05T17:06:02Z,2026-09-05T17:25:50Z,1188,3193,"LINESTRING (-9.16610 38.77140, -9.17053 38.76807, -9.17107 38.76330, -9.17133 38.75851, -9.17336 38.75398, -9.17655 38.74988, -9.18106 38.74663)"
4a57942b-dfaa-4e79-81e2-44ca5cdd1ac6,f3f49249-dc28-4f90-a5ae-c7978306d03b,Bolt,56f0a1e4-a91a-462e-9164-38f37d3e7a21,scooter,electric,2026-09-05T17:09:19Z,2026-09-05T17:26:51Z,1052,3677,"LINESTRING (-9.11291 38.71183, -9.10782 38.71064, -9.10363 38.70810, -9.10049 38.70477, -9.09620 38.70233, -9.09385 38.69861, -9.09479 38.69454, -9.09413 38.69043, -9.09181 38.68671)"
0a7441df-b747-49ee-8185-fda4cdfdb7df,e5121482-3929-4d22-a255-accb1a466884,Dott,01484051-a017-4756-a22e-9caa61924ddf,bicycle,electric_assist,2026-09-05T17:18:11Z,2026-09-05T17:22:42Z,271,1111,"LINESTRING (-9.12466 38.72233, -9.12231 38.72313, -9.12105 38.72488, -9.12070 38.72686, -9.12084 38.72886, -9.12099 38.73086)"
f026f1ce-8884-4186-bb35-6cb0a416dc3b,f3f49249-dc28-4f90-a5ae-c7978306d03b,Bolt,24ba1cef-f8e5-4871-94ee-fc4b3bfa9e9c,scooter,electric,2026-09-05T17:20:38Z,2026-09-05T17:29:21Z,523,2303,"LINESTRING (-9.12866 38.72893, -9.12999 38.73072, -9.13186 38.73220, -9.13375 38.73366, -9.13512 38.73544, -9.13637 38.73727, -9.13845 38.73857, -9.13967 38.74042, -9.14119 38.74212, -9.14294 38.74368, -9.14543 38.74440)"
afb09669-c8cb-4fa2-9b34-afe6fd7359c8,f3f49249-dc28-4f90-a5ae-c7978306d03b,Bolt,9b4ab5aa-8f1b-4ae4-b2ab-7967ef642b5f,scooter,electric,2026-09-05T17:38:41Z,2026-09-05T17:41:13Z,152,747,"LINESTRING (-9.14678 38.72231, -9.14591 38.72199, -9.14496 38.72185, -9.14402 38.72199, -9.14308 38.72211, -9.14215 38.72229, -9.14122 38.72249, -9.14037 38.72284, -9.13942 38.72292, -9.13858 38.72256)"
c7d9224c-69f3-466a-95bd-6f4ed0875e4f,f38b2ffc-80a4-4f5a-91c9-bc701e7ea419,Lime,57fbeeeb-4698-45d2-943c-c5318fc460a1,bicycle,electric_assist,2026-09-05T17:49:35Z,2026-09-05T17:54:01Z,266,1281,"LINESTRING (-9.13259 38.73439, -9.13095 38.73432, -9.12930 38.73428, -9.12770 38.73400, -9.12613 38.73361, -9.12450 38.73344, -9.12287 38.73362, -9.12152 38.73435, -9.12003 38.73488, -9.11862 38.73554)"
4c7e7dda-f12f-4e96-ac35-94d2f44bbf05,f38b2ffc-80a4-4f5a-91c9-bc701e7ea419,Lime,423674a6-864f-43f3-aab0-6e9b65ed0de4,bicycle,electric_assist,2026-09-05T17:54:04Z,2026-09-05T18:00:32Z,388,1530,"LINESTRING (-9.17156 38.72372, -9.17298 38.72534, -9.17449 38.72692, -9.17578 38.72862, -9.17487 38.73046, -9.17343 38.73208, -9.17232 38.73385, -9.17174 38.73576)"
95d2bad9-bdff-4d74-a5aa-5aecf215e0b9,d7a7a3cc-8c3d-4f16-9293-de8fc88b2875,Gira,349f5a6c-2697-4eea-9f15-b224861beadf,bicycle,electric_assist,2026-09-05T18:04:06Z,2026-09-05T18:07:22Z,196,426,"LINESTRING (-9.17985 38.71561, -9.17968 38.71499, -9.18006 38.71442, -9.18073 38.71405, -9.18123 38.71354, -9.18163 38.71299, -9.18182 38.71236)"
15ee5282-c3a6-4fcc-9ff9-a607aa59c51e,6bad6be2-8e7a-46e9-9f19-950499dd251d,Voi,1fe6bb9b-2e5d-48af-982d-976b57441efc,scooter,electric,2026-09-05T18:08:27Z,2026-09-05T18:13:30Z,303,1276,"LINESTRING (-9.11646 38.71868, -9.11784 38.71992, -9.11911 38.72123, -9.12104 38.72189, -9.12304 38.72240, -9.12426 38.72374, -9.12594 38.72473, -9.12617 38.72636)"
c77a1b1a-1124-4a6d-b1e1-ffb10180c4d8,f3f49249-dc28-4f90-a5ae-c7978306d03b,Bolt,08d68e5b-dd8c-4c74-aaa9-27e6cd463d49,scooter,electric,2026-09-05T18:10:59Z,2026-09-05T18:17:55Z,416,2003,"LINESTRING (-9.11184 38.71484, -9.11108 38.71779, -9.11153 38.72078, -9.11093 38.72375, -9.10961 38.72658, -9.10641 38.72825, -9.10507 38.73107)"
379b66d1-724b-4087-b79a-ece0845a5985,6bad6be2-8e7a-46e9-9f19-950499dd251d,Voi,eec4283b-5d69-4fbe-b9f7-57bdb1e27df5,scooter,electric,2026-09-05T18:20:03Z,2026-09-05T18:23:37Z,214,858,"LINESTRING (-9.15351 38.72996, -9.15395 38.72845, -9.15370 38.72691, -9.15336 38.72539, -9.15221 38.72413, -9.15086 38.72300)"
975922fa-1552-4dc7-9363-74b44df547b2,f38b2ffc-80a4-4f5a-91c9-bc701e7ea419,Lime,69190876-a0c5-420c-a885-f868301a5d12,scooter,electric,2026-09-05T18:37:19Z,2026-09-05T18:40:56Z,217,905,"LINESTRING (-9.11326 38.71859, -9.11458 38.71986, -9.11604 38.72103, -9.11759 38.72212, -9.11757 38.72376, -9.11686 38.72529)"
e49bedcc-6a5a-4d22-8468-5f729ecb951f,6bad6be2-8e7a-46e9-9f19-950499dd251d,Voi,0ec3703b-37e1-4834-b4cc-204400923538,scooter,electric,2026-09-05T18:40:27Z,2026-09-05T18:50:30Z,603,2973,"LINESTRING (-9.10138 38.76112, -9.09772 38.75659, -9.09695 38.75126, -9.09887 38.74612, -9.09804 38.74080, -9.10183 38.73634)"
198d71eb-8d69-4647-a6d3-f4a3aa558f59,f3f49249-dc28-4f90-a5ae-c7978306d03b,Bolt,a8347fb4-b94e-43d4-a5ea-919ce83811ee,scooter,electric,2026-09-05T18:41:20Z,2026-09-05T18:57:06Z,946,3979,"LINESTRING (-9.15523 38.75952, -9.15906 38.76150, -9.16300 38.76336, -9.16641 38.76576, -9.16831 38.76902, -9.17124 38.77179, -9.17577 38.77119, -9.17954 38.76913, -9.18413 38.76917, -9.18852 38.76809, -9.19291 38.76702)"
7cda9971-a90a-4518-a609-aee977f24495,f3f49249-dc28-4f90-a5ae-c7978306d03b,Bolt,d1d503ae-f0e3-4542-8ca1-b5f0ca1d6872,scooter,electric,2026-09-05T19:04:15Z,2026-09-05T19:10:41Z,386,1716,"LINESTRING (-9.15335 38.74686, -9.15249 38.74825, -9.15248 38.74979, -9.15273 38.75133, -9.15316 38.75283, -9.15333 38.75438, -9.15450 38.75562, -9.15568 38.75687, -9.15766 38.75692, -9.15962 38.75716, -9.16155 38.75681)"
164dcf99-c435-40af-94ee-fb0b0d0e4252,e5121482-3929-4d22-a255-accb1a466884,Dott,e9588f94-efcd-43cc-aae9-da1f415e9e83,bicycle,electric_assist,2026-09-05T19:04:22Z,2026-09-05T19:15:33Z,671,2096,"LINESTRING (-9.18183 38.76570, -9.18038 38.76864, -9.17880 38.77154, -9.17713 38.77441, -9.17335 38.77551, -9.16954 38.77657, -9.16555 38.77608)"
460d476e-92c3-4176-9fea-f169dc0170f3,e5121482-3929-4d22-a255-accb1a466884,Dott,4c22499d-d4b2-4a27-b0b2-a517ba58b47b,scooter,electric,2026-09-05T19:12:14Z,2026-09-05T19:22:05Z,591,1879,"LINESTRING (-9.16953 38.76070, -9.17089 38.76331, -9.17067 38.76613, -9.16925 38.76873, -9.16840 38.77147, -9.16606 38.77362, -9.16462 38.77621)"
aea99010-de70-4d11-9ea0-629d02ff979f,e5121482-3929-4d22-a255-accb1a466884,Dott,90105211-1f46-428e-87c6-b361f4039d41,bicycle,electric_assist,2026-09-05T19:18:04Z,2026-09-05T19:25:53Z,469,1354,"LINESTRING (-9.15839 38.71083, -9.16003 38.70965, -9.16196 38.70878, -9.16418 38.70859, -9.16632 38.70808, -9.16836 38.70880, -9.17059 38.70885, -9.17282 38.70891)"
3e7bbc90-0fec-4752-aa09-e767d7720852,f3f49249-dc28-4f90-a5ae-c7978306d03b,Bolt,f28d937a-f6c5-4bc1-81ea-df91c263064f,scooter,electric,2026-09-05T19:20:59Z,2026-09-05T19:25:16Z,257,1462,"LINESTRING (-9.10595 38.74586, -9.10437 38.74404, -9.10156 38.74391, -9.09874 38.74392, -9.09593 38.74409, -9.09377 38.74550, -9.09096 38.74562)"
c67d0847-d6c9-42cc-a95c-0fc86a514ea8,f3f49249-dc28-4f90-a5ae-c7978306d03b,Bolt,b76a1294-8cbb-4091-858f-7eb666426014,scooter,electric,2026-09-05T19:22:06Z,2026-09-05T19:27:23Z,317,1503,"LINESTRING (-9.13828 38.72501, -9.13683 38.72658, -9.13580 38.72834, -9.13479 38.73011, -9.13457 38.73204, -9.13498 38.73394, -9.13445 38.73584, -9.13284 38.73731)"
929ffc2b-890b-4575-9268-1959647d4cef,f3f49249-dc28-4f90-a5ae-c7978306d03b,Bolt,c699d5ef-454b-48f8-9c7e-f9e3caaba2c9,scooter,electric,2026-09-05T19:23:54Z,2026-09-05T19:34:16Z,622,2896,"LINESTRING (-9.10516 38.76310, -9.10879 38.76248, -9.11249 38.76271, -9.11617 38.76227, -9.11955 38.76107, -9.12314 38.76031, -9.12610 38.75855, -9.12973 38.75794, -9.13264 38.75613, -9.13620 38.75528)"
6c6bec55-1c91-4ada-873a-f144b17f82ff,6bad6be2-8e7a-46e9-9f19-950499dd251d,Voi,ebcd6d62-ba5e-4809-9177-3467b279f52b,scooter,electric,2026-09-05T19:31:25Z,2026-09-05T19:38:27Z,422,1565,"LINESTRING (-9.10962 38.73168, -9.11216 38.73207, -9.11381 38.73052, -9.11553 38.72902, -9.11640 38.72712, -9.11774 38.72539, -9.11942 38.72387, -9.12053 38.72204)"
433ecd52-e2ab-40c7-8529-04511700826c,d7a7a3cc-8c3d-4f16-9293-de8fc88b2875,Gira,89ffc0ad-4dbb-4891-97c3-eb934191a453,bicycle,electric_assist,2026-09-05T19:39:48Z,2026-09-05T19:45:15Z,327,1217,"LINESTRING (-9.14506 38.77033, -9.14340 38.76904, -9.14138 38.76811, -9.13915 38.76755, -9.13702 38.76677, -9.13542 38.76811, -9.13308 38.76812)"
624a7ae8-c012-4a3f-8a44-f4cc5c117c93,e5121482-3929-4d22-a255-accb1a466884,Dott,d16d3411-502a-43b6-9c29-490a4be3bcf2,scooter,electric,2026-09-05T19:46:15Z,2026-09-05T19:51:44Z,329,1294,"LINESTRING (-9.10331 38.73574, -9.10462 38.73517, -9.10606 38.73485, -9.10748 38.73450, -9.10841 38.73358, -9.10981 38.73319, -9.11087 38.73236, -9.11154 38.73132, -9.11193 38.73019, -9.11246 38.72910, -9.11224 38.72795)"
94a63629-4c3b-49bb-bc89-0fd20f39baf4,f3f49249-dc28-4f90-a5ae-c7978306d03b,Bolt,be372c51-7111-46cd-a785-5a3a367f02fa,scooter,electric,2026-09-05T19:54:05Z,2026-09-05T20:01:58Z,473,2130,"LINESTRING (-9.16043 38.71388, -9.15964 38.71766, -9.15827 38.72135, -9.15761 38.72515, -9.15942 38.72872, -9.15671 38.73192)"
02e469b9-14a9-435a-80f3-8e848008adbf,f38b2ffc-80a4-4f5a-91c9-bc701e7ea419,Lime,9924eb8b-7575-4c2b-961f-8bfe9f93693f,scooter,electric,2026-09-05T19:55:17Z,2026-09-05T20:18:08Z,1371,5887,"LINESTRING (-9.12470 38.70333, -9.11785 38.70581, -9.11307 38.71037, -9.10728 38.71415, -9.10243 38.71867, -9.09600 38.72177, -9.09662 38.72764, -9.10416 38.72797, -9.11060 38.73106, -9.11730 38.73378)"
3eb650da-7593-48a6-9e1c-693db2dcb770,f3f49249-dc28-4f90-a5ae-c7978306d03b,Bolt,88e6823d-2b0d-46d4-9784-0d5e644f7ae9,scooter,electric,2026-09-05T20:01:56Z,2026-09-05T20:06:06Z,250,976,"LINESTRING (-9.16443 38.71734, -9.16667 38.71716, -9.16888 38.71680, -9.17087 38.71597, -9.17252 38.71477, -9.17347 38.71317)"
61d98ee5-a254-4213-b1c2-433288397614,f3f49249-dc28-4f90-a5ae-c7978306d03b,Bolt,2b186e16-39de-46d0-a97f-ee94c0d7c2df,scooter,electric,2026-09-05T20:07:53Z,2026-09-05T20:14:23Z,390,1660,"LINESTRING (-9.11395 38.73371, -9.11204 38.73444, -9.10993 38.73467, -9.10804 38.73389, -9.10667 38.73262, -9.10512 38.73148, -9.10299 38.73144, -9.10096 38.73094, -9.09913 38.73009, -9.09826 38.72857)"
92db9074-49c5-444b-96ad-0f18177af2fe,6bad6be2-8e7a-46e9-9f19-950499dd251d,Voi,cad71eb4-59c8-40ea-bc48-ec7262e7825f,scooter,electric,2026-09-05T20:20:22Z,2026-09-05T20:29:58Z,576,1949,"LINESTRING (-9.11613 38.71654, -9.11493 38.71802, -9.11285 38.71870, -9.11061 38.71888, -9.10860 38.71967, -9.10636 38.71983, -9.10476 38.71859, -9.10293 38.71757, -9.10124 38.71641, -9.10015 38.71487, -9.09993 38.71312)"
779c4b6d-c796-40bb-adc4-9d8a87c80acd,6bad6be2-8e7a-46e9-9f19-950499dd251d,Voi,7180131f-263e-44fc-bc98-1c1158afbcb8,scooter,electric,2026-09-05T20:53:43Z,2026-09-05T20:58:06Z,263,1162,"LINESTRING (-9.16512 38.71069, -9.16488 38.71172, -9.16578 38.71250, -9.16644 38.71342, -9.16688 38.71441, -9.16708 38.71544, -9.16740 38.71646, -9.16833 38.71722, -9.16933 38.71791, -9.17030 38.71864, -9.17068 38.71964)"
3ebd9547-f229-4305-8e3a-ccd06d0675a0,d7a7a3cc-8c3d-4f16-9293-de8fc88b2875,Gira,c2936ca1-300a-4d21-b0e9-5ec95cf754a1,bicycle,electric_assist,2026-09-05T23:46:54Z,2026-09-05T23:52:38Z,344,1070,"LINESTRING (-9.13352 38.73192, -9.13358 38.73329, -9.13445 38.73449, -9.13604 38.73509, -9.13773 38.73549, -9.13945 38.73579, -9.14121 38.73589, -9.14297 38.73575)"
8b5d1f47-8c3c-4bda-959a-fd2f3d5534a2,f3f49249-dc28-4f90-a5ae-c7978306d03b,Bolt,2b186e16-39de-46d0-a97f-ee94c0d7c2df,scooter,electric,2026-09-06T00:24:37Z,2026-09-06T00:29:27Z,290,1155,"LINESTRING (-9.18299 38.72576, -9.18431 38.72683, -9.18556 38.72796, -9.18560 38.72944, -9.18558 38.73093, -9.18687 38.73202, -9.18774 38.73335, -9.18928 38.73423)"
8cffbcdc-c516-4e27-94bd-d1580c537406,f3f49249-dc28-4f90-a5ae-c7978306d03b,Bolt,8bcd0aac-588f-49ba-b7f3-813076035237,scooter,electric,2026-09-06T00:50:45Z,2026-09-06T00:55:28Z,283,1436,"LINESTRING (-9.14288 38.70616, -9.14328 38.70742, -9.14391 38.70862, -9.14462 38.70978, -9.14608 38.71040, -9.14714 38.71139, -9.14796 38.71252, -9.14944 38.71310, -9.15044 38.71413, -9.15210 38.71421, -9.15375 38.71430)"
ce9a60ad-5a74-4737-a5e0-0e71a37a41fc,f3f49249-dc28-4f90-a5ae-c7978306d03b,Bolt,8bcd0aac-588f-49ba-b7f3-813076035237,scooter,electric,2026-09-06T01:19:54Z,2026-09-06T01:23:14Z,200,970,"LINESTRING (-9.16504 38.76421, -9.16319 38.76402, -9.16150 38.76340, -9.15977 38.76284, -9.15790 38.76288, -9.15604 38.76273, -9.15426 38.76229)"
92dcaa21-6fec-48c8-9a35-e9f7389e9ce8,f3f49249-dc28-4f90-a5ae-c7978306d03b,Bolt,609d6f0b-74bd-44f8-9be7-13ddf83c61f0,scooter,electric,2026-09-06T02:10:45Z,2026-09-06T02:15:58Z,313,1375,"LINESTRING (-9.10383 38.75683, -9.10696 38.75637, -9.10961 38.75773, -9.11097 38.75997, -9.11399 38.76074, -9.11713 38.76114)"
78cf4ad5-7235-46a7-93fe-828ecba14b3d,f3f49249-dc28-4f90-a5ae-c7978306d03b,Bolt,3fccf89c-7d2c-48ec-8a91-9c736b3ae0ee,scooter,electric,2026-09-06T02:18:50Z,2026-09-06T02:29:12Z,622,2419,"LINESTRING (-9.10234 38.70963, -9.10531 38.70594, -9.11013 38.70373, -9.11390 38.70052, -9.11585 38.69643, -9.11510 38.69211)"
084f6b32-896c-43ac-b33a-b0c476fc5987,f38b2ffc-80a4-4f5a-91c9-bc701e7ea419,Lime,4a205268-549e-4c0a-b1ff-38d8480bdb8b,bicycle,electric_assist,2026-09-06T02:48:30Z,2026-09-06T02:51:16Z,166,628,"LINESTRING (-9.17484 38.71900, -9.17559 38.71877, -9.17611 38.71829, -9.17680 38.71796, -9.17754 38.71771, -9.17818 38.71733, -9.17892 38.71708, -9.17949 38.71663, -9.18020 38.71634, -9.18086 38.71598)"
770297de-87b2-4f15-9e99-5b03b0375e73,f38b2ffc-80a4-4f5a-91c9-bc701e7ea419,Lime,8be40e7f-c079-41d4-8b6e-c6f39efebfda,scooter,electric,2026-09-06T05:28:28Z,2026-09-06T05:32:31Z,243,928,"LINESTRING (-9.10293 38.73893, -9.10384 38.73833, -9.10502 38.73819, -9.10615 38.73848, -9.10734 38.73846, -9.10817 38.73913, -9.10792 38.74004, -9.10801 38.74096, -9.10743 38.74178, -9.10639 38.74223)"
04d07dc5-adda-4cbe-83ca-8fa352192c22,f3f49249-dc28-4f90-a5ae-c7978306d03b,Bolt,5e35055f-1048-4dfa-9fe2-fe3ed7879ce4,scooter,electric,2026-09-06T06:36:44Z,2026-09-06T06:46:27Z,583,2651,"LINESTRING (-9.13299 38.72478, -9.13050 38.72704, -9.12744 38.72884, -9.12985 38.73116, -9.13325 38.73252, -9.13697 38.73324, -9.14071 38.73262, -9.14452 38.73232, -9.14835 38.73222)"
e0e575f1-3e57-48b0-b84c-24f690817643,d7a7a3cc-8c3d-4f16-9293-de8fc88b2875,Gira,259d2f86-a2ce-4540-a2b5-773870eb5571,bicycle,electric_assist,2026-09-06T06:41:41Z,2026-09-06T06:47:27Z,346,910,"LINESTRING (-9.10576 38.74235, -9.10566 38.74399, -9.10468 38.74544, -9.10428 38.74705, -9.10476 38.74865, -9.10390 38.75014)"
f769ba1f-0f36-4a13-8471-76e1bbab2e5b,f38b2ffc-80a4-4f5a-91c9-bc701e7ea419,Lime,2980f7bd-1cd3-4258-bf44-577cb8bfe77a,bicycle,electric_assist,2026-09-06T06:49:05Z,2026-09-06T06:55:46Z,401,1919,"LINESTRING (-9.12349 38.71631, -9.12495 38.71501, -9.12509 38.71328, -9.12356 38.71203, -9.12169 38.71110, -9.12025 38.70979, -9.11852 38.70871, -9.11631 38.70875, -9.11430 38.70948, -9.11332 38.71103, -9.11319 38.71276)"
5c0500a6-4bd3-4f39-a4a8-f5030f7a3759,e5121482-3929-4d22-a255-accb1a466884,Dott,1241750c-4264-4855-acbf-312078ac8ae6,bicycle,electric_assist,2026-09-06T06:54:21Z,2026-09-06T06:59:40Z,319,1153,"LINESTRING (-9.10447 38.72219, -9.10698 38.72289, -9.10963 38.72273, -9.11230 38.72283, -9.11495 38.72295, -9.11756 38.72339)"
4b1589f8-8284-42de-b381-1b2b97f0d575,e5121482-3929-4d22-a255-accb1a466884,Dott,505a3117-8577-497c-9c4f-32a93db48829,bicycle,electric_assist,2026-09-06T07:14:13Z,2026-09-06T07:20:59Z,406,1403,"LINESTRING (-9.10989 38.75427, -9.11032 38.75290, -9.11107 38.75163, -9.11122 38.75023, -9.11110 38.74883, -9.11043 38.74752, -9.10984 38.74620, -9.10900 38.74495, -9.10890 38.74355, -9.10842 38.74220)"
8100f28f-03b8-4a89-bbe4-2b5f3ed9bd68,6bad6be2-8e7a-46e9-9f19-950499dd251d,Voi,dfc9f54d-1bac-45b5-a07f-149f4a019b41,scooter,electric,2026-09-06T07:28:50Z,2026-09-06T07:33:35Z,285,935,"LINESTRING (-9.18081 38.75535, -9.17996 38.75435, -9.17941 38.75322, -9.17832 38.75237, -9.17787 38.75122, -9.17881 38.75027, -9.17939 38.74915, -9.18064 38.74845)"
a82ded85-360f-4b60-8bab-08e07e71cae0,e5121482-3929-4d22-a255-accb1a466884,Dott,4c22499d-d4b2-4a27-b0b2-a517ba58b47b,bicycle,electric_assist,2026-09-06T07:33:21Z,2026-09-06T07:41:58Z,517,2188,"LINESTRING (-9.11422 38.77004, -9.11271 38.76819, -9.11043 38.76690, -9.10780 38.76615, -9.10504 38.76572, -9.10226 38.76605, -9.09948 38.76576, -9.09706 38.76465, -9.09503 38.76313, -9.09229 38.76262)"
103d3dd2-6cdb-44fb-943f-7ed7d0324482,f38b2ffc-80a4-4f5a-91c9-bc701e7ea419,Lime,34fd02f6-8505-47c2-975c-ef7a27655f91,scooter,electric,2026-09-06T07:59:04Z,2026-09-06T08:02:09Z,185,536,"LINESTRING (-9.12194 38.74777, -9.12263 38.74774, -9.12331 38.74775, -9.12393 38.74751, -9.12448 38.74719, -9.12509 38.74694, -9.12566 38.74664, -9.12593 38.74615, -9.12627 38.74568, -9.12612 38.74515)"
23083f60-4ff9-4054-ac73-a94cf3d86828,e5121482-3929-4d22-a255-accb1a466884,Dott,69db8679-03df-4b62-880c-b1623e068813,bicycle,electric_assist,2026-09-06T08:15:38Z,2026-09-06T08:24:36Z,538,1465,"LINESTRING (-9.10480 38.76931, -9.10246 38.77122, -9.10223 38.77386, -9.10038 38.77607, -9.09892 38.77845, -9.09579 38.77947)"
92ac1392-249e-4ae1-8f5b-2a673bf5927c,f3f49249-dc28-4f90-a5ae-c7978306d03b,Bolt,8f45022b-24dc-4c35-8b17-c73f1b82aef2,scooter,electric,2026-09-06T08:19:30Z,2026-09-06T08:24:07Z,277,1261,"LINESTRING (-9.14238 38.75219, -9.14067 38.75403, -9.14048 38.75630, -9.14021 38.75856, -9.13997 38.76083, -9.14143 38.76280)"
649edf22-afae-4c1e-a570-a6e17e1382e7,f38b2ffc-80a4-4f5a-91c9-bc701e7ea419,Lime,92845dae-afe9-47c1-8fdf-66145a091fd6,scooter,electric,2026-09-06T08:21:01Z,2026-09-06T08:25:54Z,293,1329,"LINESTRING (-9.14894 38.70749, -9.14969 38.70629, -9.15054 38.70514, -9.15139 38.70399, -9.15280 38.70324, -9.15445 38.70290, -9.15560 38.70192, -9.15704 38.70120, -9.15860 38.70068, -9.16009 38.70003)"
c544954d-186f-49da-b9c1-ec873df3aa38,f3f49249-dc28-4f90-a5ae-c7978306d03b,Bolt,3fccf89c-7d2c-48ec-8a91-9c736b3ae0ee,scooter,electric,2026-09-06T08:34:44Z,2026-09-06T08:44:52Z,608,2047,"LINESTRING (-9.10723 38.75955, -9.10546 38.75803, -9.10311 38.75710, -9.10053 38.75672, -9.09791 38.75653, -9.09529 38.75654, -9.09281 38.75724, -9.09044 38.75635, -9.08822 38.75744, -9.08559 38.75756)"
664806fd-b89c-4c91-8873-f4047d4506b8,f3f49249-dc28-4f90-a5ae-c7978306d03b,Bolt,5387d29c-fc2b-432c-9b34-73342063e843,scooter,electric,2026-09-06T09:00:21Z,2026-09-06T09:05:40Z,319,1653,"LINESTRING (-9.16407 38.71917, -9.16033 38.71858, -9.15665 38.71778, -9.15297 38.71857, -9.14917 38.71824, -9.14547 38.71898)"
b6d1a20c-d1ef-4b9c-bbfe-134d35e80f66,e5121482-3929-4d22-a255-accb1a466884,Dott,dd729e1e-be3b-4bbf-9d14-62605b31c2c6,scooter,electric,2026-09-06T09:10:25Z,2026-09-06T09:24:01Z,816,3079,"LINESTRING (-9.14362 38.74219, -9.14572 38.74525, -9.14657 38.74865, -9.14642 38.75212, -9.14352 38.75474, -9.14541 38.75788, -9.14803 38.76068, -9.14920 38.76403, -9.15030 38.76739)"
96a19ff3-1ec2-43ff-8fc0-fac93c2670e8,e5121482-3929-4d22-a255-accb1a466884,Dott,fa9495ca-e1f7-41de-b5bd-34395b0d1e48,bicycle,electric_assist,2026-09-06T09:15:32Z,2026-09-06T09:27:01Z,689,3188,"LINESTRING (-9.15828 38.71940, -9.15592 38.72201, -9.15532 38.72517, -9.15391 38.72817, -9.15223 38.73108, -9.15039 38.73392, -9.14773 38.73635, -9.14407 38.73777, -9.14053 38.73937, -9.13692 38.74088)"
8b68a058-9493-414f-b265-ae18f041c4dd,f3f49249-dc28-4f90-a5ae-c7978306d03b,Bolt,185251bd-563a-447e-a8df-7da7ac92ece8,scooter,electric,2026-09-06T09:47:07Z,2026-09-06T09:55:27Z,500,2722,"LINESTRING (-9.14914 38.71726, -9.14559 38.72027, -9.14085 38.72202, -9.13602 38.72359, -9.13106 38.72491, -9.12582 38.72468, -9.12063 38.72519)"
2dc3e995-978c-4912-84da-c393fc4b82d5,f3f49249-dc28-4f90-a5ae-c7978306d03b,Bolt,183b60e5-0ee4-4d4c-81ef-c27d7888cb20,scooter,electric,2026-09-06T09:50:44Z,2026-09-06T09:54:30Z,226,1016,"LINESTRING (-9.15119 38.77155, -9.15056 38.77243, -9.14982 38.77327, -9.14891 38.77400, -9.14801 38.77474, -9.14715 38.77550, -9.14597 38.77594, -9.14519 38.77675, -9.14395 38.77706, -9.14288 38.77764)"
d9a85ae7-b85f-4706-9903-31796f7c4d55,f3f49249-dc28-4f90-a5ae-c7978306d03b,Bolt,e3012e25-75cf-4f7f-8561-67097a00c8b2,scooter,electric,2026-09-06T10:17:02Z,2026-09-06T10:21:55Z,293,1442,"LINESTRING (-9.17704 38.75737, -9.17755 38.75861, -9.17760 38.75991, -9.17735 38.76119, -9.17745 38.76249, -9.17834 38.76358, -9.17908 38.76475, -9.17992 38.76587, -9.18130 38.76660, -9.18106 38.76789, -9.18205 38.76893)"
026b9de9-883b-4a63-9301-1504113f2a8a,f38b2ffc-80a4-4f5a-91c9-bc701e7ea419,Lime,e0ed4a62-17d6-4f8f-b423-f8be01418223,bicycle,electric_assist,2026-09-06T10:39:02Z,2026-09-06T10:58:52Z,1190,3651,"LINESTRING (-9.12441 38.74811, -9.11973 38.74835, -9.11568 38.74651, -9.11111 38.74571, -9.10643 38.74592, -9.10174 38.74592, -9.09943 38.74275, -9.09732 38.73948, -9.09480 38.73640, -9.09250 38.73322)"
ec9ffe4b-8b4b-42bf-bf25-6bb5d6991281,f38b2ffc-80a4-4f5a-91c9-bc701e7ea419,Lime,2950e9ae-5089-4e3b-ae8b-9e7c4a815857,bicycle,electric_assist,2026-09-06T11:09:42Z,2026-09-06T11:19:27Z,585,2199,"LINESTRING (-9.14751 38.77047, -9.14728 38.76651, -9.14977 38.76305, -9.15480 38.76359, -9.15819 38.76654, -9.15923 38.77042)"
45a68607-021a-4b45-8975-0fbf3bc3c282,f38b2ffc-80a4-4f5a-91c9-bc701e7ea419,Lime,51a248ee-6aa8-40b5-8494-a9bc4c046460,scooter,electric,2026-09-06T11:28:37Z,2026-09-06T11:33:50Z,313,1561,"LINESTRING (-9.17091 38.77025, -9.17184 38.77247, -9.17458 38.77344, -9.17729 38.77446, -9.18012 38.77525, -9.18307 38.77572, -9.18541 38.77719)"
a0e4afdb-0d9c-4148-8868-0fb00d330d50,f38b2ffc-80a4-4f5a-91c9-bc701e7ea419,Lime,ced8c284-63f1-4bbc-a97b-65cb81f8c04a,bicycle,electric_assist,2026-09-06T12:01:52Z,2026-09-06T12:17:24Z,932,3490,"LINESTRING (-9.14634 38.76670, -9.14361 38.77001, -9.14302 38.77391, -9.13987 38.77698, -9.13594 38.77944, -9.13281 38.78252, -9.12936 38.78539, -9.12616 38.78843, -9.12413 38.79203)"
c3138bea-3406-46b2-a731-618bca403374,e5121482-3929-4d22-a255-accb1a466884,Dott,7b40fec6-f894-4f98-a6b5-5717a682c1c3,bicycle,electric_assist,2026-09-06T12:07:12Z,2026-09-06T12:17:09Z,597,1804,"LINESTRING (-9.12142 38.76419, -9.11778 38.76578, -9.11596 38.76870, -9.11468 38.77179, -9.11451 38.77504, -9.11243 38.77786)"
68097ce1-e11c-409c-a0d7-f558110a0b52,f3f49249-dc28-4f90-a5ae-c7978306d03b,Bolt,88e6823d-2b0d-46d4-9784-0d5e644f7ae9,scooter,electric,2026-09-06T12:14:36Z,2026-09-06T12:27:08Z,752,3139,"LINESTRING (-9.11955 38.71029, -9.11704 38.71323, -9.11346 38.71541, -9.10938 38.71387, -9.10487 38.71354, -9.10052 38.71453, -9.09874 38.71778, -9.09659 38.72089, -9.09357 38.72353)"
b4a01e75-2bd2-42d5-a981-1a5a172d8a78,e5121482-3929-4d22-a255-accb1a466884,Dott,1d96bf66-3ced-4681-8096-0cf9a6792560,scooter,electric,2026-09-06T12:16:30Z,2026-09-06T12:31:13Z,883,3750,"LINESTRING (-9.13701 38.75684, -9.13350 38.75192, -9.13181 38.74644, -9.12887 38.74130, -9.12559 38.73628, -9.12303 38.73102, -9.12229 38.72541)"
5e73b863-b0b7-4776-8d11-f1771c1504c2,e5121482-3929-4d22-a255-accb1a466884,Dott,2cfb16e6-5288-4663-8c84-9a79afcc4d31,scooter,electric,2026-09-06T12:29:45Z,2026-09-06T12:33:46Z,241,998,"LINESTRING (-9.16595 38.72056, -9.16733 38.71912, -9.16935 38.71826, -9.16937 38.71646, -9.16953 38.71467, -9.17135 38.71356)"
1b5fdd20-8571-49f7-8e53-291dfa6efcbb,f38b2ffc-80a4-4f5a-91c9-bc701e7ea419,Lime,2106119e-c40d-41b5-b97a-762393550840,scooter,electric,2026-09-06T12:30:09Z,2026-09-06T13:02:22Z,1933,6385,"LINESTRING (-9.17853 38.70358, -9.17812 38.69639, -9.18281 38.69020, -9.18218 38.68303, -9.18445 38.67606, -9.18720 38.66919, -9.18943 38.66222, -9.19083 38.65511, -9.19380 38.64830)"
71b188ed-a5f5-4e20-bf39-97e2b8760d74,f38b2ffc-80a4-4f5a-91c9-bc701e7ea419,Lime,aecb9e68-53e8-4536-b9dc-bc8182a8c712,bicycle,electric_assist,2026-09-06T12:41:19Z,2026-09-06T12:47:07Z,348,1462,"LINESTRING (-9.14606 38.74865, -9.14560 38.75026, -9.14456 38.75169, -9.14467 38.75334, -9.14501 38.75496, -9.14534 38.75659, -9.14474 38.75817, -9.14426 38.75977, -9.14236 38.76051)"
d3bfecdc-98db-41c3-91b6-ba11f143d742,f38b2ffc-80a4-4f5a-91c9-bc701e7ea419,Lime,f35031ce-015c-4d5c-a4cf-ed0e7c1f9183,scooter,electric,2026-09-06T12:41:50Z,2026-09-06T13:10:56Z,1746,5989,"LINESTRING (-9.17377 38.70366, -9.18068 38.70342, -9.18684 38.70096, -9.19014 38.69622, -9.19380 38.69164, -9.19382 38.68625, -9.19325 38.68087, -9.19340 38.67548, -9.19098 38.67042, -9.18880 38.66530, -9.18416 38.66130)"
7bf69194-56a5-40ce-a56d-86b6fdd20dec,f3f49249-dc28-4f90-a5ae-c7978306d03b,Bolt,f064376c-4558-4af0-873e-f4721ba98d07,scooter,electric,2026-09-06T13:14:26Z,2026-09-06T13:27:03Z,757,3339,"LINESTRING (-9.15890 38.74983, -9.16366 38.74923, -9.16722 38.74669, -9.16938 38.74332, -9.17033 38.73964, -9.16981 38.73590, -9.16522 38.73475, -9.16083 38.73320, -9.15626 38.73201)"
68476dd6-6e40-460d-bdad-ffd02abd2c5f,6bad6be2-8e7a-46e9-9f19-950499dd251d,Voi,6f456bec-cd31-470e-86a9-5ffa42149a69,scooter,electric,2026-09-06T13:32:42Z,2026-09-06T13:47:33Z,891,3364,"LINESTRING (-9.10756 38.71572, -9.11281 38.71431, -9.11472 38.71025, -9.11906 38.70755, -9.12450 38.70841, -9.13001 38.70790, -9.13542 38.70887, -9.13963 38.70605)"
7c7f91cd-c42f-463b-b4eb-bd43bf41700a,6bad6be2-8e7a-46e9-9f19-950499dd251d,Voi,895bf10a-9cce-402e-ad04-0b1f1a6688ba,scooter,electric,2026-09-06T13:51:14Z,2026-09-06T14:19:13Z,1679,7082,"LINESTRING (-9.11149 38.77030, -9.11714 38.77585, -9.11689 38.78293, -9.10977 38.78735, -9.10073 38.78809, -9.09236 38.79088, -9.08336 38.78988, -9.07721 38.78465, -9.07619 38.77761, -9.07352 38.77083)"
28ead056-1d24-4597-9d9d-bf20b9708393,6bad6be2-8e7a-46e9-9f19-950499dd251d,Voi,e05afe02-6c4c-4546-b6b9-b1feaf8d7b95,scooter,electric,2026-09-06T14:11:06Z,2026-09-06T14:22:52Z,706,2633,"LINESTRING (-9.12302 38.73886, -9.11973 38.73487, -9.11605 38.73110, -9.11010 38.73010, -9.10454 38.72818, -9.10191 38.72390)"
5e0b4c0f-852c-4be4-8fe8-06aab01263e1,e5121482-3929-4d22-a255-accb1a466884,Dott,a5008b67-55d2-4105-99ff-51ed20e2098d,bicycle,electric_assist,2026-09-06T14:11:30Z,2026-09-06T14:19:00Z,450,1175,"LINESTRING (-9.12044 38.76189, -9.11960 38.76272, -9.11939 38.76377, -9.11993 38.76474, -9.12105 38.76534, -9.12189 38.76618, -9.12263 38.76706, -9.12286 38.76810, -9.12284 38.76916, -9.12248 38.77018, -9.12130 38.77071)"
c76e19ae-6e9e-4b86-a48a-2048fc6f872b,d7a7a3cc-8c3d-4f16-9293-de8fc88b2875,Gira,b091d372-cd24-4df9-8351-a26028c333a9,bicycle,electric_assist,2026-09-06T14:43:46Z,2026-09-06T14:56:26Z,760,2526,"LINESTRING (-9.14906 38.70330, -9.15159 38.70654, -9.15286 38.71020, -9.15202 38.71394, -9.15174 38.71772, -9.15326 38.72133, -9.15389 38.72509)"
00b972f9-5195-42f8-b133-75968b3bc3b4,f3f49249-dc28-4f90-a5ae-c7978306d03b,Bolt,5d396109-83bb-4916-b88f-4c244cf74765,scooter,electric,2026-09-06T15:53:13Z,2026-09-06T15:58:57Z,344,2171,"LINESTRING (-9.11769 38.70907, -9.11591 38.70664, -9.11278 38.70528, -9.10971 38.70385, -9.10736 38.70174, -9.10580 38.69923, -9.10485 38.69653, -9.10320 38.69406)"
d17e784b-4c1f-4a8f-9b20-232ec73f28c2,f3f49249-dc28-4f90-a5ae-c7978306d03b,Bolt,d7308713-adb1-4993-8f13-3eed22ff7c2e,scooter,electric,2026-09-06T15:58:08Z,2026-09-06T16:02:46Z,278,1209,"LINESTRING (-9.11300 38.70009, -9.11440 38.69929, -9.11520 38.69807, -9.11597 38.69685, -9.11719 38.69588, -9.11789 38.69463, -9.11841 38.69333, -9.11971 38.69242, -9.11974 38.69106)"
86409b50-7add-4a66-8ca1-e231521f3c3d,f38b2ffc-80a4-4f5a-91c9-bc701e7ea419,Lime,0eabf949-03f3-4851-b726-99ec6a1e860d,scooter,electric,2026-09-06T15:59:34Z,2026-09-06T16:06:14Z,400,1638,"LINESTRING (-9.13473 38.73118, -9.13395 38.73252, -9.13313 38.73385, -9.13289 38.73532, -9.13363 38.73668, -9.13457 38.73796, -9.13548 38.73925, -9.13595 38.74068, -9.13537 38.74209, -9.13351 38.74240, -9.13172 38.74287)"
badf254e-b68d-445d-8f87-6ac2e53249f8,f3f49249-dc28-4f90-a5ae-c7978306d03b,Bolt,d1d503ae-f0e3-4542-8ca1-b5f0ca1d6872,scooter,electric,2026-09-06T16:18:07Z,2026-09-06T16:50:50Z,1963,6642,"LINESTRING (-9.11343 38.74706, -9.11408 38.73960, -9.12032 38.73392, -9.12975 38.73256, -9.13930 38.73185, -9.14629 38.72674, -9.15234 38.72094, -9.15771 38.71473, -9.16353 38.70880)"
f3dedd24-fe11-4d04-9f28-c2831782563e,d7a7a3cc-8c3d-4f16-9293-de8fc88b2875,Gira,44abbde7-26df-4bfd-8e2e-ccd4eaca913e,bicycle,electric_assist,2026-09-06T16:21:10Z,2026-09-06T16:25:50Z,280,805,"LINESTRING (-9.15740 38.75220, -9.15886 38.75130, -9.15927 38.74988, -9.16031 38.74868, -9.16194 38.74798, -9.16311 38.74685)"
272df0f4-40b8-4ba3-ab16-6fb5dfb69b2d,e5121482-3929-4d22-a255-accb1a466884,Dott,e1a86f74-fe59-41f2-8413-d5f1a2cbc514,bicycle,electric_assist,2026-09-06T16:31:54Z,2026-09-06T16:36:07Z,253,1099,"LINESTRING (-9.10957 38.76169, -9.10827 38.76071, -9.10653 38.76030, -9.10474 38.76008, -9.10297 38.75976, -9.10182 38.76086, -9.10100 38.76212, -9.09996 38.76328)"
79114dcf-9682-4eb7-9c9a-91b844ac985b,e5121482-3929-4d22-a255-accb1a466884,Dott,5fce192e-e983-41ec-8432-14a7865424a1,bicycle,electric_assist,2026-09-06T16:44:05Z,2026-09-06T16:48:23Z,258,941,"LINESTRING (-9.15287 38.71740, -9.15213 38.71666, -9.15103 38.71628, -9.15003 38.71575, -9.14901 38.71524, -9.14869 38.71433, -9.14820 38.71347, -9.14787 38.71256, -9.14818 38.71165, -9.14820 38.71071)"
370f07db-4413-4e17-8abe-7b388af8782d,f3f49249-dc28-4f90-a5ae-c7978306d03b,Bolt,c1dc73de-0999-4f46-8302-4fa456b817fe,scooter,electric,2026-09-06T16:47:07Z,2026-09-06T16:52:01Z,294,1134,"LINESTRING (-9.11859 38.70597, -9.11872 38.70495, -9.11816 38.70403, -9.11785 38.70303, -9.11726 38.70212, -9.11670 38.70120, -9.11625 38.70024, -9.11521 38.69961, -9.11458 38.69872, -9.11362 38.69803, -9.11264 38.69734)"
5ad85164-dd69-486d-9697-4fb01236a9bb,e5121482-3929-4d22-a255-accb1a466884,Dott,4e9fe834-9ca1-4597-8f26-0a37ae50a592,bicycle,electric_assist,2026-09-06T16:49:52Z,2026-09-06T17:02:34Z,762,3380,"LINESTRING (-9.14261 38.76472, -9.14787 38.76617, -9.15345 38.76619, -9.15893 38.76704, -9.16439 38.76794, -9.16647 38.77197, -9.16925 38.77574, -9.17082 38.77992)"
9ce3f6cd-4312-4346-9131-5917f95eeef9,f3f49249-dc28-4f90-a5ae-c7978306d03b,Bolt,cc1cdc7c-219a-49b4-a4db-befdba8ed768,scooter,electric,2026-09-06T17:07:04Z,2026-09-06T17:11:32Z,268,1447,"LINESTRING (-9.17535 38.72355, -9.17857 38.72286, -9.18128 38.72134, -9.18318 38.71919, -9.18318 38.71658, -9.18307 38.71397)"
2c133c60-20d8-4101-a101-f424a173c52b,f3f49249-dc28-4f90-a5ae-c7978306d03b,Bolt,f73f7c61-f2b0-4206-a644-5bb03075ea81,scooter,electric,2026-09-06T17:16:41Z,2026-09-06T17:24:15Z,454,2202,"LINESTRING (-9.11161 38.71657, -9.11056 38.71477, -9.11107 38.71283, -9.10919 38.71149, -9.10713 38.71032, -9.10462 38.71003, -9.10209 38.70982, -9.09994 38.71088, -9.09799 38.71216, -9.09563 38.71290, -9.09329 38.71367)"
f688193f-a3b2-4625-a972-4bf19f21e620,f38b2ffc-80a4-4f5a-91c9-bc701e7ea419,Lime,2106119e-c40d-41b5-b97a-762393550840,bicycle,electric_assist,2026-09-06T17:21:13Z,2026-09-06T17:25:59Z,286,1419,"LINESTRING (-9.12649 38.76905, -9.12838 38.76843, -9.13040 38.76818, -9.13230 38.76879, -9.13365 38.76999, -9.13451 38.77144, -9.13358 38.77287, -9.13201 38.77390, -9.13007 38.77441)"
96773057-7f62-4372-8651-ed65d4940328,f3f49249-dc28-4f90-a5ae-c7978306d03b,Bolt,9c992583-a4f5-4734-9436-28f75581ebc2,scooter,electric,2026-09-06T17:28:30Z,2026-09-06T17:35:23Z,413,1590,"LINESTRING (-9.12445 38.71022, -9.12078 38.71009, -9.11777 38.70844, -9.11540 38.70625, -9.11428 38.70352, -9.11409 38.70066)"
4b70859e-2c54-4e60-becd-79effddd472f,f38b2ffc-80a4-4f5a-91c9-bc701e7ea419,Lime,d8b6dd5b-5a19-47d0-86f5-94cff6111cf2,bicycle,electric_assist,2026-09-06T17:32:09Z,2026-09-06T17:35:27Z,198,1114,"LINESTRING (-9.15694 38.75271, -9.15779 38.75347, -9.15868 38.75419, -9.15983 38.75464, -9.16110 38.75480, -9.16235 38.75455, -9.16300 38.75368, -9.16423 38.75337, -9.16473 38.75245, -9.16553 38.75166, -9.16624 38.75083)"
2150d0c6-978c-4ad6-acb1-74022510ddc2,6bad6be2-8e7a-46e9-9f19-950499dd251d,Voi,d2dde7e8-de8f-4d0a-9f64-9a87f9c6a003,scooter,electric,2026-09-06T17:34:51Z,2026-09-06T17:46:43Z,712,3164,"LINESTRING (-9.11317 38.77025, -9.11923 38.76972, -9.12532 38.76946, -9.13097 38.76769, -9.13698 38.76846, -9.14305 38.76798, -9.14833 38.77035)"
5ab897e2-0c15-468a-ac01-482064d66f53,f3f49249-dc28-4f90-a5ae-c7978306d03b,Bolt,08d68e5b-dd8c-4c74-aaa9-27e6cd463d49,scooter,electric,2026-09-06T17:47:19Z,2026-09-06T17:50:31Z,192,965,"LINESTRING (-9.16307 38.75484, -9.16396 38.75587, -9.16479 38.75693, -9.16578 38.75791, -9.16717 38.75850, -9.16869 38.75887, -9.17016 38.75937, -9.17162 38.75986)"
6fd68b92-80ee-492c-bfda-4e471418ad2c,f3f49249-dc28-4f90-a5ae-c7978306d03b,Bolt,06ce2aae-2262-45bf-9183-8415e5eec87e,scooter,electric,2026-09-06T17:56:38Z,2026-09-06T17:59:53Z,195,778,"LINESTRING (-9.18439 38.70827, -9.18416 38.70894, -9.18339 38.70931, -9.18254 38.70909, -9.18169 38.70886, -9.18081 38.70870, -9.18000 38.70841, -9.17914 38.70820, -9.17826 38.70805, -9.17736 38.70809, -9.17715 38.70877)"
e6743637-6e14-42a1-a166-4fae431c61fc,f38b2ffc-80a4-4f5a-91c9-bc701e7ea419,Lime,4b983f0b-4afc-49d6-a61f-1bf92986a329,bicycle,electric_assist,2026-09-06T17:59:13Z,2026-09-06T18:10:12Z,659,2867,"LINESTRING (-9.11105 38.74878, -9.11311 38.75210, -9.11332 38.75579, -9.11296 38.75947, -9.11330 38.76315, -9.11401 38.76680, -9.11772 38.76909, -9.12142 38.77139)"
d73e4e5f-fd43-4605-8e4f-c8043ca2993b,6bad6be2-8e7a-46e9-9f19-950499dd251d,Voi,1530a3b7-a23d-4925-a04d-e64c6915f7fc,scooter,electric,2026-09-06T18:09:33Z,2026-09-06T18:13:29Z,236,985,"LINESTRING (-9.17337 38.76926, -9.17171 38.76805, -9.17009 38.76680, -9.16952 38.76508, -9.16901 38.76335, -9.17032 38.76190)"
71e8e55a-7782-43e2-899e-3b7f7da0a359,d7a7a3cc-8c3d-4f16-9293-de8fc88b2875,Gira,f2e212ca-ca37-42b2-a3b0-a1de64815ea7,bicycle,electric_assist,2026-09-06T19:11:11Z,2026-09-06T19:16:01Z,290,1069,"LINESTRING (-9.10335 38.76632, -9.10254 38.76545, -9.10199 38.76447, -9.10162 38.76344, -9.10119 38.76243, -9.10082 38.76139, -9.09975 38.76073, -9.09858 38.76016, -9.09721 38.76018, -9.09622 38.76092)"
cf6c97fd-25d9-49fb-9ea4-b0a00a2e8065,f38b2ffc-80a4-4f5a-91c9-bc701e7ea419,Lime,9e5cf6e9-9255-4248-b771-f894f2e36355,bicycle,electric_assist,2026-09-06T19:28:05Z,2026-09-06T19:32:00Z,235,917,"LINESTRING (-9.10633 38.70024, -9.10679 38.69939, -9.10688 38.69848, -9.10733 38.69763, -9.10783 38.69679, -9.10784 38.69588, -9.10744 38.69501, -9.10736 38.69410, -9.10718 38.69319, -9.10749 38.69230)"
6da4999c-7a22-4a41-aaa9-e3f63035ea50,e5121482-3929-4d22-a255-accb1a466884,Dott,40868dcb-f0b6-459a-a85f-cb5025cb4dc5,scooter,electric,2026-09-06T19:37:15Z,2026-09-06T19:40:16Z,181,808,"LINESTRING (-9.17394 38.71025, -9.17286 38.70963, -9.17184 38.70896, -9.17055 38.70871, -9.16925 38.70847, -9.16801 38.70809, -9.16712 38.70886, -9.16668 38.70984)"
8a3c4739-7e82-4838-a2af-e56d7a85bcfc,f3f49249-dc28-4f90-a5ae-c7978306d03b,Bolt,8f68dc4a-ab86-43d9-b2bc-5253ee444377,scooter,electric,2026-09-06T20:17:38Z,2026-09-06T20:23:49Z,371,1674,"LINESTRING (-9.17860 38.72145, -9.18046 38.72062, -9.18259 38.72038, -9.18465 38.71991, -9.18668 38.71935, -9.18882 38.71918, -9.19089 38.71962, -9.19302 38.71942, -9.19511 38.71984, -9.19657 38.72107)"
0b930a5e-9836-434f-bc5f-6912a48c3263,6bad6be2-8e7a-46e9-9f19-950499dd251d,Voi,69d529b9-4a46-4e1e-b5c8-84d786ffc468,scooter,electric,2026-09-06T20:28:59Z,2026-09-06T20:36:41Z,462,1708,"LINESTRING (-9.11690 38.70154, -9.12083 38.70184, -9.12454 38.70079, -9.12798 38.69928, -9.13180 38.70006, -9.13561 38.70086)"
d9ef8b5a-bd6e-4bf7-a67a-e62c9af1e50a,d7a7a3cc-8c3d-4f16-9293-de8fc88b2875,Gira,48b0d659-50f3-4102-ba90-d4df12643597,bicycle,electric_assist,2026-09-06T20:42:26Z,2026-09-06T20:48:05Z,339,944,"LINESTRING (-9.14705 38.76721, -9.14607 38.76665, -9.14503 38.76616, -9.14397 38.76571, -9.14281 38.76544, -9.14160 38.76548, -9.14056 38.76499, -9.13949 38.76454, -9.13912 38.76364, -9.13822 38.76301)"
76074c2e-f0e8-4150-aee9-4acac2abfd2d,f3f49249-dc28-4f90-a5ae-c7978306d03b,Bolt,07466814-29f7-4734-a50e-0c178a023907,scooter,electric,2026-09-06T20:53:14Z,2026-09-06T21:01:12Z,478,2055,"LINESTRING (-9.17828 38.74560, -9.17712 38.74773, -9.17565 38.74975, -9.17314 38.75098, -9.17073 38.75233, -9.16784 38.75288, -9.16527 38.75403, -9.16238 38.75455, -9.16021 38.75614)"
5d453fe7-c086-4c90-969e-dc9ea462892b,d7a7a3cc-8c3d-4f16-9293-de8fc88b2875,Gira,8d632e14-31b6-430e-a650-b3a12bb9dbd8,bicycle,electric_assist,2026-09-06T21:05:24Z,2026-09-06T21:29:06Z,1422,4452,"LINESTRING (-9.15565 38.74562, -9.15497 38.75133, -9.15367 38.75697, -9.14880 38.76125, -9.14854 38.76698, -9.14639 38.77246, -9.14387 38.77784, -9.14343 38.78356)"
d215ac3c-ba20-4832-9420-efa3e061a474,6bad6be2-8e7a-46e9-9f19-950499dd251d,Voi,c5f2ac85-eeb1-4e04-b52d-b661353b014c,scooter,electric,2026-09-07T06:34:29Z,2026-09-07T06:42:28Z,479,1822,"LINESTRING (-9.16878 38.73423, -9.16695 38.73127, -9.16366 38.72921, -9.16384 38.72593, -9.16114 38.72341, -9.15800 38.72123)"
22c237b9-562b-44c2-a994-20f0e2668c6b,f38b2ffc-80a4-4f5a-91c9-bc701e7ea419,Lime,807c7e30-a598-40db-8cbf-d2ec8c53765f,bicycle,electric_assist,2026-09-07T06:37:14Z,2026-09-07T06:46:56Z,582,2663,"LINESTRING (-9.14845 38.75489, -9.14628 38.75695, -9.14306 38.75785, -9.13966 38.75807, -9.13634 38.75872, -9.13294 38.75900, -9.12982 38.76010, -9.12923 38.76273, -9.12776 38.76514, -9.12568 38.76726)"
998b5439-09ce-4b0d-b63c-2e8d27f4cd8d,e5121482-3929-4d22-a255-accb1a466884,Dott,a2e8de7c-600a-4dc0-bc9a-b34b71e04d0f,scooter,electric,2026-09-07T06:48:44Z,2026-09-07T06:54:11Z,327,1596,"LINESTRING (-9.17503 38.73263, -9.17571 38.73064, -9.17554 38.72859, -9.17691 38.72683, -9.17712 38.72478, -9.17545 38.72319, -9.17362 38.72171, -9.17248 38.71986)"
6428803a-df53-4daf-a37f-f17a52243d4b,f3f49249-dc28-4f90-a5ae-c7978306d03b,Bolt,da159d43-a922-490e-9eef-616aa2e29977,scooter,electric,2026-09-07T07:15:25Z,2026-09-07T07:20:47Z,322,1668,"LINESTRING (-9.18430 38.71519, -9.18110 38.71686, -9.17768 38.71824, -9.17440 38.71666, -9.17078 38.71563, -9.16906 38.71294)"
8a3dd1f9-87d6-4f02-8e6b-1b57cc2633d7,f38b2ffc-80a4-4f5a-91c9-bc701e7ea419,Lime,ffce6973-7f62-4f26-b6c3-266043710baf,bicycle,electric_assist,2026-09-07T07:37:01Z,2026-09-07T07:39:28Z,147,568,"LINESTRING (-9.09966 38.73975, -9.10006 38.74031, -9.10061 38.74078, -9.10117 38.74125, -9.10189 38.74156, -9.10267 38.74177, -9.10348 38.74187, -9.10418 38.74220, -9.10463 38.74273)"
0953aa39-2c12-4c14-8949-498cecf8c470,f3f49249-dc28-4f90-a5ae-c7978306d03b,Bolt,68e217ff-59a0-41a9-8984-e3cdc2425fce,scooter,electric,2026-09-07T07:39:46Z,2026-09-07T07:44:19Z,273,1166,"LINESTRING (-9.11371 38.77081, -9.11486 38.76985, -9.11533 38.76859, -9.11649 38.76764, -9.11764 38.76668, -9.11756 38.76537, -9.11864 38.76436, -9.11997 38.76355, -9.12163 38.76377)"
672f2b73-d39b-415d-9d43-4e91a010c6e0,6bad6be2-8e7a-46e9-9f19-950499dd251d,Voi,03b2eb39-5bb7-4bfc-a09d-e50d91c41ceb,scooter,electric,2026-09-07T08:01:55Z,2026-09-07T08:11:21Z,566,2644,"LINESTRING (-9.18153 38.71424, -9.17749 38.71667, -9.17290 38.71837, -9.16806 38.71959, -9.16423 38.72221, -9.15955 38.72376, -9.15535 38.72600)"
4709a811-6cda-411e-9811-48a40c9c291e,f38b2ffc-80a4-4f5a-91c9-bc701e7ea419,Lime,69190876-a0c5-420c-a885-f868301a5d12,bicycle,electric_assist,2026-09-07T08:09:23Z,2026-09-07T08:24:09Z,886,3708,"LINESTRING (-9.16310 38.72025, -9.16250 38.71551, -9.16307 38.71075, -9.16177 38.70609, -9.15692 38.70318, -9.15091 38.70232, -9.14489 38.70147, -9.13878 38.70123)"
990bdfb5-41e5-4a08-8b55-a95d617e7721,f38b2ffc-80a4-4f5a-91c9-bc701e7ea419,Lime,ebe48123-a5b0-4526-b20b-e3f808be3b07,scooter,electric,2026-09-07T08:18:37Z,2026-09-07T08:24:03Z,326,1363,"LINESTRING (-9.13514 38.73129, -9.13668 38.73156, -9.13804 38.73218, -9.13914 38.73306, -9.14019 38.73397, -9.14081 38.73510, -9.14206 38.73585, -9.14356 38.73623, -9.14506 38.73587, -9.14661 38.73564, -9.14806 38.73518)"
1fca860d-96e8-4c48-b5be-bed2fcff0846,f38b2ffc-80a4-4f5a-91c9-bc701e7ea419,Lime,4a205268-549e-4c0a-b1ff-38d8480bdb8b,bicycle,electric_assist,2026-09-07T08:57:08Z,2026-09-07T09:00:57Z,229,862,"LINESTRING (-9.17200 38.72558, -9.17297 38.72578, -9.17386 38.72544, -9.17484 38.72531, -9.17578 38.72505, -9.17640 38.72444, -9.17650 38.72367, -9.17681 38.72293, -9.17668 38.72216, -9.17675 38.72138, -9.17662 38.72061)"
95290897-acde-4e88-a924-85bdd334118b,f3f49249-dc28-4f90-a5ae-c7978306d03b,Bolt,65f71bd5-5d7f-4476-bd37-cd94498079bf,scooter,electric,2026-09-07T09:16:11Z,2026-09-07T09:23:04Z,413,1815,"LINESTRING (-9.16177 38.71351, -9.16140 38.71530, -9.15933 38.71613, -9.15829 38.71775, -9.15656 38.71897, -9.15445 38.71975, -9.15230 38.72043, -9.15000 38.72011, -9.14773 38.72050, -9.14568 38.72136)"
0847388c-8202-4249-a3ce-e21f6574cc75,f38b2ffc-80a4-4f5a-91c9-bc701e7ea419,Lime,ffce6973-7f62-4f26-b6c3-266043710baf,bicycle,electric_assist,2026-09-07T09:40:38Z,2026-09-07T09:52:21Z,703,2455,"LINESTRING (-9.14079 38.73403, -9.13781 38.73554, -9.13460 38.73670, -9.13159 38.73817, -9.12806 38.73788, -9.12455 38.73749, -9.12101 38.73739, -9.11813 38.73577, -9.11599 38.73357)"
0e3abf7e-f49f-4ace-bb5b-2687af76e892,f38b2ffc-80a4-4f5a-91c9-bc701e7ea419,Lime,78549014-6ded-486a-9f4f-b02bb7a1774f,scooter,electric,2026-09-07T09:50:03Z,2026-09-07T10:03:23Z,800,1830,"LINESTRING (-9.12813 38.70135, -9.12948 38.69958, -9.12930 38.69752, -9.12779 38.69583, -9.12549 38.69685, -9.12375 38.69840, -9.12251 38.70022, -9.12063 38.70166, -9.11824 38.70255)"
2b24816c-0a6a-4092-8d9a-9529ce3efa10,e5121482-3929-4d22-a255-accb1a466884,Dott,7b40fec6-f894-4f98-a6b5-5717a682c1c3,bicycle,electric_assist,2026-09-07T09:51:48Z,2026-09-07T09:58:40Z,412,1854,"LINESTRING (-9.16834 38.75905, -9.17258 38.75859, -9.17666 38.75757, -9.18092 38.75796, -9.18508 38.75717, -9.18901 38.75583)"
3cc2ee8e-d168-4e86-9a71-7842d08badc4,d7a7a3cc-8c3d-4f16-9293-de8fc88b2875,Gira,c1a0dbac-4a84-4014-9164-874fed0c2230,bicycle,electric_assist,2026-09-07T11:05:04Z,2026-09-07T11:11:29Z,385,1454,"LINESTRING (-9.14244 38.70497, -9.14072 38.70554, -9.13889 38.70585, -9.13734 38.70665, -9.13549 38.70646, -9.13366 38.70616, -9.13308 38.70478, -9.13325 38.70333, -9.13217 38.70215, -9.13251 38.70071)"
dd75436b-fd14-4922-aecb-2d08d7144b8f,e5121482-3929-4d22-a255-accb1a466884,Dott,8aaaf212-0da0-46fb-91f9-7a657ec9cb84,bicycle,electric_assist,2026-09-07T11:52:24Z,2026-09-07T11:57:13Z,289,966,"LINESTRING (-9.16659 38.70635, -9.16563 38.70590, -9.16493 38.70522, -9.16466 38.70437, -9.16446 38.70352, -9.16471 38.70267, -9.16398 38.70201, -9.16340 38.70127, -9.16298 38.70046, -9.16365 38.69976, -9.16434 38.69908)"
63251b8d-7fdd-4631-aa45-340709804247,e5121482-3929-4d22-a255-accb1a466884,Dott,fa9495ca-e1f7-41de-b5bd-34395b0d1e48,bicycle,electric_assist,2026-09-07T12:23:29Z,2026-09-07T12:34:29Z,660,2164,"LINESTRING (-9.12047 38.71542, -9.12356 38.71576, -9.12669 38.71582, -9.12965 38.71505, -9.13233 38.71631, -9.13493 38.71766, -9.13687 38.71957, -9.13796 38.72186, -9.13880 38.72420)"
dd346cc4-d4e8-4f1a-a077-4e43e12b6900,f38b2ffc-80a4-4f5a-91c9-bc701e7ea419,Lime,8a88ce1b-46de-4eef-843f-9f5b05fb0d55,bicycle,electric_assist,2026-09-07T12:38:25Z,2026-09-07T12:54:13Z,948,3736,"LINESTRING (-9.13558 38.76424, -9.13291 38.75991, -9.13286 38.75510, -9.13380 38.75035, -9.13609 38.74588, -9.13442 38.74125, -9.13690 38.73685, -9.14096 38.73323)"
727c2f7b-8c88-4c2c-b61f-90a8250aded1,f38b2ffc-80a4-4f5a-91c9-bc701e7ea419,Lime,2980f7bd-1cd3-4258-bf44-577cb8bfe77a,scooter,electric,2026-09-07T12:51:15Z,2026-09-07T13:07:56Z,1001,4065,"LINESTRING (-9.12460 38.70847, -9.11964 38.70975, -9.11507 38.71171, -9.10992 38.71105, -9.10500 38.71240, -9.09990 38.71323, -9.09517 38.71494, -9.09044 38.71666, -9.08616 38.71899, -9.08357 38.72252)"
8edca05e-3929-4a2f-b3cb-9b7a8c4cb398,6bad6be2-8e7a-46e9-9f19-950499dd251d,Voi,1c3e16e0-4fb0-44de-83f6-697df3e25f12,scooter,electric,2026-09-07T12:52:49Z,2026-09-07T12:58:33Z,344,1897,"LINESTRING (-9.14394 38.75840, -9.14662 38.75569, -9.15071 38.75447, -9.15364 38.75193, -9.15409 38.74853, -9.15373 38.74512)"
1e897b52-135f-40c1-a03a-54247cc7ae29,6bad6be2-8e7a-46e9-9f19-950499dd251d,Voi,6e8786ac-54b3-4368-8507-a35a1dbc6b7e,scooter,electric,2026-09-07T12:52:58Z,2026-09-07T12:57:29Z,271,1541,"LINESTRING (-9.13166 38.75535, -9.12996 38.75779, -9.13064 38.76052, -9.13118 38.76326, -9.13330 38.76549, -9.13506 38.76791)"
fdd55c8c-c010-4973-b11b-abd5c12cb0ad,f3f49249-dc28-4f90-a5ae-c7978306d03b,Bolt,059f963d-8a70-4dba-ba87-89509d0413de,scooter,electric,2026-09-07T12:53:25Z,2026-09-07T13:04:23Z,658,2812,"LINESTRING (-9.11679 38.73762, -9.11168 38.74075, -9.10521 38.74035, -9.09903 38.73877, -9.09270 38.73989, -9.08707 38.74242)"
0a966177-31e4-4e88-9c7e-a89e79359436,f38b2ffc-80a4-4f5a-91c9-bc701e7ea419,Lime,7d836e77-af67-4461-a416-3207d0944996,scooter,electric,2026-09-07T13:21:09Z,2026-09-07T13:26:35Z,326,1244,"LINESTRING (-9.10362 38.71531, -9.10519 38.71509, -9.10668 38.71555, -9.10785 38.71639, -9.10917 38.71709, -9.11000 38.71816, -9.11112 38.71905, -9.11085 38.72028, -9.10958 38.72103, -9.10849 38.72194)"
29f8f325-cf22-4d80-becb-a48498f6934b,f38b2ffc-80a4-4f5a-91c9-bc701e7ea419,Lime,6fce4808-b715-4e9c-bc42-513d0ec0e2e2,scooter,electric,2026-09-07T13:21:25Z,2026-09-07T13:26:08Z,283,1349,"LINESTRING (-9.11594 38.76889, -9.11507 38.76656, -9.11303 38.76472, -9.11018 38.76373, -9.10726 38.76288, -9.10432 38.76206)"
cdfb29d6-9bf0-4db7-9400-54d685b5a4aa,f38b2ffc-80a4-4f5a-91c9-bc701e7ea419,Lime,fcf2c86d-9394-4318-8fa9-60d1af925385,scooter,electric,2026-09-07T13:27:38Z,2026-09-07T13:37:40Z,602,2900,"LINESTRING (-9.15686 38.71276, -9.15822 38.70967, -9.15938 38.70653, -9.15803 38.70344, -9.15611 38.70054, -9.15410 38.69767, -9.15243 38.69468, -9.15484 38.69200, -9.15854 38.69048)"
ebc356e6-02ff-4e01-891b-284c35a29dab,f3f49249-dc28-4f90-a5ae-c7978306d03b,Bolt,c1dc73de-0999-4f46-8302-4fa456b817fe,scooter,electric,2026-09-07T13:29:25Z,2026-09-07T13:41:14Z,709,3109,"LINESTRING (-9.10541 38.72383, -9.10956 38.72618, -9.10913 38.73017, -9.10933 38.73417, -9.11153 38.73779, -9.11468 38.74094, -9.11825 38.74382, -9.12217 38.74639)"
17284ee5-c198-42b2-bbcc-7dfd2c034578,e5121482-3929-4d22-a255-accb1a466884,Dott,956e0261-8446-40f6-a2bc-a7178c25ed7c,bicycle,electric_assist,2026-09-07T13:46:01Z,2026-09-07T13:51:16Z,315,1169,"LINESTRING (-9.14880 38.73720, -9.14955 38.73838, -9.14919 38.73966, -9.14944 38.74097, -9.15013 38.74217, -9.15076 38.74339, -9.15219 38.74409, -9.15337 38.74504, -9.15504 38.74520)"
cf043dc0-9d39-4880-a818-2bc0b48cd783,f38b2ffc-80a4-4f5a-91c9-bc701e7ea419,Lime,200da2b8-c660-4afb-b835-6e48a99fb266,scooter,electric,2026-09-07T13:57:50Z,2026-09-07T14:04:16Z,386,2016,"LINESTRING (-9.15264 38.76546, -9.15385 38.76752, -9.15395 38.76979, -9.15391 38.77206, -9.15344 38.77430, -9.15210 38.77632, -9.15082 38.77836, -9.14848 38.77971, -9.14630 38.78121)"
277df143-947d-4440-b106-404ee1c48405,f3f49249-dc28-4f90-a5ae-c7978306d03b,Bolt,78845e1f-e913-48da-b188-32d1fd07b7ca,scooter,electric,2026-09-07T14:01:42Z,2026-09-07T14:09:43Z,481,1880,"LINESTRING (-9.15934 38.74711, -9.15966 38.74921, -9.16012 38.75130, -9.15892 38.75320, -9.15842 38.75528, -9.15763 38.75730, -9.15808 38.75939, -9.15697 38.76132, -9.15596 38.76329)"
76a70096-c4bd-4d0d-b541-b5de1c74163a,e5121482-3929-4d22-a255-accb1a466884,Dott,505a3117-8577-497c-9c4f-32a93db48829,bicycle,electric_assist,2026-09-07T14:14:53Z,2026-09-07T14:23:23Z,510,1529,"LINESTRING (-9.12886 38.76006, -9.12899 38.76235, -9.12913 38.76465, -9.12924 38.76694, -9.12915 38.76924, -9.13101 38.77102, -9.13232 38.77308)"
4c8fa6a6-e952-4fe8-ba66-007121cc627d,f38b2ffc-80a4-4f5a-91c9-bc701e7ea419,Lime,ebe48123-a5b0-4526-b20b-e3f808be3b07,bicycle,electric_assist,2026-09-07T14:27:04Z,2026-09-07T14:33:34Z,390,1704,"LINESTRING (-9.12200 38.70556, -9.12594 38.70563, -9.12976 38.70637, -9.13335 38.70763, -9.13550 38.71020, -9.13943 38.71033)"
ed131b8e-1a3a-4303-bd42-c359e08abf12,d7a7a3cc-8c3d-4f16-9293-de8fc88b2875,Gira,1088a172-7944-4514-9c10-bb61f0248f25,bicycle,electric_assist,2026-09-07T14:48:31Z,2026-09-07T14:56:43Z,492,1586,"LINESTRING (-9.17919 38.74755, -9.18167 38.74545, -9.18180 38.74259, -9.18210 38.73974, -9.18319 38.73701, -9.18525 38.73465)"
2784fb4e-48e4-4a48-8139-641c04513d50,f3f49249-dc28-4f90-a5ae-c7978306d03b,Bolt,40fc7f1b-5dbe-45b9-8f17-6b347b0dc700,scooter,electric,2026-09-07T14:56:15Z,2026-09-07T15:05:52Z,577,1899,"LINESTRING (-9.11524 38.75925, -9.11342 38.76172, -9.11049 38.76343, -9.10864 38.76588, -9.10942 38.76867, -9.10931 38.77152, -9.11118 38.77397)"
06c77f11-f8d0-469b-9088-d0f354b7c032,e5121482-3929-4d22-a255-accb1a466884,Dott,4c22499d-d4b2-4a27-b0b2-a517ba58b47b,bicycle,electric_assist,2026-09-07T16:36:13Z,2026-09-07T16:43:43Z,450,1622,"LINESTRING (-9.12224 38.74719, -9.12386 38.74588, -9.12484 38.74421, -9.12625 38.74275, -9.12805 38.74158, -9.12994 38.74051, -9.13168 38.73929, -9.13376 38.74013, -9.13333 38.74193)"
d35342ff-a97f-4404-a2c4-36abd2903858,f3f49249-dc28-4f90-a5ae-c7978306d03b,Bolt,358fb7fc-c79f-4652-848d-c233539cf42a,scooter,electric,2026-09-07T16:39:12Z,2026-09-07T16:45:39Z,387,1358,"LINESTRING (-9.15094 38.70607, -9.14936 38.70518, -9.14815 38.70397, -9.14742 38.70255, -9.14684 38.70109, -9.14525 38.70019, -9.14497 38.69868, -9.14344 38.69773, -9.14173 38.69697)"
219aee12-a477-4d92-8fbb-254a76c70829,e5121482-3929-4d22-a255-accb1a466884,Dott,c302e4a4-10fa-4bc2-a3f8-992318c22f25,scooter,electric,2026-09-07T17:10:08Z,2026-09-07T17:20:16Z,608,2320,"LINESTRING (-9.12986 38.71919, -9.13240 38.71854, -9.13404 38.71689, -9.13503 38.71494, -9.13439 38.71291, -9.13674 38.71191, -9.13912 38.71095, -9.14177 38.71064, -9.14372 38.70920, -9.14608 38.70821, -9.14844 38.70919)"
05c73e10-2c3d-4fcc-bf9f-63948f560432,f3f49249-dc28-4f90-a5ae-c7978306d03b,Bolt,ae997691-f7a3-4672-813e-4826c14182a2,scooter,electric,2026-09-07T17:23:44Z,2026-09-07T17:25:56Z,132,684,"LINESTRING (-9.10495 38.70664, -9.10386 38.70722, -9.10293 38.70795, -9.10226 38.70883, -9.10276 38.70978, -9.10351 38.71063, -9.10434 38.71143)"
804a88e3-697a-43cb-abd9-26ba268264e9,e5121482-3929-4d22-a255-accb1a466884,Dott,bc3a3d5d-dd17-46f5-ae84-840cc459318e,scooter,electric,2026-09-07T17:46:02Z,2026-09-07T17:52:11Z,369,1842,"LINESTRING (-9.12669 38.73804, -9.12927 38.73854, -9.13134 38.73984, -9.13247 38.74172, -9.13501 38.74234, -9.13767 38.74228, -9.14024 38.74173, -9.14290 38.74176, -9.14541 38.74245)"
233eba18-5465-4567-b26b-50d1ba40fb20,f3f49249-dc28-4f90-a5ae-c7978306d03b,Bolt,a07affad-8b8c-488a-a536-76a6437ccafb,scooter,electric,2026-09-07T17:52:06Z,2026-09-07T18:01:06Z,540,1950,"LINESTRING (-9.17580 38.73771, -9.17514 38.74119, -9.17478 38.74469, -9.17512 38.74819, -9.17902 38.74995, -9.18337 38.75088)"
4b9daa8e-5255-4252-8dd5-02e64a0865ed,f3f49249-dc28-4f90-a5ae-c7978306d03b,Bolt,8fe20a24-fd25-4f7c-93fc-42ee2e608e3d,scooter,electric,2026-09-07T18:17:22Z,2026-09-07T18:21:35Z,253,1076,"LINESTRING (-9.10195 38.73963, -9.10333 38.74018, -9.10474 38.74068, -9.10629 38.74083, -9.10764 38.74144, -9.10916 38.74166, -9.11053 38.74223, -9.11206 38.74245, -9.11359 38.74223)"
4acc730f-e85d-4b15-80e8-b53fdf38e2bc,f3f49249-dc28-4f90-a5ae-c7978306d03b,Bolt,3d09dbf2-6668-4d40-be16-8259b0c1a87c,scooter,electric,2026-09-07T18:19:53Z,2026-09-07T18:24:24Z,271,1260,"LINESTRING (-9.17661 38.75693, -9.17442 38.75612, -9.17235 38.75514, -9.17049 38.75392, -9.16807 38.75374, -9.16580 38.75308, -9.16338 38.75325)"
59d9b104-99f7-4f6c-ab84-7934eac9fecd,f3f49249-dc28-4f90-a5ae-c7978306d03b,Bolt,08d68e5b-dd8c-4c74-aaa9-27e6cd463d49,scooter,electric,2026-09-07T18:32:22Z,2026-09-07T18:35:54Z,212,813,"LINESTRING (-9.17782 38.71884, -9.17938 38.71890, -9.18087 38.71928, -9.18209 38.71852, -9.18201 38.71730, -9.18248 38.71613, -9.18170 38.71508)"
d18cc035-1da1-476a-91db-2546f02e1fa2,f38b2ffc-80a4-4f5a-91c9-bc701e7ea419,Lime,2dfbc7b2-078e-4649-8425-0d88b8d3b186,bicycle,electric_assist,2026-09-07T18:33:06Z,2026-09-07T18:37:23Z,257,1118,"LINESTRING (-9.17470 38.71200, -9.17647 38.71295, -9.17817 38.71399, -9.18027 38.71433, -9.18213 38.71518, -9.18358 38.71642, -9.18486 38.71777)"
383d8e34-88ac-4d11-82c3-eadc6b574fc4,f38b2ffc-80a4-4f5a-91c9-bc701e7ea419,Lime,5e6c9992-b5fb-42e0-9909-0b8906555096,bicycle,electric_assist,2026-09-07T18:39:21Z,2026-09-07T18:41:26Z,125,537,"LINESTRING (-9.10166 38.76964, -9.10190 38.77008, -9.10151 38.77046, -9.10160 38.77094, -9.10172 38.77141, -9.10170 38.77190, -9.10172 38.77238, -9.10178 38.77286, -9.10185 38.77335, -9.10209 38.77379, -9.10238 38.77422)"
a38d6308-1064-4302-b97f-0b25b2912c9e,f3f49249-dc28-4f90-a5ae-c7978306d03b,Bolt,78845e1f-e913-48da-b188-32d1fd07b7ca,scooter,electric,2026-09-07T18:43:04Z,2026-09-07T18:46:26Z,202,807,"LINESTRING (-9.16223 38.70875, -9.16178 38.70777, -9.16053 38.70742, -9.15926 38.70711, -9.15797 38.70684, -9.15706 38.70608, -9.15663 38.70510, -9.15583 38.70427)"
ef954db9-f302-46cb-8d3c-7afb41367830,f3f49249-dc28-4f90-a5ae-c7978306d03b,Bolt,cc1cdc7c-219a-49b4-a4db-befdba8ed768,scooter,electric,2026-09-07T18:44:14Z,2026-09-07T18:54:30Z,616,3178,"LINESTRING (-9.15123 38.73317, -9.15243 38.73046, -9.15088 38.72787, -9.14747 38.72682, -9.14563 38.72434, -9.14632 38.72152, -9.14827 38.71910, -9.15005 38.71659, -9.15278 38.71468, -9.15593 38.71321, -9.15948 38.71249)"
bb7481c0-ef1c-4b25-8339-3f93a170035d,f3f49249-dc28-4f90-a5ae-c7978306d03b,Bolt,b6fe3f33-2549-4c72-9312-a6cde66f0182,scooter,electric,2026-09-07T19:12:19Z,2026-09-07T19:35:21Z,1382,4305,"LINESTRING (-9.09674 38.74961, -9.10658 38.75077, -9.11519 38.74688, -9.12500 38.74813, -9.13335 38.75236, -9.14305 38.75408)"
5c2f4f40-fa1a-46b6-ae87-4bf644c4e1bf,f38b2ffc-80a4-4f5a-91c9-bc701e7ea419,Lime,df2986b2-e7f2-4366-bec4-f31ced5eeb81,bicycle,electric_assist,2026-09-07T19:52:02Z,2026-09-07T19:58:50Z,408,1734,"LINESTRING (-9.10385 38.74117, -9.10075 38.74214, -9.10065 38.74475, -9.10333 38.74630, -9.10644 38.74725, -9.10719 38.74979, -9.10866 38.75212)"
a3a21b6d-e885-4425-b52d-5a89a1839c5d,f38b2ffc-80a4-4f5a-91c9-bc701e7ea419,Lime,6fce4808-b715-4e9c-bc42-513d0ec0e2e2,bicycle,electric_assist,2026-09-07T19:55:10Z,2026-09-07T20:04:22Z,552,1896,"LINESTRING (-9.10053 38.76926, -9.09910 38.77056, -9.09796 38.77201, -9.09676 38.77344, -9.09477 38.77416, -9.09316 38.77532, -9.09137 38.77631, -9.09059 38.77790, -9.08945 38.77936, -9.09149 38.78001, -9.09348 38.78072)"
ac402129-89b0-4acc-b24d-99cfef6959e9,f3f49249-dc28-4f90-a5ae-c7978306d03b,Bolt,e3012e25-75cf-4f7f-8561-67097a00c8b2,scooter,electric,2026-09-07T20:00:33Z,2026-09-07T20:18:22Z,1069,4529,"LINESTRING (-9.13489 38.72395, -9.12762 38.72019, -9.11893 38.71974, -9.11074 38.71741, -9.10221 38.71600, -9.09361 38.71486, -9.08521 38.71667)"
611642fe-b1f2-4b07-8cca-4d1ba06abcfa,e5121482-3929-4d22-a255-accb1a466884,Dott,dcd83b70-911f-4b86-b0b5-b413fb20c517,bicycle,electric_assist,2026-09-07T20:04:25Z,2026-09-07T20:08:24Z,239,842,"LINESTRING (-9.10652 38.71360, -9.10845 38.71341, -9.11030 38.71294, -9.11212 38.71242, -9.11383 38.71168, -9.11525 38.71065)"
86684ee8-94d5-4442-b20a-b51a45add6fa,f3f49249-dc28-4f90-a5ae-c7978306d03b,Bolt,bbf7d98f-8cdc-46ee-af6d-14850b62fb05,scooter,electric,2026-09-07T20:06:14Z,2026-09-07T20:16:15Z,601,2561,"LINESTRING (-9.13865 38.73042, -9.13931 38.73293, -9.13864 38.73544, -9.13920 38.73797, -9.14102 38.74010, -9.14097 38.74267, -9.14241 38.74497, -9.14255 38.74754, -9.14091 38.74976, -9.13964 38.75213)"
6c40ecc7-dc79-41d2-a305-c178f4aa5896,f3f49249-dc28-4f90-a5ae-c7978306d03b,Bolt,b8d92d95-b9d3-4bd2-9086-a15edce937e4,scooter,electric,2026-09-07T20:22:49Z,2026-09-07T20:30:06Z,437,2077,"LINESTRING (-9.10012 38.76299, -9.09880 38.76546, -9.09754 38.76794, -9.09683 38.77056, -9.09728 38.77321, -9.09785 38.77585, -9.09927 38.77828, -9.09865 38.78091)"
a134d16c-8303-40b9-b9d8-7b8efa356982,f3f49249-dc28-4f90-a5ae-c7978306d03b,Bolt,f9b75d10-c76f-410c-91ac-44be1521f652,scooter,electric,2026-09-07T20:35:40Z,2026-09-07T20:39:45Z,245,1089,"LINESTRING (-9.11719 38.75570, -9.11647 38.75664, -9.11604 38.75768, -9.11487 38.75828, -9.11365 38.75880, -9.11232 38.75914, -9.11101 38.75952, -9.10965 38.75926, -9.10826 38.75914, -9.10707 38.75856)"
22db5c8c-2bac-4b7c-b0ca-2df0be914750,d7a7a3cc-8c3d-4f16-9293-de8fc88b2875,Gira,b3ba9cf3-f114-4f4e-b8ad-56b02185c6ea,bicycle,electric_assist,2026-09-07T21:09:26Z,2026-09-07T21:14:26Z,300,1104,"LINESTRING (-9.16643 38.72138, -9.16856 38.72137, -9.17068 38.72145, -9.17273 38.72102, -9.17484 38.72080, -9.17694 38.72057, -9.17902 38.72092)"
50d96c0d-c75f-478e-ba9e-8fd7f9ce05f9,f3f49249-dc28-4f90-a5ae-c7978306d03b,Bolt,9b4ab5aa-8f1b-4ae4-b2ab-7967ef642b5f,scooter,electric,2026-09-08T04:05:31Z,2026-09-08T04:16:07Z,636,1913,"LINESTRING (-9.10699 38.75814, -9.11007 38.75760, -9.11322 38.75774, -9.11637 38.75794, -9.11949 38.75831, -9.12252 38.75760, -9.12561 38.75810, -9.12820 38.75951)"
03349e28-1e15-4b18-9c33-2b35f19e91b1,6bad6be2-8e7a-46e9-9f19-950499dd251d,Voi,caf3f372-cb53-42b5-9ada-81b0e867bc4e,scooter,electric,2026-09-08T06:18:02Z,2026-09-08T06:25:05Z,423,1772,"LINESTRING (-9.10865 38.73907, -9.10944 38.74127, -9.10922 38.74354, -9.10967 38.74580, -9.10912 38.74804, -9.10955 38.75029, -9.10852 38.75243, -9.10931 38.75463)"
95d51aa1-a0d8-4762-8abf-d9cdc4978bee,f38b2ffc-80a4-4f5a-91c9-bc701e7ea419,Lime,7528ea79-5110-40a7-8a41-f8e4d4d6d278,scooter,electric,2026-09-08T06:19:29Z,2026-09-08T06:27:29Z,480,1661,"LINESTRING (-9.17186 38.71269, -9.17365 38.71323, -9.17466 38.71450, -9.17583 38.71568, -9.17685 38.71695, -9.17874 38.71722, -9.18065 38.71738, -9.18256 38.71748, -9.18434 38.71691, -9.18568 38.71798, -9.18743 38.71859)"
eeba461e-0119-4a9a-bc04-fa54ff6f97ee,f38b2ffc-80a4-4f5a-91c9-bc701e7ea419,Lime,ffce6973-7f62-4f26-b6c3-266043710baf,bicycle,electric_assist,2026-09-08T07:01:20Z,2026-09-08T07:05:43Z,263,914,"LINESTRING (-9.12342 38.74414, -9.12413 38.74288, -9.12421 38.74151, -9.12402 38.74014, -9.12510 38.73906, -9.12558 38.73774, -9.12474 38.73653)"
25393001-7ef7-4f44-ab3d-462b1ced04d4,f3f49249-dc28-4f90-a5ae-c7978306d03b,Bolt,f28d937a-f6c5-4bc1-81ea-df91c263064f,scooter,electric,2026-09-08T07:17:12Z,2026-09-08T07:33:11Z,959,4973,"LINESTRING (-9.11929 38.77112, -9.10831 38.76846, -9.09789 38.76469, -9.09650 38.75580, -9.09837 38.74695, -9.09577 38.73823)"
ef278b65-00f7-46c6-bc13-92faf4280e9e,d7a7a3cc-8c3d-4f16-9293-de8fc88b2875,Gira,1088a172-7944-4514-9c10-bb61f0248f25,bicycle,electric_assist,2026-09-08T07:21:50Z,2026-09-08T07:41:40Z,1190,3611,"LINESTRING (-9.15780 38.70251, -9.15657 38.70562, -9.15845 38.70853, -9.16011 38.71151, -9.16196 38.71443, -9.16223 38.71767, -9.16402 38.72061, -9.16684 38.72301, -9.16904 38.72577, -9.17256 38.72752, -9.17611 38.72922)"
7f051d39-c6d0-481f-ba02-e82ebe7065fa,f38b2ffc-80a4-4f5a-91c9-bc701e7ea419,Lime,637c119a-f906-499e-a24e-229f5b72fcc5,scooter,electric,2026-09-08T07:24:05Z,2026-09-08T07:30:01Z,356,1371,"LINESTRING (-9.09902 38.76959, -9.10102 38.77042, -9.10318 38.76990, -9.10429 38.76836, -9.10430 38.76660, -9.10595 38.76539, -9.10573 38.76363, -9.10614 38.76189)"
454a1914-dee9-4222-a4ac-138433ecd0bc,d7a7a3cc-8c3d-4f16-9293-de8fc88b2875,Gira,8d632e14-31b6-430e-a650-b3a12bb9dbd8,bicycle,electric_assist,2026-09-08T07:26:37Z,2026-09-08T08:07:12Z,2435,5371,"LINESTRING (-9.17935 38.75861, -9.18092 38.76541, -9.17933 38.77221, -9.17385 38.77765, -9.16652 38.78154, -9.15919 38.78543, -9.15634 38.79197, -9.15737 38.79884)"
4c3ba5f9-7a43-4b0a-9674-53ba32ed8c1d,f38b2ffc-80a4-4f5a-91c9-bc701e7ea419,Lime,0f7815f2-af3e-4dd9-9b25-28692bd8af21,bicycle,electric_assist,2026-09-08T07:27:15Z,2026-09-08T07:30:23Z,188,924,"LINESTRING (-9.12535 38.72383, -9.12611 38.72312, -9.12723 38.72280, -9.12842 38.72280, -9.12895 38.72363, -9.12888 38.72455, -9.12841 38.72540, -9.12754 38.72603, -9.12643 38.72636, -9.12527 38.72654)"
3679fb3a-dc62-45d7-bc72-e4d9eebc53b9,e5121482-3929-4d22-a255-accb1a466884,Dott,23e9eb54-c8db-403c-b725-d85c878fc1de,bicycle,electric_assist,2026-09-08T08:19:43Z,2026-09-08T08:22:34Z,171,789,"LINESTRING (-9.10989 38.77099, -9.11086 38.77146, -9.11185 38.77191, -9.11289 38.77226, -9.11390 38.77269, -9.11503 38.77263, -9.11612 38.77290, -9.11725 38.77278, -9.11813 38.77222)"
73262d13-101c-47ed-8870-4b967eb9d484,6bad6be2-8e7a-46e9-9f19-950499dd251d,Voi,ff87d3fb-b1db-4929-9dd6-08273ab8c535,scooter,electric,2026-09-08T08:22:38Z,2026-09-08T08:38:14Z,936,4130,"LINESTRING (-9.17780 38.75244, -9.17346 38.75654, -9.16831 38.76003, -9.16150 38.76026, -9.15689 38.75634, -9.15528 38.75117, -9.15418 38.74593, -9.15444 38.74062)"
8b46856b-5fb6-43e8-9781-388608aeef85,f38b2ffc-80a4-4f5a-91c9-bc701e7ea419,Lime,96060250-ea3e-4f73-884c-1884c88f63d6,scooter,electric,2026-09-08T08:33:04Z,2026-09-08T08:35:09Z,125,625,"LINESTRING (-9.13112 38.75953, -9.13192 38.75952, -9.13250 38.75909, -9.13304 38.75862, -9.13373 38.75830, -9.13446 38.75804, -9.13507 38.75764, -9.13504 38.75702, -9.13468 38.75646, -9.13425 38.75593)"
5ef684ce-b4a7-43ce-be2d-0b8952ac3bef,f38b2ffc-80a4-4f5a-91c9-bc701e7ea419,Lime,cfe7a42a-5b0c-491d-ac32-fb0df0708bb1,bicycle,electric_assist,2026-09-08T08:38:46Z,2026-09-08T08:47:16Z,510,2044,"LINESTRING (-9.17972 38.76800, -9.18208 38.76937, -9.18465 38.77051, -9.18743 38.76974, -9.19009 38.76873, -9.19104 38.76655, -9.18951 38.76458, -9.18672 38.76383, -9.18394 38.76305)"
13050196-07c5-4f6c-850e-12b36e1b4211,f38b2ffc-80a4-4f5a-91c9-bc701e7ea419,Lime,b79ecb4e-a95c-4c0b-8746-58348afd44ae,scooter,electric,2026-09-08T08:51:05Z,2026-09-08T08:55:00Z,235,1243,"LINESTRING (-9.11969 38.74303, -9.12041 38.74206, -9.12122 38.74113, -9.12095 38.74003, -9.12057 38.73895, -9.12080 38.73785, -9.12151 38.73687, -9.12174 38.73577, -9.12190 38.73465, -9.12181 38.73354, -9.12182 38.73241)"
a8723ccf-1b18-485c-9b94-3dc3c60a7728,e5121482-3929-4d22-a255-accb1a466884,Dott,32051957-d324-4529-9f06-7c31bc24bd96,bicycle,electric_assist,2026-09-08T08:52:29Z,2026-09-08T08:56:48Z,259,1102,"LINESTRING (-9.11564 38.75085, -9.11801 38.75157, -9.12053 38.75190, -9.12237 38.75327, -9.12375 38.75494, -9.12578 38.75614)"
3a2d1d5d-e490-447c-bb60-b35978e53184,d7a7a3cc-8c3d-4f16-9293-de8fc88b2875,Gira,405a5332-63ed-4daf-9ea3-fcfbaee127e0,bicycle,electric_assist,2026-09-08T08:55:23Z,2026-09-08T09:16:02Z,1239,2735,"LINESTRING (-9.14259 38.74711, -9.14574 38.74688, -9.14888 38.74714, -9.15121 38.74881, -9.15431 38.74931, -9.15738 38.74987, -9.15988 38.75137, -9.16061 38.75377, -9.16191 38.75602, -9.16484 38.75694, -9.16748 38.75830)"
398746ca-3d9b-4892-b96b-70e2393b062e,6bad6be2-8e7a-46e9-9f19-950499dd251d,Voi,9a3df019-2442-4f29-9b47-3fab02ceb8ad,scooter,electric,2026-09-08T09:08:54Z,2026-09-08T09:15:07Z,373,1429,"LINESTRING (-9.14662 38.73778, -9.14410 38.73611, -9.14085 38.73564, -9.14078 38.73306, -9.14036 38.73051, -9.13914 38.72811)"
eefbbe73-346b-4bd8-b568-16e5680b49a1,f38b2ffc-80a4-4f5a-91c9-bc701e7ea419,Lime,59001ac9-4063-49bc-a5b0-0a2d35d14880,scooter,electric,2026-09-08T09:27:35Z,2026-09-08T09:33:52Z,377,1702,"LINESTRING (-9.17118 38.74152, -9.16790 38.74152, -9.16462 38.74150, -9.16287 38.73934, -9.16094 38.73728, -9.15892 38.73526, -9.15672 38.73337)"
a39ff028-cd0b-4f8f-a159-1abfae81fe91,f38b2ffc-80a4-4f5a-91c9-bc701e7ea419,Lime,66160227-1737-4472-ac16-72297608d942,scooter,electric,2026-09-08T09:50:20Z,2026-09-08T09:55:01Z,281,1002,"LINESTRING (-9.09935 38.74856, -9.09882 38.74978, -9.09884 38.75107, -9.09963 38.75220, -9.10026 38.75340, -9.10099 38.75455, -9.10198 38.75559, -9.10261 38.75678)"
22680af6-0567-45f7-a6f5-96d7a9396761,d7a7a3cc-8c3d-4f16-9293-de8fc88b2875,Gira,bef36838-8a65-4a6e-9597-fea4aed9e0e7,bicycle,electric_assist,2026-09-08T09:51:10Z,2026-09-08T09:53:45Z,155,443,"LINESTRING (-9.10499 38.75497, -9.10564 38.75539, -9.10599 38.75600, -9.10641 38.75658, -9.10694 38.75710, -9.10754 38.75758, -9.10834 38.75780)"
5c2655c6-cb27-471e-b5d4-484b8a88dbc5,f3f49249-dc28-4f90-a5ae-c7978306d03b,Bolt,2b186e16-39de-46d0-a97f-ee94c0d7c2df,scooter,electric,2026-09-08T10:11:42Z,2026-09-08T10:18:51Z,429,2163,"LINESTRING (-9.15516 38.75553, -9.15736 38.75829, -9.15908 38.76125, -9.15817 38.76442, -9.15575 38.76706, -9.15444 38.77014, -9.15173 38.77261)"
baa67b03-f6b2-4a24-baf8-4667ef56dd8b,e5121482-3929-4d22-a255-accb1a466884,Dott,0062c542-2380-4f92-9d88-e6528cd46d02,scooter,electric,2026-09-08T10:16:26Z,2026-09-08T10:29:15Z,769,3656,"LINESTRING (-9.13732 38.77033, -9.13950 38.76709, -9.14011 38.76346, -9.13920 38.75987, -9.13694 38.75666, -9.13285 38.75487, -9.12892 38.75287, -9.12601 38.75000, -9.12359 38.74686, -9.12185 38.74346)"
4bd57ad4-58f3-470a-84cb-678bba4a7c48,e5121482-3929-4d22-a255-accb1a466884,Dott,956e0261-8446-40f6-a2bc-a7178c25ed7c,bicycle,electric_assist,2026-09-08T10:30:49Z,2026-09-08T10:44:48Z,839,2828,"LINESTRING (-9.09759 38.75725, -9.09862 38.75996, -9.09935 38.76274, -9.09986 38.76554, -9.09980 38.76837, -9.09799 38.77083, -9.09710 38.77357, -9.09780 38.77635, -9.09653 38.77900, -9.09312 38.77997)"
03afc2a2-955d-4852-b7bb-a695877258ec,f3f49249-dc28-4f90-a5ae-c7978306d03b,Bolt,4fe0f36e-c728-47b1-beac-0d53cef48cda,scooter,electric,2026-09-08T10:46:37Z,2026-09-08T10:52:49Z,372,1794,"LINESTRING (-9.14042 38.72513, -9.14293 38.72464, -9.14540 38.72402, -9.14793 38.72446, -9.15018 38.72346, -9.15277 38.72350, -9.15536 38.72339, -9.15794 38.72355, -9.15995 38.72228)"
8dcd9fcc-38d8-4eb0-b7f1-7433463a046b,e5121482-3929-4d22-a255-accb1a466884,Dott,665b42a3-564b-48a3-819e-5a9b813db014,bicycle,electric_assist,2026-09-08T11:06:35Z,2026-09-08T11:15:01Z,506,1442,"LINESTRING (-9.18080 38.73811, -9.17904 38.73724, -9.17702 38.73685, -9.17514 38.73755, -9.17386 38.73883, -9.17257 38.74011, -9.17066 38.74075, -9.16894 38.74168, -9.16817 38.74318)"
5f92484c-31eb-4986-8d86-e4e7cad0e209,f38b2ffc-80a4-4f5a-91c9-bc701e7ea419,Lime,2950e9ae-5089-4e3b-ae8b-9e7c4a815857,scooter,electric,2026-09-08T11:45:27Z,2026-09-08T11:52:13Z,406,1791,"LINESTRING (-9.12843 38.70118, -9.13045 38.70152, -9.13243 38.70198, -9.13445 38.70163, -9.13636 38.70101, -9.13821 38.70030, -9.14027 38.70014, -9.14223 38.70067, -9.14429 38.70065, -9.14613 38.70139, -9.14794 38.70217)"
f97e7cf2-7cb2-42d7-8d1d-d236982840ca,f3f49249-dc28-4f90-a5ae-c7978306d03b,Bolt,c1dc73de-0999-4f46-8302-4fa456b817fe,scooter,electric,2026-09-08T11:53:19Z,2026-09-08T11:59:59Z,400,1863,"LINESTRING (-9.17758 38.77170, -9.17492 38.77204, -9.17327 38.77038, -9.17219 38.76846, -9.17326 38.76653, -9.17522 38.76509, -9.17732 38.76378, -9.17907 38.76219, -9.18124 38.76095)"
e0c02867-1f98-47ac-9e66-f44d83a509aa,f38b2ffc-80a4-4f5a-91c9-bc701e7ea419,Lime,026b3d02-a13b-487b-bf3b-9167f9e2e7d0,scooter,electric,2026-09-08T12:04:29Z,2026-09-08T12:11:01Z,392,1859,"LINESTRING (-9.17022 38.73257, -9.17217 38.72959, -9.17261 38.72626, -9.17466 38.72331, -9.17810 38.72130, -9.18151 38.71927)"
b0f94b56-0e78-4cc3-9942-9082a2c50166,e5121482-3929-4d22-a255-accb1a466884,Dott,2cfb16e6-5288-4663-8c84-9a79afcc4d31,scooter,electric,2026-09-08T12:17:37Z,2026-09-08T12:26:37Z,540,2222,"LINESTRING (-9.16482 38.71316, -9.16704 38.71176, -9.16886 38.71005, -9.17078 38.70840, -9.17193 38.70636, -9.17268 38.70422, -9.17480 38.70273, -9.17739 38.70365, -9.17974 38.70491, -9.18235 38.70582)"
4055591c-1a97-4429-ae53-be8960eafb51,d7a7a3cc-8c3d-4f16-9293-de8fc88b2875,Gira,699f48c0-92fa-463f-b735-a91f741152c4,bicycle,electric_assist,2026-09-08T13:10:20Z,2026-09-08T13:23:09Z,769,3592,"LINESTRING (-9.18251 38.72290, -9.17720 38.71944, -9.17301 38.71515, -9.17079 38.71004, -9.17420 38.70535, -9.17440 38.69996, -9.16900 38.69659)"
79a5f3d5-2c42-43f2-8e0e-e8110e08bf6e,f38b2ffc-80a4-4f5a-91c9-bc701e7ea419,Lime,98e6e5b7-e1cd-4be8-a7d8-3351265c28ea,bicycle,electric_assist,2026-09-08T13:13:12Z,2026-09-08T13:30:39Z,1047,3159,"LINESTRING (-9.15616 38.73996, -9.15873 38.74241, -9.16105 38.74501, -9.16342 38.74757, -9.16543 38.75032, -9.16717 38.75317, -9.16834 38.75620, -9.16774 38.75933, -9.16701 38.76244, -9.16699 38.76560)"
91eed625-851a-4df6-a9a4-c5cb36c562c2,e5121482-3929-4d22-a255-accb1a466884,Dott,90105211-1f46-428e-87c6-b361f4039d41,scooter,electric,2026-09-08T13:49:24Z,2026-09-08T13:56:16Z,412,1715,"LINESTRING (-9.11771 38.72642, -9.11612 38.72359, -9.11469 38.72070, -9.11512 38.71763, -9.11692 38.71488, -9.12018 38.71312)"
3f7a0d18-df00-41c5-a6e5-57f178864818,f3f49249-dc28-4f90-a5ae-c7978306d03b,Bolt,408e79ea-b3a2-459e-8f15-79f2445db505,scooter,electric,2026-09-08T14:08:27Z,2026-09-08T14:21:18Z,771,3274,"LINESTRING (-9.12139 38.76653, -9.12064 38.76065, -9.12279 38.75500, -9.12815 38.75083, -9.13549 38.74941, -9.14035 38.74488)"
0dce971e-2b93-4f64-b536-b3d607aa30a3,e5121482-3929-4d22-a255-accb1a466884,Dott,1c6e5e65-cec8-456f-a7c8-51c77510c361,bicycle,electric_assist,2026-09-08T14:45:14Z,2026-09-08T14:54:18Z,544,2112,"LINESTRING (-9.16798 38.72292, -9.16760 38.72528, -9.16747 38.72766, -9.16634 38.72987, -9.16663 38.73223, -9.16773 38.73445, -9.16823 38.73680, -9.16802 38.73917, -9.16960 38.74121)"
5d7486b6-b2ac-489a-af37-dc4d2726f8d5,6bad6be2-8e7a-46e9-9f19-950499dd251d,Voi,ff69704a-193a-4d06-bf47-412e59ff005c,scooter,electric,2026-09-08T14:54:04Z,2026-09-08T15:05:36Z,692,2127,"LINESTRING (-9.12690 38.75862, -9.12797 38.75553, -9.12743 38.75237, -9.12536 38.74961, -9.12511 38.74642, -9.12419 38.74331, -9.12467 38.74014)"
83bdb26b-b53c-4d98-a6a6-d38eee9700c6,f38b2ffc-80a4-4f5a-91c9-bc701e7ea419,Lime,7528ea79-5110-40a7-8a41-f8e4d4d6d278,scooter,electric,2026-09-08T15:15:21Z,2026-09-08T15:43:10Z,1669,6715,"LINESTRING (-9.11311 38.70929, -9.12428 38.71435, -9.13091 38.72301, -9.13789 38.73150, -9.14766 38.73810, -9.16033 38.73609, -9.17102 38.73043)"
0942739b-8a5f-4fc4-8ecc-87cc4d107ade,f38b2ffc-80a4-4f5a-91c9-bc701e7ea419,Lime,5b74c718-a2aa-416a-81f6-192bab215122,scooter,electric,2026-09-08T15:15:23Z,2026-09-08T15:18:29Z,186,884,"LINESTRING (-9.11519 38.75492, -9.11558 38.75566, -9.11596 38.75640, -9.11669 38.75695, -9.11735 38.75756, -9.11835 38.75775, -9.11929 38.75806, -9.12030 38.75817, -9.12123 38.75850, -9.12191 38.75909, -9.12226 38.75984)"
05c17025-99a3-4d87-981c-01331503ca4e,f38b2ffc-80a4-4f5a-91c9-bc701e7ea419,Lime,5814b53f-2fec-4275-8e0e-889662186f4b,scooter,electric,2026-09-08T15:27:24Z,2026-09-08T15:36:43Z,559,2232,"LINESTRING (-9.09766 38.73323, -9.09523 38.73158, -9.09228 38.73056, -9.09078 38.72834, -9.08943 38.72606, -9.08945 38.72354, -9.08962 38.72103, -9.08973 38.71852, -9.09038 38.71606)"
24b01b2b-17b7-43f7-ae52-921b2fcc7422,e5121482-3929-4d22-a255-accb1a466884,Dott,76ca39b1-649a-47a2-8969-13c73a7192c1,scooter,electric,2026-09-08T15:28:26Z,2026-09-08T15:38:20Z,594,2480,"LINESTRING (-9.12458 38.73832, -9.12788 38.74100, -9.12873 38.74467, -9.13188 38.74747, -9.13647 38.74848, -9.14074 38.75015, -9.14522 38.75145)"
d6f9234f-7464-4729-ac97-0dc5199360b7,f3f49249-dc28-4f90-a5ae-c7978306d03b,Bolt,eaed9e29-74b8-446a-90b6-3899aefc1636,scooter,electric,2026-09-08T15:40:18Z,2026-09-08T15:43:09Z,171,756,"LINESTRING (-9.09951 38.71941, -9.10093 38.71967, -9.10176 38.72060, -9.10159 38.72173, -9.10123 38.72283, -9.10045 38.72379, -9.09944 38.72460)"
918ae5e6-8631-458b-b79a-353a520846c4,f3f49249-dc28-4f90-a5ae-c7978306d03b,Bolt,2c47ba69-b974-44a0-a656-e638ec4292b6,scooter,electric,2026-09-08T15:58:14Z,2026-09-08T16:06:27Z,493,2074,"LINESTRING (-9.15295 38.74916, -9.15063 38.75169, -9.14851 38.75433, -9.14491 38.75568, -9.14187 38.75771, -9.13915 38.75999, -9.14005 38.76302)"
280fca93-0072-4757-99ce-bc9e2d4cf6bb,6bad6be2-8e7a-46e9-9f19-950499dd251d,Voi,1530a3b7-a23d-4925-a04d-e64c6915f7fc,scooter,electric,2026-09-08T16:04:26Z,2026-09-08T16:11:41Z,435,1494,"LINESTRING (-9.14842 38.73927, -9.14887 38.73737, -9.14932 38.73549, -9.14925 38.73356, -9.14854 38.73172, -9.14751 38.72997, -9.14665 38.72817, -9.14596 38.72633)"
370b64e2-056a-4b7e-8624-4d7f06a831cb,e5121482-3929-4d22-a255-accb1a466884,Dott,23e9eb54-c8db-403c-b725-d85c878fc1de,bicycle,electric_assist,2026-09-08T16:23:02Z,2026-09-08T16:29:56Z,414,1087,"LINESTRING (-9.10736 38.71768, -9.10675 38.71924, -9.10590 38.72073, -9.10382 38.72088, -9.10179 38.72047, -9.09970 38.72051, -9.09775 38.72110)"
919b0314-2ca6-4ec6-833e-a8e39e90cc79,f3f49249-dc28-4f90-a5ae-c7978306d03b,Bolt,5387d29c-fc2b-432c-9b34-73342063e843,scooter,electric,2026-09-08T16:24:16Z,2026-09-08T16:28:00Z,224,973,"LINESTRING (-9.15203 38.76165, -9.15052 38.76295, -9.14864 38.76391, -9.14652 38.76332, -9.14555 38.76174, -9.14376 38.76067)"
f1042703-c331-41e7-8363-3493017fafe3,d7a7a3cc-8c3d-4f16-9293-de8fc88b2875,Gira,b3ba9cf3-f114-4f4e-b8ad-56b02185c6ea,bicycle,electric_assist,2026-09-08T16:42:31Z,2026-09-08T16:48:46Z,375,967,"LINESTRING (-9.12893 38.74744, -9.12905 38.74869, -9.12953 38.74988, -9.12962 38.75112, -9.12945 38.75236, -9.12993 38.75354, -9.13038 38.75474, -9.13037 38.75599)"
b1e59a71-387b-401d-a947-a3e1ab8d490f,f3f49249-dc28-4f90-a5ae-c7978306d03b,Bolt,a20b6436-d8ec-486b-ad9e-a62ae896319b,scooter,electric,2026-09-08T16:58:45Z,2026-09-08T17:05:28Z,403,1693,"LINESTRING (-9.11393 38.74788, -9.11390 38.74958, -9.11457 38.75119, -9.11536 38.75277, -9.11729 38.75355, -9.11930 38.75420, -9.12114 38.75510, -9.12330 38.75492, -9.12545 38.75521, -9.12757 38.75485)"
127b5959-e1c2-454c-b6a7-a5d80a499466,f3f49249-dc28-4f90-a5ae-c7978306d03b,Bolt,4f077111-f7eb-4fda-b58c-e418b47da864,scooter,electric,2026-09-08T17:07:24Z,2026-09-08T17:11:24Z,240,1223,"LINESTRING (-9.11284 38.76114, -9.11519 38.76102, -9.11749 38.76062, -9.11983 38.76044, -9.12203 38.76109, -9.12421 38.76180, -9.12642 38.76243)"
a54cfe8b-53d3-44c4-a984-733632565218,f38b2ffc-80a4-4f5a-91c9-bc701e7ea419,Lime,a55c9c8e-2f7c-4cc7-8d64-a752b8ec796e,scooter,electric,2026-09-08T17:12:32Z,2026-09-08T17:19:28Z,416,1814,"LINESTRING (-9.14226 38.72801, -9.14626 38.72898, -9.14846 38.73176, -9.15246 38.73272, -9.15604 38.73102, -9.15782 38.72806)"
af8ac599-b396-4668-953d-032ba8b8234b,e5121482-3929-4d22-a255-accb1a466884,Dott,4d8984a3-8c90-480b-9dcd-a265352991ba,bicycle,electric_assist,2026-09-08T17:16:59Z,2026-09-08T17:26:25Z,566,1743,"LINESTRING (-9.14202 38.73754, -9.14530 38.73807, -9.14700 38.74033, -9.14751 38.74292, -9.15018 38.74451, -9.15268 38.74625, -9.15556 38.74760)"
f9e1d443-5f6a-4bfb-9dc8-105bcea9937f,e5121482-3929-4d22-a255-accb1a466884,Dott,497254cb-01de-4900-b460-a4424774948c,scooter,electric,2026-09-08T17:19:45Z,2026-09-08T17:25:34Z,349,1247,"LINESTRING (-9.15653 38.75862, -9.15791 38.76060, -9.15828 38.76283, -9.15809 38.76507, -9.15647 38.76693, -9.15464 38.76867)"
e3f8fc73-109a-400c-a3bc-0de9129e77d4,f3f49249-dc28-4f90-a5ae-c7978306d03b,Bolt,56f0a1e4-a91a-462e-9164-38f37d3e7a21,scooter,electric,2026-09-08T17:27:27Z,2026-09-08T17:30:14Z,167,790,"LINESTRING (-9.12469 38.75414, -9.12523 38.75347, -9.12585 38.75284, -9.12647 38.75222, -9.12705 38.75157, -9.12806 38.75167, -9.12908 38.75168, -9.13009 38.75163, -9.13110 38.75158, -9.13185 38.75212)"
6c6b09a7-bc7b-4ca7-896e-b82aab1c6f26,f3f49249-dc28-4f90-a5ae-c7978306d03b,Bolt,e58af8d3-b78a-4267-927f-3b9a3df43939,scooter,electric,2026-09-08T18:08:11Z,2026-09-08T18:16:58Z,527,1687,"LINESTRING (-9.10324 38.76084, -9.10105 38.76168, -9.09931 38.76301, -9.09799 38.76461, -9.09860 38.76645, -9.09829 38.76833, -9.09801 38.77022, -9.09806 38.77212, -9.09876 38.77394)"
57e72ea6-71e8-4329-b553-a3d918780a57,f38b2ffc-80a4-4f5a-91c9-bc701e7ea419,Lime,328bf8ae-57ad-457d-b4f0-31fc8acaca45,scooter,electric,2026-09-08T18:13:38Z,2026-09-08T18:16:56Z,198,953,"LINESTRING (-9.18287 38.70868, -9.18350 38.71003, -9.18496 38.71090, -9.18645 38.71174, -9.18809 38.71237, -9.18897 38.71362, -9.18878 38.71505)"
d62fe03d-97c6-490e-b311-80d269c5ee9f,f38b2ffc-80a4-4f5a-91c9-bc701e7ea419,Lime,44a23f65-9015-47c2-8b71-779491e0b539,scooter,electric,2026-09-08T18:30:15Z,2026-09-08T18:37:38Z,443,2517,"LINESTRING (-9.16722 38.75664, -9.16385 38.75557, -9.16047 38.75660, -9.15786 38.75858, -9.15728 38.76138, -9.15642 38.76414, -9.15376 38.76607, -9.15085 38.76776, -9.14888 38.77014)"
8922e72a-ce97-4209-a3c0-36dfe51f7de3,f38b2ffc-80a4-4f5a-91c9-bc701e7ea419,Lime,d11ad49d-f272-42ef-8ab8-bd1063989ab9,bicycle,electric_assist,2026-09-08T18:38:47Z,2026-09-08T18:41:52Z,185,851,"LINESTRING (-9.17491 38.74316, -9.17613 38.74326, -9.17725 38.74366, -9.17848 38.74362, -9.17964 38.74394, -9.18061 38.74453, -9.18182 38.74469, -9.18303 38.74487, -9.18423 38.74469)"
e5685ae8-d107-4746-87b9-ee2ab2780fca,f38b2ffc-80a4-4f5a-91c9-bc701e7ea419,Lime,8bed5b65-94a4-429c-b383-d496000e05d0,scooter,electric,2026-09-08T18:48:20Z,2026-09-08T18:50:48Z,148,666,"LINESTRING (-9.11742 38.70615, -9.11632 38.70614, -9.11523 38.70607, -9.11426 38.70566, -9.11393 38.70485, -9.11430 38.70404, -9.11499 38.70337, -9.11554 38.70263)"
803cb7ba-eb21-4352-9c67-c283aaf1e77a,6bad6be2-8e7a-46e9-9f19-950499dd251d,Voi,0ec3703b-37e1-4834-b4cc-204400923538,scooter,electric,2026-09-08T18:54:24Z,2026-09-08T19:01:05Z,401,1605,"LINESTRING (-9.14700 38.71843, -9.14945 38.71922, -9.15206 38.71959, -9.15439 38.72056, -9.15703 38.72040, -9.15960 38.71989, -9.16207 38.72064, -9.16463 38.72116)"
e58e7e8e-e09b-4a16-bc17-c7d6114a6df1,6bad6be2-8e7a-46e9-9f19-950499dd251d,Voi,9e6aefc8-f604-4370-9e93-4250ef659464,scooter,electric,2026-09-08T19:05:56Z,2026-09-08T19:22:35Z,999,4265,"LINESTRING (-9.18120 38.75072, -9.17847 38.74702, -9.17766 38.74279, -9.17478 38.73916, -9.17166 38.73565, -9.17229 38.73141, -9.17288 38.72717, -9.17618 38.72376, -9.18068 38.72133, -9.18427 38.71810)"
1013d7e7-6be0-45ea-8e65-083c63292af0,e5121482-3929-4d22-a255-accb1a466884,Dott,13737a12-9629-478f-b780-55face4b8b07,scooter,electric,2026-09-08T19:45:09Z,2026-09-08T19:46:46Z,97,422,"LINESTRING (-9.15527 38.74735, -9.15563 38.74664, -9.15548 38.74589, -9.15540 38.74513, -9.15562 38.74439, -9.15550 38.74363)"
a0a22067-323d-41b1-b34c-58232aa290a7,f3f49249-dc28-4f90-a5ae-c7978306d03b,Bolt,2bb0f862-d780-45c8-9546-601d330e3777,scooter,electric,2026-09-08T20:01:18Z,2026-09-08T20:06:39Z,321,1852,"LINESTRING (-9.09878 38.74730, -9.09972 38.74503, -9.09993 38.74265, -9.10095 38.74040, -9.10060 38.73803, -9.09979 38.73573, -9.09848 38.73358, -9.09864 38.73120)"
b7570006-faac-4688-8592-895a94b79cc5,d7a7a3cc-8c3d-4f16-9293-de8fc88b2875,Gira,bef36838-8a65-4a6e-9597-fea4aed9e0e7,bicycle,electric_assist,2026-09-08T20:16:25Z,2026-09-08T20:21:28Z,303,908,"LINESTRING (-9.16186 38.71277, -9.16014 38.71255, -9.15871 38.71177, -9.15738 38.71088, -9.15706 38.70954, -9.15715 38.70818, -9.15576 38.70735)"
f6bf6b6a-a3a0-466f-84c1-ae9d12985fc0,6bad6be2-8e7a-46e9-9f19-950499dd251d,Voi,ebcd6d62-ba5e-4809-9177-3467b279f52b,scooter,electric,2026-09-08T22:19:03Z,2026-09-08T22:23:18Z,255,1512,"LINESTRING (-9.12549 38.71500, -9.12341 38.71449, -9.12163 38.71351, -9.12082 38.71192, -9.12074 38.71022, -9.11966 38.70874, -9.11753 38.70837, -9.11590 38.70723, -9.11493 38.70571)"
abb1aa70-8b47-443c-bca8-ccfeab318ee5,f38b2ffc-80a4-4f5a-91c9-bc701e7ea419,Lime,50931ba9-f55e-4054-8389-73ec6afa2b31,scooter,electric,2026-09-08T23:26:11Z,2026-09-08T23:39:15Z,784,3015,"LINESTRING (-9.09930 38.70711, -9.10066 38.70271, -9.10252 38.69842, -9.10507 38.69435, -9.10798 38.69044, -9.10909 38.68599, -9.11163 38.68192)"
186f7349-81d9-4233-8837-48268d917d4c,f38b2ffc-80a4-4f5a-91c9-bc701e7ea419,Lime,8c1f6387-11cb-4ea7-b5fc-684aadb21095,bicycle,electric_assist,2026-09-09T01:36:34Z,2026-09-09T01:46:01Z,567,1535,"LINESTRING (-9.16616 38.74956, -9.16730 38.74808, -9.16817 38.74649, -9.16904 38.74490, -9.16955 38.74321, -9.17024 38.74157, -9.17160 38.74021, -9.17171 38.73848, -9.17202 38.73677)"
5b8392aa-d842-4c5a-b898-9d54d207ca5d,f38b2ffc-80a4-4f5a-91c9-bc701e7ea419,Lime,a7e27f8c-f92a-4541-a5dc-589698d1e304,bicycle,electric_assist,2026-09-09T01:58:14Z,2026-09-09T02:07:17Z,543,2328,"LINESTRING (-9.14510 38.72553, -9.14213 38.72525, -9.13973 38.72387, -9.13786 38.72205, -9.13618 38.72012, -9.13397 38.71855, -9.13111 38.71787, -9.12845 38.71681, -9.12555 38.71626, -9.12258 38.71601)"
a4b0d237-13de-4ce7-bf7e-c4a077a5d0d6,f3f49249-dc28-4f90-a5ae-c7978306d03b,Bolt,bfb9ec94-0bd3-43ac-b8cc-5cbe04ab140e,scooter,electric,2026-09-09T03:24:20Z,2026-09-09T03:38:49Z,869,3642,"LINESTRING (-9.11242 38.74159, -9.11490 38.74671, -9.12138 38.74880, -9.12684 38.75223, -9.13141 38.75638, -9.13725 38.75941, -9.14367 38.76160)"
bab52868-74bd-4ec9-a557-df931ad368db,f3f49249-dc28-4f90-a5ae-c7978306d03b,Bolt,3fccf89c-7d2c-48ec-8a91-9c736b3ae0ee,scooter,electric,2026-09-09T03:41:06Z,2026-09-09T03:54:50Z,824,3316,"LINESTRING (-9.16324 38.71796, -9.15937 38.71281, -9.15369 38.70880, -9.14831 38.70454, -9.14903 38.69859, -9.15236 38.69321)"
5918fc87-3b1d-47f4-92ea-2af2ffae5a80,f38b2ffc-80a4-4f5a-91c9-bc701e7ea419,Lime,3f724926-32e4-434c-8b34-8cea9c31b930,bicycle,electric_assist,2026-09-09T05:43:28Z,2026-09-09T05:47:35Z,247,1050,"LINESTRING (-9.10335 38.70279, -9.10454 38.70328, -9.10568 38.70385, -9.10631 38.70478, -9.10708 38.70564, -9.10685 38.70667, -9.10657 38.70770, -9.10599 38.70865, -9.10634 38.70966, -9.10629 38.71071)"
fc2d6ee0-cb7b-42f1-9b84-805bc9d652df,6bad6be2-8e7a-46e9-9f19-950499dd251d,Voi,08b7b7c7-40c8-4335-ab47-8bb8870ec758,scooter,electric,2026-09-09T05:57:17Z,2026-09-09T06:03:13Z,356,1518,"LINESTRING (-9.17467 38.76713, -9.17196 38.76627, -9.16915 38.76564, -9.16624 38.76584, -9.16343 38.76648, -9.16103 38.76778, -9.15833 38.76691)"
7666082b-ca7c-4e89-b2d5-7c76c71c1b47,e5121482-3929-4d22-a255-accb1a466884,Dott,4b62275f-b2f5-4e5c-bd2a-40c8369c8a50,bicycle,electric_assist,2026-09-09T06:43:00Z,2026-09-09T07:18:28Z,2128,5749,"LINESTRING (-9.16766 38.72070, -9.16840 38.71208, -9.16927 38.70348, -9.16825 38.69488, -9.16493 38.68665, -9.15921 38.67926, -9.15437 38.67150)"
735c55cb-3149-41a7-b83a-7a5e68bb73d5,f38b2ffc-80a4-4f5a-91c9-bc701e7ea419,Lime,0397a31d-ea9e-4ab5-b30b-89dc2577c324,scooter,electric,2026-09-09T07:14:11Z,2026-09-09T07:17:48Z,217,966,"LINESTRING (-9.17582 38.75039, -9.17514 38.75109, -9.17424 38.75160, -9.17315 38.75176, -9.17205 38.75194, -9.17099 38.75168, -9.17043 38.75093, -9.16931 38.75094, -9.16840 38.75145, -9.16735 38.75173, -9.16629 38.75201)"
11db8111-1454-401b-bb76-b42cddb422c3,f3f49249-dc28-4f90-a5ae-c7978306d03b,Bolt,cc941d42-62e0-4dd6-9bda-22cf907b12b7,scooter,electric,2026-09-09T08:05:58Z,2026-09-09T08:17:22Z,684,2905,"LINESTRING (-9.16956 38.73504, -9.16836 38.73779, -9.16718 38.74055, -9.16572 38.74323, -9.16382 38.74573, -9.16358 38.74864, -9.16551 38.75113, -9.16588 38.75402, -9.16568 38.75693, -9.16555 38.75983)"
947b6baf-1883-4b9f-afa3-f40a8fcf8037,f38b2ffc-80a4-4f5a-91c9-bc701e7ea419,Lime,5366ece2-2d4d-4661-b7bb-365449a4c222,scooter,electric,2026-09-09T08:14:52Z,2026-09-09T08:34:45Z,1193,3966,"LINESTRING (-9.12051 38.76805, -9.11718 38.76559, -9.11399 38.76303, -9.11056 38.76066, -9.10598 38.76056, -9.10146 38.75998, -9.09694 38.75936, -9.09268 38.75805, -9.08851 38.75656, -9.08604 38.75356, -9.08169 38.75242)"
125696c4-bbb4-4b8a-b70f-77315190e58a,f38b2ffc-80a4-4f5a-91c9-bc701e7ea419,Lime,85c80ede-202c-415a-898d-b8601e47caa6,scooter,electric,2026-09-09T08:19:16Z,2026-09-09T08:26:06Z,410,1957,"LINESTRING (-9.14340 38.75235, -9.14480 38.75426, -9.14557 38.75638, -9.14772 38.75781, -9.14995 38.75917, -9.15273 38.75875, -9.15555 38.75872, -9.15807 38.75771, -9.15998 38.75609)"
c32fb1e0-2b46-4493-9fb9-ec2ca509ce42,f3f49249-dc28-4f90-a5ae-c7978306d03b,Bolt,a20b6436-d8ec-486b-ad9e-a62ae896319b,scooter,electric,2026-09-09T08:31:18Z,2026-09-09T08:38:03Z,405,1655,"LINESTRING (-9.14577 38.76319, -9.14893 38.76151, -9.15239 38.76023, -9.15564 38.76180, -9.15893 38.76333, -9.16182 38.76528)"
985efb81-f477-4cda-8754-facdefe104a4,f38b2ffc-80a4-4f5a-91c9-bc701e7ea419,Lime,807c7e30-a598-40db-8cbf-d2ec8c53765f,bicycle,electric_assist,2026-09-09T08:53:29Z,2026-09-09T09:01:47Z,498,1659,"LINESTRING (-9.15160 38.76300, -9.14786 38.76232, -9.14463 38.76071, -9.14198 38.75855, -9.14035 38.75585, -9.14023 38.75286)"
ea4b5c5f-4bcf-4300-aabf-4978552d104d,f38b2ffc-80a4-4f5a-91c9-bc701e7ea419,Lime,e344f1c3-63ac-4f14-9b2b-980ef57585ce,bicycle,electric_assist,2026-09-09T08:57:22Z,2026-09-09T09:02:14Z,292,1336,"LINESTRING (-9.14673 38.73664, -9.14820 38.73625, -9.14929 38.73541, -9.15068 38.73487, -9.15202 38.73428, -9.15351 38.73457, -9.15443 38.73553, -9.15541 38.73646, -9.15640 38.73739, -9.15732 38.73836, -9.15843 38.73919)"
38b73226-d8e0-49fd-812d-259824657269,e5121482-3929-4d22-a255-accb1a466884,Dott,4f83d975-5239-45bb-bc29-5d1b6a96cf7e,bicycle,electric_assist,2026-09-09T09:26:30Z,2026-09-09T09:30:05Z,215,754,"LINESTRING (-9.18278 38.76784, -9.18232 38.76842, -9.18215 38.76909, -9.18224 38.76977, -9.18211 38.77044, -9.18192 38.77110, -9.18187 38.77178, -9.18249 38.77226, -9.18278 38.77290, -9.18332 38.77344, -9.18376 38.77402)"
4b2cdbfb-7720-498b-93c8-ec2ffd82d50f,e5121482-3929-4d22-a255-accb1a466884,Dott,5fce192e-e983-41ec-8432-14a7865424a1,bicycle,electric_assist,2026-09-09T09:33:31Z,2026-09-09T09:42:02Z,511,2240,"LINESTRING (-9.15220 38.72653, -9.14703 38.72670, -9.14292 38.72916, -9.13913 38.73191, -9.13425 38.73326, -9.13004 38.73560)"
f7177c6d-c0e6-457f-936a-520f0d044db8,d7a7a3cc-8c3d-4f16-9293-de8fc88b2875,Gira,1088a172-7944-4514-9c10-bb61f0248f25,bicycle,electric_assist,2026-09-09T09:37:17Z,2026-09-09T09:42:25Z,308,1087,"LINESTRING (-9.10147 38.71260, -9.10122 38.71367, -9.10175 38.71468, -9.10179 38.71576, -9.10210 38.71683, -9.10193 38.71791, -9.10261 38.71885, -9.10300 38.71990, -9.10316 38.72098, -9.10368 38.72199)"
97a7f66c-95b1-40a5-b6cd-a3f5db0bab7e,f38b2ffc-80a4-4f5a-91c9-bc701e7ea419,Lime,d3801b73-c446-4b8c-82e2-61237776c655,bicycle,electric_assist,2026-09-09T09:56:33Z,2026-09-09T10:09:02Z,749,3152,"LINESTRING (-9.11854 38.72146, -9.12156 38.71987, -9.12518 38.71957, -9.12874 38.72016, -9.13054 38.71770, -9.13334 38.71588, -9.13475 38.71326, -9.13464 38.71043, -9.13503 38.70760, -9.13709 38.70526, -9.13699 38.70242)"
f2ac2445-e6ac-4a01-a15c-3fe88f055e7b,6bad6be2-8e7a-46e9-9f19-950499dd251d,Voi,605797b7-9bd5-4b24-b636-6b3d9cbdaa2c,scooter,electric,2026-09-09T09:58:49Z,2026-09-09T10:01:34Z,165,644,"LINESTRING (-9.13378 38.72893, -9.13279 38.72835, -9.13211 38.72754, -9.13172 38.72662, -9.13097 38.72586, -9.13054 38.72495, -9.12997 38.72409)"
cfd8a5a4-cf72-4325-b4d3-8053afac376b,6bad6be2-8e7a-46e9-9f19-950499dd251d,Voi,ad2996da-8e86-4483-9efa-4b80ec192b67,scooter,electric,2026-09-09T10:04:02Z,2026-09-09T10:11:01Z,419,1680,"LINESTRING (-9.18177 38.71324, -9.18310 38.71095, -9.18438 38.70863, -9.18642 38.70667, -9.18961 38.70624, -9.19242 38.70748, -9.19566 38.70752)"
fbba68e3-8b42-4c6e-bdd7-2749dc07f4ce,d7a7a3cc-8c3d-4f16-9293-de8fc88b2875,Gira,5df6bd28-0291-4f4d-be8f-7334db828663,bicycle,electric_assist,2026-09-09T10:21:03Z,2026-09-09T10:43:18Z,1335,2835,"LINESTRING (-9.11427 38.71385, -9.11957 38.71483, -9.12388 38.71745, -9.12667 38.72111, -9.12995 38.72451, -9.13502 38.72608, -9.14028 38.72493)"
5fd29ccc-9eb2-43bb-951b-0b31e807b5ed,f38b2ffc-80a4-4f5a-91c9-bc701e7ea419,Lime,6edd77d8-66e6-4127-a26b-524ace0d8d87,scooter,electric,2026-09-09T11:03:56Z,2026-09-09T11:08:19Z,263,1248,"LINESTRING (-9.13326 38.76570, -9.13140 38.76640, -9.13014 38.76767, -9.12833 38.76844, -9.12644 38.76908, -9.12454 38.76971, -9.12300 38.77078, -9.12207 38.77221)"
a42ad458-6098-4541-8543-342c857efad8,f38b2ffc-80a4-4f5a-91c9-bc701e7ea419,Lime,4b983f0b-4afc-49d6-a61f-1bf92986a329,scooter,electric,2026-09-09T11:14:33Z,2026-09-09T11:30:24Z,951,2836,"LINESTRING (-9.13141 38.75625, -9.12696 38.75737, -9.12257 38.75865, -9.11866 38.76066, -9.11404 38.76125, -9.10961 38.76242, -9.10555 38.76424, -9.10104 38.76524)"
089b461f-dc4c-4170-8ee6-305266db1f4c,f38b2ffc-80a4-4f5a-91c9-bc701e7ea419,Lime,e0ed4a62-17d6-4f8f-b423-f8be01418223,scooter,electric,2026-09-09T11:25:38Z,2026-09-09T11:36:53Z,675,3563,"LINESTRING (-9.16508 38.72133, -9.16638 38.72475, -9.16678 38.72831, -9.16913 38.73137, -9.16771 38.73476, -9.16925 38.73812, -9.16781 38.74151, -9.16474 38.74415, -9.16402 38.74767, -9.16669 38.75056)"
943af363-ac15-48a0-aad1-b787e5cc2c82,e5121482-3929-4d22-a255-accb1a466884,Dott,e8d8235c-e46c-41cf-9f70-b8ba632d5714,bicycle,electric_assist,2026-09-09T12:00:17Z,2026-09-09T12:12:50Z,753,2199,"LINESTRING (-9.10844 38.74614, -9.11202 38.74437, -9.11449 38.74169, -9.11450 38.73839, -9.11735 38.73594, -9.12041 38.73366, -9.12376 38.73165)"
9765cdb5-a714-4726-91b4-704fc02f18ba,d7a7a3cc-8c3d-4f16-9293-de8fc88b2875,Gira,b090385c-12ba-4845-8b23-f006d2fa3fdc,bicycle,electric_assist,2026-09-09T12:03:50Z,2026-09-09T12:11:11Z,441,1261,"LINESTRING (-9.13931 38.70358, -9.14167 38.70312, -9.14409 38.70299, -9.14643 38.70349, -9.14870 38.70415, -9.15109 38.70452, -9.15341 38.70506)"
48596fef-b98a-450f-a671-1bd9482026ae,e5121482-3929-4d22-a255-accb1a466884,Dott,19fbcf5c-fb59-4cb3-95a6-fd418b9be801,scooter,electric,2026-09-09T12:48:03Z,2026-09-09T12:59:14Z,671,2760,"LINESTRING (-9.15132 38.72111, -9.15614 38.72437, -9.16097 38.72762, -9.16513 38.73139, -9.16905 38.73531, -9.17543 38.73528)"
e81af691-4150-4463-ac81-f9c609058ec1,e5121482-3929-4d22-a255-accb1a466884,Dott,02af2ef5-8800-4e81-bf1c-02604e8f7fe2,bicycle,electric_assist,2026-09-09T12:55:07Z,2026-09-09T13:05:59Z,652,2295,"LINESTRING (-9.17142 38.76310, -9.16971 38.76152, -9.16734 38.76058, -9.16558 38.75904, -9.16297 38.75865, -9.16033 38.75848, -9.15787 38.75771, -9.15571 38.75651, -9.15307 38.75630, -9.15069 38.75539, -9.14807 38.75509)"
9d1e44c3-cbbc-454f-9499-08d8283bf2c7,f38b2ffc-80a4-4f5a-91c9-bc701e7ea419,Lime,51a248ee-6aa8-40b5-8494-a9bc4c046460,scooter,electric,2026-09-09T12:59:34Z,2026-09-09T13:03:39Z,245,1074,"LINESTRING (-9.13926 38.75910, -9.14091 38.75961, -9.14257 38.75912, -9.14434 38.75904, -9.14508 38.75778, -9.14620 38.75671, -9.14690 38.75544, -9.14855 38.75495)"
7b259917-8cd6-42a4-a715-e8f141a6f621,f3f49249-dc28-4f90-a5ae-c7978306d03b,Bolt,eaed9e29-74b8-446a-90b6-3899aefc1636,scooter,electric,2026-09-09T12:59:39Z,2026-09-09T13:03:53Z,254,1067,"LINESTRING (-9.10878 38.73077, -9.10783 38.73000, -9.10653 38.72966, -9.10535 38.72912, -9.10420 38.72970, -9.10328 38.73050, -9.10219 38.73114, -9.10149 38.73206, -9.10157 38.73313, -9.10258 38.73385)"
a66fae27-a61e-4bc3-8060-f70cc37cebd1,e5121482-3929-4d22-a255-accb1a466884,Dott,5fbe16a9-3083-40d7-8357-2d566f797e3e,bicycle,electric_assist,2026-09-09T13:20:17Z,2026-09-09T13:32:22Z,725,2925,"LINESTRING (-9.12354 38.72299, -9.12357 38.72006, -9.12477 38.71729, -9.12643 38.71466, -9.12856 38.71225, -9.13178 38.71074, -9.13459 38.70881, -9.13786 38.70736, -9.14158 38.70769, -9.14483 38.70916)"
67838c43-7e1c-4336-a1db-b3c41408b329,f38b2ffc-80a4-4f5a-91c9-bc701e7ea419,Lime,ffce6973-7f62-4f26-b6c3-266043710baf,bicycle,electric_assist,2026-09-09T13:22:07Z,2026-09-09T13:28:18Z,371,1610,"LINESTRING (-9.11443 38.71260, -9.11285 38.71523, -9.11029 38.71734, -9.10780 38.71949, -9.10698 38.72232, -9.10572 38.72506)"
d4109c85-5be4-42f8-91ed-6c533e9ed094,e5121482-3929-4d22-a255-accb1a466884,Dott,ff5c37e3-790e-4bc8-a4c2-ce6b9e266b74,scooter,electric,2026-09-09T13:27:41Z,2026-09-09T13:38:31Z,650,2385,"LINESTRING (-9.17788 38.75718, -9.17675 38.75972, -9.17526 38.76214, -9.17544 38.76483, -9.17597 38.76748, -9.17619 38.77016, -9.17484 38.77263, -9.17179 38.77389, -9.16850 38.77467)"
d5156082-e984-4f7d-baca-f0110bbf0eba,f38b2ffc-80a4-4f5a-91c9-bc701e7ea419,Lime,026b3d02-a13b-487b-bf3b-9167f9e2e7d0,scooter,electric,2026-09-09T13:28:24Z,2026-09-09T13:37:32Z,548,2199,"LINESTRING (-9.18400 38.75336, -9.18213 38.75094, -9.17914 38.74933, -9.17578 38.74827, -9.17241 38.74932, -9.16970 38.75121, -9.16629 38.75218, -9.16272 38.75167)"
6e0e895f-74f3-4bbb-a9ae-b357fcb1b625,6bad6be2-8e7a-46e9-9f19-950499dd251d,Voi,b56fb076-0cba-489f-ad32-0bd13a97c922,scooter,electric,2026-09-09T13:34:21Z,2026-09-09T13:42:12Z,471,2221,"LINESTRING (-9.11057 38.72268, -9.11255 38.72464, -9.11389 38.72692, -9.11553 38.72906, -9.11759 38.73099, -9.12005 38.73259, -9.12322 38.73294, -9.12641 38.73266, -9.12959 38.73233)"
db343bd6-cebd-4ac4-ae8b-7a547e09bac2,f38b2ffc-80a4-4f5a-91c9-bc701e7ea419,Lime,69190876-a0c5-420c-a885-f868301a5d12,scooter,electric,2026-09-09T13:46:20Z,2026-09-09T13:50:35Z,255,1429,"LINESTRING (-9.14461 38.73359, -9.14695 38.73246, -9.14911 38.73113, -9.15072 38.72939, -9.15235 38.72766, -9.15484 38.72675, -9.15759 38.72689)"
68109157-ef12-44aa-b073-2fe64cea7cec,f3f49249-dc28-4f90-a5ae-c7978306d03b,Bolt,324ce2dd-2d3f-4bf3-904d-7d95672f8dab,scooter,electric,2026-09-09T13:53:41Z,2026-09-09T14:00:52Z,431,2054,"LINESTRING (-9.16334 38.75401, -9.16673 38.75410, -9.16930 38.75583, -9.17189 38.75753, -9.17370 38.75977, -9.17688 38.76069, -9.17987 38.76193, -9.18325 38.76216)"
0346dad6-12e6-425d-b135-19da094382e4,d7a7a3cc-8c3d-4f16-9293-de8fc88b2875,Gira,699f48c0-92fa-463f-b735-a91f741152c4,bicycle,electric_assist,2026-09-09T14:03:15Z,2026-09-09T14:09:45Z,390,1251,"LINESTRING (-9.15332 38.71312, -9.15370 38.71174, -9.15305 38.71043, -9.15431 38.70941, -9.15571 38.70853, -9.15742 38.70898, -9.15892 38.70977, -9.16063 38.71021, -9.16180 38.71129)"
573b1040-ce45-47ff-87b2-d39a15850cfb,f38b2ffc-80a4-4f5a-91c9-bc701e7ea419,Lime,1f7e4273-4f56-448f-85e1-ddfb3c37bb01,bicycle,electric_assist,2026-09-09T14:16:46Z,2026-09-09T14:20:38Z,232,1118,"LINESTRING (-9.11091 38.73705, -9.10960 38.73879, -9.10835 38.74055, -9.10704 38.74229, -9.10484 38.74335, -9.10235 38.74388)"
133764f6-8065-478e-9d2b-9ca2f14649d8,f3f49249-dc28-4f90-a5ae-c7978306d03b,Bolt,9b2831e1-34d4-499c-b6a5-920cf16e49b1,scooter,electric,2026-09-09T14:43:39Z,2026-09-09T14:46:57Z,198,1027,"LINESTRING (-9.10549 38.73908, -9.10465 38.73988, -9.10333 38.73984, -9.10345 38.73881, -9.10390 38.73784, -9.10425 38.73685, -9.10439 38.73583, -9.10468 38.73483, -9.10362 38.73421, -9.10257 38.73360)"
8c3963b0-bd76-4d8f-99d6-3cd8e558dff9,f38b2ffc-80a4-4f5a-91c9-bc701e7ea419,Lime,a3132dd6-7592-41d6-9bee-8f775fee13c8,bicycle,electric_assist,2026-09-09T15:02:52Z,2026-09-09T15:08:35Z,343,1467,"LINESTRING (-9.14915 38.71336, -9.15139 38.71408, -9.15354 38.71494, -9.15551 38.71604, -9.15761 38.71698, -9.15846 38.71875, -9.15962 38.72041, -9.16131 38.72175)"
dc28165d-be85-4061-86eb-5988b52260b9,f38b2ffc-80a4-4f5a-91c9-bc701e7ea419,Lime,a55c9c8e-2f7c-4cc7-8d64-a752b8ec796e,scooter,electric,2026-09-09T15:20:48Z,2026-09-09T15:23:17Z,149,658,"LINESTRING (-9.12816 38.76840, -9.12664 38.76851, -9.12524 38.76898, -9.12378 38.76929, -9.12226 38.76918, -9.12076 38.76934)"
d470cd48-fc5c-4fa7-9303-1f5368334908,f3f49249-dc28-4f90-a5ae-c7978306d03b,Bolt,56f0a1e4-a91a-462e-9164-38f37d3e7a21,scooter,electric,2026-09-09T15:31:05Z,2026-09-09T15:55:22Z,1457,4146,"LINESTRING (-9.10034 38.71293, -9.09632 38.71725, -9.09025 38.71971, -9.08415 38.72212, -9.07871 38.72535, -9.07955 38.73065, -9.08143 38.73578, -9.08738 38.73841)"
c1b1b812-0595-4cd1-af36-37226146fcb3,f38b2ffc-80a4-4f5a-91c9-bc701e7ea419,Lime,d9452ba0-d98d-4098-b795-587b888debe9,scooter,electric,2026-09-09T15:46:51Z,2026-09-09T15:52:40Z,349,1453,"LINESTRING (-9.16539 38.72133, -9.16418 38.71999, -9.16262 38.71890, -9.16244 38.71726, -9.16230 38.71563, -9.16175 38.71405, -9.16069 38.71264, -9.15946 38.71131, -9.15782 38.71029)"
198db611-82da-4eee-9d21-0fa84a616b42,d7a7a3cc-8c3d-4f16-9293-de8fc88b2875,Gira,a298ab87-7947-4af8-86ab-5ec5b802e168,bicycle,electric_assist,2026-09-09T16:01:51Z,2026-09-09T16:06:35Z,284,946,"LINESTRING (-9.09872 38.73702, -9.09911 38.73791, -9.09925 38.73886, -9.09929 38.73980, -9.09918 38.74075, -9.09873 38.74163, -9.09767 38.74209, -9.09654 38.74245, -9.09590 38.74325, -9.09626 38.74416)"
2f833527-f101-444d-99a4-aa77bb3f61d5,e5121482-3929-4d22-a255-accb1a466884,Dott,1c6e5e65-cec8-456f-a7c8-51c77510c361,bicycle,electric_assist,2026-09-09T16:21:33Z,2026-09-09T16:25:02Z,209,683,"LINESTRING (-9.15481 38.75029, -9.15628 38.74984, -9.15784 38.74965, -9.15921 38.74905, -9.16075 38.74875, -9.16206 38.74944)"
e517e07c-c3fa-4c14-8c8e-866c821a4234,d7a7a3cc-8c3d-4f16-9293-de8fc88b2875,Gira,07b17c4f-02e6-47a3-8a4c-27c1efe86a01,bicycle,electric_assist,2026-09-09T16:21:35Z,2026-09-09T16:40:23Z,1128,3404,"LINESTRING (-9.17987 38.74102, -9.18006 38.74540, -9.18022 38.74978, -9.18175 38.75400, -9.18642 38.75644, -9.19103 38.75895, -9.19664 38.75873, -9.20224 38.75911)"
2c86229e-e3b8-44d4-8b1e-d09232a32b5a,f3f49249-dc28-4f90-a5ae-c7978306d03b,Bolt,4d2ecb65-9df0-4dde-8337-dda661963ad7,scooter,electric,2026-09-09T16:24:08Z,2026-09-09T16:32:22Z,494,1638,"LINESTRING (-9.16132 38.71755, -9.16126 38.71939, -9.16133 38.72124, -9.16069 38.72301, -9.16102 38.72484, -9.15997 38.72649, -9.15865 38.72802, -9.15786 38.72976, -9.15587 38.73076)"
0c5c7f65-5862-432e-95f9-237f4a75999d,f38b2ffc-80a4-4f5a-91c9-bc701e7ea419,Lime,e0ed4a62-17d6-4f8f-b423-f8be01418223,bicycle,electric_assist,2026-09-09T16:48:46Z,2026-09-09T16:57:48Z,542,1284,"LINESTRING (-9.16579 38.72231, -9.16757 38.72141, -9.16887 38.72010, -9.17008 38.71875, -9.16967 38.71713, -9.16923 38.71551, -9.16992 38.71395, -9.17064 38.71239)"
60fc0a5e-4f00-48ca-8353-9c53f05460fa,e5121482-3929-4d22-a255-accb1a466884,Dott,851f34bb-de98-4e78-9a2a-c8455a7cfed7,bicycle,electric_assist,2026-09-09T17:01:35Z,2026-09-09T17:17:43Z,968,2437,"LINESTRING (-9.17855 38.72388, -9.17993 38.72196, -9.18017 38.71977, -9.18097 38.71767, -9.18158 38.71552, -9.18229 38.71340, -9.18149 38.71129, -9.18011 38.70938, -9.17738 38.70886, -9.17485 38.70791, -9.17271 38.70648)"
e45586a8-5b56-444d-a153-9ece6131215f,e5121482-3929-4d22-a255-accb1a466884,Dott,07d7ba06-8c44-4b9b-9cc6-fea01a06703f,scooter,electric,2026-09-09T17:02:40Z,2026-09-09T17:13:15Z,635,2145,"LINESTRING (-9.14953 38.76554, -9.14806 38.76185, -9.14571 38.75845, -9.14091 38.75748, -9.13871 38.75401, -9.13962 38.75022)"
e1a02e4c-34d9-40e9-a472-478a1b54291d,f3f49249-dc28-4f90-a5ae-c7978306d03b,Bolt,68e217ff-59a0-41a9-8984-e3cdc2425fce,scooter,electric,2026-09-09T17:06:47Z,2026-09-09T17:11:11Z,264,1141,"LINESTRING (-9.12495 38.75239, -9.12645 38.75150, -9.12737 38.75022, -9.12852 38.74906, -9.12973 38.74793, -9.13040 38.74656, -9.13182 38.74559, -9.13347 38.74488)"
ded17e2b-519e-41a3-9b29-d5eae475744e,6bad6be2-8e7a-46e9-9f19-950499dd251d,Voi,1fe6bb9b-2e5d-48af-982d-976b57441efc,scooter,electric,2026-09-09T17:13:04Z,2026-09-09T17:21:32Z,508,2265,"LINESTRING (-9.14448 38.74309, -9.14755 38.74398, -9.14902 38.74626, -9.15123 38.74813, -9.15061 38.75064, -9.15070 38.75319, -9.15324 38.75479, -9.15650 38.75501, -9.15939 38.75620)"
6e7d8daa-87d6-4809-9598-c84a9f5ac07e,f3f49249-dc28-4f90-a5ae-c7978306d03b,Bolt,f064376c-4558-4af0-873e-f4721ba98d07,scooter,electric,2026-09-09T17:15:31Z,2026-09-09T17:20:03Z,272,1251,"LINESTRING (-9.16879 38.76701, -9.16741 38.76669, -9.16600 38.76644, -9.16458 38.76667, -9.16325 38.76712, -9.16242 38.76804, -9.16120 38.76864, -9.15990 38.76914, -9.15906 38.77006, -9.15824 38.77099, -9.15722 38.77179)"
6d603380-a36b-49e2-b8b9-6eca8a97f83b,f3f49249-dc28-4f90-a5ae-c7978306d03b,Bolt,f54cd1a7-4e99-41d4-a73a-454db79cd2ca,scooter,electric,2026-09-09T17:25:38Z,2026-09-09T17:27:18Z,100,564,"LINESTRING (-9.16783 38.70806, -9.16737 38.70762, -9.16691 38.70718, -9.16623 38.70699, -9.16551 38.70693, -9.16503 38.70651, -9.16448 38.70613, -9.16406 38.70567, -9.16389 38.70512, -9.16373 38.70457)"
3a705789-3854-4fa3-b229-7a1d43d3dacd,6bad6be2-8e7a-46e9-9f19-950499dd251d,Voi,c5f2ac85-eeb1-4e04-b52d-b661353b014c,scooter,electric,2026-09-09T17:28:25Z,2026-09-09T17:35:29Z,424,1670,"LINESTRING (-9.09539 38.75388, -9.09369 38.75490, -9.09327 38.75654, -9.09240 38.75807, -9.09091 38.75928, -9.08929 38.76036, -9.08841 38.76189, -9.08765 38.76345, -9.08685 38.76501, -9.08542 38.76625)"
117b08f2-84e9-4b5b-9e3e-ede6f9cd670a,f38b2ffc-80a4-4f5a-91c9-bc701e7ea419,Lime,47cd07f7-b74c-490a-9eeb-ba4e1c14df92,bicycle,electric_assist,2026-09-09T17:30:40Z,2026-09-09T17:37:04Z,384,1375,"LINESTRING (-9.13614 38.72873, -9.13810 38.72783, -9.14001 38.72877, -9.14208 38.72951, -9.14315 38.73107, -9.14425 38.73262, -9.14436 38.73439, -9.14444 38.73616)"
1ab02ff9-82b6-443b-ab51-318e692a2c28,6bad6be2-8e7a-46e9-9f19-950499dd251d,Voi,605797b7-9bd5-4b24-b636-6b3d9cbdaa2c,scooter,electric,2026-09-09T17:54:54Z,2026-09-09T17:58:37Z,223,1196,"LINESTRING (-9.13896 38.74958, -9.13889 38.75066, -9.13766 38.75115, -9.13636 38.75152, -9.13540 38.75230, -9.13493 38.75331, -9.13501 38.75439, -9.13551 38.75539, -9.13663 38.75602, -9.13730 38.75696, -9.13813 38.75782)"
6f38de0a-787f-4c15-b7ec-514d21900d5d,f3f49249-dc28-4f90-a5ae-c7978306d03b,Bolt,08d68e5b-dd8c-4c74-aaa9-27e6cd463d49,scooter,electric,2026-09-09T18:05:29Z,2026-09-09T18:14:49Z,560,2672,"LINESTRING (-9.13824 38.71779, -9.14242 38.71671, -9.14664 38.71570, -9.15100 38.71519, -9.15533 38.71584, -9.15974 38.71594, -9.16386 38.71471, -9.16696 38.71227)"
c4fd9283-aada-4b7f-b88d-73ea3ad43614,f38b2ffc-80a4-4f5a-91c9-bc701e7ea419,Lime,16e5fc44-97f9-4ad6-a074-81bdf1b8ea7c,bicycle,electric_assist,2026-09-09T18:12:31Z,2026-09-09T18:25:43Z,792,2072,"LINESTRING (-9.11792 38.74153, -9.11804 38.73887, -9.11982 38.73659, -9.12229 38.73475, -9.12449 38.73271, -9.12731 38.73119, -9.13039 38.73004, -9.13380 38.73027)"
c1ce9462-db48-40b0-92c8-08b1974e0d5d,e5121482-3929-4d22-a255-accb1a466884,Dott,2b3e12cb-a7d3-49b9-a569-7c07fbcb36cc,scooter,electric,2026-09-09T18:13:44Z,2026-09-09T18:34:42Z,1258,4100,"LINESTRING (-9.12893 38.75087, -9.13218 38.75550, -9.13580 38.75996, -9.13648 38.76521, -9.13783 38.77038, -9.13883 38.77560, -9.13872 38.78088, -9.14078 38.78591)"
c0c72fa8-6556-4c4d-871f-82dcac87528f,f38b2ffc-80a4-4f5a-91c9-bc701e7ea419,Lime,c129017d-853c-4409-a20c-b7ac5738f7c7,bicycle,electric_assist,2026-09-09T18:17:13Z,2026-09-09T18:23:22Z,369,1289,"LINESTRING (-9.11811 38.74153, -9.12091 38.74073, -9.12356 38.73968, -9.12609 38.73845, -9.12869 38.73732, -9.13055 38.73550)"
28bdc69c-37f1-4afb-ac71-e2ebd4af0d6e,f38b2ffc-80a4-4f5a-91c9-bc701e7ea419,Lime,0397a31d-ea9e-4ab5-b30b-89dc2577c324,bicycle,electric_assist,2026-09-09T18:22:06Z,2026-09-09T18:28:07Z,361,1116,"LINESTRING (-9.15500 38.73046, -9.15469 38.72923, -9.15314 38.72887, -9.15238 38.72776, -9.15172 38.72661, -9.15046 38.72583, -9.14995 38.72464, -9.14872 38.72382, -9.14712 38.72366)"
0d3ac7f3-bdde-40f4-b184-eb2cb2bd652b,f38b2ffc-80a4-4f5a-91c9-bc701e7ea419,Lime,200da2b8-c660-4afb-b835-6e48a99fb266,bicycle,electric_assist,2026-09-09T18:22:43Z,2026-09-09T18:29:11Z,388,1166,"LINESTRING (-9.14723 38.76208, -9.14863 38.76248, -9.14985 38.76316, -9.15032 38.76427, -9.15122 38.76520, -9.15198 38.76621, -9.15176 38.76736, -9.15070 38.76818, -9.14982 38.76913, -9.14910 38.77016)"
048704f6-c4f4-4178-8d25-b75a7d52abd8,d7a7a3cc-8c3d-4f16-9293-de8fc88b2875,Gira,6412e585-5c02-4005-93ba-2c7f62d987bf,bicycle,electric_assist,2026-09-09T18:25:00Z,2026-09-09T18:38:43Z,823,2290,"LINESTRING (-9.13473 38.70055, -9.13949 38.69876, -9.14420 38.69688, -9.14918 38.69549, -9.15427 38.69662, -9.15927 38.69797)"
3b32e4e8-7843-494b-8303-6b0ad42566c5,f3f49249-dc28-4f90-a5ae-c7978306d03b,Bolt,96ccafff-ae5f-464a-8594-bce1b63a6bc0,scooter,electric,2026-09-09T18:27:03Z,2026-09-09T18:38:41Z,698,2988,"LINESTRING (-9.15697 38.75810, -9.15353 38.75534, -9.14869 38.75457, -9.14513 38.75191, -9.14066 38.75029, -9.13581 38.74959, -9.13236 38.74684, -9.12831 38.74465)"
159f606e-5c46-4515-b1e0-323ebbcef3db,f38b2ffc-80a4-4f5a-91c9-bc701e7ea419,Lime,df2986b2-e7f2-4366-bec4-f31ced5eeb81,bicycle,electric_assist,2026-09-09T18:36:59Z,2026-09-09T18:49:34Z,755,2851,"LINESTRING (-9.13666 38.71587, -9.14322 38.71546, -9.14964 38.71659, -9.15617 38.71727, -9.16260 38.71839, -9.16918 38.71830)"
79c41aff-ee1c-4440-80da-a5d7cd58402f,f38b2ffc-80a4-4f5a-91c9-bc701e7ea419,Lime,423674a6-864f-43f3-aab0-6e9b65ed0de4,bicycle,electric_assist,2026-09-09T18:46:20Z,2026-09-09T18:56:58Z,638,2609,"LINESTRING (-9.15948 38.71269, -9.16011 38.70937, -9.16140 38.70617, -9.16193 38.70283, -9.15873 38.70059, -9.15733 38.69741, -9.15656 38.69411, -9.15546 38.69086)"
c8b33489-efe8-44d5-9d82-83916dfa0836,f38b2ffc-80a4-4f5a-91c9-bc701e7ea419,Lime,8052b13c-dc7e-451e-9fc8-16f4afbc11c4,scooter,electric,2026-09-09T18:50:27Z,2026-09-09T18:55:01Z,274,1258,"LINESTRING (-9.12858 38.75946, -9.12875 38.76172, -9.12719 38.76363, -9.12478 38.76490, -9.12208 38.76407, -9.11917 38.76405)"
e03e55ae-e74c-40f1-911d-ae2966b0cf8c,6bad6be2-8e7a-46e9-9f19-950499dd251d,Voi,cb10c60b-8b71-415b-b9c3-66f78a560810,scooter,electric,2026-09-09T18:54:36Z,2026-09-09T19:05:58Z,682,3057,"LINESTRING (-9.10457 38.75377, -9.10107 38.75338, -9.09811 38.75488, -9.09465 38.75546, -9.09172 38.75700, -9.08822 38.75734, -9.08481 38.75661, -9.08128 38.75661, -9.07850 38.75831, -9.07673 38.76070, -9.07380 38.76223)"
7c356c41-4d28-480c-8181-50a6824a051c,e5121482-3929-4d22-a255-accb1a466884,Dott,fa9495ca-e1f7-41de-b5bd-34395b0d1e48,bicycle,electric_assist,2026-09-09T19:28:51Z,2026-09-09T19:33:12Z,261,1228,"LINESTRING (-9.14571 38.75682, -9.14718 38.75636, -9.14873 38.75615, -9.15011 38.75557, -9.15087 38.75448, -9.15140 38.75333, -9.15200 38.75219, -9.15142 38.75105, -9.15045 38.75008, -9.14924 38.74929)"
7d2b843b-428b-45ef-9579-143e6634e745,6bad6be2-8e7a-46e9-9f19-950499dd251d,Voi,05ec7d95-9a6a-4668-8b44-e128774a472c,scooter,electric,2026-09-09T19:44:02Z,2026-09-09T19:54:11Z,609,2131,"LINESTRING (-9.17377 38.73375, -9.17139 38.73114, -9.16856 38.72882, -9.16616 38.72623, -9.16271 38.72449, -9.15861 38.72467, -9.15895 38.72786)"
1b455fbe-6862-459f-8f50-61990ff22e85,f38b2ffc-80a4-4f5a-91c9-bc701e7ea419,Lime,328bf8ae-57ad-457d-b4f0-31fc8acaca45,bicycle,electric_assist,2026-09-09T19:55:27Z,2026-09-09T20:08:55Z,808,2553,"LINESTRING (-9.17041 38.75404, -9.16735 38.75497, -9.16477 38.75654, -9.16158 38.75594, -9.15830 38.75584, -9.15523 38.75496, -9.15203 38.75552, -9.14900 38.75454, -9.14757 38.75224, -9.14532 38.75039)"
3b97be1f-3fb1-4f2e-b4a8-a052a533d4cf,f38b2ffc-80a4-4f5a-91c9-bc701e7ea419,Lime,e306f0c4-85f1-44e0-b464-c554f675299b,scooter,electric,2026-09-09T20:44:25Z,2026-09-09T20:49:09Z,284,1404,"LINESTRING (-9.15869 38.72805, -9.16149 38.72677, -9.16321 38.72462, -9.16350 38.72210, -9.16144 38.72015, -9.15923 38.71829)"
ec85824a-ee1a-454d-9821-37ba36b585c8,f38b2ffc-80a4-4f5a-91c9-bc701e7ea419,Lime,20550db9-9400-4427-acbd-bb71075f0e1d,bicycle,electric_assist,2026-09-09T22:07:40Z,2026-09-09T22:15:25Z,465,1807,"LINESTRING (-9.11281 38.76435, -9.11060 38.76645, -9.10995 38.76912, -9.11047 38.77180, -9.10832 38.77393, -9.10626 38.77612, -9.10628 38.77884)"
37fbc9ce-06f4-4fef-9fe5-cc5ad235c5b2,f38b2ffc-80a4-4f5a-91c9-bc701e7ea419,Lime,c129017d-853c-4409-a20c-b7ac5738f7c7,scooter,electric,2026-09-09T22:29:16Z,2026-09-09T22:37:05Z,469,1960,"LINESTRING (-9.17174 38.74724, -9.17525 38.74947, -9.17605 38.75295, -9.17400 38.75610, -9.17195 38.75925, -9.16896 38.76191)"
ca3340b3-f4aa-4eb5-84b1-a8ed9d0a8901,f3f49249-dc28-4f90-a5ae-c7978306d03b,Bolt,6823c7a5-bf45-4b3d-ae2e-514d77342c58,scooter,electric,2026-09-09T22:39:34Z,2026-09-09T22:49:18Z,584,2783,"LINESTRING (-9.12442 38.72998, -9.12743 38.73086, -9.13063 38.73112, -9.13383 38.73090, -9.13678 38.72991, -9.13999 38.72977, -9.14320 38.72999, -9.14636 38.73045, -9.14956 38.73020, -9.15243 38.72907, -9.15494 38.72751)"
c9047747-0f4c-4e32-b9a8-d2828bf431a8,f3f49249-dc28-4f90-a5ae-c7978306d03b,Bolt,b4527974-e1df-4fe1-aaee-910c83d6877d,scooter,electric,2026-09-10T00:50:48Z,2026-09-10T01:00:54Z,606,2763,"LINESTRING (-9.14234 38.71367, -9.13787 38.71437, -9.13364 38.71304, -9.12922 38.71217, -9.12498 38.71347, -9.12105 38.71527, -9.11711 38.71705, -9.11461 38.72003)"
4c5429c7-803d-4ef7-bcf1-bf70d5e2c5b3,f3f49249-dc28-4f90-a5ae-c7978306d03b,Bolt,79d762c9-cd55-43de-8738-3358d53a5eba,scooter,electric,2026-09-10T02:28:19Z,2026-09-10T02:39:45Z,686,3361,"LINESTRING (-9.12222 38.74631, -9.12100 38.75229, -9.12301 38.75814, -9.12315 38.76420, -9.12743 38.76925, -9.13448 38.77179)"
1607172a-418a-4bf5-9c92-add71960ec98,6bad6be2-8e7a-46e9-9f19-950499dd251d,Voi,dc1ff4d2-8df0-4cd1-8c3a-398cdfca29dc,scooter,electric,2026-09-10T03:08:50Z,2026-09-10T03:15:17Z,387,1376,"LINESTRING (-9.16456 38.74141, -9.16334 38.73912, -9.16532 38.73717, -9.16762 38.73546, -9.16941 38.73341, -9.17161 38.73161)"
be6997e0-4538-4624-ae7c-84be268388f8,f38b2ffc-80a4-4f5a-91c9-bc701e7ea419,Lime,968e485e-46db-43ab-9044-df5c81b2499e,bicycle,electric_assist,2026-09-10T04:38:40Z,2026-09-10T04:42:26Z,226,1172,"LINESTRING (-9.11912 38.70902, -9.11723 38.70935, -9.11531 38.70952, -9.11341 38.70921, -9.11166 38.70858, -9.10973 38.70852, -9.10836 38.70959, -9.10820 38.71109)"
64ba4d43-70e9-4f0c-9a40-dfb1d6daef19,f3f49249-dc28-4f90-a5ae-c7978306d03b,Bolt,b76a1294-8cbb-4091-858f-7eb666426014,scooter,electric,2026-09-10T06:02:15Z,2026-09-10T06:13:54Z,699,2983,"LINESTRING (-9.10788 38.71056, -9.11062 38.70662, -9.11070 38.70214, -9.11059 38.69766, -9.11213 38.69335, -9.11680 38.69074, -9.12219 38.68921)"
6b871c29-4952-478a-83b4-c4f42d8db377,e5121482-3929-4d22-a255-accb1a466884,Dott,66a27c00-6a79-4f9d-bd6c-b580ce21626c,bicycle,electric_assist,2026-09-10T06:04:06Z,2026-09-10T06:16:18Z,732,2556,"LINESTRING (-9.13582 38.72247, -9.13492 38.71791, -9.13238 38.71375, -9.13087 38.70930, -9.12628 38.70641, -9.12085 38.70461)"
5bcb7803-d5c0-4869-b436-41de4961ebbd,f38b2ffc-80a4-4f5a-91c9-bc701e7ea419,Lime,57fbeeeb-4698-45d2-943c-c5318fc460a1,scooter,electric,2026-09-10T06:50:12Z,2026-09-10T06:58:58Z,526,2072,"LINESTRING (-9.11818 38.70981, -9.11848 38.70795, -9.11770 38.70619, -9.11597 38.70490, -9.11420 38.70364, -9.11567 38.70217, -9.11728 38.70079, -9.11918 38.69966, -9.12087 38.69833, -9.12178 38.69661, -9.12368 38.69547)"
699f2305-2725-452b-ade4-dc74c1b61afb,6bad6be2-8e7a-46e9-9f19-950499dd251d,Voi,0ec3703b-37e1-4834-b4cc-204400923538,scooter,electric,2026-09-10T06:59:22Z,2026-09-10T07:03:40Z,258,1058,"LINESTRING (-9.13508 38.75347, -9.13556 38.75446, -9.13576 38.75551, -9.13537 38.75652, -9.13514 38.75757, -9.13520 38.75862, -9.13545 38.75967, -9.13616 38.76057, -9.13662 38.76157, -9.13761 38.76230)"
d90a3b6f-e498-4a8d-b941-89f0a453e905,f3f49249-dc28-4f90-a5ae-c7978306d03b,Bolt,183b60e5-0ee4-4d4c-81ef-c27d7888cb20,scooter,electric,2026-09-10T07:10:03Z,2026-09-10T07:26:27Z,984,5027,"LINESTRING (-9.15016 38.71116, -9.15649 38.70357, -9.15604 38.69452, -9.16224 38.68686, -9.16816 38.67907, -9.16604 38.67017)"
ee0925cf-9347-416a-914a-b7ec079e3cf7,f38b2ffc-80a4-4f5a-91c9-bc701e7ea419,Lime,7d836e77-af67-4461-a416-3207d0944996,bicycle,electric_assist,2026-09-10T07:46:30Z,2026-09-10T07:53:39Z,429,1876,"LINESTRING (-9.16932 38.71705, -9.17172 38.71704, -9.17397 38.71636, -9.17636 38.71615, -9.17875 38.71639, -9.18114 38.71662, -9.18311 38.71555, -9.18437 38.71394, -9.18595 38.71253, -9.18568 38.71066)"
9c888cfc-f8cc-437b-9f22-f09e65c7ca88,e5121482-3929-4d22-a255-accb1a466884,Dott,8326d343-56af-47ab-9116-dd6aabbbcfb2,scooter,electric,2026-09-10T08:07:56Z,2026-09-10T08:13:37Z,341,1496,"LINESTRING (-9.11932 38.71101, -9.11853 38.71238, -9.11833 38.71387, -9.11794 38.71534, -9.11739 38.71677, -9.11617 38.71793, -9.11491 38.71906, -9.11306 38.71946, -9.11149 38.71860, -9.11056 38.71729)"
0c1909cd-07ab-44e0-81e5-112e5580b3a9,f38b2ffc-80a4-4f5a-91c9-bc701e7ea419,Lime,bef7e268-ffe9-46ab-a058-1ccace1d62e0,bicycle,electric_assist,2026-09-10T08:15:44Z,2026-09-10T08:22:25Z,401,1657,"LINESTRING (-9.14051 38.75133, -9.14165 38.74993, -9.14372 38.74954, -9.14530 38.74843, -9.14675 38.74721, -9.14819 38.74599, -9.14805 38.74433, -9.14634 38.74335, -9.14622 38.74169, -9.14670 38.74007)"
a062718e-8965-4de8-ac98-891c020be7ae,f38b2ffc-80a4-4f5a-91c9-bc701e7ea419,Lime,6edd77d8-66e6-4127-a26b-524ace0d8d87,bicycle,electric_assist,2026-09-10T08:28:17Z,2026-09-10T08:33:31Z,314,1072,"LINESTRING (-9.15970 38.70270, -9.16105 38.70290, -9.16206 38.70217, -9.16323 38.70162, -9.16438 38.70103, -9.16530 38.70023, -9.16623 38.69943, -9.16731 38.69877, -9.16863 38.69846, -9.17000 38.69836)"
e6f749c9-1250-444b-aa0e-447e1458628d,f3f49249-dc28-4f90-a5ae-c7978306d03b,Bolt,2765e3b9-ae0f-4718-af85-b878c0590851,scooter,electric,2026-09-10T08:47:24Z,2026-09-10T09:11:19Z,1435,4436,"LINESTRING (-9.12255 38.75483, -9.12608 38.74983, -9.12856 38.74446, -9.12997 38.73885, -9.13139 38.73325, -9.13207 38.72757, -9.13662 38.72309, -9.13951 38.71785)"
01e974ff-311a-4fca-b5d7-17362a9e696d,f38b2ffc-80a4-4f5a-91c9-bc701e7ea419,Lime,9b751151-74bf-489b-879e-23da50a22a1b,scooter,electric,2026-09-10T09:30:31Z,2026-09-10T09:34:34Z,243,1208,"LINESTRING (-9.15657 38.73542, -9.15756 38.73677, -9.15953 38.73701, -9.16149 38.73728, -9.16284 38.73842, -9.16371 38.73982, -9.16438 38.74129, -9.16544 38.74260)"
087637fa-8ecb-4730-901c-8363c7529992,e5121482-3929-4d22-a255-accb1a466884,Dott,c051260e-59c9-4139-bd70-1a0dd4e8eabd,bicycle,electric_assist,2026-09-10T09:33:53Z,2026-09-10T09:41:52Z,479,1473,"LINESTRING (-9.12061 38.73021, -9.12157 38.73131, -9.12319 38.73173, -9.12462 38.73245, -9.12612 38.73308, -9.12763 38.73369, -9.12923 38.73414, -9.13069 38.73483, -9.13196 38.73570, -9.13365 38.73550, -9.13532 38.73575)"
11d6e5fa-2bb1-4c54-8bae-d796e03da5d3,f38b2ffc-80a4-4f5a-91c9-bc701e7ea419,Lime,20550db9-9400-4427-acbd-bb71075f0e1d,scooter,electric,2026-09-10T09:43:43Z,2026-09-10T10:22:44Z,2341,11975,"LINESTRING (-9.10930 38.76015, -9.10717 38.77081, -9.11318 38.78053, -9.11486 38.79124, -9.10973 38.80126, -9.10727 38.81188, -9.11153 38.82215, -9.11913 38.83116, -9.13294 38.83203, -9.14582 38.83600, -9.15850 38.84034)"
b3031bc9-2b43-40f0-810c-dbfc2ef2d502,6bad6be2-8e7a-46e9-9f19-950499dd251d,Voi,ff87d3fb-b1db-4929-9dd6-08273ab8c535,scooter,electric,2026-09-10T09:53:45Z,2026-09-10T10:03:39Z,594,2019,"LINESTRING (-9.11007 38.76397, -9.10919 38.76565, -9.10819 38.76730, -9.10691 38.76882, -9.10508 38.76995, -9.10378 38.77146, -9.10339 38.77326, -9.10369 38.77506, -9.10534 38.77635, -9.10723 38.77741, -9.10871 38.77882)"
95b9dd89-f093-4084-94f2-158642b84598,6bad6be2-8e7a-46e9-9f19-950499dd251d,Voi,1530a3b7-a23d-4925-a04d-e64c6915f7fc,scooter,electric,2026-09-10T09:58:04Z,2026-09-10T10:05:28Z,444,2009,"LINESTRING (-9.17149 38.70180, -9.17102 38.70003, -9.17084 38.69823, -9.17114 38.69643, -9.17120 38.69462, -9.17239 38.69307, -9.17282 38.69129, -9.17247 38.68950, -9.17140 38.68789, -9.17127 38.68608, -9.17131 38.68427)"
094fff01-ecc7-47b9-b2db-a98ca4708d2f,e5121482-3929-4d22-a255-accb1a466884,Dott,f4f07584-d4c0-4d4b-aa32-659bcd1259e2,scooter,electric,2026-09-10T10:46:09Z,2026-09-10T10:53:58Z,469,1444,"LINESTRING (-9.14458 38.76044, -9.14326 38.76198, -9.14179 38.76345, -9.14163 38.76530, -9.14324 38.76668, -9.14515 38.76779, -9.14723 38.76870, -9.14799 38.77046)"
213850ac-39e7-40c9-8f5d-57b21a52664f,6bad6be2-8e7a-46e9-9f19-950499dd251d,Voi,a59ec30e-67ef-45ed-9620-e849a937cbcf,scooter,electric,2026-09-10T10:48:44Z,2026-09-10T10:56:19Z,455,1302,"LINESTRING (-9.17660 38.75107, -9.17359 38.75096, -9.17068 38.75038, -9.16888 38.74849, -9.16815 38.74622, -9.16651 38.74425)"
8ead4258-b8e3-4879-915c-c7d2c6329def,f3f49249-dc28-4f90-a5ae-c7978306d03b,Bolt,300a0066-b143-48ce-8e46-9e6f14388e02,scooter,electric,2026-09-10T11:13:27Z,2026-09-10T11:17:55Z,268,1352,"LINESTRING (-9.10777 38.76257, -9.10634 38.76154, -9.10611 38.76003, -9.10590 38.75851, -9.10704 38.75727, -9.10804 38.75597, -9.10873 38.75454, -9.10951 38.75315, -9.10886 38.75171)"
4dc9ad0a-8962-467c-8015-ef77175fe0eb,f3f49249-dc28-4f90-a5ae-c7978306d03b,Bolt,96ccafff-ae5f-464a-8594-bce1b63a6bc0,scooter,electric,2026-09-10T11:32:06Z,2026-09-10T11:44:57Z,771,3243,"LINESTRING (-9.16190 38.75570, -9.16247 38.75281, -9.16529 38.75090, -9.16772 38.74867, -9.16814 38.74577, -9.16791 38.74285, -9.16894 38.74004, -9.16989 38.73721, -9.17121 38.73448, -9.16926 38.73198, -9.16663 38.72990)"
f2827bc5-459a-49e2-a772-2df293f79783,f3f49249-dc28-4f90-a5ae-c7978306d03b,Bolt,5498130b-a5f2-48e1-9a27-2fcb6ca7dc2e,scooter,electric,2026-09-10T11:36:14Z,2026-09-10T11:40:56Z,282,1247,"LINESTRING (-9.09806 38.77150, -9.09676 38.77053, -9.09509 38.77000, -9.09350 38.76933, -9.09178 38.76974, -9.08998 38.76983, -9.08829 38.77031, -9.08663 38.77085, -9.08514 38.77165)"
e3ccd71d-5a85-4120-9a65-abf5ff90da8f,f3f49249-dc28-4f90-a5ae-c7978306d03b,Bolt,9bfeb0c4-eced-4c6f-9b3a-afeca16b28b1,scooter,electric,2026-09-10T11:36:42Z,2026-09-10T11:40:00Z,198,1243,"LINESTRING (-9.12332 38.75385, -9.12115 38.75307, -9.11889 38.75243, -9.11660 38.75191, -9.11424 38.75156, -9.11192 38.75201, -9.10971 38.75273)"
1b330f14-d5ac-4a0d-8069-761139f35f9b,f38b2ffc-80a4-4f5a-91c9-bc701e7ea419,Lime,bef7e268-ffe9-46ab-a058-1ccace1d62e0,bicycle,electric_assist,2026-09-10T11:52:51Z,2026-09-10T12:05:48Z,777,3117,"LINESTRING (-9.10437 38.72794, -9.10498 38.72396, -9.10696 38.72026, -9.11044 38.71730, -9.11480 38.71518, -9.11960 38.71372, -9.11965 38.70971, -9.12011 38.70572)"
5e6e1a5f-5187-406c-affa-4f8fa11172da,e5121482-3929-4d22-a255-accb1a466884,Dott,5fce192e-e983-41ec-8432-14a7865424a1,bicycle,electric_assist,2026-09-10T12:02:52Z,2026-09-10T12:09:59Z,427,1385,"LINESTRING (-9.10973 38.76843, -9.10928 38.76963, -9.10856 38.77075, -9.10722 38.77143, -9.10599 38.77223, -9.10448 38.77265, -9.10363 38.77370, -9.10228 38.77438, -9.10168 38.77553, -9.10178 38.77678, -9.10225 38.77797)"
72dac409-1f90-444f-80e8-3caa5274e7ae,f38b2ffc-80a4-4f5a-91c9-bc701e7ea419,Lime,423674a6-864f-43f3-aab0-6e9b65ed0de4,scooter,electric,2026-09-10T12:08:20Z,2026-09-10T12:15:00Z,400,1612,"LINESTRING (-9.10843 38.76417, -9.10697 38.76531, -9.10540 38.76635, -9.10351 38.76702, -9.10152 38.76746, -9.10044 38.76883, -9.09868 38.76969, -9.09666 38.77004, -9.09466 38.76963, -9.09291 38.76877)"
56533d0b-193c-4149-be17-6cff6e4d5cd1,f3f49249-dc28-4f90-a5ae-c7978306d03b,Bolt,54eb1e9f-8fc3-4287-819b-0c586ebea6fb,scooter,electric,2026-09-10T12:22:05Z,2026-09-10T12:26:26Z,261,1168,"LINESTRING (-9.18150 38.76117, -9.17940 38.76181, -9.17735 38.76252, -9.17529 38.76324, -9.17340 38.76419, -9.17189 38.76549, -9.17010 38.76655)"
2c9d0e9c-d74c-48a6-800e-a618633f8778,f38b2ffc-80a4-4f5a-91c9-bc701e7ea419,Lime,2950e9ae-5089-4e3b-ae8b-9e7c4a815857,bicycle,electric_assist,2026-09-10T12:39:38Z,2026-09-10T12:45:28Z,350,1226,"LINESTRING (-9.14961 38.74608, -9.14765 38.74570, -9.14598 38.74659, -9.14404 38.74613, -9.14307 38.74475, -9.14232 38.74328, -9.14150 38.74184, -9.14071 38.74038)"
6aad3d6a-8296-465b-a568-4e96b49bee0b,e5121482-3929-4d22-a255-accb1a466884,Dott,975cd6d2-ae80-48a2-be19-e269154dfd6d,scooter,electric,2026-09-10T12:50:38Z,2026-09-10T13:05:07Z,869,4000,"LINESTRING (-9.16950 38.73829, -9.17534 38.73270, -9.18049 38.72672, -9.18768 38.72219, -9.18987 38.71519, -9.18912 38.70800)"
4806dd08-e7f5-415f-8807-6c62d7183961,f3f49249-dc28-4f90-a5ae-c7978306d03b,Bolt,f064376c-4558-4af0-873e-f4721ba98d07,scooter,electric,2026-09-10T12:51:37Z,2026-09-10T13:16:18Z,1481,5461,"LINESTRING (-9.13930 38.72001, -9.14645 38.72259, -9.15427 38.72341, -9.16201 38.72455, -9.16976 38.72343, -9.17734 38.72172, -9.18500 38.72027, -9.19133 38.71661, -9.19821 38.71361)"
21bec16a-70e2-49b7-9787-b98787a9ec7d,e5121482-3929-4d22-a255-accb1a466884,Dott,40868dcb-f0b6-459a-a85f-cb5025cb4dc5,bicycle,electric_assist,2026-09-10T13:20:12Z,2026-09-10T13:25:40Z,328,1351,"LINESTRING (-9.17333 38.71236, -9.17501 38.71204, -9.17635 38.71117, -9.17752 38.71017, -9.17913 38.70966, -9.18086 38.70967, -9.18254 38.70934, -9.18428 38.70939, -9.18599 38.70921, -9.18770 38.70947)"
b84e5e59-3467-488c-88ac-e8996d0a2d5d,f3f49249-dc28-4f90-a5ae-c7978306d03b,Bolt,b4527974-e1df-4fe1-aaee-910c83d6877d,scooter,electric,2026-09-10T13:20:31Z,2026-09-10T13:27:08Z,397,1657,"LINESTRING (-9.10845 38.70831, -9.10994 38.70977, -9.11199 38.71074, -9.11437 38.71086, -9.11675 38.71109, -9.11893 38.71033, -9.12083 38.70919, -9.12314 38.70870, -9.12482 38.70738)"
d008738a-b5f4-4af2-9f8b-7de124a4070d,6bad6be2-8e7a-46e9-9f19-950499dd251d,Voi,cb10c60b-8b71-415b-b9c3-66f78a560810,scooter,electric,2026-09-10T13:26:20Z,2026-09-10T13:31:51Z,331,1356,"LINESTRING (-9.16403 38.71119, -9.16480 38.70882, -9.16539 38.70642, -9.16565 38.70398, -9.16443 38.70173, -9.16473 38.69930)"
310f9412-d858-4af5-983f-b71a2e46b9c0,f38b2ffc-80a4-4f5a-91c9-bc701e7ea419,Lime,25ce93fc-c95e-41d0-8145-ff00e39f13d7,bicycle,electric_assist,2026-09-10T13:35:55Z,2026-09-10T13:41:19Z,324,1301,"LINESTRING (-9.13596 38.71812, -9.13398 38.71748, -9.13230 38.71643, -9.13069 38.71532, -9.12996 38.71375, -9.12963 38.71209, -9.12998 38.71044, -9.12947 38.70881)"
a37b35af-cea2-4f98-893c-4143c9229db4,f38b2ffc-80a4-4f5a-91c9-bc701e7ea419,Lime,2dfbc7b2-078e-4649-8425-0d88b8d3b186,bicycle,electric_assist,2026-09-10T14:01:37Z,2026-09-10T14:09:43Z,486,2078,"LINESTRING (-9.12299 38.72186, -9.12586 38.72040, -9.12819 38.71844, -9.13119 38.71714, -9.13446 38.71635, -9.13723 38.71477, -9.14060 38.71431, -9.14328 38.71264)"
b3cea881-6b64-4c56-bce6-cd4b8b19c2c5,f3f49249-dc28-4f90-a5ae-c7978306d03b,Bolt,645a3f72-a69f-4e93-bf47-f25e5d1e70ff,scooter,electric,2026-09-10T15:04:40Z,2026-09-10T15:09:54Z,314,1352,"LINESTRING (-9.14834 38.71640, -9.14656 38.71745, -9.14453 38.71818, -9.14275 38.71713, -9.14052 38.71714, -9.13838 38.71667, -9.13620 38.71628, -9.13398 38.71645)"
1d646d9b-4d34-4c96-aef1-1a6ae22c9e64,6bad6be2-8e7a-46e9-9f19-950499dd251d,Voi,497dc11f-dcb4-46ca-853a-1eb3c1a52505,scooter,electric,2026-09-10T15:07:12Z,2026-09-10T15:15:49Z,517,2432,"LINESTRING (-9.12785 38.75318, -9.12733 38.75078, -9.12725 38.74834, -9.12796 38.74597, -9.12888 38.74364, -9.13101 38.74187, -9.13411 38.74159, -9.13714 38.74219, -9.14025 38.74241, -9.14176 38.74454)"
6fe0d809-f58e-40fe-8eb6-ddf0b71df7c8,e5121482-3929-4d22-a255-accb1a466884,Dott,aa1bc2e3-3e1e-4bd8-98da-990c9704364a,bicycle,electric_assist,2026-09-10T15:13:53Z,2026-09-10T15:32:11Z,1098,2455,"LINESTRING (-9.17379 38.75537, -9.16908 38.75507, -9.16573 38.75247, -9.16187 38.75034, -9.15878 38.74755, -9.15655 38.74430, -9.15526 38.74076)"
5ea1a20d-c635-44d8-83d2-091db6e59e85,f38b2ffc-80a4-4f5a-91c9-bc701e7ea419,Lime,96060250-ea3e-4f73-884c-1884c88f63d6,bicycle,electric_assist,2026-09-10T15:53:12Z,2026-09-10T15:57:24Z,252,1167,"LINESTRING (-9.11057 38.73163, -9.11149 38.73296, -9.11302 38.73387, -9.11293 38.73537, -9.11222 38.73677, -9.11258 38.73824, -9.11235 38.73973, -9.11091 38.74073)"
c75b3b39-4ec2-43f5-beba-13b87f6033b2,f38b2ffc-80a4-4f5a-91c9-bc701e7ea419,Lime,f374bac6-5c24-42e5-b9e6-5abfb50f9e6c,scooter,electric,2026-09-10T15:54:32Z,2026-09-10T15:57:53Z,201,1098,"LINESTRING (-9.15897 38.74775, -9.16061 38.74715, -9.16242 38.74703, -9.16388 38.74619, -9.16448 38.74486, -9.16495 38.74350, -9.16508 38.74209, -9.16401 38.74095)"
e23de300-b773-4cef-bbce-a73d02ad066b,e5121482-3929-4d22-a255-accb1a466884,Dott,bc3a3d5d-dd17-46f5-ae84-840cc459318e,scooter,electric,2026-09-10T16:01:55Z,2026-09-10T16:07:57Z,362,1391,"LINESTRING (-9.17897 38.71144, -9.17723 38.71175, -9.17551 38.71137, -9.17380 38.71176, -9.17203 38.71195, -9.17028 38.71224, -9.16859 38.71268, -9.16681 38.71275, -9.16503 38.71292, -9.16337 38.71342)"
2aec5276-c822-4b0b-b8cb-eb3a952aa3d8,d7a7a3cc-8c3d-4f16-9293-de8fc88b2875,Gira,b091d372-cd24-4df9-8351-a26028c333a9,bicycle,electric_assist,2026-09-10T16:09:43Z,2026-09-10T16:20:20Z,637,1061,"LINESTRING (-9.09955 38.74143, -9.09835 38.74243, -9.09755 38.74365, -9.09588 38.74406, -9.09424 38.74454, -9.09264 38.74509, -9.09095 38.74474, -9.08920 38.74465)"
f607b85d-294f-4f76-9c28-7a1dc7057d94,d7a7a3cc-8c3d-4f16-9293-de8fc88b2875,Gira,bef36838-8a65-4a6e-9597-fea4aed9e0e7,bicycle,electric_assist,2026-09-10T16:22:38Z,2026-09-10T16:29:38Z,420,1164,"LINESTRING (-9.11120 38.72879, -9.11229 38.72687, -9.11360 38.72504, -9.11441 38.72304, -9.11390 38.72098, -9.11386 38.71888)"
63d131b4-4e5a-4513-a766-190a97f4235c,e5121482-3929-4d22-a255-accb1a466884,Dott,f4f07584-d4c0-4d4b-aa32-659bcd1259e2,scooter,electric,2026-09-10T16:25:33Z,2026-09-10T16:35:34Z,601,2036,"LINESTRING (-9.14235 38.71692, -9.14546 38.71878, -9.14556 38.72184, -9.14266 38.72390, -9.14245 38.72695, -9.13969 38.72912, -9.13673 38.73113)"
acdf362e-bcdd-408a-a21d-9a4eb2399ecb,f3f49249-dc28-4f90-a5ae-c7978306d03b,Bolt,2fc32fd3-2b15-4455-b511-3b5c20c3e9d5,scooter,electric,2026-09-10T16:34:14Z,2026-09-10T16:43:39Z,565,2454,"LINESTRING (-9.12921 38.73417, -9.12941 38.73172, -9.13182 38.73014, -9.13408 38.72843, -9.13655 38.72690, -9.13941 38.72588, -9.14246 38.72527, -9.14536 38.72624, -9.14757 38.72799, -9.14851 38.73033)"
3911607b-573e-4e88-889b-464453d8821d,f3f49249-dc28-4f90-a5ae-c7978306d03b,Bolt,bfb9ec94-0bd3-43ac-b8cc-5cbe04ab140e,scooter,electric,2026-09-10T16:39:23Z,2026-09-10T16:43:03Z,220,1144,"LINESTRING (-9.11184 38.75390, -9.11241 38.75531, -9.11368 38.75640, -9.11502 38.75743, -9.11638 38.75846, -9.11681 38.75989, -9.11695 38.76136, -9.11582 38.76254)"
60b45822-f2aa-4843-9291-f5c17b3654e9,f3f49249-dc28-4f90-a5ae-c7978306d03b,Bolt,35acf140-3dab-40b8-b6bc-3709076467e8,scooter,electric,2026-09-10T17:08:46Z,2026-09-10T17:14:50Z,364,1748,"LINESTRING (-9.12590 38.71265, -9.12830 38.71449, -9.12937 38.71698, -9.13099 38.71928, -9.13075 38.72190, -9.13158 38.72444, -9.13118 38.72705)"
c38a914d-8b21-4c8d-9e90-abbc84e41750,6bad6be2-8e7a-46e9-9f19-950499dd251d,Voi,9e6aefc8-f604-4370-9e93-4250ef659464,scooter,electric,2026-09-10T17:12:44Z,2026-09-10T17:24:52Z,728,2979,"LINESTRING (-9.17844 38.73890, -9.18201 38.73782, -9.18514 38.73610, -9.18622 38.73324, -9.19003 38.73295, -9.19205 38.73042, -9.19093 38.72757, -9.18735 38.72653, -9.18437 38.72466, -9.18311 38.72184)"
4da96f85-5b2c-4f20-9ba0-95407943be07,f3f49249-dc28-4f90-a5ae-c7978306d03b,Bolt,2c47ba69-b974-44a0-a656-e638ec4292b6,scooter,electric,2026-09-10T17:14:33Z,2026-09-10T17:21:29Z,416,1775,"LINESTRING (-9.14066 38.70016, -9.13864 38.70181, -9.13762 38.70395, -9.13625 38.70597, -9.13430 38.70767, -9.13144 38.70815, -9.13015 38.71020, -9.12909 38.71233)"
c0568025-a146-48b0-b68a-0e90a2f617d9,f38b2ffc-80a4-4f5a-91c9-bc701e7ea419,Lime,fcf2c86d-9394-4318-8fa9-60d1af925385,bicycle,electric_assist,2026-09-10T17:21:55Z,2026-09-10T17:29:21Z,446,2087,"LINESTRING (-9.14989 38.71867, -9.15225 38.71906, -9.15387 38.72045, -9.15490 38.72215, -9.15365 38.72376, -9.15350 38.72564, -9.15480 38.72722, -9.15717 38.72755, -9.15958 38.72758, -9.16153 38.72647, -9.16393 38.72639)"
eeaab396-97d1-4b2f-9f5d-f46733ae8a2d,f38b2ffc-80a4-4f5a-91c9-bc701e7ea419,Lime,15e5bc12-1adc-4207-823e-3122f714c462,scooter,electric,2026-09-10T17:27:08Z,2026-09-10T17:32:05Z,297,1340,"LINESTRING (-9.11648 38.76938, -9.11759 38.76854, -9.11913 38.76845, -9.12068 38.76846, -9.12221 38.76829, -9.12376 38.76821, -9.12529 38.76802, -9.12668 38.76854, -9.12816 38.76819, -9.12969 38.76800, -9.13122 38.76822)"
05c9bc45-ac0c-4007-a41a-59713559a2af,f3f49249-dc28-4f90-a5ae-c7978306d03b,Bolt,a20b6436-d8ec-486b-ad9e-a62ae896319b,scooter,electric,2026-09-10T17:29:11Z,2026-09-10T17:52:02Z,1371,4577,"LINESTRING (-9.17424 38.74014, -9.18388 38.74352, -9.19435 38.74469, -9.20393 38.74817, -9.21449 38.74866, -9.22491 38.74727)"
28a46dde-2680-4060-bf9f-e59bedad66f5,d7a7a3cc-8c3d-4f16-9293-de8fc88b2875,Gira,b090385c-12ba-4845-8b23-f006d2fa3fdc,bicycle,electric_assist,2026-09-10T17:40:43Z,2026-09-10T17:58:45Z,1082,3479,"LINESTRING (-9.11533 38.74456, -9.11066 38.74602, -9.10568 38.74552, -9.10203 38.74282, -9.10181 38.73891, -9.09895 38.73569, -9.09610 38.73246, -9.09293 38.72942, -9.08808 38.72841)"
16251e43-7b76-4c14-bebb-87a3ea36918e,e5121482-3929-4d22-a255-accb1a466884,Dott,13065403-5826-4a30-84d9-624817a88dd6,scooter,electric,2026-09-10T17:49:17Z,2026-09-10T17:53:27Z,250,1073,"LINESTRING (-9.12285 38.70140, -9.12181 38.70051, -9.12117 38.69941, -9.11995 38.69866, -9.11917 38.69762, -9.11927 38.69641, -9.12038 38.69557, -9.12151 38.69474, -9.12208 38.69361)"
9d07e708-1984-4283-bcf2-d8afcea4f7dd,f3f49249-dc28-4f90-a5ae-c7978306d03b,Bolt,78845e1f-e913-48da-b188-32d1fd07b7ca,scooter,electric,2026-09-10T18:00:42Z,2026-09-10T18:02:55Z,133,741,"LINESTRING (-9.15246 38.71768, -9.15139 38.71663, -9.15038 38.71555, -9.14953 38.71439, -9.14936 38.71306, -9.14905 38.71175)"
2b10f1f7-17c0-4df2-9894-80be8837c06c,e5121482-3929-4d22-a255-accb1a466884,Dott,dcd83b70-911f-4b86-b0b5-b413fb20c517,scooter,electric,2026-09-10T18:23:44Z,2026-09-10T18:29:18Z,334,1471,"LINESTRING (-9.17505 38.71987, -9.17341 38.72060, -9.17205 38.72162, -9.17027 38.72213, -9.16870 38.72295, -9.16782 38.72425, -9.16701 38.72558, -9.16528 38.72617, -9.16342 38.72589, -9.16189 38.72503)"
2604777c-f817-4543-8283-977a8e1d7394,f3f49249-dc28-4f90-a5ae-c7978306d03b,Bolt,88e6823d-2b0d-46d4-9784-0d5e644f7ae9,scooter,electric,2026-09-10T18:32:48Z,2026-09-10T18:36:54Z,246,1143,"LINESTRING (-9.16400 38.77132, -9.16315 38.77039, -9.16208 38.76960, -9.16136 38.76861, -9.16010 38.76802, -9.15869 38.76771, -9.15799 38.76670, -9.15760 38.76560, -9.15762 38.76445, -9.15695 38.76343)"
11873410-3105-4f85-8dcf-1afc4b322093,d7a7a3cc-8c3d-4f16-9293-de8fc88b2875,Gira,a7775743-3394-4e53-a049-bccb170f4449,bicycle,electric_assist,2026-09-10T18:40:38Z,2026-09-10T18:47:56Z,438,2018,"LINESTRING (-9.11046 38.72521, -9.11186 38.72375, -9.11133 38.72198, -9.11083 38.72020, -9.11259 38.71900, -9.11460 38.71809, -9.11694 38.71811, -9.11926 38.71806, -9.12158 38.71787, -9.12390 38.71806, -9.12623 38.71809)"
2f736fce-09ce-41f9-9af0-88136500e2b2,e5121482-3929-4d22-a255-accb1a466884,Dott,bc3a3d5d-dd17-46f5-ae84-840cc459318e,scooter,electric,2026-09-10T18:42:54Z,2026-09-10T18:47:27Z,273,1294,"LINESTRING (-9.18203 38.75486, -9.18410 38.75318, -9.18658 38.75187, -9.18779 38.74974, -9.18827 38.74744, -9.18988 38.74547)"
26d0de63-1b0c-4a33-8fd1-6afbc08a2488,6bad6be2-8e7a-46e9-9f19-950499dd251d,Voi,86235fc0-8b86-4604-b67e-ed924178161d,scooter,electric,2026-09-10T18:52:30Z,2026-09-10T18:57:15Z,285,1361,"LINESTRING (-9.14386 38.77175, -9.14193 38.77204, -9.14042 38.77105, -9.13871 38.77029, -9.13715 38.76936, -9.13630 38.76798, -9.13600 38.76646, -9.13652 38.76499, -9.13628 38.76347)"
be60bab6-ed35-40c4-bed5-56a56051fe56,f3f49249-dc28-4f90-a5ae-c7978306d03b,Bolt,f28d937a-f6c5-4bc1-81ea-df91c263064f,scooter,electric,2026-09-10T19:21:17Z,2026-09-10T19:33:25Z,728,4071,"LINESTRING (-9.18262 38.72548, -9.18769 38.72780, -9.19137 38.73137, -9.19684 38.73304, -9.20271 38.73276, -9.20851 38.73349, -9.21301 38.73054, -9.21484 38.72618, -9.21248 38.72198)"
ce70802e-d19d-4f32-b7bd-4cc311ec594c,e5121482-3929-4d22-a255-accb1a466884,Dott,433ee1a0-0d15-4ba5-b257-37a83e8b7985,bicycle,electric_assist,2026-09-10T19:35:57Z,2026-09-10T19:47:17Z,680,2387,"LINESTRING (-9.09526 38.70914, -9.09969 38.71169, -9.10423 38.71414, -9.10616 38.71817, -9.10692 38.72243, -9.10787 38.72667)"
da4c6905-5f24-4c17-af4c-a5bbf9451a64,6bad6be2-8e7a-46e9-9f19-950499dd251d,Voi,ff69704a-193a-4d06-bf47-412e59ff005c,scooter,electric,2026-09-10T19:55:22Z,2026-09-10T20:06:59Z,697,2150,"LINESTRING (-9.11145 38.76714, -9.11193 38.76523, -9.11031 38.76377, -9.10958 38.76191, -9.10842 38.76020, -9.10758 38.75838, -9.10681 38.75654, -9.10640 38.75462, -9.10555 38.75280, -9.10676 38.75111, -9.10914 38.75054)"
4ae20842-c4a0-41c4-85ce-bab5f9e93d13,d7a7a3cc-8c3d-4f16-9293-de8fc88b2875,Gira,b090385c-12ba-4845-8b23-f006d2fa3fdc,bicycle,electric_assist,2026-09-10T20:08:19Z,2026-09-10T20:16:03Z,464,1091,"LINESTRING (-9.15187 38.72081, -9.15322 38.72144, -9.15473 38.72180, -9.15607 38.72116, -9.15709 38.72022, -9.15826 38.71940, -9.15954 38.71868, -9.16099 38.71820, -9.16184 38.71717)"
01e26fc3-ef1d-411b-ba31-b3d052567247,f3f49249-dc28-4f90-a5ae-c7978306d03b,Bolt,5479cbec-27e4-47b1-9878-c0bffb8ac7f1,scooter,electric,2026-09-10T20:33:24Z,2026-09-10T20:36:15Z,171,730,"LINESTRING (-9.16073 38.73263, -9.15969 38.73189, -9.15830 38.73173, -9.15716 38.73109, -9.15575 38.73102, -9.15435 38.73093, -9.15300 38.73061)"
6838f167-e20e-4b65-9982-5499949c53f1,6bad6be2-8e7a-46e9-9f19-950499dd251d,Voi,caf3f372-cb53-42b5-9ada-81b0e867bc4e,scooter,electric,2026-09-10T20:41:57Z,2026-09-10T20:47:14Z,317,1206,"LINESTRING (-9.17436 38.72618, -9.17678 38.72510, -9.17906 38.72385, -9.18111 38.72238, -9.18386 38.72203, -9.18640 38.72291)"
4d30ae78-4e01-4035-9ab9-c7862795db01,f38b2ffc-80a4-4f5a-91c9-bc701e7ea419,Lime,47cd07f7-b74c-490a-9eeb-ba4e1c14df92,bicycle,electric_assist,2026-09-10T20:42:03Z,2026-09-10T20:44:23Z,140,660,"LINESTRING (-9.14393 38.71197, -9.14276 38.71235, -9.14150 38.71220, -9.14028 38.71193, -9.13903 38.71174, -9.13782 38.71143, -9.13675 38.71196)"
2c47ca1a-475c-4c28-aa74-9fb0c77ff4f2,d7a7a3cc-8c3d-4f16-9293-de8fc88b2875,Gira,f69e75a3-450d-4734-b112-cdd66e043667,bicycle,electric_assist,2026-09-10T21:12:08Z,2026-09-10T21:17:56Z,348,1390,"LINESTRING (-9.11697 38.72666, -9.11527 38.72709, -9.11349 38.72706, -9.11173 38.72732, -9.11007 38.72782, -9.10829 38.72789, -9.10653 38.72810, -9.10478 38.72839, -9.10301 38.72860, -9.10126 38.72883)"
da73cad8-c949-4628-b41d-6778d1a64761,6bad6be2-8e7a-46e9-9f19-950499dd251d,Voi,72e5e1de-0fb4-4bd2-bf74-a13571194f23,scooter,electric,2026-09-10T22:06:29Z,2026-09-10T22:29:48Z,1399,5546,"LINESTRING (-9.13911 38.70921, -9.13916 38.70297, -9.13583 38.69729, -9.13031 38.69276, -9.12434 38.68860, -9.11788 38.68492, -9.11374 38.67957, -9.10760 38.67557, -9.10123 38.67179)"
035fe795-3855-42e4-9184-e0ec8a40e8b7,f3f49249-dc28-4f90-a5ae-c7978306d03b,Bolt,408e79ea-b3a2-459e-8f15-79f2445db505,scooter,electric,2026-09-10T23:58:14Z,2026-09-11T00:06:52Z,518,1744,"LINESTRING (-9.10583 38.76889, -9.10764 38.76608, -9.11025 38.76369, -9.11368 38.76203, -9.11728 38.76061, -9.11992 38.75824)"
ec974f48-0614-441c-b157-94849f0e4b0b,f3f49249-dc28-4f90-a5ae-c7978306d03b,Bolt,b2cedc0c-b463-4028-9805-d62d9604bf34,scooter,electric,2026-09-11T02:38:12Z,2026-09-11T02:48:23Z,611,2967,"LINESTRING (-9.11256 38.75698, -9.11274 38.75431, -9.11300 38.75164, -9.11457 38.74927, -9.11528 38.74665, -9.11780 38.74484, -9.11654 38.74235, -9.11316 38.74195, -9.11025 38.74052, -9.10805 38.73847, -9.10606 38.73630)"
ffb95f24-bc45-40ed-bd5b-fe4b36bd2398,f38b2ffc-80a4-4f5a-91c9-bc701e7ea419,Lime,19cada68-bd51-4018-b6f7-b3d02351628d,bicycle,electric_assist,2026-09-11T04:33:02Z,2026-09-11T04:40:33Z,451,1814,"LINESTRING (-9.13940 38.77174, -9.13997 38.77403, -9.14183 38.77587, -9.14468 38.77515, -9.14726 38.77396, -9.14907 38.77210, -9.15175 38.77105, -9.15447 38.77202)"
c67bba36-0028-4439-a82d-f0534ced3c15,6bad6be2-8e7a-46e9-9f19-950499dd251d,Voi,95980705-73f0-494d-ae08-b785c173bada,scooter,electric,2026-09-11T05:21:10Z,2026-09-11T05:47:47Z,1597,6931,"LINESTRING (-9.17740 38.75182, -9.19332 38.75318, -9.20497 38.76175, -9.22084 38.76341, -9.23670 38.76516, -9.24819 38.77387)"
beb7cb21-4d75-4fa6-a5a5-77fe655903d5,6bad6be2-8e7a-46e9-9f19-950499dd251d,Voi,03b2eb39-5bb7-4bfc-a09d-e50d91c41ceb,scooter,electric,2026-09-11T06:26:45Z,2026-09-11T06:38:15Z,690,2089,"LINESTRING (-9.13936 38.75214, -9.13682 38.75147, -9.13428 38.75081, -9.13161 38.75097, -9.12896 38.75063, -9.12630 38.75037, -9.12368 38.74993, -9.12105 38.75036, -9.11851 38.75102, -9.11595 38.75163)"
90bdda5f-50fa-4846-8e4e-19e366e9e4b5,f38b2ffc-80a4-4f5a-91c9-bc701e7ea419,Lime,faa7176f-6d16-45c1-b671-87fd98142612,scooter,electric,2026-09-11T06:53:13Z,2026-09-11T07:07:55Z,882,3112,"LINESTRING (-9.10135 38.71979, -9.09421 38.71915, -9.08799 38.71634, -9.08087 38.71560, -9.07604 38.71144, -9.07024 38.70813)"
3bce622d-5a26-4954-a4cd-27441510456a,e5121482-3929-4d22-a255-accb1a466884,Dott,d3a4b8db-1b00-405a-a4c5-fdf8197bb6a3,bicycle,electric_assist,2026-09-11T07:02:13Z,2026-09-11T07:06:12Z,239,824,"LINESTRING (-9.13275 38.74513, -9.13353 38.74470, -9.13424 38.74421, -9.13519 38.74426, -9.13609 38.74402, -9.13704 38.74395, -9.13791 38.74425, -9.13880 38.74399, -9.13975 38.74394, -9.14043 38.74445, -9.14106 38.74502)"
7faf89f6-cd22-4407-9698-b780ca6711aa,f38b2ffc-80a4-4f5a-91c9-bc701e7ea419,Lime,6041f10e-325a-4dec-8e91-82088520bf0c,bicycle,electric_assist,2026-09-11T07:03:40Z,2026-09-11T07:07:49Z,249,1032,"LINESTRING (-9.10147 38.75567, -9.10208 38.75647, -9.10316 38.75686, -9.10434 38.75698, -9.10512 38.75768, -9.10515 38.75861, -9.10434 38.75930, -9.10369 38.76008, -9.10303 38.76085, -9.10283 38.76177, -9.10240 38.76264)"
16a8f259-fa52-4a53-8256-e9fd8de5eaca,f38b2ffc-80a4-4f5a-91c9-bc701e7ea419,Lime,0397a31d-ea9e-4ab5-b30b-89dc2577c324,scooter,electric,2026-09-11T07:53:21Z,2026-09-11T08:01:15Z,474,1637,"LINESTRING (-9.10750 38.74873, -9.10995 38.74961, -9.11250 38.74890, -9.11473 38.74772, -9.11743 38.74766, -9.12012 38.74740, -9.12282 38.74736, -9.12527 38.74825)"
658b513e-5945-45d7-bd83-bd571d190bdf,f38b2ffc-80a4-4f5a-91c9-bc701e7ea419,Lime,51a248ee-6aa8-40b5-8494-a9bc4c046460,bicycle,electric_assist,2026-09-11T08:04:31Z,2026-09-11T08:13:55Z,564,1988,"LINESTRING (-9.09661 38.72088, -9.09429 38.72269, -9.09142 38.72392, -9.08814 38.72384, -9.08515 38.72489, -9.08457 38.72741, -9.08409 38.72994, -9.08190 38.73185)"
25c84a15-79bf-4271-9814-6d823815160c,f38b2ffc-80a4-4f5a-91c9-bc701e7ea419,Lime,9543c6c3-aa22-4078-903d-c86b01504585,bicycle,electric_assist,2026-09-11T08:07:42Z,2026-09-11T08:13:35Z,353,1357,"LINESTRING (-9.13084 38.74287, -9.12966 38.74387, -9.12853 38.74490, -9.12838 38.74625, -9.12732 38.74733, -9.12698 38.74867, -9.12624 38.74990, -9.12585 38.75122, -9.12581 38.75258, -9.12581 38.75394)"
5a0e1cea-2433-49cb-a6a4-428cab548141,f3f49249-dc28-4f90-a5ae-c7978306d03b,Bolt,2b186e16-39de-46d0-a97f-ee94c0d7c2df,scooter,electric,2026-09-11T08:10:37Z,2026-09-11T08:13:10Z,153,800,"LINESTRING (-9.16141 38.71134, -9.16223 38.71086, -9.16293 38.71027, -9.16365 38.70970, -9.16440 38.70916, -9.16543 38.70909, -9.16634 38.70945, -9.16733 38.70965, -9.16828 38.70933, -9.16929 38.70923)"
ad5c8673-b071-4b27-8c11-75cd9e683103,d7a7a3cc-8c3d-4f16-9293-de8fc88b2875,Gira,4228718b-1fa0-45ae-8e93-2b83353434bf,bicycle,electric_assist,2026-09-11T08:17:56Z,2026-09-11T08:22:02Z,246,573,"LINESTRING (-9.15588 38.70526, -9.15693 38.70463, -9.15781 38.70385, -9.15887 38.70324, -9.15939 38.70229, -9.16031 38.70154)"
e1477991-e4c9-4ea7-ba5a-7ccb185d8029,d7a7a3cc-8c3d-4f16-9293-de8fc88b2875,Gira,a298ab87-7947-4af8-86ab-5ec5b802e168,bicycle,electric_assist,2026-09-11T08:18:10Z,2026-09-11T08:25:18Z,428,1784,"LINESTRING (-9.16033 38.74432, -9.16021 38.74111, -9.15860 38.73815, -9.15717 38.73513, -9.15489 38.73245, -9.15403 38.72931)"
9df86a20-2347-433f-955f-38332bbd0d6c,f3f49249-dc28-4f90-a5ae-c7978306d03b,Bolt,d1d503ae-f0e3-4542-8ca1-b5f0ca1d6872,scooter,electric,2026-09-11T08:25:57Z,2026-09-11T08:27:38Z,101,505,"LINESTRING (-9.14098 38.71875, -9.14044 38.71812, -9.14017 38.71739, -9.13971 38.71672, -9.13917 38.71609, -9.13882 38.71538, -9.13832 38.71473)"
8a2578db-6e36-471f-b173-3aa966312e6f,e5121482-3929-4d22-a255-accb1a466884,Dott,7b40fec6-f894-4f98-a6b5-5717a682c1c3,bicycle,electric_assist,2026-09-11T08:45:29Z,2026-09-11T08:54:30Z,541,1635,"LINESTRING (-9.17285 38.76413, -9.17097 38.76425, -9.16914 38.76464, -9.16729 38.76493, -9.16581 38.76584, -9.16504 38.76719, -9.16570 38.76857, -9.16535 38.77002, -9.16633 38.77128, -9.16743 38.77247, -9.16816 38.77383)"
b97c46e4-2fee-4263-a33c-df47977a75dd,f3f49249-dc28-4f90-a5ae-c7978306d03b,Bolt,a8347fb4-b94e-43d4-a5ea-919ce83811ee,scooter,electric,2026-09-11T08:50:16Z,2026-09-11T09:03:14Z,778,3152,"LINESTRING (-9.17476 38.74027, -9.17431 38.73673, -9.17282 38.73338, -9.17111 38.73009, -9.17128 38.72654, -9.17342 38.72341, -9.17773 38.72227, -9.18040 38.71939, -9.18371 38.71696)"
dcd075f5-e0dd-42f6-bd77-c0970199498b,f38b2ffc-80a4-4f5a-91c9-bc701e7ea419,Lime,c8fb4456-b76d-40c3-b078-22db703e53cf,scooter,electric,2026-09-11T09:01:06Z,2026-09-11T09:04:06Z,180,633,"LINESTRING (-9.12949 38.76146, -9.12994 38.76101, -9.13011 38.76046, -9.13028 38.75990, -9.13058 38.75938, -9.13122 38.75911, -9.13181 38.75878, -9.13229 38.75834, -9.13291 38.75804, -9.13363 38.75792, -9.13435 38.75786)"
0081261f-a03d-4010-9205-37d4e12d4bc6,f38b2ffc-80a4-4f5a-91c9-bc701e7ea419,Lime,e5a34078-795c-4b9b-8fba-5e788c7ddcd4,scooter,electric,2026-09-11T09:09:05Z,2026-09-11T09:12:20Z,195,1062,"LINESTRING (-9.12525 38.76673, -9.12667 38.76720, -9.12820 38.76723, -9.12932 38.76804, -9.13047 38.76883, -9.13119 38.76989, -9.13032 38.77087, -9.12917 38.77166, -9.12839 38.77269)"
d6970262-ee96-40a1-8595-3cd337ed611e,f38b2ffc-80a4-4f5a-91c9-bc701e7ea419,Lime,78549014-6ded-486a-9f4f-b02bb7a1774f,bicycle,electric_assist,2026-09-11T09:09:57Z,2026-09-11T09:18:36Z,519,1929,"LINESTRING (-9.11032 38.73977, -9.11083 38.73808, -9.10965 38.73660, -9.10842 38.73516, -9.10706 38.73377, -9.10568 38.73241, -9.10446 38.73096, -9.10399 38.72926, -9.10387 38.72752, -9.10410 38.72579, -9.10413 38.72406)"
1ec18432-d729-4ec2-a3fa-3bac0aae16cd,6bad6be2-8e7a-46e9-9f19-950499dd251d,Voi,69d529b9-4a46-4e1e-b5c8-84d786ffc468,scooter,electric,2026-09-11T09:36:54Z,2026-09-11T09:46:02Z,548,1920,"LINESTRING (-9.16930 38.72982, -9.17298 38.72954, -9.17667 38.72932, -9.18026 38.72864, -9.18295 38.73062, -9.18426 38.73332, -9.18646 38.73564)"
36a10761-22ee-4433-9ded-63511c9f7db8,f38b2ffc-80a4-4f5a-91c9-bc701e7ea419,Lime,14aa4e71-9d3c-4dec-80a6-1f933d6c51e3,bicycle,electric_assist,2026-09-11T09:37:13Z,2026-09-11T09:47:23Z,610,3371,"LINESTRING (-9.12546 38.76974, -9.12409 38.77294, -9.12236 38.77604, -9.12031 38.77901, -9.11682 38.78100, -9.11254 38.78049, -9.10969 38.77794, -9.10883 38.77464, -9.10749 38.77143, -9.10600 38.76826)"
ff8a3e9f-e20a-4d16-aaa8-8a172fdd2202,6bad6be2-8e7a-46e9-9f19-950499dd251d,Voi,95980705-73f0-494d-ae08-b785c173bada,scooter,electric,2026-09-11T09:50:49Z,2026-09-11T09:57:39Z,410,1411,"LINESTRING (-9.09888 38.70624, -9.09901 38.70483, -9.09827 38.70354, -9.09699 38.70254, -9.09549 38.70175, -9.09396 38.70100, -9.09269 38.70000, -9.09216 38.69864, -9.09077 38.69774, -9.08896 38.69778)"
58378aa3-6c8e-4184-8d03-69d415d14fd8,e5121482-3929-4d22-a255-accb1a466884,Dott,2b3e12cb-a7d3-49b9-a569-7c07fbcb36cc,bicycle,electric_assist,2026-09-11T11:00:24Z,2026-09-11T11:33:01Z,1957,5832,"LINESTRING (-9.11926 38.77059, -9.11177 38.76406, -9.10797 38.75582, -9.10792 38.74706, -9.10556 38.73850, -9.10384 38.72984, -9.10712 38.72147)"
05a96460-ac38-44a4-8076-0e99bd584fac,f38b2ffc-80a4-4f5a-91c9-bc701e7ea419,Lime,2c2dba9d-a39d-4086-899a-0307cb9d2149,bicycle,electric_assist,2026-09-11T11:01:31Z,2026-09-11T11:10:16Z,525,2229,"LINESTRING (-9.10027 38.71045, -9.09605 38.70987, -9.09214 38.70850, -9.08789 38.70800, -9.08441 38.70996, -9.08050 38.71134, -9.07736 38.71361)"
2d174aec-9083-4ccb-a0c9-7688d6720c5c,6bad6be2-8e7a-46e9-9f19-950499dd251d,Voi,cb10c60b-8b71-415b-b9c3-66f78a560810,scooter,electric,2026-09-11T11:06:48Z,2026-09-11T11:08:31Z,103,579,"LINESTRING (-9.16945 38.72052, -9.17045 38.72013, -9.17118 38.71947, -9.17165 38.71869, -9.17142 38.71784, -9.17212 38.71716, -9.17321 38.71735)"
62468109-8561-46dc-92e0-95e2a96699a7,f38b2ffc-80a4-4f5a-91c9-bc701e7ea419,Lime,2106119e-c40d-41b5-b97a-762393550840,bicycle,electric_assist,2026-09-11T11:17:56Z,2026-09-11T11:28:05Z,609,2124,"LINESTRING (-9.09520 38.72592, -9.09914 38.72677, -9.10280 38.72818, -9.10618 38.72998, -9.10974 38.73155, -9.11201 38.73420, -9.11383 38.73706)"
709ef31d-0f07-4760-b0d7-7568e01fc5af,f38b2ffc-80a4-4f5a-91c9-bc701e7ea419,Lime,d3801b73-c446-4b8c-82e2-61237776c655,bicycle,electric_assist,2026-09-11T11:26:40Z,2026-09-11T11:36:51Z,611,1746,"LINESTRING (-9.17571 38.75048, -9.17698 38.75218, -9.17716 38.75414, -9.17834 38.75588, -9.18082 38.75622, -9.18330 38.75584, -9.18554 38.75674, -9.18785 38.75753, -9.19037 38.75744)"
58f84d31-480f-4606-8c1f-3448ae646b07,e5121482-3929-4d22-a255-accb1a466884,Dott,497254cb-01de-4900-b460-a4424774948c,bicycle,electric_assist,2026-09-11T11:41:53Z,2026-09-11T11:54:12Z,739,2862,"LINESTRING (-9.10714 38.76300, -9.11287 38.76043, -9.11884 38.75822, -9.12509 38.75652, -9.13144 38.75508, -9.13785 38.75384)"
ce7630d1-2469-4c10-abc6-7085ccffaaa2,e5121482-3929-4d22-a255-accb1a466884,Dott,c051260e-59c9-4139-bd70-1a0dd4e8eabd,bicycle,electric_assist,2026-09-11T11:42:41Z,2026-09-11T11:52:13Z,572,2361,"LINESTRING (-9.13322 38.72013, -9.13729 38.71730, -9.14258 38.71627, -9.14786 38.71519, -9.15324 38.71588, -9.15807 38.71785)"
3fb0e9bc-9db3-4056-9234-5b893243402a,f38b2ffc-80a4-4f5a-91c9-bc701e7ea419,Lime,02ebb8d8-d734-4c4a-a86a-04d10e66c6be,scooter,electric,2026-09-11T11:46:04Z,2026-09-11T11:57:35Z,691,3888,"LINESTRING (-9.16343 38.71984, -9.17227 38.72109, -9.18099 38.71941, -9.18996 38.71961, -9.19872 38.71807, -9.20663 38.71475)"
d64da12c-7573-4316-9e26-1d40b00a6534,f3f49249-dc28-4f90-a5ae-c7978306d03b,Bolt,871340d0-11fb-4c29-8ab8-34749717e79b,scooter,electric,2026-09-11T12:13:47Z,2026-09-11T12:18:49Z,302,1181,"LINESTRING (-9.10327 38.70795, -9.10134 38.70776, -9.09965 38.70700, -9.09811 38.70607, -9.09628 38.70554, -9.09532 38.70422, -9.09442 38.70287, -9.09270 38.70217)"
961605f6-2ee4-464c-8fe5-1607d34bec80,f38b2ffc-80a4-4f5a-91c9-bc701e7ea419,Lime,9924eb8b-7575-4c2b-961f-8bfe9f93693f,bicycle,electric_assist,2026-09-11T12:14:35Z,2026-09-11T12:25:05Z,630,2805,"LINESTRING (-9.10010 38.73983, -9.09601 38.73813, -9.09243 38.73585, -9.08968 38.73294, -9.08789 38.72961, -9.08683 38.72610, -9.08469 38.72290, -9.08183 38.72006)"
f1776f9f-739f-4bb6-9850-e2ccfbf2c574,f38b2ffc-80a4-4f5a-91c9-bc701e7ea419,Lime,a7e27f8c-f92a-4541-a5dc-589698d1e304,scooter,electric,2026-09-11T12:18:40Z,2026-09-11T12:23:23Z,283,1027,"LINESTRING (-9.13836 38.77036, -9.13965 38.76980, -9.14078 38.76904, -9.14167 38.76812, -9.14289 38.76746, -9.14363 38.76646, -9.14511 38.76645, -9.14659 38.76633, -9.14777 38.76564)"
4af63c11-13e0-4a85-921a-bbf3dba17e19,f38b2ffc-80a4-4f5a-91c9-bc701e7ea419,Lime,96060250-ea3e-4f73-884c-1884c88f63d6,bicycle,electric_assist,2026-09-11T12:20:31Z,2026-09-11T12:27:42Z,431,2058,"LINESTRING (-9.16546 38.72349, -9.17021 38.72364, -9.17476 38.72470, -9.17644 38.72817, -9.17811 38.73165, -9.17995 38.73507)"
b9dbcdbf-3f8f-4f06-950d-36e092daceb2,f3f49249-dc28-4f90-a5ae-c7978306d03b,Bolt,b46ef085-8d22-42de-9b55-6bf026e8ffda,scooter,electric,2026-09-11T12:37:24Z,2026-09-11T12:43:08Z,344,1504,"LINESTRING (-9.13440 38.71260, -9.13555 38.71052, -9.13732 38.70873, -9.13935 38.70712, -9.14081 38.70517, -9.14078 38.70291, -9.14208 38.70089)"
749eaf62-e555-4c6a-96b5-bafedce53cd3,f3f49249-dc28-4f90-a5ae-c7978306d03b,Bolt,8fe20a24-fd25-4f7c-93fc-42ee2e608e3d,scooter,electric,2026-09-11T12:52:43Z,2026-09-11T13:06:22Z,819,2602,"LINESTRING (-9.13809 38.73706, -9.13393 38.73623, -9.12970 38.73676, -9.12625 38.73876, -9.12305 38.74099, -9.11991 38.74328, -9.12024 38.74662, -9.11883 38.74978)"
794664cb-5f89-45a8-8363-7ab94be24277,f3f49249-dc28-4f90-a5ae-c7978306d03b,Bolt,35acf140-3dab-40b8-b6bc-3709076467e8,scooter,electric,2026-09-11T13:27:54Z,2026-09-11T13:31:41Z,227,862,"LINESTRING (-9.17187 38.73909, -9.17280 38.73881, -9.17379 38.73870, -9.17435 38.73806, -9.17512 38.73757, -9.17603 38.73789, -9.17670 38.73847, -9.17707 38.73919, -9.17750 38.73989, -9.17817 38.74047, -9.17884 38.74104)"
b827cee7-abe6-448b-84a9-c01a595a4c1a,f38b2ffc-80a4-4f5a-91c9-bc701e7ea419,Lime,51a248ee-6aa8-40b5-8494-a9bc4c046460,bicycle,electric_assist,2026-09-11T13:32:22Z,2026-09-11T14:01:16Z,1734,4561,"LINESTRING (-9.10474 38.73144, -9.11132 38.73132, -9.11753 38.73302, -9.12407 38.73241, -9.13058 38.73319, -9.13715 38.73296, -9.14356 38.73176, -9.14945 38.72946, -9.15170 38.72464)"
0a9ba255-2aa1-4512-89d5-e9eafbb0d5e4,d7a7a3cc-8c3d-4f16-9293-de8fc88b2875,Gira,699f48c0-92fa-463f-b735-a91f741152c4,bicycle,electric_assist,2026-09-11T13:35:22Z,2026-09-11T13:46:17Z,655,2254,"LINESTRING (-9.12862 38.75340, -9.12701 38.75500, -9.12542 38.75661, -9.12395 38.75828, -9.12320 38.76023, -9.12261 38.76221, -9.12048 38.76338, -9.11965 38.76530, -9.11871 38.76720, -9.11734 38.76893, -9.11539 38.77027)"
76e9718d-1ec5-4b70-8afc-ed94ddc9ae3f,f38b2ffc-80a4-4f5a-91c9-bc701e7ea419,Lime,9b97d72a-50e9-4d6d-a779-082cecbc0534,scooter,electric,2026-09-11T13:42:19Z,2026-09-11T13:47:30Z,311,1511,"LINESTRING (-9.14113 38.71270, -9.14002 38.71444, -9.13839 38.71592, -9.13684 38.71744, -9.13597 38.71926, -9.13482 38.72099, -9.13259 38.72185, -9.13025 38.72117)"
6e96e957-b528-43ec-b449-657cbc752789,f38b2ffc-80a4-4f5a-91c9-bc701e7ea419,Lime,2c2dba9d-a39d-4086-899a-0307cb9d2149,scooter,electric,2026-09-11T13:56:24Z,2026-09-11T13:59:53Z,209,937,"LINESTRING (-9.15095 38.73477, -9.15247 38.73499, -9.15387 38.73551, -9.15540 38.73568, -9.15689 38.73600, -9.15797 38.73687, -9.15928 38.73750, -9.16062 38.73810)"
d91d01f0-e10b-47ea-a34d-0561b1916956,e5121482-3929-4d22-a255-accb1a466884,Dott,acc42b03-70ee-47e3-96e1-34138e4e45ae,scooter,electric,2026-09-11T14:09:20Z,2026-09-11T14:14:03Z,283,1028,"LINESTRING (-9.10380 38.70031, -9.10287 38.70142, -9.10198 38.70254, -9.10120 38.70372, -9.10049 38.70492, -9.09963 38.70606, -9.09922 38.70735, -9.09877 38.70862)"
c948ead9-2450-40c9-a185-c0e69e83a707,f3f49249-dc28-4f90-a5ae-c7978306d03b,Bolt,b6fe3f33-2549-4c72-9312-a6cde66f0182,scooter,electric,2026-09-11T14:26:55Z,2026-09-11T14:33:37Z,402,2295,"LINESTRING (-9.12987 38.74437, -9.13053 38.74027, -9.13128 38.73617, -9.13070 38.73206, -9.12832 38.72836, -9.12697 38.72436)"
76a446ee-0c71-468c-9211-a90f43248ca7,f3f49249-dc28-4f90-a5ae-c7978306d03b,Bolt,e991c589-7d5f-4051-9f6f-c52ba4275452,scooter,electric,2026-09-11T14:30:15Z,2026-09-11T14:37:19Z,424,1732,"LINESTRING (-9.14518 38.70229, -9.14722 38.70116, -9.14960 38.70056, -9.15204 38.70014, -9.15447 38.69968, -9.15673 38.69885, -9.15871 38.69765, -9.16070 38.69648, -9.16027 38.69456)"
56722965-f8c6-4549-a131-782279ea572e,f38b2ffc-80a4-4f5a-91c9-bc701e7ea419,Lime,96060250-ea3e-4f73-884c-1884c88f63d6,scooter,electric,2026-09-11T14:37:07Z,2026-09-11T14:43:30Z,383,1293,"LINESTRING (-9.09531 38.71243, -9.09531 38.71049, -9.09412 38.70878, -9.09211 38.70764, -9.08976 38.70700, -9.08871 38.70524, -9.08875 38.70329)"
5d56b211-0cc1-4e01-9465-78b32dcc3d77,f3f49249-dc28-4f90-a5ae-c7978306d03b,Bolt,5e35055f-1048-4dfa-9fe2-fe3ed7879ce4,scooter,electric,2026-09-11T14:52:38Z,2026-09-11T15:12:02Z,1164,4932,"LINESTRING (-9.18264 38.76922, -9.18757 38.76417, -9.19088 38.75837, -9.19143 38.75203, -9.19311 38.74582, -9.19073 38.73975, -9.19189 38.73347, -9.19246 38.72713)"
418258ad-5dea-467f-980c-51d8c1204a5f,f3f49249-dc28-4f90-a5ae-c7978306d03b,Bolt,53b87501-e21d-49b4-bd02-487e415e9732,scooter,electric,2026-09-11T15:03:25Z,2026-09-11T15:13:00Z,575,2507,"LINESTRING (-9.16980 38.72630, -9.17305 38.72754, -9.17632 38.72875, -9.17993 38.72896, -9.18351 38.72855, -9.18705 38.72795, -9.18856 38.72539, -9.18966 38.72270, -9.19203 38.72056)"
789b90f8-2cde-4c51-becf-d3b251bae7e4,f38b2ffc-80a4-4f5a-91c9-bc701e7ea419,Lime,2980f7bd-1cd3-4258-bf44-577cb8bfe77a,scooter,electric,2026-09-11T15:34:19Z,2026-09-11T15:46:42Z,743,3823,"LINESTRING (-9.11563 38.76902, -9.11266 38.76648, -9.10892 38.76463, -9.10542 38.76253, -9.10228 38.76011, -9.09945 38.75747, -9.09801 38.75421, -9.09843 38.75078, -9.09932 38.74741, -9.09847 38.74403, -9.09699 38.74078)"
dc724be1-a3c3-49a7-8d98-f3f99f1a261c,f38b2ffc-80a4-4f5a-91c9-bc701e7ea419,Lime,ddba7481-a674-4fca-89ba-f21c8d903c66,bicycle,electric_assist,2026-09-11T15:53:36Z,2026-09-11T15:58:41Z,305,1692,"LINESTRING (-9.11261 38.73184, -9.11105 38.73067, -9.10921 38.72976, -9.10734 38.72890, -9.10530 38.72833, -9.10343 38.72746, -9.10138 38.72691, -9.09954 38.72781, -9.09757 38.72852, -9.09681 38.73011)"
e0b4f70d-5eb1-46a1-8f00-86f1c92977a2,f38b2ffc-80a4-4f5a-91c9-bc701e7ea419,Lime,7d510557-ed4d-49b8-85dc-0a68cdb54088,bicycle,electric_assist,2026-09-11T16:22:18Z,2026-09-11T16:29:12Z,414,1616,"LINESTRING (-9.13594 38.71978, -9.13740 38.72152, -9.13698 38.72358, -9.13589 38.72548, -9.13365 38.72661, -9.13108 38.72715, -9.12842 38.72728, -9.12651 38.72582)"
80ded427-a363-429a-8cdb-015e5a0044ec,f38b2ffc-80a4-4f5a-91c9-bc701e7ea419,Lime,f551abfd-2197-43c5-9682-e074791572d5,bicycle,electric_assist,2026-09-11T16:22:59Z,2026-09-11T16:32:06Z,547,2164,"LINESTRING (-9.10545 38.74728, -9.10517 38.74943, -9.10579 38.75154, -9.10448 38.75345, -9.10244 38.75492, -9.09966 38.75500, -9.09689 38.75481, -9.09413 38.75460, -9.09143 38.75409, -9.08895 38.75311)"
127f7d39-7b6c-4afc-99ad-24e3860e1fe1,6bad6be2-8e7a-46e9-9f19-950499dd251d,Voi,dc1ff4d2-8df0-4cd1-8c3a-398cdfca29dc,scooter,electric,2026-09-11T16:53:03Z,2026-09-11T17:35:54Z,2571,11313,"LINESTRING (-9.18228 38.74190, -9.19605 38.73831, -9.20757 38.73143, -9.22192 38.72971, -9.23518 38.73433, -9.24833 38.73912, -9.26276 38.74037, -9.27586 38.73549, -9.28545 38.72699, -9.29500 38.71846)"
3d4262da-21e2-4e1e-8441-0d3e466a8d22,6bad6be2-8e7a-46e9-9f19-950499dd251d,Voi,1c3e16e0-4fb0-44de-83f6-697df3e25f12,scooter,electric,2026-09-11T17:01:08Z,2026-09-11T17:10:07Z,539,2506,"LINESTRING (-9.13183 38.70162, -9.12955 38.70023, -9.12697 38.69920, -9.12412 38.69883, -9.12244 38.69698, -9.12013 38.69563, -9.11725 38.69538, -9.11436 38.69540, -9.11147 38.69534, -9.10858 38.69525, -9.10717 38.69327)"
4bb22b4d-11ec-4ef9-a1b5-6e0884a79beb,e5121482-3929-4d22-a255-accb1a466884,Dott,2cfb16e6-5288-4663-8c84-9a79afcc4d31,scooter,electric,2026-09-11T17:13:44Z,2026-09-11T17:19:23Z,339,2289,"LINESTRING (-9.14168 38.71658, -9.14659 38.71505, -9.15184 38.71455, -9.15712 38.71467, -9.16228 38.71375, -9.16756 38.71361)"
2db00373-cd3a-4e7c-9dd3-d40f76821b56,f38b2ffc-80a4-4f5a-91c9-bc701e7ea419,Lime,57fbeeeb-4698-45d2-943c-c5318fc460a1,scooter,electric,2026-09-11T17:23:43Z,2026-09-11T17:27:03Z,200,1213,"LINESTRING (-9.17371 38.75794, -9.17553 38.75908, -9.17640 38.76077, -9.17765 38.76231, -9.17976 38.76309, -9.18184 38.76391, -9.18416 38.76416)"
864e9e89-1ccc-4ff6-95ca-57353bb1c1b5,f38b2ffc-80a4-4f5a-91c9-bc701e7ea419,Lime,7dabe929-c4a3-44bf-86cd-75e9bb049a79,bicycle,electric_assist,2026-09-11T17:24:29Z,2026-09-11T17:36:29Z,720,2418,"LINESTRING (-9.11100 38.74140, -9.11304 38.74322, -9.11376 38.74557, -9.11408 38.74798, -9.11582 38.74999, -9.11887 38.74954, -9.12186 38.74890, -9.12428 38.74738, -9.12565 38.74521, -9.12759 38.74332)"
6a05efc7-ef60-4111-b58d-d0444202b952,f3f49249-dc28-4f90-a5ae-c7978306d03b,Bolt,3d09dbf2-6668-4d40-be16-8259b0c1a87c,scooter,electric,2026-09-11T17:29:13Z,2026-09-11T17:41:08Z,715,2216,"LINESTRING (-9.11903 38.70632, -9.12125 38.70992, -9.12223 38.71384, -9.12006 38.71746, -9.11606 38.71995, -9.11123 38.72128)"
d6d0a943-8c4e-4fa6-b0b3-2ce6e84ba185,6bad6be2-8e7a-46e9-9f19-950499dd251d,Voi,cad71eb4-59c8-40ea-bc48-ec7262e7825f,scooter,electric,2026-09-11T18:07:59Z,2026-09-11T18:38:41Z,1842,5966,"LINESTRING (-9.12567 38.70055, -9.12254 38.69429, -9.11915 38.68811, -9.11152 38.68501, -9.10359 38.68762, -9.09523 38.68922, -9.08976 38.69440, -9.08300 38.69857, -9.07796 38.70401)"
f5078581-da36-4705-976d-aa613f920feb,6bad6be2-8e7a-46e9-9f19-950499dd251d,Voi,0ec3703b-37e1-4834-b4cc-204400923538,scooter,electric,2026-09-11T18:08:30Z,2026-09-11T18:19:46Z,676,3181,"LINESTRING (-9.13648 38.76512, -9.14012 38.76470, -9.14290 38.76283, -9.14563 38.76091, -9.14905 38.75985, -9.15195 38.76161, -9.15263 38.76442, -9.15357 38.76720, -9.15598 38.76936, -9.15625 38.77222, -9.15795 38.77476)"
828e7e65-8e7e-4d71-aa91-e9188fee00a5,e5121482-3929-4d22-a255-accb1a466884,Dott,c4f27979-7053-4e0b-8611-fa58f40924ff,scooter,electric,2026-09-11T18:27:55Z,2026-09-11T18:41:18Z,803,3144,"LINESTRING (-9.13951 38.70269, -9.14248 38.70482, -9.14641 38.70411, -9.14716 38.70101, -9.14806 38.69794, -9.14567 38.69541, -9.14382 38.69261, -9.14317 38.68950, -9.14322 38.68636, -9.14120 38.68363)"
25029b00-00ef-4ba0-a967-d33b708fda85,e5121482-3929-4d22-a255-accb1a466884,Dott,4d8984a3-8c90-480b-9dcd-a265352991ba,scooter,electric,2026-09-11T18:39:49Z,2026-09-11T18:46:19Z,390,1410,"LINESTRING (-9.12754 38.71288, -9.12837 38.71434, -9.12894 38.71586, -9.12975 38.71732, -9.13046 38.71881, -9.13066 38.72039, -9.13115 38.72193, -9.13086 38.72351, -9.13120 38.72507)"
91231a0d-21a8-4071-8850-40daa211ed57,f3f49249-dc28-4f90-a5ae-c7978306d03b,Bolt,f9b75d10-c76f-410c-91ac-44be1521f652,scooter,electric,2026-09-11T18:44:50Z,2026-09-11T18:52:33Z,463,2073,"LINESTRING (-9.16124 38.76823, -9.16407 38.76747, -9.16669 38.76635, -9.16881 38.76470, -9.17120 38.76329, -9.17341 38.76171, -9.17620 38.76088, -9.17920 38.76096, -9.18212 38.76043)"
8f6cd561-d466-4a28-9f0a-73c9c636bd38,f3f49249-dc28-4f90-a5ae-c7978306d03b,Bolt,20615b85-86cd-4ae5-9b01-02de820e8925,scooter,electric,2026-09-11T19:28:13Z,2026-09-11T19:42:41Z,868,3835,"LINESTRING (-9.12461 38.73063, -9.12362 38.73488, -9.12010 38.73822, -9.11841 38.74233, -9.11473 38.74556, -9.11239 38.74947, -9.10878 38.75274, -9.10564 38.75631, -9.10357 38.76031)"
9af85e29-b0b5-4c36-a9ee-375397cf3dda,f3f49249-dc28-4f90-a5ae-c7978306d03b,Bolt,bbf7d98f-8cdc-46ee-af6d-14850b62fb05,scooter,electric,2026-09-11T19:29:48Z,2026-09-11T19:44:20Z,872,3331,"LINESTRING (-9.11080 38.72636, -9.10699 38.72865, -9.10238 38.72972, -9.09899 38.73238, -9.09792 38.73604, -9.09789 38.73979, -9.09367 38.74159, -9.09225 38.74518, -9.08984 38.74843)"
0698eade-4141-40b7-a111-3f1ca21a99ac,f3f49249-dc28-4f90-a5ae-c7978306d03b,Bolt,8325ae95-460c-4e06-9e17-36fd32e03cee,scooter,electric,2026-09-11T19:40:01Z,2026-09-11T19:50:54Z,653,2559,"LINESTRING (-9.16331 38.70170, -9.16225 38.70489, -9.15934 38.70728, -9.15724 38.71014, -9.15444 38.71260, -9.15250 38.71553, -9.15089 38.71857, -9.14672 38.71912)"
fbc44a53-ab9a-475d-991e-dc054d55e6b1,e5121482-3929-4d22-a255-accb1a466884,Dott,497254cb-01de-4900-b460-a4424774948c,bicycle,electric_assist,2026-09-11T19:58:46Z,2026-09-11T20:06:32Z,466,1842,"LINESTRING (-9.16096 38.72169, -9.16155 38.72329, -9.16198 38.72491, -9.16350 38.72608, -9.16480 38.72739, -9.16631 38.72856, -9.16627 38.73022, -9.16696 38.73179, -9.16652 38.73341, -9.16687 38.73505, -9.16614 38.73661)"
f250bfc3-7d90-4f94-9d97-ceae5ee2e0ca,6bad6be2-8e7a-46e9-9f19-950499dd251d,Voi,dd613171-ea1b-48a9-8cce-eb0d62495879,scooter,electric,2026-09-11T19:59:40Z,2026-09-11T20:08:59Z,559,2530,"LINESTRING (-9.10323 38.72120, -9.10122 38.71881, -9.10165 38.71598, -9.10047 38.71329, -9.09989 38.71047, -9.10020 38.70763, -9.09812 38.70529, -9.09617 38.70288, -9.09275 38.70188)"
c3d459e6-d423-4ac2-b45a-a404e7682665,f38b2ffc-80a4-4f5a-91c9-bc701e7ea419,Lime,6fce4808-b715-4e9c-bc42-513d0ec0e2e2,bicycle,electric_assist,2026-09-11T20:38:05Z,2026-09-11T20:42:20Z,255,999,"LINESTRING (-9.15028 38.77200, -9.14839 38.77227, -9.14656 38.77274, -9.14470 38.77312, -9.14324 38.77410, -9.14166 38.77495, -9.14018 38.77590)"
cab24c2e-e6b8-48ae-ae10-7983f014a494,6bad6be2-8e7a-46e9-9f19-950499dd251d,Voi,dd613171-ea1b-48a9-8cce-eb0d62495879,scooter,electric,2026-09-11T20:49:26Z,2026-09-11T20:54:26Z,300,1354,"LINESTRING (-9.12744 38.71598, -9.12906 38.71683, -9.13094 38.71725, -9.13234 38.71618, -9.13387 38.71524, -9.13583 38.71516, -9.13776 38.71538, -9.13924 38.71638, -9.14056 38.71750)"
daae5e45-261d-4fb3-adcf-1d2a86941b22,f3f49249-dc28-4f90-a5ae-c7978306d03b,Bolt,e991c589-7d5f-4051-9f6f-c52ba4275452,scooter,electric,2026-09-11T22:02:49Z,2026-09-11T22:33:14Z,1825,6843,"LINESTRING (-9.16188 38.75350, -9.17065 38.75388, -9.17911 38.75204, -9.18714 38.74927, -9.19592 38.74901, -9.20358 38.75236, -9.20617 38.75891, -9.20608 38.76576, -9.20682 38.77259, -9.20766 38.77941)"
603ecb93-6d51-4b94-8937-af30c562235d,e5121482-3929-4d22-a255-accb1a466884,Dott,40868dcb-f0b6-459a-a85f-cb5025cb4dc5,scooter,electric,2026-09-11T22:26:32Z,2026-09-11T22:38:47Z,735,3761,"LINESTRING (-9.11226 38.76801, -9.11789 38.77156, -9.12457 38.77374, -9.13120 38.77603, -9.13831 38.77496, -9.14541 38.77384, -9.15255 38.77288)"
59aa412a-7b7e-4173-a927-5f89f8bb96dc,f38b2ffc-80a4-4f5a-91c9-bc701e7ea419,Lime,e060a724-2411-4258-b51b-4c8349a047dc,scooter,electric,2026-09-12T00:25:55Z,2026-09-12T00:29:36Z,221,968,"LINESTRING (-9.10576 38.70660, -9.10527 38.70738, -9.10420 38.70765, -9.10343 38.70828, -9.10249 38.70875, -9.10170 38.70937, -9.10071 38.70978, -9.09981 38.71030, -9.09903 38.71092, -9.09889 38.71179, -9.09813 38.71243)"
36d835b6-4a6e-4b0c-804b-4d0fc83dd5ce,f38b2ffc-80a4-4f5a-91c9-bc701e7ea419,Lime,f35031ce-015c-4d5c-a4cf-ed0e7c1f9183,bicycle,electric_assist,2026-09-12T02:11:09Z,2026-09-12T02:20:16Z,547,2272,"LINESTRING (-9.15838 38.76769, -9.15558 38.76833, -9.15266 38.76833, -9.14975 38.76823, -9.14683 38.76811, -9.14392 38.76800, -9.14123 38.76889, -9.13871 38.77004, -9.13793 38.77223, -9.13790 38.77450)"
e503ceb7-1d55-47fe-ba98-ee0faf8f9a35,f3f49249-dc28-4f90-a5ae-c7978306d03b,Bolt,b8d92d95-b9d3-4bd2-9086-a15edce937e4,scooter,electric,2026-09-12T02:36:27Z,2026-09-12T02:51:51Z,924,3674,"LINESTRING (-9.12037 38.74495, -9.11320 38.74140, -9.10474 38.74191, -9.09770 38.74561, -9.08922 38.74603, -9.08172 38.74912)"
b6465f04-3633-4767-bbf4-5f323d085e71,e5121482-3929-4d22-a255-accb1a466884,Dott,2cc11466-371e-40bf-bc72-aeb01b63bb4d,scooter,electric,2026-09-12T02:42:24Z,2026-09-12T02:49:09Z,405,2404,"LINESTRING (-9.13106 38.75625, -9.13126 38.75409, -9.13207 38.75202, -9.13201 38.74985, -9.13172 38.74770, -9.13303 38.74579, -9.13414 38.74380, -9.13357 38.74168, -9.13228 38.73976, -9.12976 38.73885, -9.12703 38.73849)"
fc330044-f5b4-4f6c-b5f9-5fb2ced85a5c,f38b2ffc-80a4-4f5a-91c9-bc701e7ea419,Lime,50931ba9-f55e-4054-8389-73ec6afa2b31,bicycle,electric_assist,2026-09-12T04:52:33Z,2026-09-12T04:56:12Z,219,1023,"LINESTRING (-9.13432 38.77116, -9.13364 38.77014, -9.13241 38.76950, -9.13189 38.76842, -9.13050 38.76802, -9.12946 38.76721, -9.12906 38.76610, -9.12836 38.76508, -9.12803 38.76396)"
331c2993-76f5-4cae-a467-efcbccf090de,e5121482-3929-4d22-a255-accb1a466884,Dott,76ca39b1-649a-47a2-8969-13c73a7192c1,bicycle,electric_assist,2026-09-12T06:38:42Z,2026-09-12T06:47:26Z,524,1695,"LINESTRING (-9.11818 38.74171, -9.11536 38.74043, -9.11287 38.73878, -9.11078 38.73683, -9.10805 38.73543, -9.10520 38.73419, -9.10221 38.73316)"
b1029ed7-774c-4fd1-82b1-6bba51ab41e5,e5121482-3929-4d22-a255-accb1a466884,Dott,627d12f9-37f3-4bfc-b208-392d7fbb836c,bicycle,electric_assist,2026-09-12T06:59:04Z,2026-09-12T07:05:12Z,368,1696,"LINESTRING (-9.11128 38.71736, -9.11161 38.71904, -9.11186 38.72073, -9.11139 38.72238, -9.11234 38.72391, -9.11258 38.72560, -9.11423 38.72670, -9.11553 38.72807, -9.11621 38.72968, -9.11803 38.73060)"
c7113147-3b98-41d1-8e28-6af7213c8f3a,6bad6be2-8e7a-46e9-9f19-950499dd251d,Voi,cad71eb4-59c8-40ea-bc48-ec7262e7825f,scooter,electric,2026-09-12T07:25:55Z,2026-09-12T07:33:58Z,483,2048,"LINESTRING (-9.11043 38.73421, -9.10974 38.73118, -9.11015 38.72813, -9.11190 38.72537, -9.11108 38.72236, -9.10933 38.71961, -9.10766 38.71682)"
c07fc2c8-4e6a-4478-b3a1-e8e8aab3b328,f3f49249-dc28-4f90-a5ae-c7978306d03b,Bolt,7543ade1-930b-4eb6-8b20-cf984495c05b,scooter,electric,2026-09-12T07:57:11Z,2026-09-12T08:02:39Z,328,1607,"LINESTRING (-9.15102 38.73948, -9.15123 38.74092, -9.15095 38.74235, -9.15067 38.74378, -9.14951 38.74492, -9.14881 38.74626, -9.14902 38.74770, -9.15046 38.74861, -9.15228 38.74891, -9.15411 38.74914, -9.15597 38.74925)"
3c77b688-b2ba-45a5-9b88-f14962cd7612,f38b2ffc-80a4-4f5a-91c9-bc701e7ea419,Lime,8c1f6387-11cb-4ea7-b5fc-684aadb21095,bicycle,electric_assist,2026-09-12T08:10:09Z,2026-09-12T08:13:23Z,194,768,"LINESTRING (-9.12920 38.74828, -9.13005 38.74849, -9.13087 38.74875, -9.13173 38.74892, -9.13259 38.74911, -9.13345 38.74928, -9.13433 38.74928, -9.13508 38.74890, -9.13575 38.74845, -9.13657 38.74820, -9.13725 38.74775)"
54d43330-8f4d-463f-a33e-a4176b3f872f,f3f49249-dc28-4f90-a5ae-c7978306d03b,Bolt,d421f543-3f3d-46be-84d9-ab128e3b5710,scooter,electric,2026-09-12T08:10:54Z,2026-09-12T08:19:38Z,524,2772,"LINESTRING (-9.09950 38.73974, -9.09710 38.74179, -9.09363 38.74240, -9.09009 38.74214, -9.08662 38.74151, -9.08408 38.73957, -9.08055 38.73923, -9.07714 38.73844, -9.07363 38.73795, -9.07008 38.73797)"
b3eba04b-08ca-4f68-886a-bdd79883e901,f3f49249-dc28-4f90-a5ae-c7978306d03b,Bolt,35acf140-3dab-40b8-b6bc-3709076467e8,scooter,electric,2026-09-12T08:13:54Z,2026-09-12T08:16:33Z,159,691,"LINESTRING (-9.10967 38.74114, -9.11096 38.74041, -9.11175 38.73933, -9.11226 38.73814, -9.11334 38.73723, -9.11405 38.73611)"
b4f353a7-a4de-42e4-a09f-b112b60596f3,f3f49249-dc28-4f90-a5ae-c7978306d03b,Bolt,68e217ff-59a0-41a9-8984-e3cdc2425fce,scooter,electric,2026-09-12T08:49:00Z,2026-09-12T08:57:17Z,497,1618,"LINESTRING (-9.09729 38.72514, -9.09874 38.72422, -9.10040 38.72354, -9.10022 38.72209, -9.09906 38.72095, -9.09807 38.71971, -9.09701 38.71851, -9.09583 38.71738, -9.09489 38.71612, -9.09423 38.71475, -9.09329 38.71349)"
33d31419-a858-47a8-b9b5-8981bd863b2b,e5121482-3929-4d22-a255-accb1a466884,Dott,2b3e12cb-a7d3-49b9-a569-7c07fbcb36cc,bicycle,electric_assist,2026-09-12T09:07:00Z,2026-09-12T09:16:06Z,546,1625,"LINESTRING (-9.16349 38.76284, -9.16124 38.76232, -9.15906 38.76300, -9.15696 38.76381, -9.15484 38.76460, -9.15264 38.76523, -9.15043 38.76585, -9.14862 38.76702, -9.14701 38.76835)"
7d93a5d6-78f0-498b-8d69-6041f6efebdb,f38b2ffc-80a4-4f5a-91c9-bc701e7ea419,Lime,731c9452-1919-493a-9117-45ad49889310,bicycle,electric_assist,2026-09-12T09:23:28Z,2026-09-12T09:29:49Z,381,1970,"LINESTRING (-9.10425 38.76232, -9.10150 38.76515, -9.10100 38.76868, -9.09950 38.77203, -9.09767 38.77528, -9.09537 38.77835)"
98626000-c932-4dff-9993-7851c57db6d8,f3f49249-dc28-4f90-a5ae-c7978306d03b,Bolt,c699d5ef-454b-48f8-9c7e-f9e3caaba2c9,scooter,electric,2026-09-12T09:35:04Z,2026-09-12T10:07:53Z,1969,5928,"LINESTRING (-9.10583 38.71385, -9.09588 38.70950, -9.08892 38.70245, -9.08220 38.69525, -9.08006 38.68651, -9.07993 38.67760, -9.08266 38.66896)"
92986162-8eab-4b0f-a47b-5d34acffd75d,e5121482-3929-4d22-a255-accb1a466884,Dott,0062c542-2380-4f92-9d88-e6528cd46d02,bicycle,electric_assist,2026-09-12T09:47:06Z,2026-09-12T09:52:02Z,296,1158,"LINESTRING (-9.12275 38.70582, -9.12141 38.70587, -9.12007 38.70582, -9.11876 38.70603, -9.11744 38.70587, -9.11633 38.70645, -9.11508 38.70680, -9.11374 38.70674, -9.11257 38.70724, -9.11141 38.70776, -9.11022 38.70727)"
1a822653-6bea-476d-9425-52cf16e1ed31,f38b2ffc-80a4-4f5a-91c9-bc701e7ea419,Lime,f374bac6-5c24-42e5-b9e6-5abfb50f9e6c,bicycle,electric_assist,2026-09-12T09:56:26Z,2026-09-12T10:02:59Z,393,1977,"LINESTRING (-9.13110 38.70979, -9.13316 38.70661, -9.13454 38.70321, -9.13820 38.70109, -9.14228 38.69948, -9.14398 38.69618)"
11a5173c-e8b2-4cd0-95f2-5638806ed001,f3f49249-dc28-4f90-a5ae-c7978306d03b,Bolt,78845e1f-e913-48da-b188-32d1fd07b7ca,scooter,electric,2026-09-12T10:03:53Z,2026-09-12T10:11:17Z,444,2660,"LINESTRING (-9.16054 38.71007, -9.15993 38.71242, -9.15853 38.71455, -9.15700 38.71663, -9.15565 38.71878, -9.15329 38.72032, -9.15080 38.72172, -9.14969 38.72395, -9.14885 38.72626, -9.14674 38.72800, -9.14496 38.72995)"
a2c69975-4828-4940-bf40-ffc6f5a56d34,f38b2ffc-80a4-4f5a-91c9-bc701e7ea419,Lime,9b751151-74bf-489b-879e-23da50a22a1b,scooter,electric,2026-09-12T10:35:39Z,2026-09-12T10:45:00Z,561,1987,"LINESTRING (-9.13501 38.73613, -9.13733 38.73304, -9.14162 38.73177, -9.14621 38.73169, -9.15055 38.73287, -9.15116 38.73642)"
3374bd36-ada4-4267-9b20-5caef365a49b,e5121482-3929-4d22-a255-accb1a466884,Dott,4c22499d-d4b2-4a27-b0b2-a517ba58b47b,scooter,electric,2026-09-12T10:42:16Z,2026-09-12T10:50:44Z,508,2185,"LINESTRING (-9.12543 38.76581, -9.12858 38.76562, -9.13167 38.76612, -9.13450 38.76722, -9.13751 38.76796, -9.14065 38.76773, -9.14350 38.76879, -9.14531 38.77081, -9.14706 38.77286)"
aaf3d365-a9c9-439b-a168-d18c47d1f4d4,f3f49249-dc28-4f90-a5ae-c7978306d03b,Bolt,cc941d42-62e0-4dd6-9bda-22cf907b12b7,scooter,electric,2026-09-12T10:59:18Z,2026-09-12T11:02:54Z,216,877,"LINESTRING (-9.12179 38.75174, -9.12180 38.75086, -9.12168 38.74999, -9.12217 38.74920, -9.12266 38.74840, -9.12219 38.74761, -9.12186 38.74677, -9.12138 38.74597, -9.12090 38.74518, -9.12031 38.74443)"
afdc11e1-ce09-40d8-b085-c80b3e2f6788,e5121482-3929-4d22-a255-accb1a466884,Dott,0104a2ff-208e-4c04-9148-da691cf65d21,scooter,electric,2026-09-12T11:13:45Z,2026-09-12T11:16:56Z,191,710,"LINESTRING (-9.17863 38.75597, -9.17929 38.75504, -9.17933 38.75397, -9.17887 38.75297, -9.17900 38.75191, -9.17879 38.75085, -9.17872 38.74979)"
3ef00547-19a7-4b9f-a889-72096a0c0836,f3f49249-dc28-4f90-a5ae-c7978306d03b,Bolt,ae997691-f7a3-4672-813e-4826c14182a2,scooter,electric,2026-09-12T11:35:54Z,2026-09-12T11:39:13Z,199,872,"LINESTRING (-9.14775 38.76463, -9.14862 38.76423, -9.14953 38.76389, -9.15050 38.76369, -9.15150 38.76384, -9.15250 38.76382, -9.15344 38.76411, -9.15443 38.76395, -9.15517 38.76342, -9.15618 38.76343, -9.15678 38.76406)"
af0b991c-424a-4924-8e93-d91ed5c216a1,f3f49249-dc28-4f90-a5ae-c7978306d03b,Bolt,9c992583-a4f5-4734-9436-28f75581ebc2,scooter,electric,2026-09-12T11:35:56Z,2026-09-12T11:55:19Z,1163,5092,"LINESTRING (-9.15591 38.70846, -9.15036 38.70354, -9.14570 38.69809, -9.14128 38.69251, -9.13309 38.69107, -9.12482 38.68994, -9.11650 38.69081, -9.10820 38.68978)"
ba01786e-3e67-48e8-baac-77621d540c04,f3f49249-dc28-4f90-a5ae-c7978306d03b,Bolt,5479cbec-27e4-47b1-9878-c0bffb8ac7f1,scooter,electric,2026-09-12T11:55:34Z,2026-09-12T12:11:34Z,960,3555,"LINESTRING (-9.16493 38.72188, -9.16073 38.72418, -9.15673 38.72669, -9.15165 38.72615, -9.14669 38.72511, -9.14166 38.72592, -9.13654 38.72564, -9.13154 38.72475, -9.12641 38.72477)"
f4556c52-f479-40ce-a484-b1dbb808cd8b,f3f49249-dc28-4f90-a5ae-c7978306d03b,Bolt,4f077111-f7eb-4fda-b58c-e418b47da864,scooter,electric,2026-09-12T12:20:51Z,2026-09-12T12:22:23Z,92,400,"LINESTRING (-9.12678 38.71975, -9.12668 38.71904, -9.12654 38.71832, -9.12729 38.71790, -9.12813 38.71821, -9.12904 38.71828)"
0db8f5a2-1a93-44c7-8e52-c6c9a6fdcfae,f38b2ffc-80a4-4f5a-91c9-bc701e7ea419,Lime,ddba7481-a674-4fca-89ba-f21c8d903c66,scooter,electric,2026-09-12T12:22:11Z,2026-09-12T12:32:24Z,613,2404,"LINESTRING (-9.16657 38.73167, -9.16127 38.73296, -9.15635 38.73498, -9.15080 38.73512, -9.14533 38.73434, -9.14098 38.73165)"
6436917e-a3a4-4d24-a5f6-d2093bff29cb,f3f49249-dc28-4f90-a5ae-c7978306d03b,Bolt,e58af8d3-b78a-4267-927f-3b9a3df43939,scooter,electric,2026-09-12T12:37:50Z,2026-09-12T12:42:41Z,291,1528,"LINESTRING (-9.14626 38.71199, -9.14380 38.71325, -9.14135 38.71452, -9.13841 38.71461, -9.13735 38.71675, -9.13468 38.71772, -9.13455 38.72001)"
2093fd6f-dab2-4e9a-b314-c7357a76fc39,6bad6be2-8e7a-46e9-9f19-950499dd251d,Voi,a59ec30e-67ef-45ed-9620-e849a937cbcf,scooter,electric,2026-09-12T12:45:11Z,2026-09-12T12:53:17Z,486,1814,"LINESTRING (-9.10296 38.70424, -9.10347 38.70099, -9.10705 38.69930, -9.10993 38.69692, -9.11335 38.69503, -9.11567 38.69231)"
07394fec-df6a-4007-8844-692e0cce4165,e5121482-3929-4d22-a255-accb1a466884,Dott,4b62275f-b2f5-4e5c-bd2a-40c8369c8a50,bicycle,electric_assist,2026-09-12T12:52:32Z,2026-09-12T13:15:17Z,1365,4046,"LINESTRING (-9.10056 38.74685, -9.09806 38.75097, -9.09840 38.75552, -9.10170 38.75928, -9.10643 38.76195, -9.11102 38.76477, -9.11302 38.76906, -9.11735 38.77211, -9.11729 38.77667)"
34f89d22-e77a-48ea-b370-381c7cce9c06,d7a7a3cc-8c3d-4f16-9293-de8fc88b2875,Gira,fa8be65a-7fb8-4d26-80c5-f5d21801f648,bicycle,electric_assist,2026-09-12T12:52:58Z,2026-09-12T13:33:31Z,2433,4055,"LINESTRING (-9.16929 38.70385, -9.16475 38.70294, -9.16013 38.70351, -9.15556 38.70429, -9.15109 38.70538, -9.14642 38.70564, -9.14267 38.70783, -9.13939 38.71044, -9.13812 38.71395, -9.13697 38.71750, -9.13613 38.72109)"
08349c23-7b90-4285-9e6c-1cf6480d08c5,6bad6be2-8e7a-46e9-9f19-950499dd251d,Voi,dd613171-ea1b-48a9-8cce-eb0d62495879,scooter,electric,2026-09-12T13:16:24Z,2026-09-12T13:22:45Z,381,1207,"LINESTRING (-9.12906 38.72497, -9.12962 38.72626, -9.13114 38.72692, -9.13265 38.72761, -9.13371 38.72868, -9.13475 38.72977, -9.13525 38.73108, -9.13653 38.73200, -9.13806 38.73266)"
d288052c-fe96-4429-84d8-2654c720882a,f38b2ffc-80a4-4f5a-91c9-bc701e7ea419,Lime,ffce6973-7f62-4f26-b6c3-266043710baf,scooter,electric,2026-09-12T13:17:01Z,2026-09-12T13:25:39Z,518,1875,"LINESTRING (-9.12027 38.70062, -9.11906 38.69900, -9.11740 38.69764, -9.11756 38.69577, -9.11929 38.69446, -9.12095 38.69582, -9.12235 38.69735, -9.12403 38.69869, -9.12527 38.70030, -9.12562 38.70215)"
53b8a648-27ee-4131-842e-ffff2a1972ec,e5121482-3929-4d22-a255-accb1a466884,Dott,aac179fb-8cb9-4baf-b288-8c53e63e8667,scooter,electric,2026-09-12T13:22:22Z,2026-09-12T13:28:23Z,361,1367,"LINESTRING (-9.13085 38.71660, -9.13010 38.71421, -9.13216 38.71235, -9.13523 38.71175, -9.13812 38.71274, -9.14124 38.71311)"
90679a26-dea1-4d91-9ad7-f364ac1294f6,d7a7a3cc-8c3d-4f16-9293-de8fc88b2875,Gira,405a5332-63ed-4daf-9ea3-fcfbaee127e0,bicycle,electric_assist,2026-09-12T13:31:50Z,2026-09-12T13:47:24Z,934,2988,"LINESTRING (-9.16382 38.74697, -9.16429 38.74431, -9.16656 38.74228, -9.16900 38.74037, -9.17042 38.73792, -9.17300 38.73612, -9.17393 38.73353, -9.17348 38.73086, -9.17415 38.72822, -9.17610 38.72600, -9.17699 38.72340)"
aa278980-d64f-46be-bf40-b24996af3170,f38b2ffc-80a4-4f5a-91c9-bc701e7ea419,Lime,6edd77d8-66e6-4127-a26b-524ace0d8d87,bicycle,electric_assist,2026-09-12T13:34:44Z,2026-09-12T13:46:28Z,704,2643,"LINESTRING (-9.14641 38.71220, -9.14595 38.71482, -9.14538 38.71743, -9.14476 38.72003, -9.14611 38.72246, -9.14598 38.72510, -9.14646 38.72772, -9.14771 38.73018, -9.14969 38.73233, -9.15116 38.73472)"
e90401fb-cd2c-4652-8c5c-4d9407119e7d,f38b2ffc-80a4-4f5a-91c9-bc701e7ea419,Lime,69190876-a0c5-420c-a885-f868301a5d12,scooter,electric,2026-09-12T13:44:47Z,2026-09-12T13:52:01Z,434,1746,"LINESTRING (-9.16472 38.77055, -9.16644 38.76972, -9.16766 38.76847, -9.16894 38.76725, -9.16950 38.76574, -9.16821 38.76453, -9.16665 38.76352, -9.16650 38.76195, -9.16690 38.76041, -9.16655 38.75886, -9.16484 38.75802)"
7c619090-8175-43bf-9922-07ab6bc7742d,f38b2ffc-80a4-4f5a-91c9-bc701e7ea419,Lime,968e485e-46db-43ab-9044-df5c81b2499e,scooter,electric,2026-09-12T14:05:11Z,2026-09-12T14:22:30Z,1039,2645,"LINESTRING (-9.12823 38.71390, -9.12978 38.70929, -9.13009 38.70453, -9.12706 38.70039, -9.12179 38.69798, -9.11587 38.69682)"
bf1b4a86-2faf-4752-8b36-14d7acb80c1b,f3f49249-dc28-4f90-a5ae-c7978306d03b,Bolt,17395086-9dcd-4c96-bb8b-7da0fb24efdb,scooter,electric,2026-09-12T14:28:54Z,2026-09-12T14:41:55Z,781,2942,"LINESTRING (-9.15450 38.73874, -9.15335 38.73594, -9.15081 38.73376, -9.14758 38.73223, -9.14383 38.73189, -9.14087 38.73372, -9.14102 38.73666, -9.14355 38.73885, -9.14535 38.74143, -9.14568 38.74437)"
b80d1679-f6e5-451f-bd27-cb32bb8bfcde,f38b2ffc-80a4-4f5a-91c9-bc701e7ea419,Lime,e306f0c4-85f1-44e0-b464-c554f675299b,scooter,electric,2026-09-12T14:56:27Z,2026-09-12T15:04:44Z,497,1730,"LINESTRING (-9.17930 38.75582, -9.18089 38.75869, -9.18224 38.76162, -9.18400 38.76442, -9.18667 38.76675, -9.19045 38.76777)"
1b1fc56e-aac9-401b-b7a4-015b23e6e596,6bad6be2-8e7a-46e9-9f19-950499dd251d,Voi,e05afe02-6c4c-4546-b6b9-b1feaf8d7b95,scooter,electric,2026-09-12T15:51:23Z,2026-09-12T16:01:04Z,581,2588,"LINESTRING (-9.11486 38.71415, -9.11959 38.71700, -9.12323 38.72070, -9.12664 38.72453, -9.13180 38.72689, -9.13768 38.72774)"
9b8348af-333b-4956-b343-41eeaff0ce30,e5121482-3929-4d22-a255-accb1a466884,Dott,8326d343-56af-47ab-9116-dd6aabbbcfb2,scooter,electric,2026-09-12T16:09:51Z,2026-09-12T16:16:21Z,390,1722,"LINESTRING (-9.18401 38.74576, -9.18649 38.74560, -9.18895 38.74592, -9.19142 38.74572, -9.19388 38.74545, -9.19599 38.74442, -9.19810 38.74339, -9.19986 38.74202, -9.20218 38.74133)"
58257390-9063-4d68-8a60-eb283daebb07,e5121482-3929-4d22-a255-accb1a466884,Dott,6912b372-9f3f-400c-bd58-668d72299ee2,bicycle,electric_assist,2026-09-12T16:12:28Z,2026-09-12T16:23:30Z,662,2567,"LINESTRING (-9.12261 38.73411, -9.12610 38.73508, -9.12948 38.73626, -9.13287 38.73744, -9.13623 38.73865, -9.13836 38.74102, -9.14172 38.74224, -9.14540 38.74258, -9.14906 38.74212)"
50d7b2e1-0592-41c2-b12f-8fe3f3522b98,f3f49249-dc28-4f90-a5ae-c7978306d03b,Bolt,183b60e5-0ee4-4d4c-81ef-c27d7888cb20,scooter,electric,2026-09-12T16:35:07Z,2026-09-12T16:37:13Z,126,651,"LINESTRING (-9.14656 38.74149, -9.14665 38.74207, -9.14657 38.74265, -9.14668 38.74323, -9.14682 38.74381, -9.14727 38.74428, -9.14791 38.74460, -9.14850 38.74496, -9.14904 38.74536, -9.14969 38.74567, -9.15020 38.74610)"
9e63b4fc-233a-4bed-9454-2e117917e6be,f38b2ffc-80a4-4f5a-91c9-bc701e7ea419,Lime,731c9452-1919-493a-9117-45ad49889310,scooter,electric,2026-09-12T16:35:44Z,2026-09-12T16:45:29Z,585,1927,"LINESTRING (-9.14131 38.72073, -9.13925 38.71926, -9.13737 38.71767, -9.13794 38.71554, -9.14040 38.71453, -9.14285 38.71349, -9.14524 38.71238, -9.14791 38.71298, -9.15006 38.71436)"
9f851fff-fd9a-4bb5-8367-388150686d33,f38b2ffc-80a4-4f5a-91c9-bc701e7ea419,Lime,2950e9ae-5089-4e3b-ae8b-9e7c4a815857,scooter,electric,2026-09-12T16:40:46Z,2026-09-12T16:42:53Z,127,541,"LINESTRING (-9.12271 38.76897, -9.12217 38.76873, -9.12176 38.76836, -9.12124 38.76809, -9.12081 38.76773, -9.12031 38.76744, -9.11980 38.76716, -9.11918 38.76706, -9.11863 38.76729, -9.11801 38.76727, -9.11775 38.76682)"
f897d34f-3768-4f37-9634-a3ceaa7983d2,f3f49249-dc28-4f90-a5ae-c7978306d03b,Bolt,183b60e5-0ee4-4d4c-81ef-c27d7888cb20,scooter,electric,2026-09-12T16:46:19Z,2026-09-12T16:50:49Z,270,1292,"LINESTRING (-9.11633 38.70980, -9.11797 38.70961, -9.11944 38.70900, -9.12110 38.70904, -9.12275 38.70902, -9.12440 38.70887, -9.12602 38.70861, -9.12744 38.70927, -9.12893 38.70985, -9.13058 38.70974)"
9d5ebb46-b8b2-48f5-b27f-f36a761794fb,e5121482-3929-4d22-a255-accb1a466884,Dott,3e7705c8-cce3-429c-b1f6-7a20daa8f7b7,scooter,electric,2026-09-12T16:54:55Z,2026-09-12T17:04:19Z,564,2138,"LINESTRING (-9.12747 38.72633, -9.12897 38.72843, -9.13032 38.73060, -9.13097 38.73295, -9.13402 38.73261, -9.13697 38.73189, -9.13941 38.73042, -9.14094 38.72832, -9.14248 38.72624)"
2e36717c-70e2-4d1e-8ad5-2bc77db549de,f38b2ffc-80a4-4f5a-91c9-bc701e7ea419,Lime,8052b13c-dc7e-451e-9fc8-16f4afbc11c4,bicycle,electric_assist,2026-09-12T17:09:16Z,2026-09-12T17:13:21Z,245,1015,"LINESTRING (-9.11914 38.74365, -9.12026 38.74269, -9.12151 38.74181, -9.12196 38.74056, -9.12308 38.73958, -9.12355 38.73833, -9.12364 38.73702, -9.12309 38.73579)"
bf39d5f4-3dd6-434b-9391-618f72496f51,f3f49249-dc28-4f90-a5ae-c7978306d03b,Bolt,4d2ecb65-9df0-4dde-8337-dda661963ad7,scooter,electric,2026-09-12T17:23:01Z,2026-09-12T17:42:14Z,1153,5827,"LINESTRING (-9.14530 38.71564, -9.15274 38.70690, -9.15009 38.69660, -9.15141 38.68615, -9.14511 38.67688, -9.13660 38.66875)"
22b67b57-3da6-46c4-8552-3d85c149d362,6bad6be2-8e7a-46e9-9f19-950499dd251d,Voi,cad71eb4-59c8-40ea-bc48-ec7262e7825f,scooter,electric,2026-09-12T17:26:33Z,2026-09-12T17:41:43Z,910,3443,"LINESTRING (-9.15542 38.76523, -9.16007 38.76660, -9.16493 38.76741, -9.16989 38.76776, -9.17297 38.76472, -9.17335 38.76085, -9.17301 38.75698, -9.16979 38.75403, -9.16823 38.75034)"
0e63bc46-c315-43b6-b9e2-ec3cb2a408d4,f38b2ffc-80a4-4f5a-91c9-bc701e7ea419,Lime,85f23fa0-d5c6-4ee3-b49b-8c8dd0522fff,bicycle,electric_assist,2026-09-12T17:28:08Z,2026-09-12T17:34:04Z,356,1874,"LINESTRING (-9.13375 38.75325, -9.13592 38.75325, -9.13783 38.75405, -9.13987 38.75461, -9.14130 38.75588, -9.14291 38.75701, -9.14443 38.75821, -9.14331 38.75966, -9.14156 38.76066, -9.13958 38.76134, -9.13755 38.76193)"
100849fa-fb00-46c7-9be9-27defabeb665,6bad6be2-8e7a-46e9-9f19-950499dd251d,Voi,a3ea5ba2-6d9b-4805-ae70-8b91685be8e8,scooter,electric,2026-09-12T17:30:51Z,2026-09-12T17:35:21Z,270,1200,"LINESTRING (-9.15397 38.76451, -9.15362 38.76556, -9.15237 38.76603, -9.15098 38.76605, -9.14967 38.76639, -9.14828 38.76629, -9.14694 38.76602, -9.14558 38.76580, -9.14422 38.76559, -9.14381 38.76456, -9.14268 38.76393)"
f4d0542f-3529-4a18-b6da-916479dda1e4,f3f49249-dc28-4f90-a5ae-c7978306d03b,Bolt,358fb7fc-c79f-4652-848d-c233539cf42a,scooter,electric,2026-09-12T17:33:52Z,2026-09-12T17:37:59Z,247,956,"LINESTRING (-9.12023 38.70264, -9.12138 38.70232, -9.12243 38.70181, -9.12335 38.70118, -9.12446 38.70077, -9.12554 38.70031, -9.12625 38.69954, -9.12718 38.69891, -9.12841 38.69882, -9.12954 38.69847)"
1c0a659a-1f58-4ffe-a901-e4e9003d8dbd,e5121482-3929-4d22-a255-accb1a466884,Dott,acc42b03-70ee-47e3-96e1-34138e4e45ae,bicycle,electric_assist,2026-09-12T17:35:39Z,2026-09-12T17:41:42Z,363,1368,"LINESTRING (-9.11451 38.70385, -9.11643 38.70478, -9.11798 38.70606, -9.11949 38.70737, -9.12069 38.70886, -9.12195 38.71032, -9.12358 38.71154, -9.12510 38.71285)"
6216c5bf-48ee-478a-888d-9f139611259b,f3f49249-dc28-4f90-a5ae-c7978306d03b,Bolt,4d2ecb65-9df0-4dde-8337-dda661963ad7,scooter,electric,2026-09-12T17:40:08Z,2026-09-12T17:49:05Z,537,2224,"LINESTRING (-9.12125 38.74639, -9.11865 38.74437, -9.11720 38.74174, -9.11649 38.73893, -9.11643 38.73607, -9.11489 38.73347, -9.11244 38.73134, -9.11043 38.72895)"
3c061f62-e89a-4b6e-96b8-ec8a3000586a,f38b2ffc-80a4-4f5a-91c9-bc701e7ea419,Lime,4a205268-549e-4c0a-b1ff-38d8480bdb8b,scooter,electric,2026-09-12T17:49:24Z,2026-09-12T17:52:29Z,185,737,"LINESTRING (-9.17047 38.71386, -9.16978 38.71482, -9.16929 38.71586, -9.16912 38.71696, -9.16846 38.71794, -9.16804 38.71900, -9.16684 38.71960)"
493c83ca-4812-4548-a9da-2d0bf0c4ccee,f3f49249-dc28-4f90-a5ae-c7978306d03b,Bolt,54eb1e9f-8fc3-4287-819b-0c586ebea6fb,scooter,electric,2026-09-12T18:12:21Z,2026-09-12T18:15:45Z,204,1107,"LINESTRING (-9.11420 38.75438, -9.11545 38.75416, -9.11657 38.75464, -9.11732 38.75545, -9.11733 38.75645, -9.11667 38.75730, -9.11575 38.75799, -9.11464 38.75849, -9.11410 38.75939, -9.11302 38.75993, -9.11256 38.76086)"
aeaeae7c-7d2e-416d-8670-dd740abc3a06,f3f49249-dc28-4f90-a5ae-c7978306d03b,Bolt,d421f543-3f3d-46be-84d9-ab128e3b5710,scooter,electric,2026-09-12T18:20:45Z,2026-09-12T18:28:05Z,440,1754,"LINESTRING (-9.17764 38.70986, -9.17477 38.70960, -9.17189 38.70943, -9.16908 38.70998, -9.16618 38.71003, -9.16404 38.71155, -9.16178 38.71296, -9.15982 38.71462)"
d9dbe81b-0a9c-4601-9eb0-63f48a027ca1,f3f49249-dc28-4f90-a5ae-c7978306d03b,Bolt,20615b85-86cd-4ae5-9b01-02de820e8925,scooter,electric,2026-09-12T18:24:45Z,2026-09-12T18:30:25Z,340,1676,"LINESTRING (-9.15081 38.73044, -9.14854 38.72979, -9.14616 38.72947, -9.14388 38.73011, -9.14248 38.73165, -9.14182 38.73346, -9.14284 38.73517, -9.14455 38.73651, -9.14681 38.73719)"
e6bec2cb-e1d1-4d5e-b31f-5a3b6ebf76af,f3f49249-dc28-4f90-a5ae-c7978306d03b,Bolt,fdeac4b1-892e-4a22-a894-50375f524fc4,scooter,electric,2026-09-12T18:33:49Z,2026-09-12T18:38:17Z,268,1242,"LINESTRING (-9.12653 38.72672, -9.12430 38.72739, -9.12308 38.72900, -9.12151 38.73041, -9.12006 38.73189, -9.11898 38.73355, -9.11906 38.73542)"
88123598-74ad-480e-a70d-7db885bcb5c6,f38b2ffc-80a4-4f5a-91c9-bc701e7ea419,Lime,5e6c9992-b5fb-42e0-9909-0b8906555096,scooter,electric,2026-09-12T18:34:58Z,2026-09-12T18:40:37Z,339,1420,"LINESTRING (-9.10230 38.75654, -9.10264 38.75514, -9.10408 38.75427, -9.10489 38.75300, -9.10670 38.75282, -9.10852 38.75287, -9.11023 38.75335, -9.11185 38.75401, -9.11364 38.75427, -9.11532 38.75483)"
79c29c84-9b15-4f95-bc88-dc045c342dce,f38b2ffc-80a4-4f5a-91c9-bc701e7ea419,Lime,ffce6973-7f62-4f26-b6c3-266043710baf,bicycle,electric_assist,2026-09-12T18:40:08Z,2026-09-12T18:46:27Z,379,937,"LINESTRING (-9.12012 38.74726, -9.12118 38.74682, -9.12224 38.74637, -9.12341 38.74655, -9.12449 38.74614, -9.12492 38.74526, -9.12480 38.74433, -9.12433 38.74346, -9.12476 38.74259, -9.12567 38.74198)"
d695738b-2a25-4d2f-86b7-440a3d113cd3,f38b2ffc-80a4-4f5a-91c9-bc701e7ea419,Lime,4b983f0b-4afc-49d6-a61f-1bf92986a329,scooter,electric,2026-09-12T19:03:55Z,2026-09-12T19:14:30Z,635,2795,"LINESTRING (-9.17348 38.76432, -9.17108 38.76600, -9.16795 38.76662, -9.16490 38.76746, -9.16255 38.76919, -9.15972 38.77040, -9.15798 38.77252, -9.15722 38.77497, -9.15703 38.77749, -9.15972 38.77888, -9.16229 38.78040)"
acddb48b-b61d-4d06-ac68-4d3c38eb5797,6bad6be2-8e7a-46e9-9f19-950499dd251d,Voi,f85d1813-70d8-403a-a30d-ad86096b4ef8,scooter,electric,2026-09-12T19:14:03Z,2026-09-12T19:27:34Z,811,2291,"LINESTRING (-9.15614 38.74475, -9.15779 38.74868, -9.16241 38.75069, -9.16765 38.75127, -9.17292 38.75171, -9.17815 38.75105)"
21250374-70f7-418a-98f9-70334be55c0a,f3f49249-dc28-4f90-a5ae-c7978306d03b,Bolt,5387d29c-fc2b-432c-9b34-73342063e843,scooter,electric,2026-09-12T19:29:02Z,2026-09-12T19:43:25Z,863,4190,"LINESTRING (-9.16237 38.71118, -9.15596 38.71499, -9.15113 38.72003, -9.14819 38.72589, -9.14825 38.73218, -9.14655 38.73833, -9.14338 38.74412)"
1146bb62-bee9-422f-a2b2-93a966b7c911,6bad6be2-8e7a-46e9-9f19-950499dd251d,Voi,a59ec30e-67ef-45ed-9620-e849a937cbcf,scooter,electric,2026-09-12T19:29:04Z,2026-09-12T19:35:20Z,376,1917,"LINESTRING (-9.11908 38.72627, -9.11791 38.72796, -9.11667 38.72962, -9.11479 38.73086, -9.11234 38.73105, -9.11002 38.73169, -9.10773 38.73238, -9.10621 38.73390, -9.10516 38.73563, -9.10344 38.73700)"
09401791-a0bd-44b8-983d-bc18fa7c35b6,d7a7a3cc-8c3d-4f16-9293-de8fc88b2875,Gira,405a5332-63ed-4daf-9ea3-fcfbaee127e0,bicycle,electric_assist,2026-09-12T19:47:39Z,2026-09-12T20:02:40Z,901,3077,"LINESTRING (-9.12093 38.71053, -9.11902 38.70740, -9.11865 38.70394, -9.11632 38.70100, -9.11546 38.69760, -9.11387 38.69436, -9.11000 38.69266, -9.10557 38.69247, -9.10122 38.69178)"
a61fb91c-6226-4415-8006-f9cc624df8b9,f38b2ffc-80a4-4f5a-91c9-bc701e7ea419,Lime,7aac319f-fb75-4e0f-ad1d-9d1690624fe3,scooter,electric,2026-09-12T19:48:10Z,2026-09-12T19:52:35Z,265,878,"LINESTRING (-9.15542 38.76859, -9.15506 38.76968, -9.15500 38.77081, -9.15494 38.77194, -9.15559 38.77296, -9.15611 38.77401, -9.15680 38.77500, -9.15719 38.77609)"
d37082f1-61ec-478b-b072-42eeebac6075,f38b2ffc-80a4-4f5a-91c9-bc701e7ea419,Lime,9543c6c3-aa22-4078-903d-c86b01504585,bicycle,electric_assist,2026-09-12T20:46:10Z,2026-09-12T20:51:14Z,304,1213,"LINESTRING (-9.18252 38.77135, -9.18097 38.77234, -9.17900 38.77265, -9.17701 38.77283, -9.17528 38.77361, -9.17377 38.77463, -9.17192 38.77523, -9.17019 38.77602)"
2f4d8725-2178-4974-b84c-1e79e786b33e,f38b2ffc-80a4-4f5a-91c9-bc701e7ea419,Lime,7dabe929-c4a3-44bf-86cd-75e9bb049a79,scooter,electric,2026-09-12T21:07:05Z,2026-09-12T21:14:36Z,451,2158,"LINESTRING (-9.16599 38.70835, -9.16352 38.70933, -9.16137 38.71069, -9.15967 38.71240, -9.15695 38.71278, -9.15420 38.71307, -9.15169 38.71397, -9.14934 38.71512, -9.14738 38.71665, -9.14463 38.71684)"
6a1f32b1-3c1c-4873-90bb-9c35d997c45a,f3f49249-dc28-4f90-a5ae-c7978306d03b,Bolt,0ddf3e1d-94ed-4f68-b7e2-21464dd75f67,scooter,electric,2026-09-12T22:01:51Z,2026-09-12T22:13:49Z,718,3609,"LINESTRING (-9.11619 38.70146, -9.11909 38.70638, -9.12514 38.70904, -9.12766 38.71409, -9.12793 38.71951, -9.13155 38.72413, -9.13550 38.72859)"
adb7842a-8dca-47eb-86e1-04dc732ca8fe,d7a7a3cc-8c3d-4f16-9293-de8fc88b2875,Gira,d8f5f877-585b-47a4-8e2e-b551fd33ff5b,bicycle,electric_assist,2026-09-12T22:06:19Z,2026-09-12T22:16:15Z,596,2163,"LINESTRING (-9.10381 38.72030, -9.10642 38.72104, -9.10854 38.71964, -9.10939 38.71758, -9.11003 38.71547, -9.11100 38.71344, -9.11297 38.71191, -9.11365 38.70981, -9.11406 38.70767, -9.11223 38.70604)"
f6dd95b2-a080-4fe8-9d13-adc2626ea36b,f3f49249-dc28-4f90-a5ae-c7978306d03b,Bolt,a41f7aab-341d-457a-ac10-2d7a1d7a466a,scooter,electric,2026-09-12T22:12:38Z,2026-09-12T22:39:48Z,1630,4798,"LINESTRING (-9.14879 38.70576, -9.14671 38.71028, -9.14647 38.71508, -9.14800 38.71973, -9.15048 38.72413, -9.14978 38.72890, -9.14741 38.73333, -9.14792 38.73812, -9.14907 38.74284, -9.14995 38.74759)"
63a6679a-efe6-4927-8ba8-6c7ef33b8fdc,f3f49249-dc28-4f90-a5ae-c7978306d03b,Bolt,7e9b56d2-f7ca-4132-a960-199b3982dbf3,scooter,electric,2026-09-12T22:16:33Z,2026-09-12T22:25:48Z,555,1931,"LINESTRING (-9.17341 38.74927, -9.17384 38.75215, -9.17221 38.75476, -9.17168 38.75764, -9.17106 38.76050, -9.16957 38.76315, -9.16776 38.76569)"
f3ce6bcf-10e3-4516-abf4-56ab63b86836,e5121482-3929-4d22-a255-accb1a466884,Dott,9b7839eb-28bd-454e-b11e-46f1c0205f09,bicycle,electric_assist,2026-09-12T22:58:12Z,2026-09-12T23:02:57Z,285,919,"LINESTRING (-9.10261 38.70823, -9.10209 38.70712, -9.10342 38.70656, -9.10412 38.70551, -9.10433 38.70434, -9.10461 38.70318, -9.10490 38.70202, -9.10435 38.70092)"
967accfc-838f-48c5-8785-2927e9f22e7f,f3f49249-dc28-4f90-a5ae-c7978306d03b,Bolt,2fc32fd3-2b15-4455-b511-3b5c20c3e9d5,scooter,electric,2026-09-13T01:08:35Z,2026-09-13T01:16:05Z,450,2607,"LINESTRING (-9.15897 38.74566, -9.15908 38.74901, -9.15886 38.75237, -9.16074 38.75539, -9.16283 38.75832, -9.16371 38.76160, -9.16591 38.76449, -9.16956 38.76626)"
d81d2e9a-e678-46f9-a461-1649cf73f665,f3f49249-dc28-4f90-a5ae-c7978306d03b,Bolt,db2dcfad-759a-4eb1-ac55-5cbdb89aa45c,scooter,electric,2026-09-13T02:17:30Z,2026-09-13T02:21:16Z,226,1208,"LINESTRING (-9.13652 38.71265, -9.13820 38.71348, -9.14019 38.71352, -9.14202 38.71290, -9.14366 38.71201, -9.14478 38.71073, -9.14625 38.70968, -9.14691 38.70821)"
6b38d61b-ee16-4103-9dd4-ef8c4010c064,f3f49249-dc28-4f90-a5ae-c7978306d03b,Bolt,35acf140-3dab-40b8-b6bc-3709076467e8,scooter,electric,2026-09-13T02:36:47Z,2026-09-13T02:42:00Z,313,1348,"LINESTRING (-9.17727 38.75712, -9.17608 38.75634, -9.17595 38.75513, -9.17606 38.75391, -9.17608 38.75270, -9.17653 38.75153, -9.17705 38.75039, -9.17837 38.74974, -9.17937 38.74881, -9.17948 38.74760, -9.17913 38.74642)"
34b565c1-1fad-40ba-ba56-a70c5428bfdf,e5121482-3929-4d22-a255-accb1a466884,Dott,a2e8de7c-600a-4dc0-bc9a-b34b71e04d0f,scooter,electric,2026-09-13T04:48:45Z,2026-09-13T05:01:06Z,741,2370,"LINESTRING (-9.13988 38.74585, -9.13636 38.74718, -9.13249 38.74764, -9.12858 38.74759, -9.12468 38.74790, -9.12118 38.74654, -9.11804 38.74472, -9.11428 38.74557)"
8c21b337-4ccd-44d2-8c3e-8dd51d68f4ef,e5121482-3929-4d22-a255-accb1a466884,Dott,a1672599-83f7-43d0-b301-7f88d744f400,scooter,electric,2026-09-13T05:08:16Z,2026-09-13T05:11:59Z,223,1033,"LINESTRING (-9.15703 38.72363, -9.15606 38.72433, -9.15475 38.72418, -9.15343 38.72424, -9.15211 38.72418, -9.15082 38.72394, -9.14971 38.72337, -9.14908 38.72246, -9.14914 38.72142, -9.14976 38.72051)"
0da70187-9ad7-4183-b6fd-d9cbb2c09d8e,d7a7a3cc-8c3d-4f16-9293-de8fc88b2875,Gira,c95a93ae-5904-4079-8ee8-74c676c79a3b,bicycle,electric_assist,2026-09-13T06:18:08Z,2026-09-13T06:20:45Z,157,609,"LINESTRING (-9.09539 38.72909, -9.09522 38.72969, -9.09512 38.73029, -9.09526 38.73089, -9.09516 38.73150, -9.09480 38.73204, -9.09458 38.73263, -9.09419 38.73315, -9.09345 38.73336, -9.09287 38.73377)"
be965cc9-e381-4112-9d4e-4502976ce212,e5121482-3929-4d22-a255-accb1a466884,Dott,851f34bb-de98-4e78-9a2a-c8455a7cfed7,bicycle,electric_assist,2026-09-13T06:41:07Z,2026-09-13T06:49:42Z,515,2065,"LINESTRING (-9.12464 38.73238, -9.12755 38.73376, -9.13093 38.73342, -9.13416 38.73255, -9.13729 38.73151, -9.14032 38.73029, -9.14186 38.72792, -9.14384 38.72576)"
4ce0012a-e062-4b1a-a791-f860ad638cc6,f38b2ffc-80a4-4f5a-91c9-bc701e7ea419,Lime,d11ad49d-f272-42ef-8ab8-bd1063989ab9,scooter,electric,2026-09-13T07:01:17Z,2026-09-13T07:08:04Z,407,1534,"LINESTRING (-9.18024 38.73914, -9.18375 38.73874, -9.18669 38.73719, -9.18994 38.73608, -9.19236 38.73407, -9.19577 38.73330)"
97fe793b-5d0b-4bd5-ba64-78040847e073,f3f49249-dc28-4f90-a5ae-c7978306d03b,Bolt,0ddf3e1d-94ed-4f68-b7e2-21464dd75f67,scooter,electric,2026-09-13T07:07:08Z,2026-09-13T07:14:42Z,454,2186,"LINESTRING (-9.15153 38.71541, -9.14909 38.71697, -9.14684 38.71870, -9.14473 38.72053, -9.14169 38.72117, -9.13919 38.72268, -9.13751 38.72476, -9.13587 38.72686, -9.13466 38.72914)"
aeaf6ec0-9a07-4003-8658-0d8e9aa57b05,f38b2ffc-80a4-4f5a-91c9-bc701e7ea419,Lime,e0b89bcb-adba-4ed0-b600-860c7bdcfd55,scooter,electric,2026-09-13T07:09:50Z,2026-09-13T07:15:40Z,350,1365,"LINESTRING (-9.12360 38.72098, -9.12475 38.72013, -9.12620 38.71965, -9.12764 38.71916, -9.12896 38.71848, -9.13042 38.71803, -9.13170 38.71730, -9.13294 38.71655, -9.13401 38.71565, -9.13461 38.71451, -9.13551 38.71350)"
abd7a135-36d7-440e-9b0c-557a856d5c8f,6bad6be2-8e7a-46e9-9f19-950499dd251d,Voi,a59ec30e-67ef-45ed-9620-e849a937cbcf,scooter,electric,2026-09-13T07:46:05Z,2026-09-13T08:09:58Z,1433,4216,"LINESTRING (-9.17257 38.70333, -9.17138 38.69921, -9.16997 38.69514, -9.17023 38.69092, -9.16976 38.68672, -9.17010 38.68250, -9.17379 38.67941, -9.17775 38.67654, -9.17936 38.67251, -9.17934 38.66829)"
04610244-024b-498b-9977-f3b6db705129,d7a7a3cc-8c3d-4f16-9293-de8fc88b2875,Gira,259d2f86-a2ce-4540-a2b5-773870eb5571,bicycle,electric_assist,2026-09-13T08:10:05Z,2026-09-13T08:25:21Z,916,1612,"LINESTRING (-9.15652 38.71429, -9.16008 38.71514, -9.16360 38.71608, -9.16722 38.71676, -9.17072 38.71777, -9.17229 38.72040)"
31f691c5-d15c-46c1-8377-42a3ae525145,f3f49249-dc28-4f90-a5ae-c7978306d03b,Bolt,54eb1e9f-8fc3-4287-819b-0c586ebea6fb,scooter,electric,2026-09-13T08:18:23Z,2026-09-13T08:24:18Z,355,1454,"LINESTRING (-9.13449 38.76558, -9.13719 38.76614, -9.13961 38.76724, -9.14085 38.76920, -9.14306 38.77055, -9.14549 38.77163, -9.14720 38.77336)"
137b8ed2-17c5-4b1e-85ae-e01cc5023d8d,e5121482-3929-4d22-a255-accb1a466884,Dott,dd9a7e7d-58fe-4057-837e-f300b19037a2,scooter,electric,2026-09-13T08:22:26Z,2026-09-13T08:37:00Z,874,3655,"LINESTRING (-9.13564 38.75190, -9.13380 38.74742, -9.13340 38.74273, -9.12954 38.73911, -9.12576 38.73544, -9.12175 38.73193, -9.11675 38.72929, -9.11163 38.72681)"
13cc208a-9734-4082-beb0-f2bf2a6b1254,f38b2ffc-80a4-4f5a-91c9-bc701e7ea419,Lime,f551abfd-2197-43c5-9682-e074791572d5,bicycle,electric_assist,2026-09-13T08:31:27Z,2026-09-13T08:39:28Z,481,1901,"LINESTRING (-9.16695 38.75172, -9.16405 38.75077, -9.16093 38.75052, -9.15865 38.75221, -9.15587 38.75334, -9.15429 38.75545, -9.15406 38.75789, -9.15552 38.76006)"
e0806ff4-80dd-4886-8604-4c9990c0f8d2,f38b2ffc-80a4-4f5a-91c9-bc701e7ea419,Lime,f374bac6-5c24-42e5-b9e6-5abfb50f9e6c,scooter,electric,2026-09-13T08:40:11Z,2026-09-13T08:47:03Z,412,1689,"LINESTRING (-9.14017 38.71646, -9.14296 38.71643, -9.14569 38.71687, -9.14779 38.71543, -9.14992 38.71403, -9.15258 38.71340, -9.15526 38.71279, -9.15740 38.71140)"
9fc6e45e-d1c2-4a8f-a7a0-6ffd64c187c1,f38b2ffc-80a4-4f5a-91c9-bc701e7ea419,Lime,b79ecb4e-a95c-4c0b-8746-58348afd44ae,bicycle,electric_assist,2026-09-13T08:41:30Z,2026-09-13T08:50:41Z,551,2353,"LINESTRING (-9.12784 38.72847, -9.12669 38.72433, -9.12404 38.72063, -9.12459 38.71641, -9.12334 38.71228, -9.12367 38.70805)"
eecc52bb-c32b-4235-b26f-2041e9e506aa,f38b2ffc-80a4-4f5a-91c9-bc701e7ea419,Lime,e5a34078-795c-4b9b-8fba-5e788c7ddcd4,scooter,electric,2026-09-13T08:47:59Z,2026-09-13T08:53:55Z,356,1516,"LINESTRING (-9.17558 38.70866, -9.17640 38.71050, -9.17794 38.71204, -9.17795 38.71399, -9.17913 38.71571, -9.18059 38.71730, -9.18215 38.71882, -9.18206 38.72077)"
6b493cfc-9f05-4fcd-b5b4-a5899359146a,f38b2ffc-80a4-4f5a-91c9-bc701e7ea419,Lime,cfe7a42a-5b0c-491d-ac32-fb0df0708bb1,bicycle,electric_assist,2026-09-13T09:12:40Z,2026-09-13T09:22:50Z,610,1361,"LINESTRING (-9.13861 38.72878, -9.13682 38.72941, -9.13499 38.72997, -9.13347 38.73094, -9.13155 38.73125, -9.12999 38.73219, -9.12961 38.73369, -9.12832 38.73485, -9.12762 38.73629)"
f9cc96d4-6926-4cc3-b000-fa788aba3eb6,e5121482-3929-4d22-a255-accb1a466884,Dott,4b62275f-b2f5-4e5c-bd2a-40c8369c8a50,bicycle,electric_assist,2026-09-13T09:32:36Z,2026-09-13T09:56:05Z,1409,3788,"LINESTRING (-9.17704 38.73020, -9.17333 38.73266, -9.16847 38.73272, -9.16514 38.73547, -9.16285 38.73882, -9.15870 38.74080, -9.15437 38.74253, -9.15084 38.74513, -9.14713 38.74758, -9.14234 38.74825)"
0dc0f5ec-3984-47c5-8cbd-6a2c87082713,f38b2ffc-80a4-4f5a-91c9-bc701e7ea419,Lime,85c80ede-202c-415a-898d-b8601e47caa6,bicycle,electric_assist,2026-09-13T09:34:30Z,2026-09-13T09:39:31Z,301,1129,"LINESTRING (-9.17474 38.72379, -9.17263 38.72337, -9.17049 38.72309, -9.16849 38.72244, -9.16699 38.72121, -9.16493 38.72066, -9.16513 38.71897)"
da3defc8-3228-4b7d-9fbb-7279b9dfe68d,f38b2ffc-80a4-4f5a-91c9-bc701e7ea419,Lime,9924eb8b-7575-4c2b-961f-8bfe9f93693f,bicycle,electric_assist,2026-09-13T09:37:12Z,2026-09-13T09:46:01Z,529,2055,"LINESTRING (-9.10585 38.73084, -9.10707 38.73266, -9.10621 38.73460, -9.10561 38.73660, -9.10513 38.73863, -9.10559 38.74065, -9.10691 38.74244, -9.10894 38.74375, -9.11151 38.74421, -9.11348 38.74558)"
98b01f4a-9e84-4617-b6b2-9b6af3f14072,f3f49249-dc28-4f90-a5ae-c7978306d03b,Bolt,36079a2a-e59d-4568-a0f3-2241177dd1c5,scooter,electric,2026-09-13T09:59:46Z,2026-09-13T10:04:55Z,309,1562,"LINESTRING (-9.15119 38.72009, -9.15115 38.72185, -9.15000 38.72336, -9.14884 38.72488, -9.14727 38.72613, -9.14501 38.72610, -9.14277 38.72633, -9.14056 38.72597, -9.13895 38.72474)"
5833380f-1d13-427c-a533-4da3fb748079,f38b2ffc-80a4-4f5a-91c9-bc701e7ea419,Lime,37fe43eb-87a9-4c13-a549-7863210f4de3,scooter,electric,2026-09-13T10:09:43Z,2026-09-13T10:19:03Z,560,2467,"LINESTRING (-9.13521 38.73184, -9.12955 38.73129, -9.12396 38.73044, -9.11836 38.72959, -9.11280 38.72862, -9.10733 38.72738)"
7e5f7e52-8358-49f1-8451-8c2d60f823f6,d7a7a3cc-8c3d-4f16-9293-de8fc88b2875,Gira,48b0d659-50f3-4102-ba90-d4df12643597,bicycle,electric_assist,2026-09-13T10:10:55Z,2026-09-13T10:24:26Z,811,3827,"LINESTRING (-9.11103 38.70159, -9.11321 38.70621, -9.11747 38.70985, -9.12006 38.71434, -9.11953 38.71925, -9.11633 38.72349, -9.11016 38.72452, -9.10384 38.72466)"
357c97ab-447b-4c70-8d92-6f2180aad906,f3f49249-dc28-4f90-a5ae-c7978306d03b,Bolt,3d09dbf2-6668-4d40-be16-8259b0c1a87c,scooter,electric,2026-09-13T10:23:21Z,2026-09-13T10:30:05Z,404,1792,"LINESTRING (-9.16974 38.76102, -9.17196 38.76055, -9.17421 38.76017, -9.17646 38.75978, -9.17876 38.75985, -9.18105 38.76004, -9.18312 38.76081, -9.18535 38.76128, -9.18699 38.76253, -9.18806 38.76412)"
59c7b142-d31c-4875-b9ec-c48c92c59578,6bad6be2-8e7a-46e9-9f19-950499dd251d,Voi,6f456bec-cd31-470e-86a9-5ffa42149a69,scooter,electric,2026-09-13T10:30:03Z,2026-09-13T10:41:53Z,710,3089,"LINESTRING (-9.12430 38.70362, -9.12785 38.70382, -9.13104 38.70507, -9.13414 38.70645, -9.13763 38.70700, -9.14117 38.70736, -9.14472 38.70763, -9.14795 38.70645, -9.15115 38.70522, -9.15401 38.70356, -9.15758 38.70355)"
9a470a90-a0b2-4d09-8e29-69c61c72a699,f38b2ffc-80a4-4f5a-91c9-bc701e7ea419,Lime,026b3d02-a13b-487b-bf3b-9167f9e2e7d0,scooter,electric,2026-09-13T10:30:45Z,2026-09-13T10:42:34Z,709,2747,"LINESTRING (-9.10414 38.71940, -9.10511 38.72429, -9.10544 38.72924, -9.10669 38.73409, -9.10939 38.73857, -9.11212 38.74304)"
4fa548ed-5ca6-4747-ae78-2089ca79ed10,f38b2ffc-80a4-4f5a-91c9-bc701e7ea419,Lime,3d43281c-608f-42b1-a254-c3f06a50f9fc,scooter,electric,2026-09-13T10:32:10Z,2026-09-13T10:47:33Z,923,2241,"LINESTRING (-9.16892 38.73986, -9.17152 38.73718, -9.17431 38.73461, -9.17779 38.73262, -9.18096 38.73033, -9.18454 38.72846, -9.18686 38.72562)"
d78b3f4d-db52-4b35-8fa0-7ef663c96a79,f38b2ffc-80a4-4f5a-91c9-bc701e7ea419,Lime,8c285417-5567-461f-a3a3-62b4bb8a1881,scooter,electric,2026-09-13T10:45:36Z,2026-09-13T10:52:41Z,425,1887,"LINESTRING (-9.16991 38.70028, -9.17187 38.70102, -9.17357 38.70209, -9.17520 38.70322, -9.17728 38.70372, -9.17924 38.70447, -9.18065 38.70577, -9.18187 38.70718, -9.18323 38.70851, -9.18399 38.71010, -9.18607 38.71062)"
b6ac3c20-adf2-44b5-800d-e08a2ef065b4,d7a7a3cc-8c3d-4f16-9293-de8fc88b2875,Gira,31c5c36d-3806-4896-8d6d-f84546c569ce,bicycle,electric_assist,2026-09-13T10:47:55Z,2026-09-13T10:53:27Z,332,986,"LINESTRING (-9.16965 38.71044, -9.16895 38.71126, -9.16894 38.71225, -9.16899 38.71323, -9.16880 38.71421, -9.16847 38.71516, -9.16772 38.71596, -9.16672 38.71657, -9.16552 38.71687, -9.16476 38.71766)"
9df82d2e-a40c-4788-8766-7c6ac8bc3bdc,f38b2ffc-80a4-4f5a-91c9-bc701e7ea419,Lime,8c1f6387-11cb-4ea7-b5fc-684aadb21095,bicycle,electric_assist,2026-09-13T10:59:30Z,2026-09-13T11:10:52Z,682,2008,"LINESTRING (-9.16104 38.71702, -9.15659 38.71601, -9.15366 38.71320, -9.15148 38.71001, -9.14707 38.70889, -9.14339 38.70670)"
b97c2e3f-2153-4c7c-ac74-82d0c13eb619,6bad6be2-8e7a-46e9-9f19-950499dd251d,Voi,05ec7d95-9a6a-4668-8b44-e128774a472c,scooter,electric,2026-09-13T11:33:32Z,2026-09-13T11:45:57Z,745,3166,"LINESTRING (-9.14025 38.74587, -9.14401 38.74467, -9.14761 38.74321, -9.15129 38.74186, -9.15534 38.74155, -9.15594 38.74469, -9.15525 38.74781, -9.15536 38.75098, -9.15766 38.75359, -9.15646 38.75662)"
e726ddea-a409-4ee4-8c96-a199e1465a15,f38b2ffc-80a4-4f5a-91c9-bc701e7ea419,Lime,28fdb92d-ab26-4981-aaf3-8f6c159d6a38,bicycle,electric_assist,2026-09-13T11:41:14Z,2026-09-13T11:45:32Z,258,1188,"LINESTRING (-9.11383 38.74810, -9.11427 38.74709, -9.11376 38.74610, -9.11309 38.74516, -9.11278 38.74412, -9.11141 38.74419, -9.11010 38.74387, -9.10902 38.74322, -9.10796 38.74253, -9.10862 38.74159, -9.10991 38.74123)"
4654c72b-8c3b-455d-af45-5d16e8a1c1bb,6bad6be2-8e7a-46e9-9f19-950499dd251d,Voi,ad2996da-8e86-4483-9efa-4b80ec192b67,scooter,electric,2026-09-13T11:53:17Z,2026-09-13T12:02:11Z,534,2524,"LINESTRING (-9.09630 38.72581, -9.09932 38.72674, -9.10253 38.72704, -9.10554 38.72798, -9.10651 38.73039, -9.10797 38.73265, -9.10807 38.73517, -9.10715 38.73759, -9.10616 38.74000, -9.10507 38.74238)"
7dc1c029-6655-4f5b-af3d-b77816b89c07,f3f49249-dc28-4f90-a5ae-c7978306d03b,Bolt,9b4a8d0a-515c-4a27-98f0-080057f36ca6,scooter,electric,2026-09-13T12:14:31Z,2026-09-13T12:25:23Z,652,2593,"LINESTRING (-9.16502 38.72854, -9.16181 38.72634, -9.15974 38.72342, -9.15880 38.72016, -9.15675 38.71723, -9.15473 38.71429, -9.15286 38.71129, -9.15243 38.70796)"
4b72c06c-24bc-4f84-b5ea-041188ddb1c3,e5121482-3929-4d22-a255-accb1a466884,Dott,02af2ef5-8800-4e81-bf1c-02604e8f7fe2,bicycle,electric_assist,2026-09-13T12:26:42Z,2026-09-13T12:29:33Z,171,865,"LINESTRING (-9.12236 38.75423, -9.12288 38.75490, -9.12344 38.75554, -9.12395 38.75621, -9.12424 38.75696, -9.12524 38.75703, -9.12591 38.75760, -9.12690 38.75766, -9.12748 38.75703, -9.12789 38.75632, -9.12784 38.75554)"
3c446b4d-733c-41c2-be78-fd1b464364b7,e5121482-3929-4d22-a255-accb1a466884,Dott,a5008b67-55d2-4105-99ff-51ed20e2098d,scooter,electric,2026-09-13T12:43:53Z,2026-09-13T12:48:50Z,297,1302,"LINESTRING (-9.12948 38.72034, -9.12824 38.72248, -9.12781 38.72480, -9.12599 38.72667, -9.12506 38.72890, -9.12550 38.73123)"
4f16522f-16a5-4fa0-b866-8a665ca270f6,f38b2ffc-80a4-4f5a-91c9-bc701e7ea419,Lime,2dfbc7b2-078e-4649-8425-0d88b8d3b186,bicycle,electric_assist,2026-09-13T13:01:06Z,2026-09-13T13:13:49Z,763,3250,"LINESTRING (-9.09566 38.72626, -9.10092 38.72891, -9.10583 38.73193, -9.11199 38.73280, -9.11707 38.73564, -9.11697 38.74053, -9.11547 38.74526)"
f0e2314d-f801-440e-a861-80b04d15d7da,f38b2ffc-80a4-4f5a-91c9-bc701e7ea419,Lime,f0acdebe-7aa9-4416-ba5c-875cd7aa2208,scooter,electric,2026-09-13T13:28:13Z,2026-09-13T13:39:33Z,680,2323,"LINESTRING (-9.15442 38.76559, -9.15708 38.76530, -9.15970 38.76483, -9.16235 38.76450, -9.16502 38.76430, -9.16749 38.76348, -9.16910 38.76180, -9.16721 38.76031, -9.16500 38.75913, -9.16368 38.75730, -9.16317 38.75525)"
1a5bb9f4-4102-48b9-bc9c-eb45f27109d5,e5121482-3929-4d22-a255-accb1a466884,Dott,0062c542-2380-4f92-9d88-e6528cd46d02,bicycle,electric_assist,2026-09-13T14:24:59Z,2026-09-13T14:37:59Z,780,2385,"LINESTRING (-9.16633 38.71769, -9.16548 38.71540, -9.16451 38.71313, -9.16537 38.71084, -9.16648 38.70861, -9.16685 38.70624, -9.16794 38.70401, -9.16841 38.70165, -9.16908 38.69932, -9.16992 38.69703)"
a5647b1d-821d-4058-b2c5-ef7c6cf025cd,6bad6be2-8e7a-46e9-9f19-950499dd251d,Voi,c5f2ac85-eeb1-4e04-b52d-b661353b014c,scooter,electric,2026-09-13T14:25:49Z,2026-09-13T15:01:23Z,2134,7759,"LINESTRING (-9.15307 38.75141, -9.14814 38.76240, -9.14327 38.77342, -9.13816 38.78437, -9.13474 38.79571, -9.14025 38.80654, -9.13885 38.81814)"
d39118a7-20a2-4cf1-ab0e-2e1fdace5344,f38b2ffc-80a4-4f5a-91c9-bc701e7ea419,Lime,28fdb92d-ab26-4981-aaf3-8f6c159d6a38,bicycle,electric_assist,2026-09-13T14:30:29Z,2026-09-13T14:33:18Z,169,713,"LINESTRING (-9.10201 38.72889, -9.10223 38.72968, -9.10210 38.73047, -9.10235 38.73125, -9.10177 38.73192, -9.10110 38.73253, -9.10046 38.73315, -9.09961 38.73361, -9.09887 38.73417)"
5c82614e-4b7c-4b0e-9952-48b57e2f2b55,e5121482-3929-4d22-a255-accb1a466884,Dott,4f83d975-5239-45bb-bc29-5d1b6a96cf7e,scooter,electric,2026-09-13T15:06:08Z,2026-09-13T15:13:00Z,412,1931,"LINESTRING (-9.16010 38.76860, -9.15786 38.76683, -9.15529 38.76536, -9.15216 38.76583, -9.14928 38.76690, -9.14630 38.76779, -9.14375 38.76928, -9.14149 38.77103)"
729c4830-b3d4-42bd-ac5f-8eb9a5a93482,e5121482-3929-4d22-a255-accb1a466884,Dott,40868dcb-f0b6-459a-a85f-cb5025cb4dc5,scooter,electric,2026-09-13T15:16:07Z,2026-09-13T15:25:36Z,569,1842,"LINESTRING (-9.11227 38.70841, -9.10977 38.70912, -9.10722 38.70969, -9.10534 38.71116, -9.10317 38.71236, -9.10187 38.71417, -9.10058 38.71599, -9.09876 38.71750, -9.09619 38.71802)"
028e3bef-b774-4813-a3d2-c56c7ab9eb1f,f3f49249-dc28-4f90-a5ae-c7978306d03b,Bolt,1ea300b9-8554-417b-9a19-e0d7c0a904a0,scooter,electric,2026-09-13T15:19:28Z,2026-09-13T15:35:39Z,971,3912,"LINESTRING (-9.13897 38.75838, -9.13683 38.75527, -9.13555 38.75189, -9.13309 38.74894, -9.12903 38.74739, -9.12494 38.74588, -9.12196 38.74324, -9.11970 38.74018, -9.11590 38.73828, -9.11181 38.73678, -9.10771 38.73530)"
d96d16f1-fab8-4718-9031-33686bf0b140,f3f49249-dc28-4f90-a5ae-c7978306d03b,Bolt,7e9b56d2-f7ca-4132-a960-199b3982dbf3,scooter,electric,2026-09-13T15:20:25Z,2026-09-13T15:28:02Z,457,2040,"LINESTRING (-9.16840 38.74847, -9.16922 38.74592, -9.17145 38.74395, -9.17288 38.74157, -9.17479 38.73941, -9.17718 38.73756, -9.17617 38.73505, -9.17506 38.73257)"
d02526bd-043f-4102-950b-0c3286984881,f3f49249-dc28-4f90-a5ae-c7978306d03b,Bolt,9b4a8d0a-515c-4a27-98f0-080057f36ca6,scooter,electric,2026-09-13T15:21:36Z,2026-09-13T15:31:16Z,580,2756,"LINESTRING (-9.16707 38.71077, -9.16315 38.71467, -9.16030 38.71912, -9.15802 38.72375, -9.16060 38.72830, -9.16683 38.72932)"
1bac661f-f8be-45bf-8b07-3d70b5e3f977,f38b2ffc-80a4-4f5a-91c9-bc701e7ea419,Lime,16e5fc44-97f9-4ad6-a074-81bdf1b8ea7c,scooter,electric,2026-09-13T15:35:25Z,2026-09-13T15:41:10Z,345,1608,"LINESTRING (-9.17237 38.73541, -9.17361 38.73694, -9.17495 38.73843, -9.17626 38.73992, -9.17710 38.74161, -9.17917 38.74243, -9.18145 38.74279, -9.18274 38.74430, -9.18500 38.74388)"
9a2731b9-ccc8-4893-98e7-87213ba7ccdf,d7a7a3cc-8c3d-4f16-9293-de8fc88b2875,Gira,4228718b-1fa0-45ae-8e93-2b83353434bf,bicycle,electric_assist,2026-09-13T15:51:13Z,2026-09-13T16:08:14Z,1021,2572,"LINESTRING (-9.18215 38.70160, -9.18486 38.69747, -9.18625 38.69297, -9.18548 38.68837, -9.18756 38.68403, -9.18962 38.67969)"
855e508e-8996-4dff-abfd-2514a45074cb,f3f49249-dc28-4f90-a5ae-c7978306d03b,Bolt,f28d937a-f6c5-4bc1-81ea-df91c263064f,scooter,electric,2026-09-13T16:13:25Z,2026-09-13T16:25:49Z,744,3921,"LINESTRING (-9.13460 38.73302, -9.12942 38.73123, -9.12476 38.72872, -9.12016 38.72615, -9.11459 38.72694, -9.10898 38.72757, -9.10341 38.72837, -9.09776 38.72822, -9.09271 38.72622)"
393b8154-2874-4db3-9906-72af5225a0a0,d7a7a3cc-8c3d-4f16-9293-de8fc88b2875,Gira,1088a172-7944-4514-9c10-bb61f0248f25,bicycle,electric_assist,2026-09-13T16:42:40Z,2026-09-13T16:48:08Z,328,1002,"LINESTRING (-9.14637 38.72867, -9.14730 38.72999, -9.14829 38.73127, -9.14930 38.73256, -9.15035 38.73382, -9.15167 38.73492, -9.15253 38.73627)"
5816bea2-ee12-484c-8869-5d36b1b423e5,f3f49249-dc28-4f90-a5ae-c7978306d03b,Bolt,324ce2dd-2d3f-4bf3-904d-7d95672f8dab,scooter,electric,2026-09-13T16:56:43Z,2026-09-13T17:01:51Z,308,1268,"LINESTRING (-9.15872 38.76411, -9.15873 38.76525, -9.15848 38.76638, -9.15777 38.76738, -9.15885 38.76815, -9.15924 38.76926, -9.15944 38.77039, -9.15936 38.77153, -9.15801 38.77197, -9.15674 38.77255, -9.15535 38.77292)"
10b270d3-c48f-4ed5-b0a1-4b59ad184b4f,f3f49249-dc28-4f90-a5ae-c7978306d03b,Bolt,997898f0-277b-4be5-8839-cef1375850f0,scooter,electric,2026-09-13T17:01:48Z,2026-09-13T17:07:41Z,353,1510,"LINESTRING (-9.10915 38.71946, -9.10670 38.71910, -9.10421 38.71910, -9.10206 38.72009, -9.09957 38.72017, -9.09725 38.71946, -9.09528 38.71827, -9.09298 38.71752)"
06f3e32f-7105-4042-8b87-cfe2d907fab6,e5121482-3929-4d22-a255-accb1a466884,Dott,4e9fe834-9ca1-4597-8f26-0a37ae50a592,scooter,electric,2026-09-13T17:09:14Z,2026-09-13T17:20:48Z,694,3015,"LINESTRING (-9.17858 38.74752, -9.17968 38.74494, -9.18174 38.74275, -9.18348 38.74039, -9.18411 38.73772, -9.18207 38.73552, -9.17983 38.73344, -9.17779 38.73124, -9.17704 38.72859, -9.17799 38.72597, -9.17786 38.72326)"
60a09f65-5ded-4c38-adb3-fffac0c3941a,f38b2ffc-80a4-4f5a-91c9-bc701e7ea419,Lime,2980f7bd-1cd3-4258-bf44-577cb8bfe77a,bicycle,electric_assist,2026-09-13T17:11:02Z,2026-09-13T17:23:51Z,769,3565,"LINESTRING (-9.16174 38.76984, -9.15833 38.77222, -9.15776 38.77577, -9.15508 38.77866, -9.15286 38.78178, -9.14981 38.78445, -9.14762 38.78758, -9.14436 38.79008, -9.14114 38.79262, -9.13856 38.79557)"
5fb59d2c-ae94-4379-9235-02f10223e2ba,f3f49249-dc28-4f90-a5ae-c7978306d03b,Bolt,6c3f40a1-170d-44b1-9103-2863de7c8fde,scooter,electric,2026-09-13T17:20:51Z,2026-09-13T17:33:10Z,739,2516,"LINESTRING (-9.17097 38.75629, -9.16803 38.75858, -9.16585 38.76134, -9.16237 38.76310, -9.15838 38.76220, -9.15423 38.76236, -9.15011 38.76277, -9.14620 38.76385)"
5fef4227-bf68-4909-b5ab-a8615e37c783,f38b2ffc-80a4-4f5a-91c9-bc701e7ea419,Lime,78549014-6ded-486a-9f4f-b02bb7a1774f,scooter,electric,2026-09-13T17:39:20Z,2026-09-13T17:43:17Z,237,1016,"LINESTRING (-9.10886 38.71428, -9.10851 38.71609, -9.10647 38.71699, -9.10431 38.71772, -9.10206 38.71823, -9.10051 38.71960)"
4aa561c4-474a-426c-b9e1-2494c61ec12b,f38b2ffc-80a4-4f5a-91c9-bc701e7ea419,Lime,ddba7481-a674-4fca-89ba-f21c8d903c66,bicycle,electric_assist,2026-09-13T17:56:08Z,2026-09-13T18:16:00Z,1192,4420,"LINESTRING (-9.12758 38.71965, -9.13078 38.71350, -9.13797 38.70996, -9.13917 38.70339, -9.14175 38.69706, -9.14455 38.69080, -9.14376 38.68419)"
265543e4-1e6b-4d84-aa65-735dde5f2fe4,f3f49249-dc28-4f90-a5ae-c7978306d03b,Bolt,f28d937a-f6c5-4bc1-81ea-df91c263064f,scooter,electric,2026-09-13T17:59:14Z,2026-09-13T18:08:27Z,553,2537,"LINESTRING (-9.15735 38.73883, -9.15900 38.73694, -9.16056 38.73501, -9.16316 38.73396, -9.16609 38.73392, -9.16896 38.73344, -9.17176 38.73276, -9.17325 38.73079, -9.17426 38.72865, -9.17304 38.72657, -9.17159 38.72458)"
e86fe42f-2250-4299-99dc-5668c4ad7a30,f3f49249-dc28-4f90-a5ae-c7978306d03b,Bolt,b76a1294-8cbb-4091-858f-7eb666426014,scooter,electric,2026-09-13T18:11:01Z,2026-09-13T18:20:04Z,543,2098,"LINESTRING (-9.11275 38.71888, -9.11202 38.71707, -9.11071 38.71548, -9.11058 38.71360, -9.11159 38.71188, -9.11113 38.71002, -9.11182 38.70821, -9.11366 38.70698, -9.11445 38.70519, -9.11501 38.70335, -9.11535 38.70148)"
42d4f8b9-3fbd-40e1-9498-d988120dd823,d7a7a3cc-8c3d-4f16-9293-de8fc88b2875,Gira,317d9a8c-1a61-46b0-a2f4-c4c907f2264c,bicycle,electric_assist,2026-09-13T18:16:06Z,2026-09-13T18:21:06Z,300,1481,"LINESTRING (-9.11335 38.71998, -9.11543 38.71959, -9.11757 38.71967, -9.11949 38.72041, -9.12049 38.72189, -9.12007 38.72352, -9.12088 38.72507, -9.12210 38.72644, -9.12354 38.72767)"
cd2d4412-c1a7-49e3-bfe2-a7d7a040f9ed,e5121482-3929-4d22-a255-accb1a466884,Dott,1d96bf66-3ced-4681-8096-0cf9a6792560,bicycle,electric_assist,2026-09-13T18:21:16Z,2026-09-13T18:24:34Z,198,819,"LINESTRING (-9.10108 38.70393, -9.09956 38.70360, -9.09801 38.70339, -9.09690 38.70251, -9.09545 38.70202, -9.09432 38.70117, -9.09325 38.70026)"
30035ee1-9260-499b-b50b-53e2c9c61667,6bad6be2-8e7a-46e9-9f19-950499dd251d,Voi,1c3e16e0-4fb0-44de-83f6-697df3e25f12,scooter,electric,2026-09-13T18:25:10Z,2026-09-13T18:29:43Z,273,1157,"LINESTRING (-9.15107 38.71558, -9.15029 38.71643, -9.14896 38.71631, -9.14763 38.71621, -9.14630 38.71611, -9.14509 38.71567, -9.14388 38.71523, -9.14275 38.71466, -9.14160 38.71413, -9.14125 38.71312, -9.14183 38.71219)"
aeb45738-24de-4641-b42d-8c45466ee7c0,e5121482-3929-4d22-a255-accb1a466884,Dott,5fce192e-e983-41ec-8432-14a7865424a1,scooter,electric,2026-09-13T18:25:29Z,2026-09-13T18:32:43Z,434,1827,"LINESTRING (-9.17099 38.70048, -9.17519 38.70083, -9.17927 38.70166, -9.18328 38.70064, -9.18741 38.69995, -9.19094 38.69815)"
a876c6ee-b1a2-4c79-9599-26cb7eb73e01,e5121482-3929-4d22-a255-accb1a466884,Dott,d3a4b8db-1b00-405a-a4c5-fdf8197bb6a3,scooter,electric,2026-09-13T18:42:07Z,2026-09-13T18:48:53Z,406,1718,"LINESTRING (-9.14587 38.73826, -9.14788 38.73713, -9.15016 38.73636, -9.15195 38.73502, -9.15206 38.73309, -9.15199 38.73115, -9.15017 38.72984, -9.14861 38.72834, -9.14614 38.72813)"
dd140b1e-940f-452b-ab34-ae5efa73c42d,f38b2ffc-80a4-4f5a-91c9-bc701e7ea419,Lime,ced8c284-63f1-4bbc-a97b-65cb81f8c04a,scooter,electric,2026-09-13T20:02:14Z,2026-09-13T20:08:26Z,372,1711,"LINESTRING (-9.17346 38.70334, -9.17199 38.70179, -9.17008 38.70057, -9.16848 38.69910, -9.16602 38.69928, -9.16385 38.70020, -9.16144 38.70061, -9.15965 38.69928, -9.15817 38.69774)"
5046ae03-c45b-47de-925d-4d26d47681b4,f38b2ffc-80a4-4f5a-91c9-bc701e7ea419,Lime,968e485e-46db-43ab-9044-df5c81b2499e,bicycle,electric_assist,2026-09-13T21:09:09Z,2026-09-13T21:28:37Z,1168,4775,"LINESTRING (-9.13833 38.70971, -9.13696 38.71576, -9.13770 38.72188, -9.13095 38.72505, -9.12658 38.73016, -9.11954 38.73293, -9.11166 38.73284, -9.10471 38.72995)"
36c90562-3b6b-4ca0-9ff2-4f6da5699ca7,d7a7a3cc-8c3d-4f16-9293-de8fc88b2875,Gira,89ffc0ad-4dbb-4891-97c3-eb934191a453,bicycle,electric_assist,2026-09-13T21:17:38Z,2026-09-13T21:22:43Z,305,1226,"LINESTRING (-9.15435 38.71887, -9.15533 38.71966, -9.15662 38.72013, -9.15791 38.72058, -9.15897 38.72132, -9.16037 38.72146, -9.16177 38.72166, -9.16315 38.72143, -9.16456 38.72130, -9.16597 38.72136, -9.16738 38.72147)"
14bc3629-2bd0-4f08-94d4-5f2121c6b13e,d7a7a3cc-8c3d-4f16-9293-de8fc88b2875,Gira,c1a0dbac-4a84-4014-9164-874fed0c2230,bicycle,electric_assist,2026-09-13T21:25:21Z,2026-09-13T21:31:21Z,360,1724,"LINESTRING (-9.15529 38.75381, -9.15397 38.75519, -9.15343 38.75687, -9.15198 38.75818, -9.15082 38.75965, -9.14942 38.76098, -9.14721 38.76106, -9.14513 38.76046, -9.14338 38.75939, -9.14306 38.75769)"
4638936f-70be-43f7-8f17-d1480afde72c,e5121482-3929-4d22-a255-accb1a466884,Dott,e9588f94-efcd-43cc-aae9-da1f415e9e83,scooter,electric,2026-09-13T22:19:11Z,2026-09-13T22:23:18Z,247,1112,"LINESTRING (-9.18175 38.73796, -9.18331 38.73767, -9.18453 38.73686, -9.18590 38.73620, -9.18656 38.73506, -9.18643 38.73381, -9.18689 38.73261, -9.18744 38.73143, -9.18716 38.73020)"
4bd34ba2-3c0c-4398-bca8-03ab8864abaa,f3f49249-dc28-4f90-a5ae-c7978306d03b,Bolt,07466814-29f7-4734-a50e-0c178a023907,scooter,electric,2026-09-13T23:19:43Z,2026-09-13T23:35:09Z,926,3392,"LINESTRING (-9.10878 38.76048, -9.10974 38.76345, -9.11198 38.76596, -9.11308 38.76889, -9.10975 38.77050, -9.10599 38.77137, -9.10208 38.77160, -9.09889 38.77337, -9.09622 38.77561, -9.09624 38.77867, -9.09649 38.78172)"
7ebd3a8a-8cdf-433e-aa29-9863b287fbc0,f38b2ffc-80a4-4f5a-91c9-bc701e7ea419,Lime,ddba7481-a674-4fca-89ba-f21c8d903c66,scooter,electric,2026-09-13T23:27:53Z,2026-09-13T23:30:29Z,156,701,"LINESTRING (-9.18237 38.70166, -9.18085 38.70123, -9.17926 38.70099, -9.17808 38.70012, -9.17803 38.69885, -9.17858 38.69766)"
3858753c-55d8-4285-8189-a3e998650039,6bad6be2-8e7a-46e9-9f19-950499dd251d,Voi,1756930d-2185-4bdd-b27e-2001c0eb1633,scooter,electric,2026-09-14T03:36:14Z,2026-09-14T03:42:14Z,360,1596,"LINESTRING (-9.14542 38.73657, -9.14599 38.73858, -9.14716 38.74042, -9.14837 38.74224, -9.15023 38.74370, -9.15148 38.74550, -9.15145 38.74756, -9.15213 38.74954)"
17ff435f-1015-4230-a861-db257d0ae272,e5121482-3929-4d22-a255-accb1a466884,Dott,87a87200-7b9b-4410-a1b1-c6f2972e6a6d,scooter,electric,2026-09-14T05:38:11Z,2026-09-14T05:46:15Z,484,1976,"LINESTRING (-9.13028 38.72662, -9.13196 38.72810, -9.13233 38.73006, -9.13258 38.73203, -9.13314 38.73396, -9.13268 38.73590, -9.13322 38.73784, -9.13406 38.73971, -9.13507 38.74152, -9.13534 38.74349)"
8d2686d4-7883-4450-8e10-665d0d1d28f8,6bad6be2-8e7a-46e9-9f19-950499dd251d,Voi,9a3df019-2442-4f29-9b47-3fab02ceb8ad,scooter,electric,2026-09-14T06:36:02Z,2026-09-14T06:44:14Z,492,1681,"LINESTRING (-9.12196 38.70044, -9.11999 38.70305, -9.11681 38.70479, -9.11412 38.70697, -9.11180 38.70941, -9.10815 38.71043)"
5dd2478f-b66a-424f-8ee8-22481fa9c8ed,f38b2ffc-80a4-4f5a-91c9-bc701e7ea419,Lime,14aa4e71-9d3c-4dec-80a6-1f933d6c51e3,bicycle,electric_assist,2026-09-14T07:03:12Z,2026-09-14T07:14:25Z,673,1935,"LINESTRING (-9.13235 38.73049, -9.13121 38.72877, -9.13143 38.72684, -9.13055 38.72503, -9.13043 38.72309, -9.13021 38.72116, -9.12910 38.71943, -9.13026 38.71771, -9.12937 38.71590, -9.12929 38.71396)"
08333f0e-3d07-43fa-8a36-7034df20e6e1,f38b2ffc-80a4-4f5a-91c9-bc701e7ea419,Lime,47cd07f7-b74c-490a-9eeb-ba4e1c14df92,bicycle,electric_assist,2026-09-14T07:13:13Z,2026-09-14T07:18:40Z,327,1757,"LINESTRING (-9.11057 38.71743, -9.11259 38.71666, -9.11447 38.71569, -9.11664 38.71521, -9.11710 38.71348, -9.11755 38.71176, -9.11736 38.71001, -9.11656 38.70836, -9.11553 38.70680, -9.11340 38.70624)"
d7a78bfb-d65e-4a70-805e-32ca513ebf5f,e5121482-3929-4d22-a255-accb1a466884,Dott,32051957-d324-4529-9f06-7c31bc24bd96,scooter,electric,2026-09-14T07:30:18Z,2026-09-14T07:35:12Z,294,1412,"LINESTRING (-9.12685 38.76986, -9.12522 38.77082, -9.12365 38.77184, -9.12281 38.77328, -9.12151 38.77451, -9.12128 38.77609, -9.12088 38.77765, -9.12012 38.77913, -9.11822 38.77971)"
ae5fd8af-1b56-433c-92c6-c87c3c16160e,6bad6be2-8e7a-46e9-9f19-950499dd251d,Voi,05ec7d95-9a6a-4668-8b44-e128774a472c,scooter,electric,2026-09-14T07:35:45Z,2026-09-14T07:40:51Z,306,1355,"LINESTRING (-9.15637 38.71709, -9.15467 38.71679, -9.15294 38.71692, -9.15135 38.71747, -9.14964 38.71722, -9.14819 38.71648, -9.14647 38.71625, -9.14495 38.71559, -9.14335 38.71612, -9.14185 38.71681)"
56caffa6-63a3-493e-9d46-28414d42afbc,f3f49249-dc28-4f90-a5ae-c7978306d03b,Bolt,b46ef085-8d22-42de-9b55-6bf026e8ffda,scooter,electric,2026-09-14T08:09:03Z,2026-09-14T08:22:09Z,786,3025,"LINESTRING (-9.16909 38.73838, -9.16522 38.73863, -9.16240 38.74071, -9.15886 38.74196, -9.15536 38.74328, -9.15197 38.74475, -9.14876 38.74645, -9.14652 38.74892, -9.14356 38.75089, -9.14188 38.75362)"
fe5f0414-5cdf-48a7-998f-37ee0a4a539c,f3f49249-dc28-4f90-a5ae-c7978306d03b,Bolt,17395086-9dcd-4c96-bb8b-7da0fb24efdb,scooter,electric,2026-09-14T08:22:12Z,2026-09-14T08:37:41Z,929,5168,"LINESTRING (-9.13528 38.74385, -9.12803 38.74524, -9.12060 38.74578, -9.11346 38.74747, -9.10819 38.75159, -9.10143 38.75407, -9.09397 38.75418, -9.08651 38.75429, -9.08137 38.75851)"
7573d9b0-7e33-4a67-8bc9-bdf193f6ec38,f38b2ffc-80a4-4f5a-91c9-bc701e7ea419,Lime,9543c6c3-aa22-4078-903d-c86b01504585,scooter,electric,2026-09-14T08:22:38Z,2026-09-14T08:42:46Z,1208,4166,"LINESTRING (-9.11854 38.76346, -9.12167 38.76631, -9.12598 38.76798, -9.12771 38.77149, -9.12929 38.77503, -9.13286 38.77755, -9.13591 38.78046, -9.13957 38.78290, -9.14439 38.78302, -9.14891 38.78174, -9.15373 38.78170)"
c15a08ec-5bfc-4831-9516-ac301dcce4e2,f38b2ffc-80a4-4f5a-91c9-bc701e7ea419,Lime,0397a31d-ea9e-4ab5-b30b-89dc2577c324,bicycle,electric_assist,2026-09-14T08:24:07Z,2026-09-14T08:32:14Z,487,1882,"LINESTRING (-9.10405 38.74309, -9.10698 38.74389, -9.10980 38.74491, -9.11282 38.74549, -9.11459 38.74748, -9.11693 38.74907, -9.11940 38.75054, -9.12063 38.75277)"
2c881d0e-3eb8-41cc-ba66-b09811214b70,e5121482-3929-4d22-a255-accb1a466884,Dott,8f2606ce-2a22-4326-bca4-8c302bec3194,scooter,electric,2026-09-14T08:36:10Z,2026-09-14T08:39:37Z,207,804,"LINESTRING (-9.12632 38.76570, -9.12723 38.76626, -9.12814 38.76683, -9.12866 38.76763, -9.12910 38.76847, -9.12921 38.76937, -9.13021 38.76983, -9.13052 38.77070, -9.13019 38.77157)"
0361a37e-71ca-41e2-b799-2e780db38e81,d7a7a3cc-8c3d-4f16-9293-de8fc88b2875,Gira,b090385c-12ba-4845-8b23-f006d2fa3fdc,bicycle,electric_assist,2026-09-14T08:44:30Z,2026-09-14T08:49:45Z,315,1231,"LINESTRING (-9.14959 38.73575, -9.14829 38.73377, -9.14620 38.73227, -9.14413 38.73074, -9.14303 38.72870, -9.14251 38.72652)"
c6c8dc00-27fa-42a2-9543-538cf42d874d,e5121482-3929-4d22-a255-accb1a466884,Dott,c302e4a4-10fa-4bc2-a3f8-992318c22f25,scooter,electric,2026-09-14T08:52:14Z,2026-09-14T09:01:48Z,574,2060,"LINESTRING (-9.11791 38.73501, -9.11587 38.73332, -9.11379 38.73166, -9.11167 38.73004, -9.10942 38.72852, -9.10698 38.72719, -9.10611 38.72497, -9.10552 38.72270, -9.10394 38.72073)"
2bedf82d-41c6-4a59-9d68-437332cbf2e6,f3f49249-dc28-4f90-a5ae-c7978306d03b,Bolt,1d1c91e3-c4cf-4357-b048-4c9f704309dc,scooter,electric,2026-09-14T08:55:02Z,2026-09-14T09:00:54Z,352,1313,"LINESTRING (-9.11551 38.72329, -9.11690 38.72281, -9.11837 38.72252, -9.11975 38.72202, -9.12115 38.72157, -9.12265 38.72143, -9.12401 38.72090, -9.12499 38.72000, -9.12621 38.71930, -9.12710 38.71834, -9.12844 38.71778)"
fa80b312-6a06-47c8-b557-48c89aec924c,e5121482-3929-4d22-a255-accb1a466884,Dott,dbf18a0f-e6f1-4dc9-ae79-7106f4fc082e,scooter,electric,2026-09-14T08:56:29Z,2026-09-14T09:29:55Z,2006,8469,"LINESTRING (-9.15779 38.72591, -9.15372 38.71548, -9.14240 38.70910, -9.13127 38.70251, -9.11743 38.70103, -9.10406 38.69787, -9.09227 38.69203, -9.07865 38.68960)"
479326da-f83e-41b7-9f94-522396254533,e5121482-3929-4d22-a255-accb1a466884,Dott,66a27c00-6a79-4f9d-bd6c-b580ce21626c,bicycle,electric_assist,2026-09-14T09:16:30Z,2026-09-14T09:19:20Z,170,566,"LINESTRING (-9.12114 38.76110, -9.12051 38.76124, -9.12012 38.76165, -9.11970 38.76204, -9.11978 38.76255, -9.12020 38.76294, -9.12049 38.76339, -9.12011 38.76381, -9.11965 38.76417, -9.11941 38.76465, -9.11917 38.76512)"
7aaaa925-d966-46ea-8372-9f31760659de,e5121482-3929-4d22-a255-accb1a466884,Dott,ab8e4041-6e35-4e9d-9904-8fce2b7a3cf0,bicycle,electric_assist,2026-09-14T09:48:40Z,2026-09-14T09:54:53Z,373,1488,"LINESTRING (-9.18449 38.71725, -9.18564 38.71625, -9.18614 38.71497, -9.18677 38.71372, -9.18731 38.71245, -9.18778 38.71116, -9.18763 38.70983, -9.18781 38.70849, -9.18685 38.70739, -9.18691 38.70605, -9.18646 38.70475)"
39870145-54ba-4134-9016-5e8a7072dbc8,f38b2ffc-80a4-4f5a-91c9-bc701e7ea419,Lime,8a88ce1b-46de-4eef-843f-9f5b05fb0d55,scooter,electric,2026-09-14T10:50:30Z,2026-09-14T10:56:56Z,386,1448,"LINESTRING (-9.09835 38.70510, -9.09664 38.70734, -9.09647 38.70994, -9.09696 38.71252, -9.09821 38.71494, -9.10002 38.71714)"
7331d121-5ca9-475d-8dee-dc5882f0d7ad,f38b2ffc-80a4-4f5a-91c9-bc701e7ea419,Lime,e0ed4a62-17d6-4f8f-b423-f8be01418223,bicycle,electric_assist,2026-09-14T10:51:39Z,2026-09-14T10:56:40Z,301,1219,"LINESTRING (-9.15910 38.73494, -9.15820 38.73410, -9.15717 38.73335, -9.15587 38.73292, -9.15456 38.73333, -9.15316 38.73325, -9.15204 38.73257, -9.15064 38.73269, -9.14924 38.73272, -9.14789 38.73303, -9.14649 38.73320)"
0a085e05-0310-40c2-a0f2-2e340ad8e3f0,6bad6be2-8e7a-46e9-9f19-950499dd251d,Voi,99d29ac3-32b5-4430-aae7-5808007edc7d,scooter,electric,2026-09-14T11:27:04Z,2026-09-14T11:39:11Z,727,2991,"LINESTRING (-9.18379 38.70231, -9.18868 38.70182, -9.19175 38.69880, -9.19525 38.69609, -9.19487 38.69225, -9.19680 38.68871, -9.19617 38.68489, -9.19281 38.68207)"
db175c74-2fd1-492b-a2a1-7baa886c39ca,f38b2ffc-80a4-4f5a-91c9-bc701e7ea419,Lime,7aac319f-fb75-4e0f-ad1d-9d1690624fe3,scooter,electric,2026-09-14T11:34:13Z,2026-09-14T11:46:55Z,762,3470,"LINESTRING (-9.10614 38.75947, -9.11405 38.76049, -9.12202 38.75981, -9.12996 38.75890, -9.13794 38.75833, -9.14536 38.75595)"
06640fa7-9d65-492e-963c-306fdb48f697,f38b2ffc-80a4-4f5a-91c9-bc701e7ea419,Lime,97bc9f31-bcc1-4936-8aa5-8cd04f77abb9,bicycle,electric_assist,2026-09-14T11:37:04Z,2026-09-14T11:42:01Z,297,1253,"LINESTRING (-9.09665 38.73515, -9.09488 38.73488, -9.09307 38.73501, -9.09131 38.73469, -9.08961 38.73420, -9.08786 38.73386, -9.08606 38.73397, -9.08446 38.73330, -9.08359 38.73207)"
d34570c9-342d-4334-82bf-5b31715c89e2,f3f49249-dc28-4f90-a5ae-c7978306d03b,Bolt,358fb7fc-c79f-4652-848d-c233539cf42a,scooter,electric,2026-09-14T11:59:20Z,2026-09-14T12:23:49Z,1469,6875,"LINESTRING (-9.11860 38.76510, -9.12771 38.77037, -9.13906 38.77032, -9.15039 38.76978, -9.16165 38.76866, -9.17297 38.76925, -9.18171 38.77489, -9.18781 38.78236)"
c216e742-dd8f-4397-ae68-c15d52fa7af5,d7a7a3cc-8c3d-4f16-9293-de8fc88b2875,Gira,c2936ca1-300a-4d21-b0e9-5ec95cf754a1,bicycle,electric_assist,2026-09-14T12:00:58Z,2026-09-14T12:22:13Z,1275,3436,"LINESTRING (-9.11391 38.73770, -9.10597 38.73745, -9.09905 38.74049, -9.09112 38.74024, -9.08488 38.73642, -9.08256 38.73049)"
f3c2827b-b67f-4684-afa1-04770e13d5bb,f3f49249-dc28-4f90-a5ae-c7978306d03b,Bolt,cc1cdc7c-219a-49b4-a4db-befdba8ed768,scooter,electric,2026-09-14T12:09:19Z,2026-09-14T12:14:11Z,292,1294,"LINESTRING (-9.13297 38.74140, -9.13131 38.73995, -9.13012 38.73825, -9.12967 38.73634, -9.13094 38.73467, -9.13336 38.73419, -9.13571 38.73354)"
4494ec11-a895-4d51-a0a2-99d6d9dd9d8a,f3f49249-dc28-4f90-a5ae-c7978306d03b,Bolt,be372c51-7111-46cd-a785-5a3a367f02fa,scooter,electric,2026-09-14T12:36:32Z,2026-09-14T13:01:42Z,1510,6582,"LINESTRING (-9.16970 38.74469, -9.17348 38.75618, -9.17044 38.76780, -9.17121 38.77965, -9.15765 38.78504, -9.14358 38.78955)"
4ff1ab96-c965-4d79-924b-aef6e2ee93ce,e5121482-3929-4d22-a255-accb1a466884,Dott,ff5c37e3-790e-4bc8-a4c2-ce6b9e266b74,scooter,electric,2026-09-14T12:38:05Z,2026-09-14T12:41:29Z,204,820,"LINESTRING (-9.14862 38.75764, -9.15019 38.75749, -9.15173 38.75776, -9.15330 38.75792, -9.15481 38.75829, -9.15631 38.75868, -9.15689 38.75982)"
3d606013-828d-4c28-aaef-00cbdc85a7be,f38b2ffc-80a4-4f5a-91c9-bc701e7ea419,Lime,47cd07f7-b74c-490a-9eeb-ba4e1c14df92,bicycle,electric_assist,2026-09-14T12:41:22Z,2026-09-14T12:49:09Z,467,2245,"LINESTRING (-9.15833 38.77109, -9.15805 38.76857, -9.15708 38.76616, -9.15792 38.76372, -9.15934 38.76144, -9.15931 38.75891, -9.15916 38.75639, -9.15862 38.75389, -9.15940 38.75144)"
8698c1a3-451a-4ad4-87b2-0f84a9bfbf04,6bad6be2-8e7a-46e9-9f19-950499dd251d,Voi,a3ea5ba2-6d9b-4805-ae70-8b91685be8e8,scooter,electric,2026-09-14T12:49:40Z,2026-09-14T12:53:43Z,243,1191,"LINESTRING (-9.09963 38.76121, -9.09887 38.76017, -9.09791 38.75925, -9.09639 38.75938, -9.09487 38.75951, -9.09384 38.76039, -9.09258 38.76106, -9.09116 38.76151, -9.08965 38.76173, -9.08814 38.76187)"
7cd2fa3a-f957-4de2-a9ab-dd4ec6a1e448,f38b2ffc-80a4-4f5a-91c9-bc701e7ea419,Lime,8a88ce1b-46de-4eef-843f-9f5b05fb0d55,bicycle,electric_assist,2026-09-14T12:50:27Z,2026-09-14T13:22:39Z,1932,7213,"LINESTRING (-9.13233 38.77166, -9.12870 38.76581, -9.12489 38.76003, -9.12396 38.75357, -9.12373 38.74707, -9.12306 38.74059, -9.12421 38.73416, -9.12866 38.72866, -9.13357 38.72342, -9.14159 38.72165, -9.14974 38.72031)"
afd5c400-172f-4f6c-87d0-12cb41cd32b3,f38b2ffc-80a4-4f5a-91c9-bc701e7ea419,Lime,637c119a-f906-499e-a24e-229f5b72fcc5,scooter,electric,2026-09-14T12:58:57Z,2026-09-14T13:07:33Z,516,2629,"LINESTRING (-9.13342 38.73198, -9.13759 38.73106, -9.14073 38.72872, -9.14131 38.72536, -9.14401 38.72271, -9.14657 38.71998, -9.14915 38.71726, -9.14966 38.71390)"
afbf1158-83a6-44ef-bc4f-4790bf2b1b1d,f3f49249-dc28-4f90-a5ae-c7978306d03b,Bolt,cc941d42-62e0-4dd6-9bda-22cf907b12b7,scooter,electric,2026-09-14T13:08:25Z,2026-09-14T13:27:30Z,1145,3924,"LINESTRING (-9.12659 38.71625, -9.13087 38.71914, -9.13612 38.72080, -9.14058 38.72352, -9.14620 38.72411, -9.15175 38.72499, -9.15712 38.72359, -9.16257 38.72479, -9.16725 38.72728)"
bed24d61-8ffa-44a4-8aab-fa6213e97c28,e5121482-3929-4d22-a255-accb1a466884,Dott,a0995504-75ff-41f6-a693-03f4a8ac3b26,bicycle,electric_assist,2026-09-14T14:07:29Z,2026-09-14T14:11:32Z,243,965,"LINESTRING (-9.14427 38.71835, -9.14296 38.71904, -9.14239 38.72021, -9.14128 38.72109, -9.14045 38.72216, -9.14033 38.72340, -9.14100 38.72452, -9.14168 38.72565)"
e46b5443-2b45-4d20-9b18-e83b8b3847c2,f3f49249-dc28-4f90-a5ae-c7978306d03b,Bolt,b6fe3f33-2549-4c72-9312-a6cde66f0182,scooter,electric,2026-09-14T14:22:36Z,2026-09-14T14:37:53Z,917,4325,"LINESTRING (-9.18414 38.73448, -9.18150 38.74064, -9.17686 38.74603, -9.17167 38.75111, -9.16950 38.75738, -9.16325 38.76167, -9.15613 38.76504)"
ff65cbc8-9058-4aa2-9af7-773d9269f4f5,e5121482-3929-4d22-a255-accb1a466884,Dott,956e0261-8446-40f6-a2bc-a7178c25ed7c,bicycle,electric_assist,2026-09-14T14:24:36Z,2026-09-14T14:34:30Z,594,1893,"LINESTRING (-9.13710 38.72086, -9.13493 38.72108, -9.13277 38.72134, -9.13058 38.72133, -9.12850 38.72184, -9.12637 38.72222, -9.12438 38.72151, -9.12333 38.72001, -9.12287 38.71835, -9.12306 38.71665, -9.12331 38.71495)"
73d53a5f-6752-4bda-ad41-6308e1b3b498,f38b2ffc-80a4-4f5a-91c9-bc701e7ea419,Lime,e306f0c4-85f1-44e0-b464-c554f675299b,bicycle,electric_assist,2026-09-14T14:28:20Z,2026-09-14T14:32:10Z,230,916,"LINESTRING (-9.10642 38.71066, -9.10550 38.71010, -9.10473 38.70940, -9.10541 38.70866, -9.10634 38.70810, -9.10680 38.70725, -9.10777 38.70674, -9.10886 38.70638, -9.10985 38.70590, -9.11099 38.70568)"
d7ba64ab-3e4b-4800-81de-8b25f70beb28,e5121482-3929-4d22-a255-accb1a466884,Dott,aa1bc2e3-3e1e-4bd8-98da-990c9704364a,scooter,electric,2026-09-14T15:37:06Z,2026-09-14T15:54:02Z,1016,3556,"LINESTRING (-9.11988 38.75547, -9.12536 38.75712, -9.13086 38.75870, -9.13583 38.76115, -9.14137 38.76265, -9.14662 38.76059, -9.15217 38.75912, -9.15750 38.75718)"
641224e2-b1d9-44df-ac65-ee75eccd4f1a,e5121482-3929-4d22-a255-accb1a466884,Dott,19fbcf5c-fb59-4cb3-95a6-fd418b9be801,bicycle,electric_assist,2026-09-14T15:45:01Z,2026-09-14T15:49:15Z,254,1095,"LINESTRING (-9.15427 38.70293, -9.15403 38.70153, -9.15470 38.70022, -9.15481 38.69881, -9.15567 38.69757, -9.15676 38.69644, -9.15821 38.69560, -9.15898 38.69433)"
10b8cd86-8f25-4601-b86f-7a9514b3f1e3,f38b2ffc-80a4-4f5a-91c9-bc701e7ea419,Lime,2950e9ae-5089-4e3b-ae8b-9e7c4a815857,scooter,electric,2026-09-14T16:09:21Z,2026-09-14T16:15:17Z,356,1398,"LINESTRING (-9.12237 38.72202, -9.12287 38.72050, -9.12403 38.71921, -9.12586 38.71854, -9.12769 38.71788, -9.12911 38.71676, -9.12927 38.71519, -9.12883 38.71365, -9.12792 38.71225)"
07b4ba2f-467f-4894-b7ab-dfecce6dd493,f38b2ffc-80a4-4f5a-91c9-bc701e7ea419,Lime,200da2b8-c660-4afb-b835-6e48a99fb266,bicycle,electric_assist,2026-09-14T16:29:06Z,2026-09-14T16:40:42Z,696,3229,"LINESTRING (-9.16983 38.74460, -9.16949 38.74823, -9.16612 38.75074, -9.16231 38.75284, -9.15765 38.75299, -9.15299 38.75300, -9.14838 38.75355, -9.14378 38.75417, -9.13914 38.75383)"
adfeaca5-fa1e-49f0-b9d5-ccec529a3ef8,f3f49249-dc28-4f90-a5ae-c7978306d03b,Bolt,54eb1e9f-8fc3-4287-819b-0c586ebea6fb,scooter,electric,2026-09-14T16:30:01Z,2026-09-14T16:36:20Z,379,1708,"LINESTRING (-9.15914 38.75000, -9.16023 38.74872, -9.16197 38.74800, -9.16395 38.74794, -9.16584 38.74751, -9.16754 38.74673, -9.16907 38.74575, -9.17053 38.74472, -9.17246 38.74440, -9.17425 38.74376, -9.17565 38.74267)"
fdb21478-756b-4cec-b32d-dbf59d2552b2,6bad6be2-8e7a-46e9-9f19-950499dd251d,Voi,dc1ff4d2-8df0-4cd1-8c3a-398cdfca29dc,scooter,electric,2026-09-14T16:41:19Z,2026-09-14T16:47:35Z,376,2115,"LINESTRING (-9.12657 38.76022, -9.12255 38.75967, -9.11861 38.75888, -9.11474 38.75788, -9.11077 38.75858, -9.10697 38.75972, -9.10312 38.76076)"
5769794d-e47d-4a84-b73d-a5e0f4f87c2b,e5121482-3929-4d22-a255-accb1a466884,Dott,deddc341-796f-43ef-916d-8fd6d2a0c9c8,bicycle,electric_assist,2026-09-14T17:06:10Z,2026-09-14T17:19:09Z,779,3092,"LINESTRING (-9.15127 38.73526, -9.14490 38.73274, -9.13800 38.73127, -9.13086 38.73112, -9.12442 38.73352, -9.12036 38.73811)"
0b32fd2c-246d-481d-b9b7-864a7a266569,f3f49249-dc28-4f90-a5ae-c7978306d03b,Bolt,08d68e5b-dd8c-4c74-aaa9-27e6cd463d49,scooter,electric,2026-09-14T17:13:36Z,2026-09-14T17:29:23Z,947,4570,"LINESTRING (-9.12772 38.72743, -9.13390 38.72923, -9.14049 38.72943, -9.14703 38.73012, -9.15336 38.73157, -9.15791 38.73530, -9.16255 38.73896, -9.16506 38.74372, -9.17164 38.74414)"
09b03c85-26bd-4bc0-892b-7904e229a71a,f38b2ffc-80a4-4f5a-91c9-bc701e7ea419,Lime,fcbad167-f5a9-4a5f-adf1-65dab6eafff5,bicycle,electric_assist,2026-09-14T17:15:13Z,2026-09-14T17:28:16Z,783,2163,"LINESTRING (-9.10656 38.74767, -9.10873 38.74670, -9.11079 38.74560, -9.11320 38.74509, -9.11550 38.74587, -9.11741 38.74713, -9.11967 38.74795, -9.12123 38.74947, -9.12152 38.75141, -9.12399 38.75168, -9.12643 38.75125)"
a2f284a5-0ebb-49ee-ae08-91bb2a6af613,6bad6be2-8e7a-46e9-9f19-950499dd251d,Voi,69d529b9-4a46-4e1e-b5c8-84d786ffc468,scooter,electric,2026-09-14T17:15:16Z,2026-09-14T17:27:24Z,728,2565,"LINESTRING (-9.15793 38.76631, -9.16118 38.76341, -9.16609 38.76304, -9.17102 38.76272, -9.17511 38.76488, -9.17883 38.76741, -9.18369 38.76673)"
a7284687-c68b-4384-b4f5-7475ac6f3570,f38b2ffc-80a4-4f5a-91c9-bc701e7ea419,Lime,8be40e7f-c079-41d4-8b6e-c6f39efebfda,bicycle,electric_assist,2026-09-14T17:17:45Z,2026-09-14T17:23:38Z,353,1670,"LINESTRING (-9.13824 38.74588, -9.13614 38.74778, -9.13345 38.74915, -9.13079 38.75056, -9.12797 38.75177, -9.12476 38.75174, -9.12228 38.75333)"
4eee2172-163a-4830-bbbf-508b0df6de01,f38b2ffc-80a4-4f5a-91c9-bc701e7ea419,Lime,7aac319f-fb75-4e0f-ad1d-9d1690624fe3,bicycle,electric_assist,2026-09-14T17:43:04Z,2026-09-14T17:48:41Z,337,1035,"LINESTRING (-9.10434 38.74102, -9.10412 38.73916, -9.10400 38.73729, -9.10413 38.73543, -9.10205 38.73450, -9.10021 38.73331)"
7bac611f-5015-4b4c-a07a-1dc5df42e85c,f38b2ffc-80a4-4f5a-91c9-bc701e7ea419,Lime,2c2dba9d-a39d-4086-899a-0307cb9d2149,bicycle,electric_assist,2026-09-14T17:44:52Z,2026-09-14T17:52:36Z,464,1613,"LINESTRING (-9.18322 38.70346, -9.18255 38.70481, -9.18272 38.70626, -9.18424 38.70710, -9.18602 38.70668, -9.18770 38.70605, -9.18951 38.70569, -9.19133 38.70538, -9.19318 38.70554, -9.19493 38.70604, -9.19657 38.70672)"
9d8eefd9-5a74-45d5-8783-e09d798296fe,f3f49249-dc28-4f90-a5ae-c7978306d03b,Bolt,914fe82d-1593-4452-8f37-fdfbb49cb061,scooter,electric,2026-09-14T18:14:59Z,2026-09-14T18:27:10Z,731,3661,"LINESTRING (-9.16864 38.73729, -9.16789 38.74137, -9.16548 38.74504, -9.16129 38.74755, -9.15600 38.74744, -9.15258 38.74430, -9.15037 38.74056, -9.15152 38.73653, -9.15049 38.73249)"
8d0bd0a9-7df5-46f2-a12a-96014a0a2c52,6bad6be2-8e7a-46e9-9f19-950499dd251d,Voi,08b7b7c7-40c8-4335-ab47-8bb8870ec758,scooter,electric,2026-09-14T18:16:34Z,2026-09-14T18:21:39Z,305,1806,"LINESTRING (-9.18467 38.76368, -9.18359 38.76110, -9.18046 38.75993, -9.17769 38.75828, -9.17600 38.75591, -9.17402 38.75368, -9.17319 38.75105)"
309c98ee-ed68-4e73-bb1e-176a4b33a6ed,e5121482-3929-4d22-a255-accb1a466884,Dott,2cc11466-371e-40bf-bc72-aeb01b63bb4d,bicycle,electric_assist,2026-09-14T18:34:03Z,2026-09-14T18:42:26Z,503,1969,"LINESTRING (-9.16856 38.71153, -9.16928 38.70938, -9.16977 38.70720, -9.17074 38.70511, -9.16973 38.70304, -9.17005 38.70084, -9.17170 38.69903, -9.17422 38.69801, -9.17687 38.69720)"
0218a8a3-3731-42bc-b046-892838e719cc,e5121482-3929-4d22-a255-accb1a466884,Dott,fbe8f16e-39cf-4723-a9fd-7f44d61f7e74,scooter,electric,2026-09-14T18:36:53Z,2026-09-14T18:42:09Z,316,1443,"LINESTRING (-9.14015 38.76244, -9.14197 38.76268, -9.14344 38.76356, -9.14522 38.76396, -9.14707 38.76387, -9.14888 38.76421, -9.15052 38.76488, -9.15206 38.76568, -9.15314 38.76685, -9.15424 38.76801)"
ebbac548-cc8e-41fb-b1f6-e63342e24c04,d7a7a3cc-8c3d-4f16-9293-de8fc88b2875,Gira,349f5a6c-2697-4eea-9f15-b224861beadf,bicycle,electric_assist,2026-09-14T18:53:49Z,2026-09-14T19:00:16Z,387,1086,"LINESTRING (-9.14348 38.71739, -9.14210 38.71650, -9.14187 38.71511, -9.14148 38.71375, -9.14012 38.71284, -9.13845 38.71234, -9.13671 38.71268, -9.13498 38.71306)"
3702240d-ffc7-4780-afe2-2e568cf71aef,f38b2ffc-80a4-4f5a-91c9-bc701e7ea419,Lime,98e6e5b7-e1cd-4be8-a7d8-3351265c28ea,scooter,electric,2026-09-14T19:14:31Z,2026-09-14T19:23:19Z,528,1992,"LINESTRING (-9.11990 38.74216, -9.12218 38.74244, -9.12444 38.74278, -9.12674 38.74280, -9.12859 38.74174, -9.13089 38.74188, -9.13313 38.74148, -9.13543 38.74146, -9.13724 38.74257, -9.13933 38.74332, -9.14057 38.74483)"
4901a2f8-839c-4a5c-8ff2-68be9987ceba,d7a7a3cc-8c3d-4f16-9293-de8fc88b2875,Gira,8d632e14-31b6-430e-a650-b3a12bb9dbd8,bicycle,electric_assist,2026-09-14T19:43:16Z,2026-09-14T19:48:03Z,287,1029,"LINESTRING (-9.16847 38.76515, -9.16719 38.76672, -9.16647 38.76848, -9.16755 38.77014, -9.16744 38.77199, -9.16761 38.77384)"
3e38befc-ad2c-4bf1-9b3b-29e45e0e6a1d,f38b2ffc-80a4-4f5a-91c9-bc701e7ea419,Lime,c129017d-853c-4409-a20c-b7ac5738f7c7,scooter,electric,2026-09-14T20:08:34Z,2026-09-14T20:11:39Z,185,684,"LINESTRING (-9.11988 38.77182, -9.11972 38.77258, -9.12060 38.77293, -9.12144 38.77253, -9.12221 38.77204, -9.12262 38.77133, -9.12304 38.77064, -9.12349 38.76995, -9.12416 38.76938)"
d1779ae8-5e7e-43e6-a905-056bc2585545,e5121482-3929-4d22-a255-accb1a466884,Dott,9b7839eb-28bd-454e-b11e-46f1c0205f09,bicycle,electric_assist,2026-09-14T20:38:04Z,2026-09-14T20:45:57Z,473,1419,"LINESTRING (-9.16895 38.76410, -9.16755 38.76344, -9.16621 38.76271, -9.16470 38.76220, -9.16308 38.76199, -9.16145 38.76186, -9.16003 38.76249, -9.15949 38.76370, -9.15909 38.76494, -9.15943 38.76619, -9.15872 38.76734)"
17306704-0138-41c8-be4e-6b0dd39e0f72,e5121482-3929-4d22-a255-accb1a466884,Dott,9b7839eb-28bd-454e-b11e-46f1c0205f09,bicycle,electric_assist,2026-09-14T20:49:06Z,2026-09-14T20:57:31Z,505,1624,"LINESTRING (-9.18003 38.76702, -9.18113 38.76892, -9.18297 38.77044, -9.18532 38.77146, -9.18744 38.77274, -9.18942 38.77415, -9.19128 38.77566, -9.19118 38.77775)"
a26f2894-0680-4d6a-9a53-eab3375fd8f2,e5121482-3929-4d22-a255-accb1a466884,Dott,5fce192e-e983-41ec-8432-14a7865424a1,scooter,electric,2026-09-14T21:37:12Z,2026-09-14T21:46:27Z,555,2667,"LINESTRING (-9.11878 38.70407, -9.11646 38.70210, -9.11327 38.70113, -9.11030 38.69981, -9.10765 38.69812, -9.10432 38.69750, -9.10094 38.69792, -9.09753 38.69805, -9.09458 38.69941, -9.09204 38.70120)"
fc99195c-87b4-4580-8d89-d2a15cf623b0,6bad6be2-8e7a-46e9-9f19-950499dd251d,Voi,6a26b86f-0d12-433e-ae48-569430aef2b6,scooter,electric,2026-09-14T21:43:14Z,2026-09-14T21:53:02Z,588,1956,"LINESTRING (-9.13917 38.76270, -9.14200 38.76464, -9.14339 38.76737, -9.14234 38.77020, -9.13981 38.77237, -9.13741 38.77463, -9.13732 38.77757)"
391c6362-3d43-474c-8cbf-d3af61c428b4,e5121482-3929-4d22-a255-accb1a466884,Dott,dd9a7e7d-58fe-4057-837e-f300b19037a2,bicycle,electric_assist,2026-09-14T22:25:14Z,2026-09-14T22:37:59Z,765,2058,"LINESTRING (-9.16794 38.73055, -9.16569 38.73114, -9.16336 38.73154, -9.16099 38.73162, -9.15868 38.73206, -9.15689 38.73328, -9.15556 38.73482, -9.15590 38.73666, -9.15784 38.73773, -9.15832 38.73954, -9.15883 38.74136)"
005a56f0-ec7d-4e24-acff-b0360fbde979,f3f49249-dc28-4f90-a5ae-c7978306d03b,Bolt,eaed9e29-74b8-446a-90b6-3899aefc1636,scooter,electric,2026-09-15T00:29:11Z,2026-09-15T00:35:12Z,361,1970,"LINESTRING (-9.10919 38.70247, -9.10468 38.70202, -9.10095 38.70405, -9.10090 38.70760, -9.10032 38.71112, -9.09939 38.71460)"
4c2baba4-dd9c-4aa2-8f7c-9de5275e71b5,6bad6be2-8e7a-46e9-9f19-950499dd251d,Voi,dc1ff4d2-8df0-4cd1-8c3a-398cdfca29dc,scooter,electric,2026-09-15T03:55:32Z,2026-09-15T03:59:39Z,247,869,"LINESTRING (-9.17810 38.77074, -9.17981 38.77156, -9.18146 38.77246, -9.18344 38.77270, -9.18539 38.77233, -9.18733 38.77276)"
8df5db1d-a54a-4e1e-8dea-f6c0aeb41a53,f38b2ffc-80a4-4f5a-91c9-bc701e7ea419,Lime,025ff87c-44df-4a13-94f3-98ee4b5c1a95,scooter,electric,2026-09-15T05:47:12Z,2026-09-15T05:58:41Z,689,2365,"LINESTRING (-9.16784 38.74001, -9.16722 38.74209, -9.16775 38.74418, -9.16905 38.74605, -9.16943 38.74816, -9.17111 38.74984, -9.17285 38.75149, -9.17461 38.75312, -9.17604 38.75494, -9.17742 38.75678, -9.17825 38.75881)"
17b11a13-1a9c-49a6-8277-9c39f0104f65,f38b2ffc-80a4-4f5a-91c9-bc701e7ea419,Lime,47cd07f7-b74c-490a-9eeb-ba4e1c14df92,bicycle,electric_assist,2026-09-15T06:31:19Z,2026-09-15T06:41:57Z,638,1831,"LINESTRING (-9.18175 38.72361, -9.18376 38.72414, -9.18587 38.72421, -9.18795 38.72450, -9.18999 38.72406, -9.19211 38.72410, -9.19414 38.72364, -9.19619 38.72324, -9.19830 38.72313, -9.19941 38.72453, -9.19912 38.72617)"
375bcc06-c149-47c4-9a26-f42ed7613bfa,e5121482-3929-4d22-a255-accb1a466884,Dott,dd729e1e-be3b-4bbf-9d14-62605b31c2c6,bicycle,electric_assist,2026-09-15T06:33:11Z,2026-09-15T06:53:12Z,1201,5258,"LINESTRING (-9.18314 38.77067, -9.17362 38.77335, -9.16377 38.77150, -9.15382 38.77003, -9.14370 38.77032, -9.13500 38.76629, -9.12510 38.76460)"
22ded061-8954-4752-bf5e-4fd8d90b6a0d,f38b2ffc-80a4-4f5a-91c9-bc701e7ea419,Lime,ac9f21df-74f0-4af5-b361-8e1ca06d7a69,bicycle,electric_assist,2026-09-15T07:37:00Z,2026-09-15T07:48:31Z,691,1965,"LINESTRING (-9.13167 38.70024, -9.13511 38.69793, -9.13819 38.69533, -9.14222 38.69371, -9.14629 38.69214, -9.14893 38.68926)"
a708e38d-6495-465c-aad1-bc4d369d609c,e5121482-3929-4d22-a255-accb1a466884,Dott,2b3e12cb-a7d3-49b9-a569-7c07fbcb36cc,scooter,electric,2026-09-15T07:51:23Z,2026-09-15T07:55:56Z,273,1299,"LINESTRING (-9.11392 38.71723, -9.11332 38.71616, -9.11336 38.71499, -9.11347 38.71382, -9.11287 38.71275, -9.11208 38.71176, -9.11093 38.71100, -9.10999 38.71009, -9.10849 38.71007, -9.10699 38.71010, -9.10551 38.70988)"
9e59e801-1b5c-4489-83b4-518317989bfb,f38b2ffc-80a4-4f5a-91c9-bc701e7ea419,Lime,15e5bc12-1adc-4207-823e-3122f714c462,bicycle,electric_assist,2026-09-15T07:54:57Z,2026-09-15T08:00:04Z,307,1610,"LINESTRING (-9.11491 38.71076, -9.11550 38.71278, -9.11614 38.71479, -9.11678 38.71681, -9.11668 38.71888, -9.11842 38.72044, -9.12056 38.72167, -9.12183 38.72349)"
aeee5d51-4af0-4745-9a65-dbd9310aabaa,f3f49249-dc28-4f90-a5ae-c7978306d03b,Bolt,fdeac4b1-892e-4a22-a894-50375f524fc4,scooter,electric,2026-09-15T07:58:28Z,2026-09-15T08:12:58Z,870,2750,"LINESTRING (-9.18212 38.74888, -9.18205 38.75242, -9.18266 38.75593, -9.17961 38.75855, -9.17551 38.76007, -9.17104 38.76067, -9.16665 38.75976, -9.16225 38.76062)"
59f1e437-1bd3-448f-9ec7-877c1391c39e,6bad6be2-8e7a-46e9-9f19-950499dd251d,Voi,ebcd6d62-ba5e-4809-9177-3467b279f52b,scooter,electric,2026-09-15T08:07:46Z,2026-09-15T08:16:46Z,540,2608,"LINESTRING (-9.12524 38.77166, -9.12810 38.77093, -9.13096 38.77019, -9.13385 38.76951, -9.13677 38.77007, -9.13979 38.77013, -9.14280 38.77027, -9.14581 38.77031, -9.14862 38.76946, -9.15042 38.76757, -9.15318 38.76662)"
55444a8a-e170-4d49-b840-c84e86c1b541,d7a7a3cc-8c3d-4f16-9293-de8fc88b2875,Gira,bef36838-8a65-4a6e-9597-fea4aed9e0e7,bicycle,electric_assist,2026-09-15T08:14:17Z,2026-09-15T08:29:25Z,908,3003,"LINESTRING (-9.14172 38.70114, -9.14865 38.70122, -9.15558 38.70129, -9.16218 38.70295, -9.16875 38.70122, -9.17569 38.70124)"
29da47ed-3c33-4f4b-8fe1-0b4623e70acb,e5121482-3929-4d22-a255-accb1a466884,Dott,66a27c00-6a79-4f9d-bd6c-b580ce21626c,bicycle,electric_assist,2026-09-15T08:19:26Z,2026-09-15T08:46:45Z,1639,2840,"LINESTRING (-9.14063 38.73431, -9.14322 38.73231, -9.14594 38.73041, -9.14878 38.72863, -9.15111 38.72644, -9.15382 38.72454, -9.15680 38.72291, -9.16004 38.72160, -9.16366 38.72127, -9.16703 38.72018)"
ee6eb4a1-d5d1-4e12-a50a-a8714f098258,f3f49249-dc28-4f90-a5ae-c7978306d03b,Bolt,2516f920-f893-4baf-8c01-dd1c07cef7b1,scooter,electric,2026-09-15T08:28:59Z,2026-09-15T08:39:14Z,615,1857,"LINESTRING (-9.12937 38.71835, -9.13207 38.71949, -9.13432 38.72111, -9.13722 38.72188, -9.13950 38.72348, -9.14188 38.72498, -9.14492 38.72466, -9.14797 38.72443)"
cd4a24e2-b9f8-42c8-8dd7-24ecbe5a5785,f38b2ffc-80a4-4f5a-91c9-bc701e7ea419,Lime,b79ecb4e-a95c-4c0b-8746-58348afd44ae,bicycle,electric_assist,2026-09-15T08:49:08Z,2026-09-15T08:59:20Z,612,2955,"LINESTRING (-9.12975 38.70627, -9.12661 38.70731, -9.12414 38.70914, -9.12353 38.71176, -9.12191 38.71410, -9.11996 38.71629, -9.11687 38.71741, -9.11372 38.71638, -9.11040 38.71575, -9.10874 38.71342, -9.10562 38.71234)"
94346435-6963-4a5d-8c03-810f48b3a78f,f38b2ffc-80a4-4f5a-91c9-bc701e7ea419,Lime,cbee23b0-86f9-4a21-9ebf-3deb71d02f51,scooter,electric,2026-09-15T08:54:02Z,2026-09-15T09:07:26Z,804,3377,"LINESTRING (-9.16527 38.77105, -9.16204 38.76820, -9.15741 38.76702, -9.15263 38.76625, -9.14810 38.76485, -9.14464 38.76216, -9.14018 38.76063, -9.13661 38.75804, -9.13644 38.75424)"
a21f43f3-6825-465d-af6d-3b47d966a037,f38b2ffc-80a4-4f5a-91c9-bc701e7ea419,Lime,8a88ce1b-46de-4eef-843f-9f5b05fb0d55,scooter,electric,2026-09-15T09:12:34Z,2026-09-15T09:15:32Z,178,810,"LINESTRING (-9.14672 38.71716, -9.14699 38.71805, -9.14783 38.71869, -9.14877 38.71923, -9.14939 38.72001, -9.15024 38.72063, -9.15093 38.72137, -9.15151 38.72216, -9.15225 38.72287)"
2695480d-94bf-4781-962d-f8116b04fe85,f38b2ffc-80a4-4f5a-91c9-bc701e7ea419,Lime,a7e27f8c-f92a-4541-a5dc-589698d1e304,bicycle,electric_assist,2026-09-15T09:15:53Z,2026-09-15T09:23:13Z,440,1651,"LINESTRING (-9.14580 38.74538, -9.14746 38.74641, -9.14909 38.74747, -9.15119 38.74722, -9.15328 38.74748, -9.15513 38.74828, -9.15629 38.74966, -9.15717 38.75117, -9.15844 38.75249, -9.15878 38.75412)"
ee48f8fc-a5d0-410f-b0f2-674ec8269d4d,f38b2ffc-80a4-4f5a-91c9-bc701e7ea419,Lime,db4c9492-bf5f-45e2-b1d0-6d9c18bee074,scooter,electric,2026-09-15T09:43:52Z,2026-09-15T09:48:10Z,258,1088,"LINESTRING (-9.17439 38.75109, -9.17360 38.75003, -9.17243 38.74921, -9.17147 38.74823, -9.17027 38.74745, -9.16947 38.74639, -9.16973 38.74518, -9.17013 38.74400, -9.17085 38.74291)"
61296ba3-afa0-41b5-8454-cbca6cf65b10,f3f49249-dc28-4f90-a5ae-c7978306d03b,Bolt,185251bd-563a-447e-a8df-7da7ac92ece8,scooter,electric,2026-09-15T09:52:39Z,2026-09-15T09:57:08Z,269,1045,"LINESTRING (-9.17270 38.76307, -9.17276 38.76173, -9.17314 38.76042, -9.17423 38.75937, -9.17401 38.75804, -9.17404 38.75669, -9.17355 38.75540, -9.17346 38.75406)"
07ed0c36-5747-4e88-ba53-e8b5cf8b44c0,d7a7a3cc-8c3d-4f16-9293-de8fc88b2875,Gira,a7775743-3394-4e53-a049-bccb170f4449,bicycle,electric_assist,2026-09-15T09:56:35Z,2026-09-15T10:01:19Z,284,983,"LINESTRING (-9.17226 38.74796, -9.17199 38.74893, -9.17185 38.74990, -9.17212 38.75087, -9.17147 38.75171, -9.17210 38.75256, -9.17246 38.75351, -9.17254 38.75449, -9.17294 38.75542, -9.17375 38.75618)"
12cf7ccb-7773-4bb7-909d-17ccf63404ab,f38b2ffc-80a4-4f5a-91c9-bc701e7ea419,Lime,f374bac6-5c24-42e5-b9e6-5abfb50f9e6c,bicycle,electric_assist,2026-09-15T10:38:02Z,2026-09-15T10:49:50Z,708,1902,"LINESTRING (-9.13623 38.70625, -9.13896 38.70746, -9.14096 38.70934, -9.14305 38.71117, -9.14345 38.71360, -9.14168 38.71562, -9.14145 38.71806, -9.14117 38.72050)"
a9d03e14-d848-47ac-8f21-7f47b610928a,e5121482-3929-4d22-a255-accb1a466884,Dott,8f2606ce-2a22-4326-bca4-8c302bec3194,bicycle,electric_assist,2026-09-15T11:07:45Z,2026-09-15T11:14:54Z,429,1354,"LINESTRING (-9.12217 38.76084, -9.12343 38.76227, -9.12321 38.76401, -9.12356 38.76573, -9.12300 38.76742, -9.12266 38.76914, -9.12285 38.77088, -9.12371 38.77248)"
a3b24ce4-4d52-47c3-8da1-b13415a35e3f,f3f49249-dc28-4f90-a5ae-c7978306d03b,Bolt,29ef7ab1-0730-4359-81ba-d5e1542a6174,scooter,electric,2026-09-15T11:52:04Z,2026-09-15T12:01:00Z,536,2627,"LINESTRING (-9.16403 38.71845, -9.16161 38.71616, -9.15872 38.71424, -9.15590 38.71227, -9.15570 38.70931, -9.15652 38.70642, -9.15626 38.70347, -9.15274 38.70238, -9.14922 38.70347)"
ba8f7a40-c72e-4f97-8d89-0e94bffcd396,6bad6be2-8e7a-46e9-9f19-950499dd251d,Voi,95980705-73f0-494d-ae08-b785c173bada,scooter,electric,2026-09-15T12:18:03Z,2026-09-15T12:23:59Z,356,1082,"LINESTRING (-9.10379 38.74768, -9.10360 38.74660, -9.10394 38.74555, -9.10349 38.74453, -9.10280 38.74359, -9.10163 38.74300, -9.10055 38.74232, -9.10003 38.74131, -9.09930 38.74039, -9.09833 38.73962)"
abcef38b-43d6-4ee9-a6ea-f384a8c79874,f38b2ffc-80a4-4f5a-91c9-bc701e7ea419,Lime,18afaf54-4382-4d47-8813-063719f900d3,bicycle,electric_assist,2026-09-15T12:23:11Z,2026-09-15T12:40:59Z,1068,3042,"LINESTRING (-9.09508 38.74466, -9.09277 38.74672, -9.08929 38.74634, -9.08654 38.74463, -9.08381 38.74291, -9.08073 38.74158, -9.07794 38.73992, -9.07442 38.73994, -9.07091 38.73988, -9.06760 38.74081, -9.06416 38.74137)"
2418bb69-4080-42b5-8109-87508a2d24c5,e5121482-3929-4d22-a255-accb1a466884,Dott,07d7ba06-8c44-4b9b-9cc6-fea01a06703f,scooter,electric,2026-09-15T12:25:50Z,2026-09-15T12:27:46Z,116,520,"LINESTRING (-9.13592 38.71882, -9.13627 38.71792, -9.13742 38.71766, -9.13834 38.71705, -9.13947 38.71672, -9.14066 38.71661)"
d890ad70-2798-4b2c-b1c9-48fa0f2647d8,f3f49249-dc28-4f90-a5ae-c7978306d03b,Bolt,29ef7ab1-0730-4359-81ba-d5e1542a6174,scooter,electric,2026-09-15T12:25:55Z,2026-09-15T12:29:49Z,234,990,"LINESTRING (-9.17036 38.75619, -9.17179 38.75625, -9.17313 38.75587, -9.17436 38.75644, -9.17550 38.75711, -9.17674 38.75768, -9.17787 38.75836, -9.17920 38.75876, -9.18063 38.75881)"
aa8b21a9-0d6c-487c-a86d-e89ae8617a87,e5121482-3929-4d22-a255-accb1a466884,Dott,dcd83b70-911f-4b86-b0b5-b413fb20c517,scooter,electric,2026-09-15T12:32:19Z,2026-09-15T12:38:48Z,389,1562,"LINESTRING (-9.13719 38.76373, -9.13974 38.76342, -9.14228 38.76377, -9.14456 38.76471, -9.14673 38.76580, -9.14845 38.76730, -9.15055 38.76847, -9.15241 38.76987)"
48bbdffa-82cc-4608-9ae2-c0aa3f299db5,6bad6be2-8e7a-46e9-9f19-950499dd251d,Voi,f381269b-599e-49cd-9be5-d38a6cb34e7e,scooter,electric,2026-09-15T12:41:47Z,2026-09-15T12:49:17Z,450,2475,"LINESTRING (-9.16025 38.76570, -9.16165 38.76765, -9.16179 38.76988, -9.16233 38.77207, -9.16237 38.77430, -9.16159 38.77644, -9.16077 38.77858, -9.15962 38.78062, -9.15801 38.78247, -9.15576 38.78385, -9.15387 38.78552)"
cd5ad7c1-f66c-4c4b-9043-ae550d88a254,f38b2ffc-80a4-4f5a-91c9-bc701e7ea419,Lime,328bf8ae-57ad-457d-b4f0-31fc8acaca45,scooter,electric,2026-09-15T12:42:50Z,2026-09-15T12:46:50Z,240,1107,"LINESTRING (-9.17715 38.75755, -9.17856 38.75742, -9.17965 38.75671, -9.18032 38.75573, -9.18157 38.75520, -9.18271 38.75454, -9.18398 38.75403, -9.18528 38.75359, -9.18668 38.75377, -9.18806 38.75405)"
e20518fa-1d85-4f8f-927b-d989c89fabe0,e5121482-3929-4d22-a255-accb1a466884,Dott,433ee1a0-0d15-4ba5-b257-37a83e8b7985,scooter,electric,2026-09-15T12:44:24Z,2026-09-15T13:07:43Z,1399,5807,"LINESTRING (-9.14889 38.74295, -9.15262 38.74880, -9.15538 38.75498, -9.15847 38.76106, -9.16521 38.76495, -9.16884 38.77084, -9.17708 38.77210, -9.18467 38.76933, -9.18873 38.76360)"
9c820797-111c-4283-b750-a210db96fa0f,f3f49249-dc28-4f90-a5ae-c7978306d03b,Bolt,8a525be0-f68d-4dcb-847e-b77a23a1dea2,scooter,electric,2026-09-15T12:45:26Z,2026-09-15T12:50:20Z,294,1471,"LINESTRING (-9.14873 38.72220, -9.15022 38.72282, -9.15171 38.72347, -9.15308 38.72425, -9.15465 38.72476, -9.15580 38.72573, -9.15716 38.72652, -9.15822 38.72756, -9.15974 38.72816, -9.16135 38.72858, -9.16293 38.72906)"
69fb6972-ddf8-4120-901c-66024580aa20,f3f49249-dc28-4f90-a5ae-c7978306d03b,Bolt,6823c7a5-bf45-4b3d-ae2e-514d77342c58,scooter,electric,2026-09-15T13:11:59Z,2026-09-15T13:22:49Z,650,2144,"LINESTRING (-9.11429 38.73931, -9.11748 38.74050, -9.12084 38.74136, -9.12321 38.74341, -9.12611 38.74500, -9.12959 38.74547, -9.13246 38.74385, -9.13566 38.74267)"
a0bb45f9-9b44-4998-ba08-1f27e734eca4,f38b2ffc-80a4-4f5a-91c9-bc701e7ea419,Lime,e306f0c4-85f1-44e0-b464-c554f675299b,scooter,electric,2026-09-15T13:29:29Z,2026-09-15T13:36:10Z,401,1591,"LINESTRING (-9.10609 38.73344, -9.10540 38.73147, -9.10413 38.72967, -9.10317 38.72777, -9.10147 38.72620, -9.09920 38.72517, -9.09706 38.72398, -9.09443 38.72398)"
d2380556-1b82-4f11-9f7b-3cc5325045c5,e5121482-3929-4d22-a255-accb1a466884,Dott,2ceeed8c-bc7a-482d-ab95-1e7757b16995,scooter,electric,2026-09-15T13:37:04Z,2026-09-15T13:48:52Z,708,2911,"LINESTRING (-9.10470 38.72135, -9.10134 38.72138, -9.09890 38.72318, -9.09825 38.72575, -9.09772 38.72834, -9.09619 38.73068, -9.09424 38.73282, -9.09134 38.73414, -9.08927 38.73621, -9.08591 38.73623, -9.08255 38.73636)"
28e17840-eef1-4b7a-9f7f-5037d447e4f6,f38b2ffc-80a4-4f5a-91c9-bc701e7ea419,Lime,69616452-038d-44fb-9018-d7f54191590c,bicycle,electric_assist,2026-09-15T13:52:20Z,2026-09-15T14:05:43Z,803,2574,"LINESTRING (-9.12877 38.74069, -9.12533 38.73791, -9.12320 38.73442, -9.12120 38.73088, -9.12025 38.72709, -9.11717 38.72406, -9.11564 38.72039)"
229f5daa-ce88-44b0-a5a6-19208462080d,f38b2ffc-80a4-4f5a-91c9-bc701e7ea419,Lime,e5a34078-795c-4b9b-8fba-5e788c7ddcd4,bicycle,electric_assist,2026-09-15T13:53:47Z,2026-09-15T14:12:58Z,1151,4458,"LINESTRING (-9.13350 38.73407, -9.12339 38.73255, -9.11602 38.72694, -9.11049 38.72017, -9.11242 38.71228, -9.10405 38.70760)"
8fd7da2e-f56e-4ddc-9620-5530ef90dcf4,f3f49249-dc28-4f90-a5ae-c7978306d03b,Bolt,79d762c9-cd55-43de-8738-3358d53a5eba,scooter,electric,2026-09-15T14:29:15Z,2026-09-15T14:33:10Z,235,1000,"LINESTRING (-9.18256 38.72969, -9.18358 38.72842, -9.18469 38.72718, -9.18659 38.72696, -9.18850 38.72714, -9.19043 38.72713, -9.19231 38.72746)"
ab92020f-23a9-4002-ae17-3220d1d1ba36,f38b2ffc-80a4-4f5a-91c9-bc701e7ea419,Lime,4b983f0b-4afc-49d6-a61f-1bf92986a329,bicycle,electric_assist,2026-09-15T14:41:02Z,2026-09-15T14:49:22Z,500,2202,"LINESTRING (-9.17901 38.74980, -9.18139 38.74815, -9.18417 38.74695, -9.18735 38.74684, -9.19033 38.74597, -9.19285 38.74446, -9.19570 38.74336, -9.19848 38.74215, -9.20165 38.74238)"
a71cf246-04d5-4584-b85c-8cd2e19e9242,6bad6be2-8e7a-46e9-9f19-950499dd251d,Voi,5c340368-0290-417a-bad4-79dcc846f765,scooter,electric,2026-09-15T15:44:03Z,2026-09-15T15:55:31Z,688,3236,"LINESTRING (-9.17625 38.70343, -9.17223 38.70266, -9.16843 38.70134, -9.16581 38.69882, -9.16297 38.69647, -9.15886 38.69599, -9.15476 38.69552, -9.15071 38.69622, -9.14939 38.69929, -9.14974 38.70252)"
a29521cf-4657-4824-bc88-d4f7215ab5d8,f38b2ffc-80a4-4f5a-91c9-bc701e7ea419,Lime,69616452-038d-44fb-9018-d7f54191590c,bicycle,electric_assist,2026-09-15T16:06:48Z,2026-09-15T16:16:21Z,573,2110,"LINESTRING (-9.14994 38.71831, -9.14706 38.71753, -9.14405 38.71713, -9.14101 38.71704, -9.13837 38.71586, -9.13620 38.71419, -9.13391 38.71262, -9.13155 38.71112, -9.12986 38.70914)"
81b349ac-c60c-4717-8187-85327c85afe1,f38b2ffc-80a4-4f5a-91c9-bc701e7ea419,Lime,8c1f6387-11cb-4ea7-b5fc-684aadb21095,scooter,electric,2026-09-15T16:28:58Z,2026-09-15T16:35:13Z,375,1693,"LINESTRING (-9.13895 38.71047, -9.14041 38.70922, -9.14182 38.70793, -9.14373 38.70711, -9.14498 38.70573, -9.14657 38.70457, -9.14806 38.70334, -9.15023 38.70322, -9.15199 38.70223, -9.15307 38.70076)"
15d63529-d734-433f-bdf7-2d20bdb9f539,f38b2ffc-80a4-4f5a-91c9-bc701e7ea419,Lime,47cd07f7-b74c-490a-9eeb-ba4e1c14df92,scooter,electric,2026-09-15T16:30:10Z,2026-09-15T16:45:29Z,919,3249,"LINESTRING (-9.13593 38.70050, -9.13748 38.70623, -9.13905 38.71195, -9.13912 38.71781, -9.13601 38.72314, -9.13258 38.72834)"
c2148971-b016-41b1-b6d4-b5c9fa93c381,6bad6be2-8e7a-46e9-9f19-950499dd251d,Voi,6a26b86f-0d12-433e-ae48-569430aef2b6,scooter,electric,2026-09-15T17:00:15Z,2026-09-15T17:20:17Z,1202,4368,"LINESTRING (-9.17015 38.74633, -9.17492 38.73939, -9.17904 38.73220, -9.18183 38.72464, -9.18395 38.71694, -9.18444 38.70908)"
c15a911b-fb2c-4c3f-a7e6-e4d30efc30bb,e5121482-3929-4d22-a255-accb1a466884,Dott,d3a4b8db-1b00-405a-a4c5-fdf8197bb6a3,bicycle,electric_assist,2026-09-15T17:16:32Z,2026-09-15T17:43:47Z,1635,4235,"LINESTRING (-9.10208 38.76218, -9.09646 38.76029, -9.09159 38.75740, -9.08662 38.75463, -9.08289 38.75085, -9.08388 38.74614, -9.08432 38.74138, -9.08292 38.73674, -9.08217 38.73200)"
29872579-934f-47fd-840b-a3a61b8e9008,e5121482-3929-4d22-a255-accb1a466884,Dott,6912b372-9f3f-400c-bd58-668d72299ee2,bicycle,electric_assist,2026-09-15T17:18:29Z,2026-09-15T17:27:21Z,532,1651,"LINESTRING (-9.14889 38.75696, -9.14665 38.75633, -9.14481 38.75514, -9.14244 38.75496, -9.14074 38.75365, -9.14044 38.75181, -9.14140 38.75010, -9.14151 38.74824, -9.14318 38.74692)"
61fb6f2c-4ba0-45b8-8f78-bcc838d52498,f3f49249-dc28-4f90-a5ae-c7978306d03b,Bolt,e3012e25-75cf-4f7f-8561-67097a00c8b2,scooter,electric,2026-09-15T17:28:38Z,2026-09-15T17:39:06Z,628,2738,"LINESTRING (-9.17410 38.76831, -9.17847 38.76921, -9.18123 38.77200, -9.18401 38.77479, -9.18569 38.77806, -9.18822 38.78098, -9.18980 38.78428, -9.19209 38.78732)"
0b61cbdf-aab4-4b85-b29c-4ed70a007091,f3f49249-dc28-4f90-a5ae-c7978306d03b,Bolt,79d762c9-cd55-43de-8738-3358d53a5eba,scooter,electric,2026-09-15T17:31:01Z,2026-09-15T17:42:06Z,665,2627,"LINESTRING (-9.11913 38.71810, -9.11626 38.71734, -9.11323 38.71715, -9.11024 38.71674, -9.10747 38.71578, -9.10664 38.71350, -9.10713 38.71117, -9.10675 38.70882, -9.10616 38.70650, -9.10798 38.70461, -9.10989 38.70277)"
03e7d670-7997-4a4a-841d-cc5d9dd401d2,e5121482-3929-4d22-a255-accb1a466884,Dott,0062c542-2380-4f92-9d88-e6528cd46d02,bicycle,electric_assist,2026-09-15T17:35:40Z,2026-09-15T17:44:11Z,511,1908,"LINESTRING (-9.10254 38.75841, -9.10438 38.75967, -9.10678 38.76003, -9.10887 38.76103, -9.11035 38.76255, -9.11251 38.76345, -9.11491 38.76308, -9.11736 38.76310, -9.11979 38.76336, -9.12224 38.76343)"
f7a162a9-cf2e-41b4-9841-a7befbb2f870,f38b2ffc-80a4-4f5a-91c9-bc701e7ea419,Lime,8c1f6387-11cb-4ea7-b5fc-684aadb21095,bicycle,electric_assist,2026-09-15T17:51:01Z,2026-09-15T18:04:29Z,808,3179,"LINESTRING (-9.14700 38.75094, -9.14379 38.74837, -9.14071 38.74571, -9.13861 38.74253, -9.13541 38.73997, -9.13166 38.73790, -9.12876 38.73512, -9.12461 38.73359, -9.12196 38.73067)"
49b296bf-1f43-4044-afc1-def65740a45e,d7a7a3cc-8c3d-4f16-9293-de8fc88b2875,Gira,349f5a6c-2697-4eea-9f15-b224861beadf,bicycle,electric_assist,2026-09-15T17:57:50Z,2026-09-15T18:02:27Z,277,858,"LINESTRING (-9.17662 38.70635, -9.17589 38.70556, -9.17509 38.70483, -9.17405 38.70431, -9.17293 38.70389, -9.17210 38.70318, -9.17196 38.70222, -9.17180 38.70126, -9.17223 38.70035)"
cf7f83d0-6dc8-4fb2-b234-6a2c5d773a13,f38b2ffc-80a4-4f5a-91c9-bc701e7ea419,Lime,807c7e30-a598-40db-8cbf-d2ec8c53765f,bicycle,electric_assist,2026-09-15T17:58:07Z,2026-09-15T18:02:44Z,277,1119,"LINESTRING (-9.18144 38.76224, -9.18077 38.76029, -9.17927 38.75865, -9.17856 38.75671, -9.17741 38.75490, -9.17572 38.75338)"
c3a5a304-82d2-47b9-901c-d2643b654265,d7a7a3cc-8c3d-4f16-9293-de8fc88b2875,Gira,d73f213d-a048-4e8c-8719-2c7d33ba490f,bicycle,electric_assist,2026-09-15T17:59:29Z,2026-09-15T18:04:03Z,274,1128,"LINESTRING (-9.14589 38.76693, -9.14512 38.76581, -9.14473 38.76458, -9.14313 38.76433, -9.14180 38.76360, -9.14023 38.76326, -9.13899 38.76243, -9.13741 38.76277, -9.13595 38.76221)"
c8cb97e5-f956-4ec2-93df-58bc8cb31da7,f38b2ffc-80a4-4f5a-91c9-bc701e7ea419,Lime,ebe48123-a5b0-4526-b20b-e3f808be3b07,scooter,electric,2026-09-15T18:01:26Z,2026-09-15T18:14:19Z,773,3641,"LINESTRING (-9.15523 38.74407, -9.16112 38.74498, -9.16678 38.74340, -9.17272 38.74410, -9.17788 38.74650, -9.17983 38.75094, -9.18304 38.75490, -9.18600 38.75898)"
6ad08484-90ca-458b-ba75-5bf305e93ebe,f38b2ffc-80a4-4f5a-91c9-bc701e7ea419,Lime,c129017d-853c-4409-a20c-b7ac5738f7c7,scooter,electric,2026-09-15T18:03:44Z,2026-09-15T18:08:17Z,273,1218,"LINESTRING (-9.12498 38.76420, -9.12594 38.76535, -9.12591 38.76672, -9.12473 38.76774, -9.12300 38.76794, -9.12127 38.76820, -9.12011 38.76923, -9.11868 38.77003, -9.11706 38.77057)"
3c5aaf5d-8513-43da-b893-f10bfe489e10,f3f49249-dc28-4f90-a5ae-c7978306d03b,Bolt,eaed9e29-74b8-446a-90b6-3899aefc1636,scooter,electric,2026-09-15T18:08:42Z,2026-09-15T18:14:38Z,356,1426,"LINESTRING (-9.16250 38.74084, -9.16230 38.74244, -9.16384 38.74350, -9.16532 38.74462, -9.16675 38.74577, -9.16685 38.74737, -9.16627 38.74892, -9.16463 38.74989, -9.16291 38.75077)"
2e57e3b3-9da5-4210-a641-3f8c5fbf953c,d7a7a3cc-8c3d-4f16-9293-de8fc88b2875,Gira,31c5c36d-3806-4896-8d6d-f84546c569ce,bicycle,electric_assist,2026-09-15T18:14:33Z,2026-09-15T18:16:54Z,141,530,"LINESTRING (-9.11809 38.73520, -9.11927 38.73547, -9.12046 38.73526, -9.12166 38.73543, -9.12261 38.73603, -9.12298 38.73695)"
b08ff3b3-5476-4965-8f3a-95c58a2daa1b,f38b2ffc-80a4-4f5a-91c9-bc701e7ea419,Lime,8bed5b65-94a4-429c-b383-d496000e05d0,bicycle,electric_assist,2026-09-15T18:40:44Z,2026-09-15T18:51:58Z,674,2325,"LINESTRING (-9.11269 38.71056, -9.11553 38.70984, -9.11829 38.70895, -9.12124 38.70860, -9.12409 38.70792, -9.12705 38.70764, -9.12878 38.70575, -9.13065 38.70393, -9.13348 38.70319, -9.13633 38.70251)"
944eab63-883b-4a54-a325-cda09a942848,f3f49249-dc28-4f90-a5ae-c7978306d03b,Bolt,183b60e5-0ee4-4d4c-81ef-c27d7888cb20,scooter,electric,2026-09-15T18:47:52Z,2026-09-15T18:50:25Z,153,540,"LINESTRING (-9.12991 38.72401, -9.12896 38.72434, -9.12812 38.72482, -9.12728 38.72530, -9.12625 38.72543, -9.12528 38.72571, -9.12427 38.72592)"
3c42908f-8234-4938-ae90-e5d716f46f32,e5121482-3929-4d22-a255-accb1a466884,Dott,e8d8235c-e46c-41cf-9f70-b8ba632d5714,scooter,electric,2026-09-15T18:56:00Z,2026-09-15T19:03:01Z,421,2039,"LINESTRING (-9.10502 38.74502, -9.10737 38.74491, -9.10918 38.74609, -9.11153 38.74595, -9.11334 38.74712, -9.11542 38.74798, -9.11740 38.74897, -9.11900 38.75032, -9.12065 38.75164, -9.12253 38.75275, -9.12372 38.75433)"
bfb95fa4-f63f-454e-bf59-0a45477625e8,6bad6be2-8e7a-46e9-9f19-950499dd251d,Voi,cb10c60b-8b71-415b-b9c3-66f78a560810,scooter,electric,2026-09-15T19:21:12Z,2026-09-15T19:25:02Z,230,1226,"LINESTRING (-9.15909 38.70642, -9.15917 38.70826, -9.15980 38.71004, -9.15978 38.71188, -9.15935 38.71369, -9.15939 38.71553, -9.15857 38.71726)"
89f0f808-92cd-434c-b7ef-2d85b15431bc,6bad6be2-8e7a-46e9-9f19-950499dd251d,Voi,caf3f372-cb53-42b5-9ada-81b0e867bc4e,scooter,electric,2026-09-15T19:30:15Z,2026-09-15T19:37:17Z,422,2213,"LINESTRING (-9.09647 38.73246, -9.09160 38.73125, -9.08671 38.73007, -9.08194 38.72864, -9.07980 38.72502, -9.08019 38.72104)"
27be156f-4277-4952-ab68-ebddec7b6474,d7a7a3cc-8c3d-4f16-9293-de8fc88b2875,Gira,b091d372-cd24-4df9-8351-a26028c333a9,bicycle,electric_assist,2026-09-15T19:45:15Z,2026-09-15T19:48:56Z,221,820,"LINESTRING (-9.14524 38.74950, -9.14618 38.74874, -9.14752 38.74860, -9.14884 38.74885, -9.14998 38.74941, -9.15108 38.75003, -9.15241 38.74980, -9.15373 38.74957)"
3fba1b70-4412-46e1-a76c-91d2e7fa37d2,f3f49249-dc28-4f90-a5ae-c7978306d03b,Bolt,645a3f72-a69f-4e93-bf47-f25e5d1e70ff,scooter,electric,2026-09-15T19:58:59Z,2026-09-15T20:11:31Z,752,3127,"LINESTRING (-9.18156 38.76597, -9.17938 38.76232, -9.17784 38.75848, -9.17697 38.75451, -9.17597 38.75056, -9.17327 38.74713, -9.16958 38.74432, -9.16534 38.74202)"
52a2e29d-7e1e-4eff-b150-788ffcf4a9d2,e5121482-3929-4d22-a255-accb1a466884,Dott,c4f27979-7053-4e0b-8611-fa58f40924ff,scooter,electric,2026-09-15T20:40:19Z,2026-09-15T20:46:34Z,375,1716,"LINESTRING (-9.18037 38.74675, -9.17712 38.74626, -9.17383 38.74646, -9.17106 38.74505, -9.16781 38.74460, -9.16466 38.74381, -9.16304 38.74157)"
c09bad45-66e7-4ab6-a498-4461f97890bf,f38b2ffc-80a4-4f5a-91c9-bc701e7ea419,Lime,026b3d02-a13b-487b-bf3b-9167f9e2e7d0,bicycle,electric_assist,2026-09-15T20:53:42Z,2026-09-15T21:20:53Z,1631,6626,"LINESTRING (-9.13754 38.71231, -9.12908 38.71167, -9.12058 38.71171, -9.11208 38.71169, -9.10358 38.71167, -9.09570 38.71417, -9.09364 38.72061, -9.09306 38.72722, -9.09448 38.73376, -9.09160 38.74000)"
672bd639-b0cc-4c65-962e-aa9db4d00ec2,6bad6be2-8e7a-46e9-9f19-950499dd251d,Voi,c5f2ac85-eeb1-4e04-b52d-b661353b014c,scooter,electric,2026-09-15T21:35:01Z,2026-09-15T21:41:32Z,391,1629,"LINESTRING (-9.11458 38.73259, -9.11240 38.73192, -9.11024 38.73117, -9.10794 38.73082, -9.10565 38.73038, -9.10379 38.73150, -9.10144 38.73136, -9.09910 38.73152, -9.09726 38.73038)"
1ac2ff98-34e6-417c-9863-77621aae558e,f38b2ffc-80a4-4f5a-91c9-bc701e7ea419,Lime,2106119e-c40d-41b5-b97a-762393550840,bicycle,electric_assist,2026-09-15T21:53:21Z,2026-09-15T22:08:40Z,919,2920,"LINESTRING (-9.10959 38.75447, -9.11446 38.75811, -9.12033 38.76070, -9.12275 38.76562, -9.12883 38.76791, -9.13540 38.76911)"
040dc095-03ec-4060-bd3e-d23bc2771b11,d7a7a3cc-8c3d-4f16-9293-de8fc88b2875,Gira,259d2f86-a2ce-4540-a2b5-773870eb5571,bicycle,electric_assist,2026-09-15T22:37:33Z,2026-09-15T22:43:00Z,327,1275,"LINESTRING (-9.18380 38.70682, -9.18246 38.70887, -9.18199 38.71114, -9.18270 38.71337, -9.18169 38.71552, -9.18358 38.71728)"
b818d95b-a314-4e42-be2e-54985942d14b,e5121482-3929-4d22-a255-accb1a466884,Dott,4c22499d-d4b2-4a27-b0b2-a517ba58b47b,scooter,electric,2026-09-16T01:23:06Z,2026-09-16T01:31:43Z,517,2753,"LINESTRING (-9.16779 38.70233, -9.16430 38.70277, -9.16139 38.70121, -9.15995 38.69870, -9.15801 38.69639, -9.15574 38.69428, -9.15306 38.69248, -9.14956 38.69213, -9.14604 38.69236, -9.14252 38.69217)"
6b70a264-8b0b-4764-b927-0850cc346a13,f38b2ffc-80a4-4f5a-91c9-bc701e7ea419,Lime,2950e9ae-5089-4e3b-ae8b-9e7c4a815857,bicycle,electric_assist,2026-09-16T02:00:57Z,2026-09-16T02:13:55Z,778,3070,"LINESTRING (-9.17997 38.76507, -9.18381 38.76437, -9.18658 38.76218, -9.19035 38.76130, -9.19270 38.75883, -9.19610 38.75727, -9.19769 38.75446, -9.20083 38.75260, -9.20476 38.75286, -9.20814 38.75443)"
3f57ea54-38cc-4c21-97d7-61bad95262ac,f38b2ffc-80a4-4f5a-91c9-bc701e7ea419,Lime,cfe7a42a-5b0c-491d-ac32-fb0df0708bb1,scooter,electric,2026-09-16T05:10:34Z,2026-09-16T05:19:10Z,516,2431,"LINESTRING (-9.13008 38.75601, -9.13288 38.75616, -9.13568 38.75597, -9.13838 38.75536, -9.14031 38.75377, -9.14216 38.75212, -9.14384 38.75036, -9.14557 38.74864, -9.14510 38.74648, -9.14301 38.74502, -9.14179 38.74305)"
72cd9657-3472-4ee5-b307-57097872c7ed,e5121482-3929-4d22-a255-accb1a466884,Dott,deddc341-796f-43ef-916d-8fd6d2a0c9c8,scooter,electric,2026-09-16T05:50:38Z,2026-09-16T05:52:09Z,91,463,"LINESTRING (-9.14716 38.73318, -9.14809 38.73360, -9.14893 38.73412, -9.14984 38.73455, -9.15051 38.73520, -9.15004 38.73595)"
e33714d2-f4b7-4010-9c98-e01c5528461d,e5121482-3929-4d22-a255-accb1a466884,Dott,1241750c-4264-4855-acbf-312078ac8ae6,bicycle,electric_assist,2026-09-16T05:53:05Z,2026-09-16T06:01:57Z,532,1361,"LINESTRING (-9.11950 38.75854, -9.11989 38.75704, -9.12005 38.75551, -9.12089 38.75413, -9.12152 38.75267, -9.12233 38.75127, -9.12259 38.74975, -9.12340 38.74836, -9.12472 38.74722)"
4483d259-db73-497f-a02d-53a4c9eb87b9,e5121482-3929-4d22-a255-accb1a466884,Dott,fa9495ca-e1f7-41de-b5bd-34395b0d1e48,scooter,electric,2026-09-16T05:57:52Z,2026-09-16T06:05:19Z,447,2282,"LINESTRING (-9.13273 38.74091, -9.13129 38.73919, -9.12998 38.73741, -9.12942 38.73540, -9.12950 38.73334, -9.13133 38.73186, -9.13359 38.73080, -9.13620 38.73053, -9.13880 38.73018, -9.14142 38.73038, -9.14406 38.73042)"
22fc5880-7d61-4cc4-a56a-96498872ac57,d7a7a3cc-8c3d-4f16-9293-de8fc88b2875,Gira,317d9a8c-1a61-46b0-a2f4-c4c907f2264c,bicycle,electric_assist,2026-09-16T06:27:41Z,2026-09-16T06:44:46Z,1025,2445,"LINESTRING (-9.15876 38.72482, -9.15876 38.72168, -9.15549 38.71983, -9.15162 38.71893, -9.14761 38.71857, -9.14359 38.71837, -9.13968 38.71915, -9.13653 38.71718)"
91fbe756-cfc5-4b96-80bd-40caaccef0b8,6bad6be2-8e7a-46e9-9f19-950499dd251d,Voi,03b2eb39-5bb7-4bfc-a09d-e50d91c41ceb,scooter,electric,2026-09-16T06:39:42Z,2026-09-16T07:05:18Z,1536,4373,"LINESTRING (-9.17304 38.77158, -9.17786 38.77477, -9.18308 38.77754, -9.18932 38.77831, -9.19554 38.77747, -9.20178 38.77667, -9.20742 38.77888, -9.21267 38.78162, -9.21781 38.78449)"
a070f22f-0674-40a8-8308-4934776e3e70,d7a7a3cc-8c3d-4f16-9293-de8fc88b2875,Gira,349f5a6c-2697-4eea-9f15-b224861beadf,bicycle,electric_assist,2026-09-16T06:54:50Z,2026-09-16T07:05:47Z,657,2595,"LINESTRING (-9.15578 38.72205, -9.15384 38.72416, -9.15189 38.72626, -9.15059 38.72865, -9.14775 38.73001, -9.14449 38.73055, -9.14153 38.73173, -9.13845 38.73272, -9.13512 38.73289, -9.13356 38.73518)"
e9d2c49c-a5d7-43b4-9ffe-22946c90a31c,e5121482-3929-4d22-a255-accb1a466884,Dott,505a3117-8577-497c-9c4f-32a93db48829,bicycle,electric_assist,2026-09-16T07:02:57Z,2026-09-16T07:10:51Z,474,1177,"LINESTRING (-9.11199 38.70795, -9.11368 38.70629, -9.11590 38.70506, -9.11641 38.70298, -9.11687 38.70089, -9.11549 38.69906)"
124a4fbf-eb71-4f39-bf5c-e25d0587a868,f3f49249-dc28-4f90-a5ae-c7978306d03b,Bolt,be372c51-7111-46cd-a785-5a3a367f02fa,scooter,electric,2026-09-16T07:09:16Z,2026-09-16T07:13:57Z,281,1443,"LINESTRING (-9.12240 38.70372, -9.12512 38.70222, -9.12810 38.70105, -9.13140 38.70138, -9.13417 38.70283, -9.13570 38.70514)"
521a3192-7a8c-44a5-8b4c-fecad99d322b,f38b2ffc-80a4-4f5a-91c9-bc701e7ea419,Lime,38ca6b4a-f85e-4bea-8eec-8bf97875a42b,bicycle,electric_assist,2026-09-16T07:15:31Z,2026-09-16T07:35:24Z,1193,4080,"LINESTRING (-9.14748 38.74980, -9.14639 38.74462, -9.14474 38.73953, -9.14224 38.73465, -9.13964 38.72980, -9.13587 38.72545, -9.13228 38.72101, -9.13086 38.71588)"
b3426a0a-84ec-4abf-8229-226be540966d,f38b2ffc-80a4-4f5a-91c9-bc701e7ea419,Lime,16e5fc44-97f9-4ad6-a074-81bdf1b8ea7c,scooter,electric,2026-09-16T07:27:30Z,2026-09-16T07:37:23Z,593,2068,"LINESTRING (-9.14441 38.76619, -9.14033 38.76813, -9.13563 38.76881, -9.13092 38.76945, -9.12641 38.77070, -9.12164 38.77090)"
de29e257-1603-4ea5-af2b-729dc1697e3f,f38b2ffc-80a4-4f5a-91c9-bc701e7ea419,Lime,d3801b73-c446-4b8c-82e2-61237776c655,scooter,electric,2026-09-16T07:37:59Z,2026-09-16T07:50:20Z,741,4541,"LINESTRING (-9.10995 38.75169, -9.12023 38.75332, -9.13067 38.75245, -9.14112 38.75169, -9.15134 38.74984, -9.16053 38.74589)"
e7d49cfa-eb4f-4535-85d3-80c89460d8eb,e5121482-3929-4d22-a255-accb1a466884,Dott,dd729e1e-be3b-4bbf-9d14-62605b31c2c6,scooter,electric,2026-09-16T07:38:48Z,2026-09-16T07:49:21Z,633,2297,"LINESTRING (-9.16679 38.73531, -9.16388 38.73654, -9.16132 38.73819, -9.15827 38.73920, -9.15496 38.73900, -9.15223 38.74047, -9.15095 38.74285, -9.15089 38.74544, -9.14909 38.74761)"
f84c4746-2f71-4f4b-a74f-9cc699129fc3,e5121482-3929-4d22-a255-accb1a466884,Dott,627d12f9-37f3-4bfc-b208-392d7fbb836c,bicycle,electric_assist,2026-09-16T07:44:31Z,2026-09-16T07:57:23Z,772,3252,"LINESTRING (-9.18398 38.72649, -9.17934 38.72188, -9.17695 38.71633, -9.17726 38.71047, -9.18070 38.70526, -9.18486 38.70039)"
147e4d48-0e36-4c86-9b5e-c47113b28bd7,e5121482-3929-4d22-a255-accb1a466884,Dott,e9588f94-efcd-43cc-aae9-da1f415e9e83,scooter,electric,2026-09-16T07:58:58Z,2026-09-16T08:10:16Z,678,1899,"LINESTRING (-9.16404 38.72823, -9.16587 38.73134, -9.16999 38.73251, -9.17436 38.73215, -9.17875 38.73218, -9.18313 38.73234)"
7f30ae41-7747-47fc-bba8-f9da34c416cd,d7a7a3cc-8c3d-4f16-9293-de8fc88b2875,Gira,89ffc0ad-4dbb-4891-97c3-eb934191a453,bicycle,electric_assist,2026-09-16T08:21:03Z,2026-09-16T08:31:04Z,601,2038,"LINESTRING (-9.18298 38.72897, -9.17984 38.72714, -9.17716 38.72490, -9.17654 38.72188, -9.17593 38.71886, -9.17486 38.71591, -9.17270 38.71336)"
f8674a25-a3cc-4066-9047-d18bee07b66f,e5121482-3929-4d22-a255-accb1a466884,Dott,7f7e2998-b2ae-41fc-b73e-88bb16ef58ce,bicycle,electric_assist,2026-09-16T08:48:29Z,2026-09-16T09:03:09Z,880,2551,"LINESTRING (-9.15651 38.75881, -9.15867 38.75599, -9.16283 38.75545, -9.16665 38.75408, -9.16768 38.75089, -9.16996 38.74813, -9.17161 38.74511, -9.17327 38.74210)"
d056f3dd-0965-405c-ba96-df36cb5bdd8a,e5121482-3929-4d22-a255-accb1a466884,Dott,c302e4a4-10fa-4bc2-a3f8-992318c22f25,scooter,electric,2026-09-16T09:05:12Z,2026-09-16T09:30:09Z,1497,6532,"LINESTRING (-9.17869 38.75625, -9.16792 38.75594, -9.15735 38.75428, -9.14775 38.75045, -9.13984 38.74474, -9.13251 38.73858, -9.12939 38.73053, -9.12058 38.72569)"
3b009609-b8c8-4c01-9e89-45d91f27351a,e5121482-3929-4d22-a255-accb1a466884,Dott,2cc11466-371e-40bf-bc72-aeb01b63bb4d,scooter,electric,2026-09-16T09:32:17Z,2026-09-16T09:44:43Z,746,3003,"LINESTRING (-9.14677 38.72288, -9.14149 38.72639, -9.13730 38.73071, -9.13304 38.73498, -9.12652 38.73681, -9.12008 38.73883)"
ea891430-0953-499f-b14b-bd83f25a1099,f38b2ffc-80a4-4f5a-91c9-bc701e7ea419,Lime,c129017d-853c-4409-a20c-b7ac5738f7c7,scooter,electric,2026-09-16T09:52:01Z,2026-09-16T10:03:39Z,698,3369,"LINESTRING (-9.10034 38.70330, -9.10422 38.70307, -9.10764 38.70452, -9.11002 38.70692, -9.11224 38.70942, -9.11546 38.71112, -9.11811 38.71334, -9.11820 38.71638, -9.11733 38.71934, -9.11748 38.72237, -9.11948 38.72497)"
8afb82f5-25d6-4f63-9dc6-abdd38ecde3e,6bad6be2-8e7a-46e9-9f19-950499dd251d,Voi,dc1ff4d2-8df0-4cd1-8c3a-398cdfca29dc,scooter,electric,2026-09-16T09:57:27Z,2026-09-16T10:08:44Z,677,3108,"LINESTRING (-9.14697 38.74162, -9.14691 38.73762, -9.14726 38.73363, -9.14659 38.72966, -9.14540 38.72577, -9.14613 38.72181, -9.14897 38.71847, -9.15083 38.71474)"
c7fc2e8c-0904-45e9-ad62-dcdd2bd1ef58,f3f49249-dc28-4f90-a5ae-c7978306d03b,Bolt,8bcd0aac-588f-49ba-b7f3-813076035237,scooter,electric,2026-09-16T10:28:00Z,2026-09-16T10:32:29Z,269,1236,"LINESTRING (-9.15676 38.72116, -9.15920 38.72000, -9.15965 38.71780, -9.16108 38.71587, -9.16243 38.71391, -9.16478 38.71264)"
60ae4e62-a989-4df8-bacc-8cec1dfc7aa3,f38b2ffc-80a4-4f5a-91c9-bc701e7ea419,Lime,36de6548-d90e-413a-9835-7aebd0ef5c36,scooter,electric,2026-09-16T10:46:35Z,2026-09-16T10:54:34Z,479,1644,"LINESTRING (-9.11728 38.73149, -9.11555 38.73356, -9.11602 38.73600, -9.11587 38.73847, -9.11461 38.74073, -9.11158 38.74145, -9.10841 38.74151)"
5f12584e-56c9-4455-8493-13d9fe990ae9,e5121482-3929-4d22-a255-accb1a466884,Dott,a1819c02-d797-400d-b4e6-a88c37f30b26,scooter,electric,2026-09-16T11:48:37Z,2026-09-16T11:52:52Z,255,1167,"LINESTRING (-9.13493 38.72519, -9.13396 38.72649, -9.13243 38.72739, -9.13091 38.72832, -9.12904 38.72868, -9.12736 38.72795, -9.12551 38.72753, -9.12477 38.72614)"
c7c14606-e92b-4117-a73b-e174f6baabf9,f3f49249-dc28-4f90-a5ae-c7978306d03b,Bolt,c699d5ef-454b-48f8-9c7e-f9e3caaba2c9,scooter,electric,2026-09-16T12:02:49Z,2026-09-16T12:07:54Z,305,1819,"LINESTRING (-9.12632 38.75638, -9.12807 38.75548, -9.13007 38.75498, -9.13216 38.75479, -9.13420 38.75516, -9.13629 38.75493, -9.13838 38.75481, -9.14041 38.75437, -9.14249 38.75416, -9.14423 38.75324, -9.14626 38.75282)"
c8d12483-6f3b-48fd-a711-06d99428d741,f3f49249-dc28-4f90-a5ae-c7978306d03b,Bolt,ae997691-f7a3-4672-813e-4826c14182a2,scooter,electric,2026-09-16T12:18:37Z,2026-09-16T12:24:31Z,354,1512,"LINESTRING (-9.10903 38.70655, -9.10647 38.70470, -9.10631 38.70197, -9.10365 38.70021, -9.10024 38.69960, -9.09679 38.69921)"
e414c7d6-0aaf-4b24-bf9a-f95d0462d0bd,d7a7a3cc-8c3d-4f16-9293-de8fc88b2875,Gira,4228718b-1fa0-45ae-8e93-2b83353434bf,bicycle,electric_assist,2026-09-16T12:32:33Z,2026-09-16T12:46:12Z,819,1960,"LINESTRING (-9.12881 38.74175, -9.13070 38.74272, -9.13289 38.74315, -9.13452 38.74438, -9.13560 38.74593, -9.13656 38.74753, -9.13625 38.74928, -9.13526 38.75087, -9.13409 38.75238, -9.13275 38.75381, -9.13123 38.75511)"
7761fcbe-26a6-4950-aef1-87bc9aa06672,f38b2ffc-80a4-4f5a-91c9-bc701e7ea419,Lime,81a0ba05-6ce9-4a66-9dcf-884cde0279e1,scooter,electric,2026-09-16T12:42:43Z,2026-09-16T12:52:44Z,601,1704,"LINESTRING (-9.13205 38.74262, -9.13185 38.74007, -9.13129 38.73755, -9.13290 38.73532, -9.13328 38.73278, -9.13444 38.73038, -9.13287 38.72813)"
ca6977a5-53c5-4d95-8df4-79cc7114d06f,e5121482-3929-4d22-a255-accb1a466884,Dott,a2e8de7c-600a-4dc0-bc9a-b34b71e04d0f,bicycle,electric_assist,2026-09-16T12:44:12Z,2026-09-16T12:48:08Z,236,949,"LINESTRING (-9.16594 38.70980, -9.16462 38.70952, -9.16331 38.70918, -9.16218 38.70859, -9.16081 38.70863, -9.15956 38.70907, -9.15895 38.71003, -9.15778 38.71058, -9.15646 38.71085)"
aa62edd6-7277-4548-86e6-17bfdf5ce8c9,e5121482-3929-4d22-a255-accb1a466884,Dott,13737a12-9629-478f-b780-55face4b8b07,bicycle,electric_assist,2026-09-16T12:47:59Z,2026-09-16T12:58:42Z,643,2377,"LINESTRING (-9.10137 38.70523, -9.09877 38.70647, -9.09644 38.70801, -9.09441 38.70978, -9.09324 38.71198, -9.09147 38.71392, -9.08995 38.71599, -9.08953 38.71834, -9.08916 38.72071, -9.08727 38.72258)"
35a01016-1ab5-4b78-83ba-2d3dcd88da40,6bad6be2-8e7a-46e9-9f19-950499dd251d,Voi,caf3f372-cb53-42b5-9ada-81b0e867bc4e,scooter,electric,2026-09-16T13:29:40Z,2026-09-16T13:39:23Z,583,2478,"LINESTRING (-9.14256 38.76881, -9.13899 38.76905, -9.13566 38.76802, -9.13273 38.76642, -9.12915 38.76636, -9.12622 38.76797, -9.12528 38.77066, -9.12501 38.77345, -9.12743 38.77551)"
6138f9cf-cac3-4e94-bb15-42252aefed25,f3f49249-dc28-4f90-a5ae-c7978306d03b,Bolt,b8d92d95-b9d3-4bd2-9086-a15edce937e4,scooter,electric,2026-09-16T13:40:44Z,2026-09-16T13:45:36Z,292,1182,"LINESTRING (-9.14324 38.72632, -9.14506 38.72525, -9.14697 38.72428, -9.14909 38.72364, -9.15111 38.72282, -9.15339 38.72286, -9.15508 38.72405)"
c55e96ed-c24a-43f3-8965-cc0473e946bc,e5121482-3929-4d22-a255-accb1a466884,Dott,8326d343-56af-47ab-9116-dd6aabbbcfb2,scooter,electric,2026-09-16T13:50:45Z,2026-09-16T14:17:30Z,1605,4338,"LINESTRING (-9.11801 38.70002, -9.11912 38.70647, -9.11538 38.71230, -9.11266 38.71846, -9.10565 38.72200, -9.09731 38.72223, -9.08927 38.72045)"
499f7994-bd35-48d2-a8b9-29f92e4af234,f38b2ffc-80a4-4f5a-91c9-bc701e7ea419,Lime,026b3d02-a13b-487b-bf3b-9167f9e2e7d0,scooter,electric,2026-09-16T13:53:39Z,2026-09-16T14:00:55Z,436,1996,"LINESTRING (-9.14162 38.76681, -9.13803 38.76455, -9.13356 38.76546, -9.12927 38.76677, -9.12465 38.76681, -9.12019 38.76772)"
6112c771-471b-4eb4-9612-68d13208d97e,d7a7a3cc-8c3d-4f16-9293-de8fc88b2875,Gira,b090385c-12ba-4845-8b23-f006d2fa3fdc,bicycle,electric_assist,2026-09-16T14:08:07Z,2026-09-16T14:15:16Z,429,1214,"LINESTRING (-9.11168 38.73972, -9.11017 38.74042, -9.10907 38.74148, -9.10737 38.74114, -9.10590 38.74039, -9.10421 38.74001, -9.10249 38.74027, -9.10074 38.74030, -9.09900 38.74045)"
5aa0213f-8c94-4667-b0ab-b9b2b7f5b60b,f3f49249-dc28-4f90-a5ae-c7978306d03b,Bolt,9bfeb0c4-eced-4c6f-9b3a-afeca16b28b1,scooter,electric,2026-09-16T14:18:09Z,2026-09-16T14:26:31Z,502,2100,"LINESTRING (-9.12168 38.75959, -9.12309 38.76169, -9.12272 38.76404, -9.12471 38.76583, -9.12767 38.76633, -9.12978 38.76803, -9.13268 38.76873, -9.13566 38.76833, -9.13732 38.76635)"
b08ed1cf-c30a-415b-beef-2cba6793a1bf,f3f49249-dc28-4f90-a5ae-c7978306d03b,Bolt,36079a2a-e59d-4568-a0f3-2241177dd1c5,scooter,electric,2026-09-16T14:52:51Z,2026-09-16T14:56:19Z,208,1004,"LINESTRING (-9.12245 38.74629, -9.12194 38.74711, -9.12110 38.74773, -9.12040 38.74845, -9.11981 38.74923, -9.11887 38.74976, -9.11789 38.75024, -9.11699 38.75081, -9.11613 38.75142, -9.11539 38.75212, -9.11493 38.75294)"
c1e7bf0a-fc23-45ef-a65b-78c0319e94f1,f3f49249-dc28-4f90-a5ae-c7978306d03b,Bolt,dde56d3a-d757-444c-8436-734f51edc8e2,scooter,electric,2026-09-16T15:26:05Z,2026-09-16T15:30:13Z,248,1181,"LINESTRING (-9.16917 38.74526, -9.16925 38.74420, -9.16983 38.74323, -9.17065 38.74238, -9.17074 38.74132, -9.17022 38.74034, -9.17069 38.73934, -9.17022 38.73834, -9.16927 38.73758, -9.16811 38.73702, -9.16687 38.73657)"
ce911728-65c9-4208-a861-c5c3ca516fb8,f38b2ffc-80a4-4f5a-91c9-bc701e7ea419,Lime,3d43281c-608f-42b1-a254-c3f06a50f9fc,scooter,electric,2026-09-16T15:31:55Z,2026-09-16T15:40:18Z,503,2768,"LINESTRING (-9.09803 38.76110, -9.10201 38.76086, -9.10596 38.76134, -9.10952 38.76277, -9.11350 38.76252, -9.11747 38.76215, -9.12147 38.76218, -9.12516 38.76338, -9.12910 38.76390)"
23bb65be-e505-41d7-8bf4-d380f32844b1,f3f49249-dc28-4f90-a5ae-c7978306d03b,Bolt,b76a1294-8cbb-4091-858f-7eb666426014,scooter,electric,2026-09-16T15:40:59Z,2026-09-16T15:46:39Z,340,1432,"LINESTRING (-9.09886 38.73187, -9.09922 38.73314, -9.09993 38.73430, -9.10025 38.73557, -9.10127 38.73658, -9.10195 38.73776, -9.10311 38.73867, -9.10475 38.73887, -9.10635 38.73918, -9.10784 38.73974, -9.10916 38.74052)"
432e461b-278c-435f-99cd-cdbb8c1cb813,f38b2ffc-80a4-4f5a-91c9-bc701e7ea419,Lime,d3801b73-c446-4b8c-82e2-61237776c655,scooter,electric,2026-09-16T15:42:52Z,2026-09-16T15:51:53Z,541,1745,"LINESTRING (-9.14266 38.70176, -9.14086 38.70106, -9.13977 38.69973, -9.13870 38.69840, -9.13730 38.69727, -9.13554 38.69650, -9.13555 38.69493, -9.13384 38.69411, -9.13183 38.69398, -9.12999 38.69333, -9.12835 38.69242)"
93e3e756-4f18-4efe-8c17-9e65b0a0c2e4,6bad6be2-8e7a-46e9-9f19-950499dd251d,Voi,6a26b86f-0d12-433e-ae48-569430aef2b6,scooter,electric,2026-09-16T16:00:38Z,2026-09-16T16:02:29Z,111,607,"LINESTRING (-9.17852 38.72710, -9.17881 38.72760, -9.17911 38.72809, -9.17896 38.72863, -9.17919 38.72914, -9.17908 38.72968, -9.17898 38.73022, -9.17845 38.73058, -9.17803 38.73102, -9.17775 38.73152, -9.17732 38.73195)"
8af1be83-795a-4870-aed0-9ebad4ea4b59,f38b2ffc-80a4-4f5a-91c9-bc701e7ea419,Lime,69190876-a0c5-420c-a885-f868301a5d12,scooter,electric,2026-09-16T16:03:00Z,2026-09-16T16:06:32Z,212,970,"LINESTRING (-9.18131 38.70300, -9.18330 38.70220, -9.18552 38.70192, -9.18770 38.70153, -9.18991 38.70126, -9.19128 38.69988)"
2de635c7-874a-401c-8c24-2d96c7f3e64e,f38b2ffc-80a4-4f5a-91c9-bc701e7ea419,Lime,e060a724-2411-4258-b51b-4c8349a047dc,bicycle,electric_assist,2026-09-16T16:07:28Z,2026-09-16T16:19:52Z,744,2859,"LINESTRING (-9.11086 38.77193, -9.10431 38.77127, -9.09928 38.76793, -9.09754 38.76296, -9.09478 38.75828, -9.08859 38.75649)"
8bbb205d-c836-49c0-8eef-5bfd4dbec563,e5121482-3929-4d22-a255-accb1a466884,Dott,5fce192e-e983-41ec-8432-14a7865424a1,scooter,electric,2026-09-16T16:14:17Z,2026-09-16T16:19:43Z,326,1884,"LINESTRING (-9.17309 38.73912, -9.17096 38.73949, -9.16879 38.73952, -9.16747 38.73817, -9.16646 38.73667, -9.16500 38.73541, -9.16303 38.73470, -9.16128 38.73368, -9.15993 38.73236, -9.15952 38.73069, -9.15848 38.72919)"
e408ffdd-ae6e-4263-b5f2-23c566d31147,e5121482-3929-4d22-a255-accb1a466884,Dott,d884d50b-1179-43c6-8f49-199e719f9c8b,bicycle,electric_assist,2026-09-16T16:22:15Z,2026-09-16T16:33:18Z,663,2510,"LINESTRING (-9.17625 38.73228, -9.17488 38.73667, -9.17023 38.73938, -9.16600 38.74246, -9.16246 38.74605, -9.16048 38.75030)"
e0400e73-e2e0-4732-b2ea-27adf07bb33c,6bad6be2-8e7a-46e9-9f19-950499dd251d,Voi,ff69704a-193a-4d06-bf47-412e59ff005c,scooter,electric,2026-09-16T16:32:51Z,2026-09-16T16:50:43Z,1072,3570,"LINESTRING (-9.17654 38.71513, -9.17701 38.71913, -9.17668 38.72315, -9.17983 38.72633, -9.18014 38.73034, -9.18031 38.73436, -9.18071 38.73837, -9.18074 38.74239, -9.18444 38.74518)"
ba254ee7-542f-4ce5-a9be-b2420d025f3e,f38b2ffc-80a4-4f5a-91c9-bc701e7ea419,Lime,96060250-ea3e-4f73-884c-1884c88f63d6,bicycle,electric_assist,2026-09-16T16:41:13Z,2026-09-16T16:43:18Z,125,442,"LINESTRING (-9.12926 38.71057, -9.12934 38.71001, -9.12915 38.70946, -9.12847 38.70924, -9.12809 38.70876, -9.12743 38.70851, -9.12710 38.70801, -9.12703 38.70744)"
5db6695f-3b1b-4676-9448-c877156239b3,f3f49249-dc28-4f90-a5ae-c7978306d03b,Bolt,fdeac4b1-892e-4a22-a894-50375f524fc4,scooter,electric,2026-09-16T16:43:22Z,2026-09-16T16:50:09Z,407,1639,"LINESTRING (-9.16762 38.76048, -9.16487 38.75928, -9.16378 38.75697, -9.16184 38.75502, -9.15922 38.75365, -9.15702 38.75189, -9.15595 38.74957)"
12267377-6140-40f7-b146-54d2d27f8e60,e5121482-3929-4d22-a255-accb1a466884,Dott,07d7ba06-8c44-4b9b-9cc6-fea01a06703f,bicycle,electric_assist,2026-09-16T17:00:57Z,2026-09-16T17:18:39Z,1062,3743,"LINESTRING (-9.14773 38.70830, -9.15197 38.71285, -9.15416 38.71820, -9.15274 38.72371, -9.15457 38.72915, -9.15582 38.73469, -9.15014 38.73815)"
cde56d40-33c3-4102-b3f1-52a8e82dc6f6,f3f49249-dc28-4f90-a5ae-c7978306d03b,Bolt,183b60e5-0ee4-4d4c-81ef-c27d7888cb20,scooter,electric,2026-09-16T17:04:56Z,2026-09-16T17:25:16Z,1220,3867,"LINESTRING (-9.17850 38.72145, -9.18443 38.71962, -9.19062 38.72085, -9.19695 38.72143, -9.20333 38.72163, -9.20967 38.72110, -9.21567 38.71940, -9.22177 38.71794)"
e4ffd8c4-879d-4d8c-8f7c-e3a4addab2ce,e5121482-3929-4d22-a255-accb1a466884,Dott,8aaaf212-0da0-46fb-91f9-7a657ec9cb84,scooter,electric,2026-09-16T17:32:00Z,2026-09-16T17:33:53Z,113,509,"LINESTRING (-9.10632 38.77019, -9.10634 38.77096, -9.10648 38.77171, -9.10668 38.77246, -9.10658 38.77322, -9.10656 38.77399, -9.10668 38.77475)"
fd9dcfec-43ef-445a-9ee0-a451952722ad,6bad6be2-8e7a-46e9-9f19-950499dd251d,Voi,497dc11f-dcb4-46ca-853a-1eb3c1a52505,scooter,electric,2026-09-16T17:42:05Z,2026-09-16T17:49:52Z,467,2605,"LINESTRING (-9.17348 38.76075, -9.16868 38.75963, -9.16366 38.75963, -9.15898 38.76103, -9.15419 38.76221, -9.14999 38.76434, -9.14612 38.76684)"
fb4a73ee-c34a-4471-b198-6f7d38868436,f3f49249-dc28-4f90-a5ae-c7978306d03b,Bolt,358fb7fc-c79f-4652-848d-c233539cf42a,scooter,electric,2026-09-16T17:46:45Z,2026-09-16T17:52:49Z,364,2002,"LINESTRING (-9.15443 38.70772, -9.15291 38.70611, -9.15039 38.70569, -9.14892 38.70405, -9.14790 38.70221, -9.14625 38.70067, -9.14614 38.69867, -9.14526 38.69678, -9.14435 38.69491, -9.14253 38.69350)"
e75d9120-aa32-4f15-9214-5e5544928624,f38b2ffc-80a4-4f5a-91c9-bc701e7ea419,Lime,66160227-1737-4472-ac16-72297608d942,scooter,electric,2026-09-16T18:04:35Z,2026-09-16T18:12:04Z,449,1012,"LINESTRING (-9.12929 38.75188, -9.12780 38.75247, -9.12710 38.75366, -9.12590 38.75457, -9.12426 38.75432, -9.12261 38.75452, -9.12102 38.75413, -9.11936 38.75398)"
4786f405-c474-4add-8626-dd1913f0461d,6bad6be2-8e7a-46e9-9f19-950499dd251d,Voi,7180131f-263e-44fc-bc98-1c1158afbcb8,scooter,electric,2026-09-16T18:20:48Z,2026-09-16T18:37:21Z,993,3881,"LINESTRING (-9.13219 38.74302, -9.12786 38.74494, -9.12475 38.74797, -9.12190 38.75116, -9.11963 38.75462, -9.11485 38.75570, -9.11000 38.75481, -9.10503 38.75511, -9.10021 38.75612, -9.09529 38.75554)"
fbf946f2-6a97-4118-940b-76eb56775d4e,6bad6be2-8e7a-46e9-9f19-950499dd251d,Voi,1530a3b7-a23d-4925-a04d-e64c6915f7fc,scooter,electric,2026-09-16T18:22:37Z,2026-09-16T18:31:14Z,517,1871,"LINESTRING (-9.13916 38.75302, -9.13672 38.75155, -9.13504 38.74953, -9.13259 38.74806, -9.12953 38.74774, -9.12644 38.74787, -9.12344 38.74845, -9.12163 38.75040)"
7c3966c4-cb18-49cf-a71d-e1fe8336e914,d7a7a3cc-8c3d-4f16-9293-de8fc88b2875,Gira,699f48c0-92fa-463f-b735-a91f741152c4,bicycle,electric_assist,2026-09-16T18:42:19Z,2026-09-16T18:54:43Z,744,2162,"LINESTRING (-9.12757 38.76633, -9.12485 38.76591, -9.12209 38.76616, -9.11993 38.76479, -9.11754 38.76370, -9.11590 38.76195, -9.11510 38.75988, -9.11660 38.75806, -9.11823 38.75631, -9.11794 38.75415)"
a1a43940-a7d7-4067-a9f0-34d538a6e71f,6bad6be2-8e7a-46e9-9f19-950499dd251d,Voi,bc2cc533-dfd7-4fe8-96db-a2c5ffb5a97d,scooter,electric,2026-09-16T18:55:04Z,2026-09-16T19:01:12Z,368,1615,"LINESTRING (-9.12079 38.73167, -9.11830 38.73384, -9.11583 38.73602, -9.11441 38.73871, -9.11185 38.74084, -9.10934 38.74299)"
be87919f-0282-4334-813d-72aa6831f886,6bad6be2-8e7a-46e9-9f19-950499dd251d,Voi,ee429e47-a3bb-4b8f-8479-ccc5264a1db3,scooter,electric,2026-09-16T19:10:31Z,2026-09-16T19:19:29Z,538,2041,"LINESTRING (-9.16765 38.75959, -9.16875 38.75796, -9.17032 38.75659, -9.17024 38.75475, -9.16996 38.75293, -9.17172 38.75171, -9.17348 38.75048, -9.17280 38.74872, -9.17116 38.74739, -9.17121 38.74556, -9.17186 38.74379)"
60d34983-3562-4e8b-b3fd-4198b35e89e0,f38b2ffc-80a4-4f5a-91c9-bc701e7ea419,Lime,18afaf54-4382-4d47-8813-063719f900d3,bicycle,electric_assist,2026-09-16T19:10:37Z,2026-09-16T19:14:53Z,256,1045,"LINESTRING (-9.13607 38.75220, -9.13622 38.75116, -9.13646 38.75013, -9.13624 38.74910, -9.13653 38.74807, -9.13594 38.74713, -9.13622 38.74611, -9.13712 38.74533, -9.13835 38.74574, -9.13963 38.74606)"
435f5a63-578f-44b2-bc21-a353769c6581,f38b2ffc-80a4-4f5a-91c9-bc701e7ea419,Lime,38ca6b4a-f85e-4bea-8eec-8bf97875a42b,scooter,electric,2026-09-16T19:31:12Z,2026-09-16T19:40:46Z,574,2414,"LINESTRING (-9.10692 38.71294, -9.10386 38.71567, -9.10571 38.71900, -9.10819 38.72206, -9.11015 38.72535, -9.11303 38.72819, -9.11462 38.73160)"
ba59443a-1c5a-49dc-ba04-b7fdfe549694,f3f49249-dc28-4f90-a5ae-c7978306d03b,Bolt,db2dcfad-759a-4eb1-ac55-5cbdb89aa45c,scooter,electric,2026-09-16T19:56:35Z,2026-09-16T19:58:34Z,119,486,"LINESTRING (-9.13857 38.70508, -9.13849 38.70581, -9.13852 38.70654, -9.13865 38.70726, -9.13892 38.70796, -9.13930 38.70863, -9.13966 38.70930)"
e2382119-5378-4b98-b976-4896c24e7f02,f3f49249-dc28-4f90-a5ae-c7978306d03b,Bolt,d7308713-adb1-4993-8f13-3eed22ff7c2e,scooter,electric,2026-09-16T20:14:17Z,2026-09-16T20:18:02Z,225,1061,"LINESTRING (-9.12614 38.74121, -9.12397 38.74210, -9.12216 38.74339, -9.11983 38.74398, -9.11768 38.74307, -9.11549 38.74220)"
fa0bb75a-9e0d-4fac-8dc2-05c7dcf106c8,d7a7a3cc-8c3d-4f16-9293-de8fc88b2875,Gira,699f48c0-92fa-463f-b735-a91f741152c4,bicycle,electric_assist,2026-09-16T21:03:11Z,2026-09-16T21:11:18Z,487,1935,"LINESTRING (-9.10294 38.71468, -9.10142 38.71341, -9.09968 38.71231, -9.09809 38.71108, -9.09712 38.70951, -9.09587 38.70806, -9.09475 38.70656, -9.09283 38.70566, -9.09060 38.70556, -9.08902 38.70433, -9.08735 38.70318)"
cd22586e-a362-485d-b060-bf1be08cf576,d7a7a3cc-8c3d-4f16-9293-de8fc88b2875,Gira,0c7fc0b5-b743-433b-a5ae-a90b9b491222,bicycle,electric_assist,2026-09-16T21:20:42Z,2026-09-16T21:30:14Z,572,1742,"LINESTRING (-9.12239 38.76893, -9.12020 38.76748, -9.11766 38.76643, -9.11488 38.76701, -9.11207 38.76750, -9.10950 38.76851, -9.10687 38.76940, -9.10415 38.77014)"
01c257d5-5b97-4383-aa57-6ecee4226894,f38b2ffc-80a4-4f5a-91c9-bc701e7ea419,Lime,2c2dba9d-a39d-4086-899a-0307cb9d2149,scooter,electric,2026-09-16T21:50:09Z,2026-09-16T21:59:30Z,561,2814,"LINESTRING (-9.18131 38.70805, -9.17594 38.70747, -9.17076 38.70623, -9.16581 38.70453, -9.16066 38.70585, -9.15527 38.70625, -9.15032 38.70453)"
da3a7f44-2c0b-4f20-b806-a0a7f6298cd3,f3f49249-dc28-4f90-a5ae-c7978306d03b,Bolt,da159d43-a922-490e-9eef-616aa2e29977,scooter,electric,2026-09-17T00:35:18Z,2026-09-17T00:39:45Z,267,1288,"LINESTRING (-9.14740 38.72133, -9.14722 38.72004, -9.14710 38.71876, -9.14721 38.71747, -9.14771 38.71624, -9.14915 38.71561, -9.15071 38.71518, -9.15196 38.71434, -9.15314 38.71344, -9.15399 38.71233)"
452015c9-c086-40c2-aeee-6b67a057c3a7,f38b2ffc-80a4-4f5a-91c9-bc701e7ea419,Lime,200da2b8-c660-4afb-b835-6e48a99fb266,bicycle,electric_assist,2026-09-17T02:56:41Z,2026-09-17T03:05:44Z,543,1882,"LINESTRING (-9.11637 38.75383, -9.11657 38.75172, -9.11743 38.74971, -9.11888 38.74791, -9.11902 38.74580, -9.11942 38.74370, -9.11932 38.74158, -9.11940 38.73946, -9.11908 38.73736)"
7d0dd7e7-8acb-4f27-b12b-0b2494051ded,f38b2ffc-80a4-4f5a-91c9-bc701e7ea419,Lime,0f7815f2-af3e-4dd9-9b25-28692bd8af21,bicycle,electric_assist,2026-09-17T06:20:47Z,2026-09-17T06:29:05Z,498,2169,"LINESTRING (-9.16360 38.75833, -9.16118 38.75885, -9.15870 38.75912, -9.15621 38.75935, -9.15376 38.75976, -9.15166 38.75870, -9.14920 38.75831, -9.14670 38.75822, -9.14461 38.75715, -9.14245 38.75615, -9.14004 38.75668)"
be047898-1d3f-47c9-a4c0-24ff016bb004,f3f49249-dc28-4f90-a5ae-c7978306d03b,Bolt,0987ec0f-4bf8-4505-86af-8c03d0470f5e,scooter,electric,2026-09-17T06:27:35Z,2026-09-17T06:36:31Z,536,2535,"LINESTRING (-9.12994 38.73738, -9.13181 38.74171, -9.13298 38.74619, -9.13513 38.75044, -9.13666 38.75484, -9.13989 38.75865)"
57c00663-a7ab-47f6-b93d-c4c2ff02ec09,f3f49249-dc28-4f90-a5ae-c7978306d03b,Bolt,a20b6436-d8ec-486b-ad9e-a62ae896319b,scooter,electric,2026-09-17T07:11:52Z,2026-09-17T07:18:24Z,392,1828,"LINESTRING (-9.10633 38.76230, -9.11017 38.76094, -9.11436 38.76049, -9.11764 38.75841, -9.12157 38.75720, -9.12579 38.75700)"
62cacfd6-7442-458c-aa51-7471edc919e0,d7a7a3cc-8c3d-4f16-9293-de8fc88b2875,Gira,4228718b-1fa0-45ae-8e93-2b83353434bf,bicycle,electric_assist,2026-09-17T07:16:47Z,2026-09-17T07:20:51Z,244,958,"LINESTRING (-9.17121 38.73708, -9.16976 38.73620, -9.16813 38.73551, -9.16648 38.73487, -9.16495 38.73407, -9.16322 38.73358, -9.16165 38.73282)"
53b13e0f-1e85-4223-9640-69061d0392d1,f38b2ffc-80a4-4f5a-91c9-bc701e7ea419,Lime,34fd02f6-8505-47c2-975c-ef7a27655f91,scooter,electric,2026-09-17T07:28:09Z,2026-09-17T07:37:59Z,590,2150,"LINESTRING (-9.10600 38.72956, -9.10868 38.72833, -9.11169 38.72775, -9.11462 38.72855, -9.11741 38.72962, -9.11972 38.73123, -9.12172 38.73308, -9.12475 38.73362, -9.12781 38.73322)"
f4e0f6dc-a7c2-488d-a9b8-8ac004ad367c,f3f49249-dc28-4f90-a5ae-c7978306d03b,Bolt,185251bd-563a-447e-a8df-7da7ac92ece8,scooter,electric,2026-09-17T07:28:48Z,2026-09-17T07:34:20Z,332,1509,"LINESTRING (-9.14885 38.76539, -9.14664 38.76629, -9.14415 38.76632, -9.14212 38.76519, -9.14058 38.76366, -9.13859 38.76248, -9.13618 38.76199, -9.13383 38.76134)"
61ebcc96-ddff-49ee-aa9f-7814cdddce13,f3f49249-dc28-4f90-a5ae-c7978306d03b,Bolt,2bb0f862-d780-45c8-9546-601d330e3777,scooter,electric,2026-09-17T07:29:45Z,2026-09-17T07:37:30Z,465,2358,"LINESTRING (-9.14038 38.75403, -9.14275 38.75256, -9.14552 38.75160, -9.14852 38.75131, -9.15143 38.75197, -9.15409 38.75309, -9.15697 38.75383, -9.15968 38.75488, -9.16191 38.75648, -9.16449 38.75771)"
2ac70596-c361-489e-abd8-e1855175cd61,f38b2ffc-80a4-4f5a-91c9-bc701e7ea419,Lime,78549014-6ded-486a-9f4f-b02bb7a1774f,bicycle,electric_assist,2026-09-17T07:30:09Z,2026-09-17T07:38:32Z,503,2290,"LINESTRING (-9.18058 38.70743, -9.17779 38.70476, -9.17340 38.70446, -9.16914 38.70355, -9.16545 38.70168, -9.16147 38.70019, -9.15777 38.69833)"
d623adf6-3842-4815-9ddb-0bc4f5edb069,f38b2ffc-80a4-4f5a-91c9-bc701e7ea419,Lime,423674a6-864f-43f3-aab0-6e9b65ed0de4,scooter,electric,2026-09-17T07:34:59Z,2026-09-17T07:45:23Z,624,3078,"LINESTRING (-9.13466 38.70839, -9.13778 38.71233, -9.14326 38.71408, -9.14902 38.71517, -9.15173 38.71928, -9.15614 38.72237, -9.16196 38.72323)"
c01b9f43-8744-474b-b041-faea83d01425,6bad6be2-8e7a-46e9-9f19-950499dd251d,Voi,f381269b-599e-49cd-9be5-d38a6cb34e7e,scooter,electric,2026-09-17T07:55:06Z,2026-09-17T08:01:12Z,366,1319,"LINESTRING (-9.15320 38.70460, -9.15341 38.70658, -9.15381 38.70853, -9.15483 38.71035, -9.15468 38.71233, -9.15647 38.71373, -9.15818 38.71520)"
40392322-5b4a-4af5-8e45-7e668bb9b5f5,6bad6be2-8e7a-46e9-9f19-950499dd251d,Voi,9a3df019-2442-4f29-9b47-3fab02ceb8ad,scooter,electric,2026-09-17T08:10:55Z,2026-09-17T08:16:55Z,360,1923,"LINESTRING (-9.16600 38.71833, -9.16820 38.71858, -9.17033 38.71907, -9.17256 38.71906, -9.17469 38.71857, -9.17677 38.71796, -9.17887 38.71852, -9.18062 38.71959, -9.18176 38.72108, -9.18375 38.72185, -9.18560 38.72280)"
37b94893-8c09-45c2-84e0-5b0d643408f6,e5121482-3929-4d22-a255-accb1a466884,Dott,e9588f94-efcd-43cc-aae9-da1f415e9e83,scooter,electric,2026-09-17T08:18:29Z,2026-09-17T08:20:45Z,136,605,"LINESTRING (-9.14856 38.74614, -9.14970 38.74634, -9.15086 38.74628, -9.15188 38.74673, -9.15245 38.74752, -9.15282 38.74838, -9.15232 38.74921)"
70e986a1-dca9-4b5e-a619-217338a1f04f,d7a7a3cc-8c3d-4f16-9293-de8fc88b2875,Gira,699f48c0-92fa-463f-b735-a91f741152c4,bicycle,electric_assist,2026-09-17T08:18:38Z,2026-09-17T08:25:48Z,430,1529,"LINESTRING (-9.15093 38.72620, -9.14975 38.72475, -9.14861 38.72327, -9.14999 38.72193, -9.14960 38.72023, -9.14777 38.71927, -9.14619 38.71807, -9.14578 38.71637, -9.14556 38.71466)"
ef056d9e-099b-43ce-a7fe-b5ebdde57e38,e5121482-3929-4d22-a255-accb1a466884,Dott,3ad7439a-19fc-4798-8cd2-fa2d2a76f010,scooter,electric,2026-09-17T08:39:14Z,2026-09-17T08:47:10Z,476,2511,"LINESTRING (-9.14289 38.76088, -9.14029 38.75986, -9.13745 38.75942, -9.13456 38.75918, -9.13168 38.75945, -9.12879 38.75923, -9.12642 38.75794, -9.12488 38.75602, -9.12249 38.75474, -9.12051 38.75308, -9.11761 38.75293)"
2e631e38-0dbe-4496-b6cc-660472202141,e5121482-3929-4d22-a255-accb1a466884,Dott,d3a4b8db-1b00-405a-a4c5-fdf8197bb6a3,bicycle,electric_assist,2026-09-17T08:39:50Z,2026-09-17T08:46:41Z,411,1555,"LINESTRING (-9.14401 38.76953, -9.14594 38.77085, -9.14594 38.77285, -9.14714 38.77462, -9.14886 38.77611, -9.14960 38.77802, -9.15054 38.77989, -9.14945 38.78170)"
59ae26e2-83a4-45ba-9baf-613ec892dc40,e5121482-3929-4d22-a255-accb1a466884,Dott,dcd83b70-911f-4b86-b0b5-b413fb20c517,scooter,electric,2026-09-17T08:57:09Z,2026-09-17T09:02:14Z,305,1644,"LINESTRING (-9.12823 38.70101, -9.12593 38.70213, -9.12412 38.70370, -9.12290 38.70559, -9.12069 38.70681, -9.11811 38.70615, -9.11540 38.70608, -9.11379 38.70438)"
8ab7c55e-39f0-43e9-a3b4-504cacb288ab,f38b2ffc-80a4-4f5a-91c9-bc701e7ea419,Lime,0f7815f2-af3e-4dd9-9b25-28692bd8af21,bicycle,electric_assist,2026-09-17T10:17:51Z,2026-09-17T10:30:28Z,757,3341,"LINESTRING (-9.14372 38.74089, -9.13990 38.74132, -9.13613 38.74199, -9.13375 38.74436, -9.13075 38.74625, -9.12791 38.74829, -9.12469 38.74995, -9.12255 38.75245, -9.12084 38.75515, -9.11820 38.75735, -9.11575 38.75968)"
adea13d1-db85-43e6-a24d-a8c39b9b7401,f38b2ffc-80a4-4f5a-91c9-bc701e7ea419,Lime,57fbeeeb-4698-45d2-943c-c5318fc460a1,bicycle,electric_assist,2026-09-17T10:34:47Z,2026-09-17T10:46:28Z,701,3111,"LINESTRING (-9.11369 38.72613, -9.11085 38.72784, -9.10858 38.73001, -9.10921 38.73278, -9.10719 38.73510, -9.10404 38.73644, -9.10052 38.73701, -9.09796 38.73504, -9.09480 38.73371, -9.09121 38.73356, -9.08826 38.73516)"
8db4d0c4-ee30-498c-aee7-24b681d1937b,f3f49249-dc28-4f90-a5ae-c7978306d03b,Bolt,b4527974-e1df-4fe1-aaee-910c83d6877d,scooter,electric,2026-09-17T10:50:16Z,2026-09-17T11:08:25Z,1089,4113,"LINESTRING (-9.16333 38.74082, -9.16379 38.73713, -9.16411 38.73343, -9.16111 38.73056, -9.15914 38.72719, -9.15523 38.72508, -9.15090 38.72356, -9.14644 38.72227, -9.14182 38.72314, -9.13770 38.72130, -9.13310 38.72222)"
44956e1f-0ee1-4bdc-a70b-720b2cf8c569,e5121482-3929-4d22-a255-accb1a466884,Dott,4d8984a3-8c90-480b-9dcd-a265352991ba,bicycle,electric_assist,2026-09-17T12:02:08Z,2026-09-17T12:23:04Z,1256,4043,"LINESTRING (-9.16610 38.76451, -9.17076 38.76079, -9.17197 38.75567, -9.17027 38.75064, -9.16929 38.74549, -9.16925 38.74029, -9.16613 38.73569, -9.16189 38.73167)"
e7713a17-8b1f-4b0b-8c21-679c6bbf7a30,f3f49249-dc28-4f90-a5ae-c7978306d03b,Bolt,8a525be0-f68d-4dcb-847e-b77a23a1dea2,scooter,electric,2026-09-17T12:07:12Z,2026-09-17T12:13:03Z,351,1411,"LINESTRING (-9.15963 38.71790, -9.15732 38.71816, -9.15516 38.71884, -9.15284 38.71896, -9.15061 38.71949, -9.14857 38.72035, -9.14644 38.72109, -9.14412 38.72127)"
67d3c5ed-5e35-427b-9195-c846e181b05f,f38b2ffc-80a4-4f5a-91c9-bc701e7ea419,Lime,78549014-6ded-486a-9f4f-b02bb7a1774f,scooter,electric,2026-09-17T12:18:02Z,2026-09-17T12:30:32Z,750,2798,"LINESTRING (-9.11022 38.70924, -9.10486 38.70965, -9.10010 38.71162, -9.09707 38.71510, -9.09292 38.71777, -9.08761 38.71848, -9.08224 38.71884)"
b7cacbeb-c029-48d8-848d-a3a7fbe1cd92,6bad6be2-8e7a-46e9-9f19-950499dd251d,Voi,6e8786ac-54b3-4368-8507-a35a1dbc6b7e,scooter,electric,2026-09-17T12:20:26Z,2026-09-17T12:23:52Z,206,938,"LINESTRING (-9.13806 38.70932, -9.13708 38.70987, -9.13587 38.70992, -9.13467 38.70991, -9.13372 38.71048, -9.13309 38.71128, -9.13250 38.71210, -9.13248 38.71304, -9.13342 38.71363, -9.13440 38.71417)"
78a7973c-9626-4987-8d91-cf726f68ecb7,e5121482-3929-4d22-a255-accb1a466884,Dott,a1672599-83f7-43d0-b301-7f88d744f400,scooter,electric,2026-09-17T12:42:25Z,2026-09-17T12:53:27Z,662,2686,"LINESTRING (-9.10249 38.70510, -9.10118 38.70180, -9.10372 38.69896, -9.10486 38.69562, -9.10815 38.69331, -9.11108 38.69071, -9.11187 38.68731, -9.11315 38.68400)"
9f6e215e-b910-437b-a53f-f540232868f9,e5121482-3929-4d22-a255-accb1a466884,Dott,975cd6d2-ae80-48a2-be19-e269154dfd6d,bicycle,electric_assist,2026-09-17T12:43:49Z,2026-09-17T12:50:19Z,390,1096,"LINESTRING (-9.13564 38.70159, -9.13718 38.70187, -9.13855 38.70248, -9.14013 38.70253, -9.14171 38.70262, -9.14324 38.70292, -9.14471 38.70245, -9.14626 38.70220, -9.14783 38.70211)"
9955e1b9-6ed1-497a-b6df-13c8d254d9a2,f38b2ffc-80a4-4f5a-91c9-bc701e7ea419,Lime,e344f1c3-63ac-4f14-9b2b-980ef57585ce,scooter,electric,2026-09-17T12:55:48Z,2026-09-17T12:59:07Z,199,792,"LINESTRING (-9.17430 38.72255, -9.17472 38.72328, -9.17555 38.72373, -9.17641 38.72416, -9.17702 38.72480, -9.17794 38.72512, -9.17893 38.72492, -9.17967 38.72437, -9.18068 38.72428, -9.18150 38.72475)"
22228444-2fc5-46a8-8595-cfe9b84af628,f38b2ffc-80a4-4f5a-91c9-bc701e7ea419,Lime,96060250-ea3e-4f73-884c-1884c88f63d6,bicycle,electric_assist,2026-09-17T13:03:02Z,2026-09-17T13:16:18Z,796,2392,"LINESTRING (-9.10724 38.77171, -9.11155 38.76901, -9.11039 38.76479, -9.11284 38.76093, -9.11445 38.75680, -9.11569 38.75260)"
df0b2295-e6c2-4d3a-8698-ac6399b39ef2,f38b2ffc-80a4-4f5a-91c9-bc701e7ea419,Lime,3f724926-32e4-434c-8b34-8cea9c31b930,scooter,electric,2026-09-17T13:46:29Z,2026-09-17T13:53:44Z,435,1315,"LINESTRING (-9.13427 38.74545, -9.13598 38.74441, -9.13791 38.74364, -9.13998 38.74311, -9.14191 38.74388, -9.14324 38.74522, -9.14373 38.74687, -9.14455 38.74843)"
74edb571-d839-4118-9a86-d5087d563bae,d7a7a3cc-8c3d-4f16-9293-de8fc88b2875,Gira,f2e212ca-ca37-42b2-a3b0-a1de64815ea7,bicycle,electric_assist,2026-09-17T13:48:09Z,2026-09-17T14:07:45Z,1176,3706,"LINESTRING (-9.15413 38.73085, -9.15411 38.73502, -9.15816 38.73774, -9.16010 38.74163, -9.16406 38.74444, -9.16601 38.74833, -9.16823 38.75213, -9.16982 38.75611, -9.17368 38.75901)"
1c7c1505-c0cb-4777-9b21-cbe14da7f52d,6bad6be2-8e7a-46e9-9f19-950499dd251d,Voi,f85d1813-70d8-403a-a30d-ad86096b4ef8,scooter,electric,2026-09-17T13:50:07Z,2026-09-17T13:53:35Z,208,858,"LINESTRING (-9.16923 38.71072, -9.16849 38.71123, -9.16851 38.71200, -9.16877 38.71275, -9.16927 38.71342, -9.16974 38.71410, -9.16979 38.71487, -9.16899 38.71533, -9.16809 38.71565, -9.16735 38.71514, -9.16665 38.71459)"
2a97e0aa-0858-4417-b997-ad07801987bc,e5121482-3929-4d22-a255-accb1a466884,Dott,a0995504-75ff-41f6-a693-03f4a8ac3b26,bicycle,electric_assist,2026-09-17T14:15:25Z,2026-09-17T14:22:13Z,408,1337,"LINESTRING (-9.17481 38.74322, -9.17467 38.74121, -9.17441 38.73921, -9.17343 38.73736, -9.17407 38.73541, -9.17649 38.73472, -9.17887 38.73395)"
5ce6676a-c199-42dc-9770-58ecd82dc9f8,f38b2ffc-80a4-4f5a-91c9-bc701e7ea419,Lime,15e5bc12-1adc-4207-823e-3122f714c462,bicycle,electric_assist,2026-09-17T14:25:15Z,2026-09-17T14:30:08Z,293,1297,"LINESTRING (-9.18095 38.76575, -9.18013 38.76707, -9.17931 38.76838, -9.17828 38.76960, -9.17795 38.77104, -9.17858 38.77241, -9.17836 38.77387, -9.17865 38.77531, -9.17854 38.77677)"
064772d9-c3dd-4bd7-9580-d38e6fb3578d,f38b2ffc-80a4-4f5a-91c9-bc701e7ea419,Lime,47cd07f7-b74c-490a-9eeb-ba4e1c14df92,scooter,electric,2026-09-17T14:47:21Z,2026-09-17T14:54:25Z,424,1971,"LINESTRING (-9.14287 38.76506, -9.14469 38.76246, -9.14611 38.75972, -9.14862 38.75750, -9.15242 38.75747, -9.15617 38.75793, -9.15996 38.75808)"
e3744555-9201-419d-bee4-f451466c5e08,f38b2ffc-80a4-4f5a-91c9-bc701e7ea419,Lime,c8fb4456-b76d-40c3-b078-22db703e53cf,bicycle,electric_assist,2026-09-17T14:57:07Z,2026-09-17T15:03:13Z,366,1745,"LINESTRING (-9.15249 38.73677, -9.15405 38.73387, -9.15465 38.73076, -9.15521 38.72764, -9.15732 38.72496, -9.16127 38.72433)"
0abebfc8-5314-4be6-ab59-d63eae27df68,f38b2ffc-80a4-4f5a-91c9-bc701e7ea419,Lime,cbee23b0-86f9-4a21-9ebf-3deb71d02f51,scooter,electric,2026-09-17T15:25:47Z,2026-09-17T15:34:28Z,521,2158,"LINESTRING (-9.14665 38.75536, -9.14478 38.75407, -9.14251 38.75327, -9.14049 38.75442, -9.13866 38.75574, -9.13635 38.75646, -9.13391 38.75688, -9.13155 38.75626, -9.13006 38.75470, -9.12789 38.75373, -9.12541 38.75391)"
8ea401f6-7a6d-4e16-b598-e5c47f3415b2,e5121482-3929-4d22-a255-accb1a466884,Dott,7b40fec6-f894-4f98-a6b5-5717a682c1c3,scooter,electric,2026-09-17T15:36:46Z,2026-09-17T15:40:32Z,226,895,"LINESTRING (-9.16794 38.72965, -9.16782 38.72865, -9.16751 38.72767, -9.16724 38.72668, -9.16674 38.72575, -9.16672 38.72474, -9.16672 38.72373, -9.16616 38.72282, -9.16676 38.72193)"
01fb42bb-e73c-41e6-bba5-81436262e4e5,6bad6be2-8e7a-46e9-9f19-950499dd251d,Voi,caf3f372-cb53-42b5-9ada-81b0e867bc4e,scooter,electric,2026-09-17T15:57:02Z,2026-09-17T16:03:11Z,369,1634,"LINESTRING (-9.15599 38.72960, -9.15285 38.72947, -9.15005 38.72835, -9.14759 38.72683, -9.14496 38.72547, -9.14210 38.72447, -9.13899 38.72409)"
7503e934-cb60-4b86-a4fc-b477333eb087,f38b2ffc-80a4-4f5a-91c9-bc701e7ea419,Lime,1f7e4273-4f56-448f-85e1-ddfb3c37bb01,bicycle,electric_assist,2026-09-17T16:04:00Z,2026-09-17T16:19:35Z,935,3321,"LINESTRING (-9.09926 38.74764, -9.10306 38.74537, -9.10778 38.74468, -9.11251 38.74409, -9.11541 38.74111, -9.11934 38.73898, -9.12248 38.73615, -9.12491 38.73293, -9.12879 38.73072)"
bde1a4e8-ca66-40d2-a621-b0ac7a95269e,f38b2ffc-80a4-4f5a-91c9-bc701e7ea419,Lime,ac9f21df-74f0-4af5-b361-8e1ca06d7a69,scooter,electric,2026-09-17T16:38:14Z,2026-09-17T16:50:25Z,731,3263,"LINESTRING (-9.14344 38.74765, -9.14513 38.75108, -9.14656 38.75458, -9.14475 38.75797, -9.14073 38.75988, -9.13646 38.76144, -9.13416 38.76465, -9.13218 38.76798, -9.12877 38.77053)"
dcaba44f-c0a4-4cd3-87ed-cecc80071e24,f38b2ffc-80a4-4f5a-91c9-bc701e7ea419,Lime,5e6c9992-b5fb-42e0-9909-0b8906555096,bicycle,electric_assist,2026-09-17T16:40:13Z,2026-09-17T16:43:44Z,211,850,"LINESTRING (-9.16475 38.71636, -9.16441 38.71555, -9.16411 38.71474, -9.16341 38.71408, -9.16252 38.71359, -9.16227 38.71276, -9.16179 38.71200, -9.16147 38.71119, -9.16097 38.71043, -9.16021 38.70982)"
f3bf08e6-b27d-4527-946a-af057e907396,d7a7a3cc-8c3d-4f16-9293-de8fc88b2875,Gira,6412e585-5c02-4005-93ba-2c7f62d987bf,bicycle,electric_assist,2026-09-17T17:08:33Z,2026-09-17T17:17:12Z,519,2375,"LINESTRING (-9.18469 38.76340, -9.19017 38.76315, -9.19563 38.76269, -9.19990 38.76000, -9.20391 38.75708, -9.20767 38.75396)"
1b40b335-2666-48de-ba54-e432710061d1,e5121482-3929-4d22-a255-accb1a466884,Dott,13737a12-9629-478f-b780-55face4b8b07,bicycle,electric_assist,2026-09-17T17:09:17Z,2026-09-17T17:23:43Z,866,3067,"LINESTRING (-9.17845 38.76805, -9.17623 38.76280, -9.17191 38.75842, -9.16671 38.75467, -9.15991 38.75311, -9.15495 38.74917)"
7886c114-f9ef-4f75-9f91-078478984388,6bad6be2-8e7a-46e9-9f19-950499dd251d,Voi,ff87d3fb-b1db-4929-9dd6-08273ab8c535,scooter,electric,2026-09-17T17:10:56Z,2026-09-17T17:22:54Z,718,3033,"LINESTRING (-9.14836 38.74786, -9.14455 38.74726, -9.14104 38.74595, -9.13772 38.74436, -9.13383 38.74422, -9.12994 38.74425, -9.12718 38.74640, -9.12662 38.74940, -9.12508 38.75219, -9.12131 38.75295)"
01f179af-2c16-45ea-b6cd-dd0ec2cb0d71,6bad6be2-8e7a-46e9-9f19-950499dd251d,Voi,9ad6c061-d325-4ca6-bddc-0d5f3be343de,scooter,electric,2026-09-17T17:27:01Z,2026-09-17T17:56:37Z,1776,5135,"LINESTRING (-9.12690 38.71414, -9.12020 38.71009, -9.11195 38.70861, -9.10359 38.70970, -9.09521 38.71066, -9.08693 38.71205, -9.07974 38.71554, -9.07360 38.72009)"
4a631f33-db20-4f27-8d24-f385173b1637,6bad6be2-8e7a-46e9-9f19-950499dd251d,Voi,7180131f-263e-44fc-bc98-1c1158afbcb8,scooter,electric,2026-09-17T17:31:35Z,2026-09-17T17:38:34Z,419,1729,"LINESTRING (-9.13556 38.75524, -9.13397 38.75238, -9.13104 38.75027, -9.12713 38.74960, -9.12320 38.75015, -9.12011 38.75212)"
0a39fa16-1e9d-4b99-8f38-6bcf47702bf1,f3f49249-dc28-4f90-a5ae-c7978306d03b,Bolt,221ba4c4-7d70-43e1-a4c2-cc1c09662f39,scooter,electric,2026-09-17T17:58:57Z,2026-09-17T18:06:27Z,450,1817,"LINESTRING (-9.15403 38.71721, -9.15418 38.71925, -9.15435 38.72129, -9.15344 38.72321, -9.15177 38.72479, -9.14914 38.72475, -9.14652 38.72483, -9.14426 38.72587, -9.14219 38.72712)"
d2ea3285-b81e-445b-8372-b18b0af09543,f38b2ffc-80a4-4f5a-91c9-bc701e7ea419,Lime,25ce93fc-c95e-41d0-8145-ff00e39f13d7,scooter,electric,2026-09-17T18:02:29Z,2026-09-17T18:17:33Z,904,4042,"LINESTRING (-9.12555 38.72961, -9.12890 38.72511, -9.13393 38.72169, -9.14047 38.72272, -9.14705 38.72358, -9.15372 38.72347, -9.16034 38.72288, -9.16570 38.72597)"
69a66237-b2b2-4d18-9114-d7bf84bb6524,f38b2ffc-80a4-4f5a-91c9-bc701e7ea419,Lime,e060a724-2411-4258-b51b-4c8349a047dc,scooter,electric,2026-09-17T18:06:27Z,2026-09-17T18:09:22Z,175,744,"LINESTRING (-9.10441 38.70507, -9.10476 38.70615, -9.10516 38.70722, -9.10516 38.70834, -9.10467 38.70939, -9.10382 38.71029, -9.10325 38.71131)"
ed5b06d8-b018-4bf8-b664-975476cee44c,f38b2ffc-80a4-4f5a-91c9-bc701e7ea419,Lime,96060250-ea3e-4f73-884c-1884c88f63d6,scooter,electric,2026-09-17T18:12:25Z,2026-09-17T18:16:13Z,228,1178,"LINESTRING (-9.14862 38.75691, -9.14652 38.75760, -9.14525 38.75906, -9.14498 38.76082, -9.14474 38.76258, -9.14532 38.76429, -9.14610 38.76595)"
27517c10-d90a-419d-a2e0-67b6e60052b2,f38b2ffc-80a4-4f5a-91c9-bc701e7ea419,Lime,2edc49c1-f71b-4135-ac06-43b173f29c6a,bicycle,electric_assist,2026-09-17T18:14:21Z,2026-09-17T18:19:39Z,318,1270,"LINESTRING (-9.17530 38.74541, -9.17518 38.74684, -9.17572 38.74820, -9.17673 38.74940, -9.17806 38.75039, -9.17968 38.75105, -9.18147 38.75136, -9.18296 38.75052, -9.18443 38.74967)"
67e71a4a-1b07-4b83-996b-0458f4a6edf3,f38b2ffc-80a4-4f5a-91c9-bc701e7ea419,Lime,6041f10e-325a-4dec-8e91-82088520bf0c,bicycle,electric_assist,2026-09-17T18:30:13Z,2026-09-17T18:36:59Z,406,2250,"LINESTRING (-9.13906 38.74680, -9.14006 38.74439, -9.14106 38.74197, -9.14243 38.73968, -9.14402 38.73747, -9.14309 38.73504, -9.14106 38.73306, -9.14033 38.73059, -9.13976 38.72809)"
b0fd3866-5399-4b1b-b325-5ebfc84985e8,d7a7a3cc-8c3d-4f16-9293-de8fc88b2875,Gira,b090385c-12ba-4845-8b23-f006d2fa3fdc,bicycle,electric_assist,2026-09-17T18:31:29Z,2026-09-17T18:44:11Z,762,2135,"LINESTRING (-9.09987 38.75526, -9.09753 38.75262, -9.09495 38.75013, -9.09277 38.74741, -9.09076 38.74461, -9.08771 38.74247, -9.08400 38.74107)"
ca8f0f60-631c-4474-b35d-7a9f9b6bc787,f38b2ffc-80a4-4f5a-91c9-bc701e7ea419,Lime,8c285417-5567-461f-a3a3-62b4bb8a1881,scooter,electric,2026-09-17T18:36:57Z,2026-09-17T18:40:58Z,241,918,"LINESTRING (-9.13986 38.74297, -9.14000 38.74206, -9.13982 38.74115, -9.13969 38.74024, -9.13908 38.73945, -9.13809 38.73896, -9.13719 38.73836, -9.13609 38.73804, -9.13514 38.73749, -9.13427 38.73688)"
aa311c41-3306-46bd-b19f-47c958bfc2e1,f38b2ffc-80a4-4f5a-91c9-bc701e7ea419,Lime,34fd02f6-8505-47c2-975c-ef7a27655f91,scooter,electric,2026-09-17T18:39:13Z,2026-09-17T18:49:35Z,622,2730,"LINESTRING (-9.17025 38.75821, -9.17466 38.75892, -9.17675 38.76203, -9.17823 38.76535, -9.18010 38.76855, -9.17813 38.77171, -9.17699 38.77511, -9.17816 38.77850)"
df74b4cd-e631-405f-ae5c-3e6e223e0192,6bad6be2-8e7a-46e9-9f19-950499dd251d,Voi,605797b7-9bd5-4b24-b636-6b3d9cbdaa2c,scooter,electric,2026-09-17T19:18:34Z,2026-09-17T19:28:38Z,604,3261,"LINESTRING (-9.18111 38.70989, -9.18489 38.70597, -9.18824 38.70183, -9.19190 38.69786, -9.19804 38.69687, -9.20389 38.69509, -9.20954 38.69297)"
b78fef38-9966-47ca-be5e-6fa974b83b1b,e5121482-3929-4d22-a255-accb1a466884,Dott,aa2939cf-b13c-4642-9e1c-fb0a398faf3a,scooter,electric,2026-09-17T19:25:29Z,2026-09-17T19:29:45Z,256,1070,"LINESTRING (-9.09909 38.76657, -9.09911 38.76550, -9.09925 38.76443, -9.10019 38.76365, -9.10065 38.76264, -9.10117 38.76165, -9.10018 38.76091, -9.09986 38.75987, -9.10025 38.75884, -9.10087 38.75789)"
8f8b38b6-de21-4586-8632-e449dcc86bc0,f38b2ffc-80a4-4f5a-91c9-bc701e7ea419,Lime,19cada68-bd51-4018-b6f7-b3d02351628d,bicycle,electric_assist,2026-09-17T19:47:57Z,2026-09-17T20:05:22Z,1045,3196,"LINESTRING (-9.16096 38.71243, -9.16702 38.71324, -9.17280 38.71488, -9.17895 38.71479, -9.18449 38.71271, -9.19063 38.71290, -9.19529 38.71603)"
8eb559a0-ace6-4089-ac19-6dbeed1ffb95,f3f49249-dc28-4f90-a5ae-c7978306d03b,Bolt,cc1cdc7c-219a-49b4-a4db-befdba8ed768,scooter,electric,2026-09-17T23:30:09Z,2026-09-17T23:37:44Z,455,1736,"LINESTRING (-9.15116 38.74596, -9.14840 38.74743, -9.14591 38.74917, -9.14443 38.75151, -9.14183 38.75315, -9.13965 38.75512, -9.13952 38.75773)"
ce05b6ad-4273-4579-ae3e-ef8fd806136c,f3f49249-dc28-4f90-a5ae-c7978306d03b,Bolt,9b4ab5aa-8f1b-4ae4-b2ab-7967ef642b5f,scooter,electric,2026-09-17T23:58:50Z,2026-09-18T00:01:24Z,154,779,"LINESTRING (-9.11167 38.75664, -9.11026 38.75705, -9.10876 38.75695, -9.10727 38.75685, -9.10577 38.75686, -9.10428 38.75667, -9.10281 38.75687)"
edbc996e-4bed-4aca-a151-01276dafb428,d7a7a3cc-8c3d-4f16-9293-de8fc88b2875,Gira,349f5a6c-2697-4eea-9f15-b224861beadf,bicycle,electric_assist,2026-09-18T03:08:25Z,2026-09-18T03:23:20Z,895,2376,"LINESTRING (-9.16454 38.73487, -9.16418 38.73251, -9.16394 38.73013, -9.16413 38.72776, -9.16291 38.72558, -9.16087 38.72381, -9.15977 38.72159, -9.15729 38.72021, -9.15425 38.72040, -9.15228 38.72221)"
8f6368c7-b5bc-4901-8ce7-24e964fc019f,f38b2ffc-80a4-4f5a-91c9-bc701e7ea419,Lime,8eb5140f-16f4-4881-9724-1955b91dddd9,bicycle,electric_assist,2026-09-18T03:33:45Z,2026-09-18T03:49:04Z,919,2803,"LINESTRING (-9.10484 38.72809, -9.10534 38.73167, -9.10609 38.73523, -9.10967 38.73752, -9.11325 38.73981, -9.11752 38.74118, -9.11830 38.74474, -9.11912 38.74829)"
e7f84c1b-bfe7-4c8d-9946-d2c72b2e908f,e5121482-3929-4d22-a255-accb1a466884,Dott,2b3e12cb-a7d3-49b9-a569-7c07fbcb36cc,bicycle,electric_assist,2026-09-18T05:00:02Z,2026-09-18T05:06:27Z,385,1440,"LINESTRING (-9.15840 38.71428, -9.15655 38.71425, -9.15504 38.71507, -9.15413 38.71633, -9.15409 38.71777, -9.15475 38.71912, -9.15600 38.72018, -9.15671 38.72151, -9.15635 38.72292, -9.15523 38.72407)"
d6adcc8f-49fc-4e13-b90e-5c43d77475de,e5121482-3929-4d22-a255-accb1a466884,Dott,8326d343-56af-47ab-9116-dd6aabbbcfb2,scooter,electric,2026-09-18T05:39:15Z,2026-09-18T05:44:28Z,313,1339,"LINESTRING (-9.17350 38.70954, -9.17338 38.71104, -9.17307 38.71253, -9.17278 38.71402, -9.17424 38.71501, -9.17573 38.71596, -9.17713 38.71701, -9.17851 38.71807, -9.18044 38.71804)"
bc37babf-afe4-4b5c-b359-2b9f8e3bc36a,e5121482-3929-4d22-a255-accb1a466884,Dott,7515d9ef-1f85-4e07-a5c5-756037a41337,scooter,electric,2026-09-18T07:12:10Z,2026-09-18T07:18:43Z,393,2043,"LINESTRING (-9.17788 38.72096, -9.17600 38.71878, -9.17263 38.71874, -9.16956 38.71983, -9.16630 38.72049, -9.16409 38.72247, -9.16221 38.72466, -9.16002 38.72666)"
3bc67c2b-315e-4ac1-8915-229489e6bd51,d7a7a3cc-8c3d-4f16-9293-de8fc88b2875,Gira,699f48c0-92fa-463f-b735-a91f741152c4,bicycle,electric_assist,2026-09-18T07:22:05Z,2026-09-18T07:27:08Z,303,955,"LINESTRING (-9.13847 38.70527, -9.13902 38.70452, -9.13920 38.70367, -9.13869 38.70291, -9.13880 38.70205, -9.13910 38.70123, -9.13950 38.70042, -9.13970 38.69958, -9.13987 38.69873, -9.13946 38.69793, -9.13870 38.69731)"
f20b16de-3002-448c-9052-fbfc0846bf80,e5121482-3929-4d22-a255-accb1a466884,Dott,3e7705c8-cce3-429c-b1f6-7a20daa8f7b7,bicycle,electric_assist,2026-09-18T07:34:46Z,2026-09-18T07:40:35Z,349,1399,"LINESTRING (-9.11544 38.76941, -9.11703 38.76876, -9.11776 38.76748, -9.11821 38.76613, -9.11943 38.76510, -9.12060 38.76403, -9.12218 38.76337, -9.12392 38.76300, -9.12571 38.76294, -9.12709 38.76204)"
24436466-af62-4a0b-9a13-38f21b3c76c5,6bad6be2-8e7a-46e9-9f19-950499dd251d,Voi,05ec7d95-9a6a-4668-8b44-e128774a472c,scooter,electric,2026-09-18T07:43:10Z,2026-09-18T07:45:33Z,143,810,"LINESTRING (-9.17143 38.76545, -9.17212 38.76456, -9.17317 38.76390, -9.17388 38.76302, -9.17442 38.76207, -9.17450 38.76103, -9.17390 38.76010, -9.17305 38.75929)"
e68f7cf3-29d1-456c-95d3-61fb2bd1cac8,f3f49249-dc28-4f90-a5ae-c7978306d03b,Bolt,eaed9e29-74b8-446a-90b6-3899aefc1636,scooter,electric,2026-09-18T07:53:55Z,2026-09-18T07:56:44Z,169,714,"LINESTRING (-9.15503 38.73673, -9.15549 38.73745, -9.15630 38.73795, -9.15725 38.73826, -9.15825 38.73847, -9.15921 38.73876, -9.16015 38.73909, -9.16113 38.73934, -9.16216 38.73929)"
d4a88c2c-d267-4b1e-bb08-e18d8ecd9b5f,f3f49249-dc28-4f90-a5ae-c7978306d03b,Bolt,a07affad-8b8c-488a-a536-76a6437ccafb,scooter,electric,2026-09-18T08:05:03Z,2026-09-18T08:12:26Z,443,1651,"LINESTRING (-9.16525 38.71784, -9.16336 38.71710, -9.16191 38.71589, -9.16085 38.71446, -9.15887 38.71388, -9.15807 38.71234, -9.15649 38.71124, -9.15473 38.71032, -9.15286 38.70955, -9.15198 38.70804)"
2d52c816-0eba-4dca-8ac8-054499c94f03,f38b2ffc-80a4-4f5a-91c9-bc701e7ea419,Lime,7aac319f-fb75-4e0f-ad1d-9d1690624fe3,bicycle,electric_assist,2026-09-18T08:21:37Z,2026-09-18T08:28:28Z,411,1464,"LINESTRING (-9.09945 38.73591, -9.10095 38.73707, -9.10104 38.73871, -9.10122 38.74036, -9.10077 38.74197, -9.10071 38.74362, -9.10203 38.74490, -9.10380 38.74581, -9.10578 38.74638)"
a9d97619-e3c5-4899-80b0-7ee4ab84858b,f38b2ffc-80a4-4f5a-91c9-bc701e7ea419,Lime,2dfbc7b2-078e-4649-8425-0d88b8d3b186,scooter,electric,2026-09-18T08:27:56Z,2026-09-18T08:35:41Z,465,2400,"LINESTRING (-9.16547 38.76212, -9.16445 38.76470, -9.16514 38.76735, -9.16418 38.76995, -9.16318 38.77254, -9.16277 38.77522, -9.16168 38.77779, -9.16093 38.78043, -9.15963 38.78293)"
dea1659d-2bd9-4a43-88c0-3e159d9e167f,f3f49249-dc28-4f90-a5ae-c7978306d03b,Bolt,a152cfd1-9f71-410e-86e3-897a83d335a6,scooter,electric,2026-09-18T08:31:19Z,2026-09-18T08:46:22Z,903,5555,"LINESTRING (-9.17697 38.76334, -9.18315 38.76198, -9.18870 38.75946, -9.19460 38.75750, -9.19934 38.75412, -9.20180 38.74950, -9.20180 38.74449, -9.19826 38.74032, -9.19534 38.73586, -9.19275 38.73129, -9.19001 38.72676)"
80f07832-776c-446b-b4a9-63f2dca10f5d,f38b2ffc-80a4-4f5a-91c9-bc701e7ea419,Lime,8b890fec-6872-496b-9497-db67a54b3b83,bicycle,electric_assist,2026-09-18T08:42:19Z,2026-09-18T08:51:41Z,562,1779,"LINESTRING (-9.17779 38.76122, -9.17696 38.76342, -9.17842 38.76540, -9.18005 38.76731, -9.18280 38.76810, -9.18555 38.76890, -9.18806 38.77010, -9.19087 38.76942)"
ce0600ee-c0b0-4cb0-b32e-144ed3911ee0,f38b2ffc-80a4-4f5a-91c9-bc701e7ea419,Lime,807c7e30-a598-40db-8cbf-d2ec8c53765f,bicycle,electric_assist,2026-09-18T08:44:40Z,2026-09-18T09:01:20Z,1000,4047,"LINESTRING (-9.10379 38.71825, -9.10328 38.71463, -9.10433 38.71108, -9.10450 38.70743, -9.10394 38.70381, -9.10577 38.70046, -9.10815 38.69732, -9.10893 38.69372, -9.10831 38.69011, -9.11012 38.68675, -9.11295 38.68385)"
b9c9cd32-b58c-41c2-a268-ce39b5c2955d,f3f49249-dc28-4f90-a5ae-c7978306d03b,Bolt,53b87501-e21d-49b4-bd02-487e415e9732,scooter,electric,2026-09-18T08:45:21Z,2026-09-18T08:49:32Z,251,1438,"LINESTRING (-9.11824 38.72632, -9.11995 38.72579, -9.12086 38.72454, -9.12261 38.72406, -9.12423 38.72338, -9.12594 38.72392, -9.12705 38.72508, -9.12679 38.72650, -9.12603 38.72782, -9.12490 38.72895)"
e59a999d-b2b1-424e-817e-4542a1c0b914,e5121482-3929-4d22-a255-accb1a466884,Dott,8326d343-56af-47ab-9116-dd6aabbbcfb2,scooter,electric,2026-09-18T08:46:12Z,2026-09-18T08:57:49Z,697,3306,"LINESTRING (-9.16438 38.74503, -9.16908 38.74436, -9.17385 38.74435, -9.17856 38.74370, -9.18310 38.74485, -9.18702 38.74697, -9.18852 38.75051, -9.18944 38.75416, -9.19313 38.75652)"
150a8ca7-f98f-4884-b694-bf6d78f5fb6c,e5121482-3929-4d22-a255-accb1a466884,Dott,956e0261-8446-40f6-a2bc-a7178c25ed7c,scooter,electric,2026-09-18T09:03:00Z,2026-09-18T09:06:46Z,226,1013,"LINESTRING (-9.10368 38.76510, -9.10257 38.76540, -9.10140 38.76545, -9.10063 38.76614, -9.10016 38.76697, -9.09904 38.76723, -9.09788 38.76735, -9.09681 38.76698, -9.09565 38.76685, -9.09456 38.76652, -9.09362 38.76597)"
f74cc3e7-1d49-4207-b1af-a4500138bf2b,6bad6be2-8e7a-46e9-9f19-950499dd251d,Voi,6e8786ac-54b3-4368-8507-a35a1dbc6b7e,scooter,electric,2026-09-18T09:03:40Z,2026-09-18T09:10:55Z,435,2026,"LINESTRING (-9.12845 38.75362, -9.13068 38.75306, -9.13242 38.75429, -9.13404 38.75560, -9.13581 38.75680, -9.13528 38.75857, -9.13528 38.76040, -9.13487 38.76220, -9.13458 38.76401, -9.13424 38.76582, -9.13377 38.76761)"
ad4e4b5c-51b4-416d-a0cf-dc2e09ea8a0a,f38b2ffc-80a4-4f5a-91c9-bc701e7ea419,Lime,e060a724-2411-4258-b51b-4c8349a047dc,bicycle,electric_assist,2026-09-18T09:06:38Z,2026-09-18T09:10:32Z,234,1009,"LINESTRING (-9.13227 38.75851, -9.13072 38.75942, -9.12955 38.76063, -9.12843 38.76187, -9.12783 38.76331, -9.12621 38.76415, -9.12503 38.76535)"
b3c2a9f6-27c3-4975-bcf7-be38dce4904d,e5121482-3929-4d22-a255-accb1a466884,Dott,32051957-d324-4529-9f06-7c31bc24bd96,bicycle,electric_assist,2026-09-18T09:20:08Z,2026-09-18T09:24:22Z,254,1195,"LINESTRING (-9.14406 38.70732, -9.14596 38.70774, -9.14791 38.70798, -9.14965 38.70870, -9.15160 38.70891, -9.15345 38.70838, -9.15542 38.70842, -9.15730 38.70890)"
80900ad8-154b-4b18-89b0-8555ecec54a4,f38b2ffc-80a4-4f5a-91c9-bc701e7ea419,Lime,59001ac9-4063-49bc-a5b0-0a2d35d14880,scooter,electric,2026-09-18T09:49:18Z,2026-09-18T10:05:17Z,959,3323,"LINESTRING (-9.10146 38.72400, -9.10414 38.72615, -9.10700 38.72814, -9.10935 38.73050, -9.11174 38.73285, -9.11234 38.73581, -9.11267 38.73879, -9.11374 38.74166, -9.11184 38.74427, -9.10893 38.74621, -9.10522 38.74700)"
2a8c3101-b119-4635-a81c-efa7646156b0,f38b2ffc-80a4-4f5a-91c9-bc701e7ea419,Lime,ced8c284-63f1-4bbc-a97b-65cb81f8c04a,scooter,electric,2026-09-18T10:24:49Z,2026-09-18T10:33:30Z,521,2452,"LINESTRING (-9.13058 38.72560, -9.12902 38.72908, -9.12805 38.73268, -9.12736 38.73632, -9.12549 38.73970, -9.12607 38.74336, -9.12501 38.74694)"
76d61ae1-9e19-4d2b-ac6d-61b705cba7d8,f38b2ffc-80a4-4f5a-91c9-bc701e7ea419,Lime,df2986b2-e7f2-4366-bec4-f31ced5eeb81,bicycle,electric_assist,2026-09-18T10:27:03Z,2026-09-18T10:31:26Z,263,1036,"LINESTRING (-9.11510 38.75450, -9.11564 38.75632, -9.11716 38.75776, -9.11882 38.75911, -9.12078 38.76018, -9.12318 38.76010)"
835a7a0d-faa6-4031-9567-ae21552d6d4e,f38b2ffc-80a4-4f5a-91c9-bc701e7ea419,Lime,4b983f0b-4afc-49d6-a61f-1bf92986a329,scooter,electric,2026-09-18T10:31:04Z,2026-09-18T10:33:31Z,147,828,"LINESTRING (-9.13578 38.71929, -9.13708 38.71962, -9.13787 38.72050, -9.13919 38.72077, -9.14037 38.72130, -9.14153 38.72188, -9.14184 38.72291, -9.14196 38.72398)"
64e99903-bfc7-46d5-a7d5-c1052f5e2c5d,e5121482-3929-4d22-a255-accb1a466884,Dott,505a3117-8577-497c-9c4f-32a93db48829,bicycle,electric_assist,2026-09-18T10:46:51Z,2026-09-18T10:54:54Z,483,1721,"LINESTRING (-9.14473 38.73657, -9.14343 38.73539, -9.14177 38.73454, -9.14078 38.73319, -9.14050 38.73166, -9.13939 38.73037, -9.13795 38.72930, -9.13746 38.72780, -9.13565 38.72715, -9.13420 38.72609, -9.13235 38.72552)"
fe219c26-a0d1-4e3c-bd0b-7e1852d6f04d,6bad6be2-8e7a-46e9-9f19-950499dd251d,Voi,197c673d-ea74-4fae-9ad5-5473f354230d,scooter,electric,2026-09-18T10:51:32Z,2026-09-18T10:58:32Z,420,2044,"LINESTRING (-9.12278 38.70970, -9.12411 38.71176, -9.12502 38.71395, -9.12435 38.71619, -9.12280 38.71815, -9.12043 38.71952, -9.11802 38.72085, -9.11620 38.72266, -9.11360 38.72375)"
05dc9cf7-a62e-4d39-9135-681f0dcc35aa,d7a7a3cc-8c3d-4f16-9293-de8fc88b2875,Gira,317d9a8c-1a61-46b0-a2f4-c4c907f2264c,bicycle,electric_assist,2026-09-18T11:13:36Z,2026-09-18T11:23:08Z,572,2760,"LINESTRING (-9.11159 38.72746, -9.10701 38.72535, -9.10348 38.72226, -9.10371 38.71812, -9.10052 38.71480, -9.09672 38.71190, -9.09336 38.70869)"
e796a8e7-9fd0-4b87-a406-674cae902e2d,f3f49249-dc28-4f90-a5ae-c7978306d03b,Bolt,fdeac4b1-892e-4a22-a894-50375f524fc4,scooter,electric,2026-09-18T11:26:09Z,2026-09-18T11:32:32Z,383,1809,"LINESTRING (-9.15247 38.71928, -9.15556 38.72147, -9.15856 38.72374, -9.16196 38.72564, -9.16606 38.72625, -9.17024 38.72617)"
2d91eeb6-235a-419f-80ec-d726692e2178,e5121482-3929-4d22-a255-accb1a466884,Dott,23e9eb54-c8db-403c-b725-d85c878fc1de,bicycle,electric_assist,2026-09-18T11:38:42Z,2026-09-18T11:53:13Z,871,2962,"LINESTRING (-9.14142 38.72210, -9.13914 38.72409, -9.13806 38.72662, -9.13464 38.72668, -9.13147 38.72769, -9.12807 38.72796, -9.12488 38.72699, -9.12147 38.72685, -9.11875 38.72523, -9.11728 38.72282, -9.11434 38.72145)"
fb2a36ac-5dc0-42cc-9ee3-0db45f76e45b,e5121482-3929-4d22-a255-accb1a466884,Dott,4e9fe834-9ca1-4597-8f26-0a37ae50a592,bicycle,electric_assist,2026-09-18T11:48:17Z,2026-09-18T11:54:49Z,392,1499,"LINESTRING (-9.13545 38.74913, -9.13561 38.74745, -9.13387 38.74644, -9.13267 38.74503, -9.13286 38.74335, -9.13366 38.74178, -9.13354 38.74010, -9.13353 38.73841, -9.13325 38.73673)"
50442791-9ae2-416a-99c6-94ddee0f9a8f,f3f49249-dc28-4f90-a5ae-c7978306d03b,Bolt,185251bd-563a-447e-a8df-7da7ac92ece8,scooter,electric,2026-09-18T11:54:27Z,2026-09-18T12:01:11Z,404,1754,"LINESTRING (-9.11322 38.72512, -9.11384 38.72733, -9.11363 38.72958, -9.11298 38.73178, -9.11462 38.73364, -9.11700 38.73493, -9.11982 38.73443, -9.12166 38.73268)"
2a1edb99-0eeb-4b00-beca-a033680737e1,f38b2ffc-80a4-4f5a-91c9-bc701e7ea419,Lime,a7e27f8c-f92a-4541-a5dc-589698d1e304,scooter,electric,2026-09-18T11:55:53Z,2026-09-18T11:59:54Z,241,1027,"LINESTRING (-9.15926 38.72976, -9.15811 38.73026, -9.15683 38.73002, -9.15562 38.73043, -9.15448 38.73094, -9.15318 38.73111, -9.15203 38.73161, -9.15138 38.73250, -9.15171 38.73350, -9.15207 38.73449)"
1e7d8ac2-59c4-4d1f-934a-e7c0a671d73a,f3f49249-dc28-4f90-a5ae-c7978306d03b,Bolt,e58af8d3-b78a-4267-927f-3b9a3df43939,scooter,electric,2026-09-18T12:12:27Z,2026-09-18T12:18:34Z,367,1563,"LINESTRING (-9.15117 38.76788, -9.15231 38.76898, -9.15382 38.76975, -9.15518 38.77068, -9.15567 38.77203, -9.15561 38.77344, -9.15535 38.77484, -9.15570 38.77622, -9.15544 38.77761, -9.15458 38.77885, -9.15350 38.77998)"
12a2c391-ddc5-47d2-999c-c30e6b703937,f38b2ffc-80a4-4f5a-91c9-bc701e7ea419,Lime,e0ed4a62-17d6-4f8f-b423-f8be01418223,bicycle,electric_assist,2026-09-18T12:14:33Z,2026-09-18T12:19:38Z,305,1273,"LINESTRING (-9.15594 38.72185, -9.15387 38.72213, -9.15187 38.72162, -9.15034 38.72274, -9.14916 38.72410, -9.14836 38.72561, -9.14822 38.72725, -9.14821 38.72889)"
dcc99411-2f2f-42d6-b5a7-953dec2cecdc,f3f49249-dc28-4f90-a5ae-c7978306d03b,Bolt,79d762c9-cd55-43de-8738-3358d53a5eba,scooter,electric,2026-09-18T13:27:18Z,2026-09-18T13:38:23Z,665,2688,"LINESTRING (-9.16103 38.74204, -9.15797 38.74454, -9.15389 38.74590, -9.15002 38.74759, -9.14563 38.74809, -9.14152 38.74939, -9.13709 38.74919, -9.13286 38.74815)"
869fe808-b2bb-40ec-ad78-d1fa12afc5eb,f38b2ffc-80a4-4f5a-91c9-bc701e7ea419,Lime,bb235be2-8bf6-437b-9f6f-6b2c4c8da302,scooter,electric,2026-09-18T13:59:40Z,2026-09-18T14:19:56Z,1216,3627,"LINESTRING (-9.09639 38.74603, -9.10027 38.74401, -9.10434 38.74225, -9.10624 38.73894, -9.10675 38.73533, -9.10877 38.73206, -9.11144 38.72908, -9.11381 38.72596, -9.11736 38.72361, -9.12189 38.72442)"
4f0e16d1-81c7-4a5e-98bd-27ec85ce9e6d,f38b2ffc-80a4-4f5a-91c9-bc701e7ea419,Lime,64adbcea-f49e-42ce-8b6d-ba449297d61b,scooter,electric,2026-09-18T14:40:20Z,2026-09-18T14:55:07Z,887,3839,"LINESTRING (-9.12805 38.71976, -9.13181 38.72224, -9.13671 38.72259, -9.14028 38.71994, -9.14510 38.72075, -9.14774 38.72399, -9.15168 38.72631, -9.15551 38.72873, -9.15856 38.73174, -9.16253 38.73401)"
af80bef3-5991-42d5-a6a2-57d4d99fdf9a,e5121482-3929-4d22-a255-accb1a466884,Dott,c4f27979-7053-4e0b-8611-fa58f40924ff,bicycle,electric_assist,2026-09-18T15:04:19Z,2026-09-18T15:10:32Z,373,1218,"LINESTRING (-9.11633 38.74533, -9.11770 38.74419, -9.11809 38.74265, -9.11796 38.74108, -9.11798 38.73951, -9.11747 38.73800, -9.11729 38.73644, -9.11896 38.73557)"
95e62f5b-df52-4a6a-8448-1b801e65ce5e,6bad6be2-8e7a-46e9-9f19-950499dd251d,Voi,0ec3703b-37e1-4834-b4cc-204400923538,scooter,electric,2026-09-18T15:59:58Z,2026-09-18T16:02:35Z,157,555,"LINESTRING (-9.15252 38.74806, -9.15154 38.74774, -9.15057 38.74810, -9.14953 38.74793, -9.14862 38.74749, -9.14782 38.74693, -9.14676 38.74684)"
fdd414ab-edad-46da-9996-a499af2b160a,f38b2ffc-80a4-4f5a-91c9-bc701e7ea419,Lime,a7e27f8c-f92a-4541-a5dc-589698d1e304,scooter,electric,2026-09-18T16:15:53Z,2026-09-18T16:21:07Z,314,1511,"LINESTRING (-9.18420 38.73465, -9.18287 38.73355, -9.18138 38.73258, -9.18012 38.73143, -9.18013 38.72992, -9.17943 38.72851, -9.18028 38.72715, -9.18179 38.72620, -9.18316 38.72513, -9.18481 38.72433)"
0016c12b-f8f7-413a-860d-999673b5a89d,e5121482-3929-4d22-a255-accb1a466884,Dott,ab8e4041-6e35-4e9d-9904-8fce2b7a3cf0,scooter,electric,2026-09-18T16:20:53Z,2026-09-18T16:30:29Z,576,2806,"LINESTRING (-9.17998 38.75798, -9.18056 38.75549, -9.17755 38.75457, -9.17467 38.75340, -9.17339 38.75108, -9.17149 38.74903, -9.17122 38.74651, -9.17252 38.74419, -9.17228 38.74167, -9.17177 38.73917, -9.17357 38.73707)"
4ff2513a-19b2-4d0e-a436-b0ffd69485d7,f3f49249-dc28-4f90-a5ae-c7978306d03b,Bolt,408e79ea-b3a2-459e-8f15-79f2445db505,scooter,electric,2026-09-18T16:23:28Z,2026-09-18T16:37:38Z,850,3063,"LINESTRING (-9.18043 38.75467, -9.17716 38.75572, -9.17418 38.75423, -9.17067 38.75384, -9.16731 38.75470, -9.16381 38.75508, -9.16041 38.75585, -9.15707 38.75494, -9.15355 38.75459, -9.15051 38.75601, -9.14716 38.75688)"
c3e2b29b-215f-43c5-b7e8-07489dfdff3b,f3f49249-dc28-4f90-a5ae-c7978306d03b,Bolt,c1dc73de-0999-4f46-8302-4fa456b817fe,scooter,electric,2026-09-18T16:24:05Z,2026-09-18T16:29:51Z,346,1714,"LINESTRING (-9.14968 38.72812, -9.15295 38.72846, -9.15621 38.72807, -9.15950 38.72824, -9.16264 38.72905, -9.16594 38.72916, -9.16913 38.72981)"
a7ca05da-952c-4f10-9699-e41fd4a6d8c9,e5121482-3929-4d22-a255-accb1a466884,Dott,66a27c00-6a79-4f9d-bd6c-b580ce21626c,scooter,electric,2026-09-18T16:28:05Z,2026-09-18T16:40:02Z,717,2563,"LINESTRING (-9.13350 38.70852, -9.12944 38.71071, -9.12500 38.71239, -9.12084 38.71446, -9.11862 38.71790, -9.11372 38.71746, -9.10920 38.71902)"
32f9a959-6866-4014-bf65-190e584a8b6e,e5121482-3929-4d22-a255-accb1a466884,Dott,956e0261-8446-40f6-a2bc-a7178c25ed7c,scooter,electric,2026-09-18T16:36:05Z,2026-09-18T16:50:05Z,840,3807,"LINESTRING (-9.11414 38.70198, -9.11392 38.70769, -9.11428 38.71340, -9.11469 38.71911, -9.11108 38.72408, -9.10661 38.72861, -9.10301 38.73359)"
c8e9fdcd-812b-4aba-8be6-a45e810ef837,6bad6be2-8e7a-46e9-9f19-950499dd251d,Voi,e05afe02-6c4c-4546-b6b9-b1feaf8d7b95,scooter,electric,2026-09-18T17:08:23Z,2026-09-18T17:11:34Z,191,892,"LINESTRING (-9.15580 38.72706, -9.15487 38.72672, -9.15400 38.72628, -9.15300 38.72610, -9.15204 38.72639, -9.15132 38.72697, -9.15088 38.72770, -9.15102 38.72850, -9.15103 38.72930, -9.15063 38.73004, -9.15023 38.73078)"
8933c07a-d3ae-40c6-a5d7-21a481e13cac,f38b2ffc-80a4-4f5a-91c9-bc701e7ea419,Lime,7aac319f-fb75-4e0f-ad1d-9d1690624fe3,scooter,electric,2026-09-18T17:27:34Z,2026-09-18T17:29:14Z,100,497,"LINESTRING (-9.12895 38.73070, -9.12921 38.72983, -9.12992 38.72912, -9.13001 38.72823, -9.13057 38.72745, -9.13097 38.72661)"
a42f2532-6fb0-4179-9261-a7b9a3a91ac7,d7a7a3cc-8c3d-4f16-9293-de8fc88b2875,Gira,0c7fc0b5-b743-433b-a5ae-a90b9b491222,bicycle,electric_assist,2026-09-18T17:27:51Z,2026-09-18T17:35:44Z,473,1437,"LINESTRING (-9.11574 38.76361, -9.11714 38.76212, -9.11809 38.76042, -9.11869 38.75863, -9.11875 38.75678, -9.11768 38.75513, -9.11746 38.75329, -9.11718 38.75146)"
050ed11a-d4a2-404d-bceb-14c2caca26fe,6bad6be2-8e7a-46e9-9f19-950499dd251d,Voi,9e6aefc8-f604-4370-9e93-4250ef659464,scooter,electric,2026-09-18T17:29:42Z,2026-09-18T17:46:39Z,1017,3586,"LINESTRING (-9.16371 38.70455, -9.16077 38.70227, -9.15726 38.70056, -9.15363 38.69901, -9.14970 38.69799, -9.14584 38.69682, -9.14203 38.69556, -9.13789 38.69569, -9.13465 38.69770, -9.13130 38.69960, -9.12839 38.70190)"
85ca4266-9f28-4a00-ba7a-0e2fa9dfdd4f,e5121482-3929-4d22-a255-accb1a466884,Dott,40868dcb-f0b6-459a-a85f-cb5025cb4dc5,scooter,electric,2026-09-18T17:35:12Z,2026-09-18T17:52:39Z,1047,3520,"LINESTRING (-9.15733 38.71734, -9.15590 38.71437, -9.15583 38.71120, -9.15287 38.70902, -9.15027 38.70659, -9.14634 38.70577, -9.14315 38.70380, -9.13985 38.70195, -9.13867 38.69892, -9.13508 38.69742, -9.13144 38.69601)"
a1657f62-06e1-4684-8624-eb7b07b7c60a,e5121482-3929-4d22-a255-accb1a466884,Dott,19fbcf5c-fb59-4cb3-95a6-fd418b9be801,scooter,electric,2026-09-18T17:51:12Z,2026-09-18T17:58:24Z,432,2211,"LINESTRING (-9.13390 38.71219, -9.13515 38.70952, -9.13821 38.70796, -9.14139 38.70656, -9.14501 38.70625, -9.14840 38.70520, -9.15183 38.70423, -9.15520 38.70312)"
ff714caf-340b-4cdf-9ef2-94e89125d70f,e5121482-3929-4d22-a255-accb1a466884,Dott,7515d9ef-1f85-4e07-a5c5-756037a41337,scooter,electric,2026-09-18T18:17:18Z,2026-09-18T18:23:13Z,355,1532,"LINESTRING (-9.11989 38.75134, -9.11756 38.75058, -9.11505 38.75086, -9.11253 38.75077, -9.11018 38.75003, -9.10786 38.74924, -9.10594 38.74796, -9.10371 38.74702)"
73c6aa41-4129-4a35-8fbf-e5cebdaded49,f3f49249-dc28-4f90-a5ae-c7978306d03b,Bolt,185251bd-563a-447e-a8df-7da7ac92ece8,scooter,electric,2026-09-18T18:29:40Z,2026-09-18T18:37:16Z,456,1954,"LINESTRING (-9.12851 38.70580, -9.12787 38.70411, -9.12597 38.70316, -9.12390 38.70386, -9.12164 38.70392, -9.11939 38.70393, -9.11765 38.70506, -9.11635 38.70649, -9.11565 38.70817, -9.11686 38.70965, -9.11904 38.71011)"
6a670b34-7960-48c4-b630-0ad9c6ac810c,f38b2ffc-80a4-4f5a-91c9-bc701e7ea419,Lime,ff8b2a6a-ab74-4e57-a6ee-bc578f4ecb4f,bicycle,electric_assist,2026-09-18T18:32:37Z,2026-09-18T18:51:52Z,1155,3975,"LINESTRING (-9.16773 38.71183, -9.16663 38.70592, -9.16531 38.70004, -9.16800 38.69445, -9.17259 38.68967, -9.17769 38.68522, -9.18490 38.68324)"
1b2b844e-9748-4b48-957b-0f3cb175dfa3,f38b2ffc-80a4-4f5a-91c9-bc701e7ea419,Lime,5814b53f-2fec-4275-8e0e-889662186f4b,bicycle,electric_assist,2026-09-18T19:20:13Z,2026-09-18T19:25:17Z,304,1193,"LINESTRING (-9.10614 38.72083, -9.10539 38.72204, -9.10445 38.72316, -9.10338 38.72422, -9.10179 38.72474, -9.10165 38.72608, -9.10204 38.72739, -9.10161 38.72869, -9.10065 38.72981)"
ccd16268-9291-4ebc-a940-d65544366564,f3f49249-dc28-4f90-a5ae-c7978306d03b,Bolt,d1d503ae-f0e3-4542-8ca1-b5f0ca1d6872,scooter,electric,2026-09-18T19:24:28Z,2026-09-18T19:34:01Z,573,3148,"LINESTRING (-9.15114 38.73679, -9.14832 38.73857, -9.14522 38.74005, -9.14334 38.74248, -9.14189 38.74508, -9.14418 38.74728, -9.14751 38.74843, -9.14874 38.75110, -9.14645 38.75330, -9.14299 38.75418, -9.13937 38.75446)"
e4112187-4a97-491d-9367-47c39f51610c,f3f49249-dc28-4f90-a5ae-c7978306d03b,Bolt,eb74268f-b06c-4c63-9d8c-1b6f385d1c97,scooter,electric,2026-09-18T19:27:23Z,2026-09-18T19:44:49Z,1046,4007,"LINESTRING (-9.17061 38.76371, -9.16545 38.76049, -9.16114 38.75658, -9.15633 38.75304, -9.15036 38.75082, -9.14490 38.74791, -9.13848 38.74914, -9.13195 38.74833)"
d9bf1649-1ffe-4178-ac2b-8b5157ea5ab2,e5121482-3929-4d22-a255-accb1a466884,Dott,8aaaf212-0da0-46fb-91f9-7a657ec9cb84,scooter,electric,2026-09-18T19:59:58Z,2026-09-18T20:07:14Z,436,1679,"LINESTRING (-9.18182 38.71570, -9.18265 38.71777, -9.18220 38.71990, -9.18323 38.72191, -9.18569 38.72289, -9.18757 38.72448, -9.18884 38.72640, -9.19001 38.72836)"
59b6c465-5dce-473f-ae7f-4781fdd75e8f,f38b2ffc-80a4-4f5a-91c9-bc701e7ea419,Lime,16e5fc44-97f9-4ad6-a074-81bdf1b8ea7c,scooter,electric,2026-09-18T20:08:58Z,2026-09-18T20:18:49Z,591,2493,"LINESTRING (-9.13633 38.73626, -9.13679 38.74074, -9.13290 38.74405, -9.12757 38.74576, -9.12274 38.74820, -9.11998 38.75215)"
5f11e941-34f4-41c8-947c-3149b6e7fa2b,f38b2ffc-80a4-4f5a-91c9-bc701e7ea419,Lime,ffce6973-7f62-4f26-b6c3-266043710baf,scooter,electric,2026-09-18T20:31:06Z,2026-09-18T20:37:51Z,405,1659,"LINESTRING (-9.09584 38.70485, -9.09779 38.70594, -9.09977 38.70699, -9.10215 38.70719, -9.10411 38.70826, -9.10557 38.70974, -9.10668 38.71140, -9.10755 38.71314, -9.10894 38.71466)"
a5cef013-d347-4233-8d00-0d945e6fd723,f38b2ffc-80a4-4f5a-91c9-bc701e7ea419,Lime,e5a34078-795c-4b9b-8fba-5e788c7ddcd4,bicycle,electric_assist,2026-09-18T20:58:08Z,2026-09-18T21:03:07Z,299,1177,"LINESTRING (-9.16525 38.73425, -9.16342 38.73320, -9.16119 38.73288, -9.15894 38.73310, -9.15669 38.73328, -9.15445 38.73354, -9.15218 38.73349)"
16861462-8353-4bee-b212-5283dbd296eb,6bad6be2-8e7a-46e9-9f19-950499dd251d,Voi,497dc11f-dcb4-46ca-853a-1eb3c1a52505,scooter,electric,2026-09-18T22:17:51Z,2026-09-18T22:22:23Z,272,1130,"LINESTRING (-9.11757 38.74370, -9.11647 38.74425, -9.11526 38.74464, -9.11420 38.74404, -9.11292 38.74383, -9.11173 38.74342, -9.11074 38.74275, -9.10967 38.74217, -9.10839 38.74196, -9.10711 38.74178, -9.10603 38.74235)"
051d16c1-39b3-4177-8c37-c71a0521b3e9,6bad6be2-8e7a-46e9-9f19-950499dd251d,Voi,605797b7-9bd5-4b24-b636-6b3d9cbdaa2c,scooter,electric,2026-09-18T22:21:45Z,2026-09-18T22:28:01Z,376,1340,"LINESTRING (-9.11336 38.72385, -9.11032 38.72336, -9.10740 38.72415, -9.10559 38.72611, -9.10388 38.72812, -9.10124 38.72939)"
f852104f-1f60-44ad-9cb4-1564aa9361b6,6bad6be2-8e7a-46e9-9f19-950499dd251d,Voi,8467db94-d094-45e2-9b9a-388629b91dd4,scooter,electric,2026-09-19T00:55:11Z,2026-09-19T00:58:54Z,223,1407,"LINESTRING (-9.16084 38.75279, -9.16252 38.75405, -9.16314 38.75579, -9.16274 38.75758, -9.16275 38.75939, -9.16229 38.76116, -9.16266 38.76295, -9.16311 38.76473)"
2b9ebd6a-ab23-46fb-a7bf-f88de83327c8,e5121482-3929-4d22-a255-accb1a466884,Dott,d884d50b-1179-43c6-8f49-199e719f9c8b,bicycle,electric_assist,2026-09-19T00:57:56Z,2026-09-19T01:07:00Z,544,1374,"LINESTRING (-9.14095 38.76128, -9.14288 38.76221, -9.14392 38.76378, -9.14530 38.76518, -9.14707 38.76628, -9.14920 38.76690, -9.15141 38.76731, -9.15368 38.76725)"
186b3bc5-1f5c-4d9d-9902-7b986cd26e26,e5121482-3929-4d22-a255-accb1a466884,Dott,ab8e4041-6e35-4e9d-9904-8fce2b7a3cf0,bicycle,electric_assist,2026-09-19T02:56:48Z,2026-09-19T03:00:06Z,198,561,"LINESTRING (-9.15886 38.70162, -9.16000 38.70210, -9.16056 38.70301, -9.16152 38.70370, -9.16240 38.70444, -9.16344 38.70505)"
5fad84b3-8941-41fa-ba6b-cabcc001f649,f3f49249-dc28-4f90-a5ae-c7978306d03b,Bolt,b76a1294-8cbb-4091-858f-7eb666426014,scooter,electric,2026-09-19T03:44:13Z,2026-09-19T03:50:14Z,361,1635,"LINESTRING (-9.13480 38.71238, -9.13549 38.71414, -9.13504 38.71595, -9.13487 38.71779, -9.13267 38.71847, -9.13033 38.71826, -9.12825 38.71739, -9.12589 38.71753, -9.12474 38.71914)"
23695d3e-e78f-4a36-a081-92dda58730dd,f38b2ffc-80a4-4f5a-91c9-bc701e7ea419,Lime,0eabf949-03f3-4851-b726-99ec6a1e860d,bicycle,electric_assist,2026-09-19T04:11:04Z,2026-09-19T04:28:06Z,1022,2787,"LINESTRING (-9.13330 38.72051, -9.12874 38.72005, -9.12456 38.71856, -9.12061 38.71671, -9.11748 38.71409, -9.11375 38.71199, -9.10975 38.71022, -9.10834 38.70681)"
ffdffc1c-407a-4557-aefc-571373a28106,f38b2ffc-80a4-4f5a-91c9-bc701e7ea419,Lime,c129017d-853c-4409-a20c-b7ac5738f7c7,bicycle,electric_assist,2026-09-19T06:09:16Z,2026-09-19T06:19:27Z,611,2039,"LINESTRING (-9.13080 38.73855, -9.12886 38.74121, -9.12679 38.74381, -9.12502 38.74655, -9.12169 38.74817, -9.11991 38.75090, -9.11760 38.75338)"
e7c97287-f694-4afd-a078-4b617a99a879,f38b2ffc-80a4-4f5a-91c9-bc701e7ea419,Lime,8a88ce1b-46de-4eef-843f-9f5b05fb0d55,scooter,electric,2026-09-19T06:20:02Z,2026-09-19T06:35:36Z,934,2394,"LINESTRING (-9.13351 38.76569, -9.13657 38.76545, -9.13863 38.76368, -9.14067 38.76189, -9.14271 38.76009, -9.14572 38.75961, -9.14714 38.75748, -9.15004 38.75668, -9.15244 38.75519, -9.15491 38.75376)"
0cf70ede-328c-4446-87a2-420dda5d7660,6bad6be2-8e7a-46e9-9f19-950499dd251d,Voi,9a3df019-2442-4f29-9b47-3fab02ceb8ad,scooter,electric,2026-09-19T07:10:53Z,2026-09-19T07:27:46Z,1013,4297,"LINESTRING (-9.14508 38.72056, -9.14089 38.71699, -9.13599 38.71403, -9.13152 38.71067, -9.12946 38.70611, -9.12480 38.70292, -9.11860 38.70297, -9.11261 38.70424, -9.10664 38.70295)"
9c5a1b72-00fa-4579-9878-1d858cca7418,6bad6be2-8e7a-46e9-9f19-950499dd251d,Voi,1530a3b7-a23d-4925-a04d-e64c6915f7fc,scooter,electric,2026-09-19T07:13:57Z,2026-09-19T07:29:23Z,926,3523,"LINESTRING (-9.10855 38.72562, -9.10401 38.72279, -9.10145 38.71872, -9.09716 38.71566, -9.09193 38.71367, -9.08754 38.71070, -9.08263 38.70827, -9.07795 38.70558)"
b3d1e673-43d7-4b46-9276-fde779eef12a,f38b2ffc-80a4-4f5a-91c9-bc701e7ea419,Lime,19cada68-bd51-4018-b6f7-b3d02351628d,scooter,electric,2026-09-19T07:15:57Z,2026-09-19T07:23:55Z,478,1349,"LINESTRING (-9.10316 38.70601, -9.10122 38.70466, -9.09943 38.70319, -9.09758 38.70177, -9.09538 38.70069, -9.09426 38.69887, -9.09469 38.69687)"
dbf67bc4-251a-4ae7-8104-16f50d127f8f,6bad6be2-8e7a-46e9-9f19-950499dd251d,Voi,6e8786ac-54b3-4368-8507-a35a1dbc6b7e,scooter,electric,2026-09-19T07:40:59Z,2026-09-19T07:44:24Z,205,941,"LINESTRING (-9.16014 38.71494, -9.16145 38.71429, -9.16236 38.71331, -9.16372 38.71272, -9.16489 38.71192, -9.16584 38.71096, -9.16618 38.70978, -9.16737 38.70900)"
4ffda716-4df7-4a61-b69f-a2e8010a642a,f38b2ffc-80a4-4f5a-91c9-bc701e7ea419,Lime,38ca6b4a-f85e-4bea-8eec-8bf97875a42b,scooter,electric,2026-09-19T07:45:44Z,2026-09-19T08:07:23Z,1299,4224,"LINESTRING (-9.10701 38.74700, -9.10151 38.74494, -9.09554 38.74398, -9.08974 38.74251, -9.08384 38.74372, -9.07863 38.74620, -9.07309 38.74819, -9.07241 38.75292, -9.06654 38.75421)"
2ba80205-1bfc-426b-81fa-2a70f5dbf04b,e5121482-3929-4d22-a255-accb1a466884,Dott,c051260e-59c9-4139-bd70-1a0dd4e8eabd,scooter,electric,2026-09-19T07:46:36Z,2026-09-19T07:59:22Z,766,3624,"LINESTRING (-9.16324 38.75783, -9.16716 38.75513, -9.17100 38.75235, -9.17614 38.75311, -9.17989 38.75595, -9.17968 38.76003, -9.18079 38.76402, -9.18072 38.76810, -9.17971 38.77210)"
1326ec45-955e-42ab-94d7-006e4d1126f2,e5121482-3929-4d22-a255-accb1a466884,Dott,433ee1a0-0d15-4ba5-b257-37a83e8b7985,bicycle,electric_assist,2026-09-19T07:49:23Z,2026-09-19T08:15:39Z,1576,5072,"LINESTRING (-9.12956 38.71991, -9.12967 38.71338, -9.13459 38.70810, -9.14268 38.70643, -9.15077 38.70478, -9.15894 38.70617, -9.16708 38.70767, -9.17154 38.71320)"
08f98f80-fef0-4f4d-8c1f-1a35d3de5025,f38b2ffc-80a4-4f5a-91c9-bc701e7ea419,Lime,c8fb4456-b76d-40c3-b078-22db703e53cf,scooter,electric,2026-09-19T08:03:10Z,2026-09-19T08:21:02Z,1072,4848,"LINESTRING (-9.10483 38.76724, -9.09945 38.76844, -9.09394 38.76925, -9.09028 38.76595, -9.08928 38.76165, -9.08968 38.75729, -9.09114 38.75308, -9.09139 38.74871, -9.09209 38.74438, -9.09372 38.74020, -9.09225 38.73599)"
fb65cc0c-2b10-460d-a48b-af927da350b3,f38b2ffc-80a4-4f5a-91c9-bc701e7ea419,Lime,2106119e-c40d-41b5-b97a-762393550840,scooter,electric,2026-09-19T08:14:12Z,2026-09-19T08:26:28Z,736,3076,"LINESTRING (-9.11697 38.73129, -9.11906 38.72599, -9.11993 38.72049, -9.11470 38.71674, -9.10836 38.71924, -9.10502 38.72414)"
e03a1f98-5482-4e05-b933-1f735b61b669,f3f49249-dc28-4f90-a5ae-c7978306d03b,Bolt,997898f0-277b-4be5-8839-cef1375850f0,scooter,electric,2026-09-19T08:22:53Z,2026-09-19T08:28:38Z,345,1830,"LINESTRING (-9.17358 38.74158, -9.17580 38.74219, -9.17765 38.74331, -9.17824 38.74508, -9.18059 38.74507, -9.18293 38.74495, -9.18527 38.74515, -9.18759 38.74545, -9.18972 38.74622, -9.19193 38.74685)"
0a716b67-9107-4ec9-89bc-460380ab6e57,f3f49249-dc28-4f90-a5ae-c7978306d03b,Bolt,b6fe3f33-2549-4c72-9312-a6cde66f0182,scooter,electric,2026-09-19T08:35:00Z,2026-09-19T08:47:19Z,739,2713,"LINESTRING (-9.12019 38.73649, -9.12381 38.73943, -9.12877 38.74070, -9.13183 38.74401, -9.13520 38.74712, -9.13698 38.75095, -9.13875 38.75478)"
f98aabe2-28bd-4ca3-8432-41ef4f9669bc,6bad6be2-8e7a-46e9-9f19-950499dd251d,Voi,b56fb076-0cba-489f-ad32-0bd13a97c922,scooter,electric,2026-09-19T08:46:43Z,2026-09-19T08:56:00Z,557,1713,"LINESTRING (-9.17386 38.70599, -9.17143 38.70565, -9.16964 38.70432, -9.16798 38.70289, -9.16567 38.70220, -9.16352 38.70124, -9.16133 38.70035, -9.15894 38.69984, -9.15657 38.70038)"
e5184d29-0909-4cbb-81e7-4921f271efd5,e5121482-3929-4d22-a255-accb1a466884,Dott,2ceeed8c-bc7a-482d-ab95-1e7757b16995,bicycle,electric_assist,2026-09-19T09:09:27Z,2026-09-19T09:16:51Z,444,1826,"LINESTRING (-9.12461 38.71693, -9.12147 38.71816, -9.11822 38.71922, -9.11492 38.72015, -9.11140 38.72013, -9.10852 38.71856, -9.10627 38.71646)"
b42c3a3e-79cd-4e57-85c0-cbdb21a92ba6,f3f49249-dc28-4f90-a5ae-c7978306d03b,Bolt,059f963d-8a70-4dba-ba87-89509d0413de,scooter,electric,2026-09-19T09:28:36Z,2026-09-19T09:37:06Z,510,2218,"LINESTRING (-9.10162 38.77131, -9.09841 38.77129, -9.09528 38.77181, -9.09208 38.77172, -9.09147 38.77417, -9.08958 38.77619, -9.08812 38.77841, -9.08540 38.77973, -9.08589 38.78220)"
42fef704-36e0-450f-b485-16816be8a193,6bad6be2-8e7a-46e9-9f19-950499dd251d,Voi,1c3e16e0-4fb0-44de-83f6-697df3e25f12,scooter,electric,2026-09-19T09:38:32Z,2026-09-19T09:43:23Z,291,952,"LINESTRING (-9.10271 38.75394, -9.10157 38.75309, -9.10029 38.75238, -9.09878 38.75203, -9.09724 38.75226, -9.09568 38.75242, -9.09476 38.75341, -9.09379 38.75438)"
25d2817d-df4b-4e79-98b2-63bc6814a9a3,e5121482-3929-4d22-a255-accb1a466884,Dott,4d517c7a-8238-4ccc-acf5-e8063e18c088,bicycle,electric_assist,2026-09-19T09:45:55Z,2026-09-19T09:55:11Z,556,1889,"LINESTRING (-9.11474 38.75791, -9.11627 38.75938, -9.11796 38.76074, -9.11992 38.76185, -9.12147 38.76331, -9.12307 38.76473, -9.12469 38.76614, -9.12709 38.76585, -9.12941 38.76529, -9.13175 38.76481)"
53912718-4528-4028-859d-d0db465b2eca,d7a7a3cc-8c3d-4f16-9293-de8fc88b2875,Gira,d8f5f877-585b-47a4-8e2e-b551fd33ff5b,bicycle,electric_assist,2026-09-19T09:49:21Z,2026-09-19T09:58:41Z,560,1845,"LINESTRING (-9.16603 38.73424, -9.16762 38.73591, -9.16848 38.73787, -9.16907 38.73990, -9.17133 38.74101, -9.17368 38.74198, -9.17628 38.74243, -9.17864 38.74341, -9.18091 38.74449)"
b779808e-156a-40a3-b702-217f9551aae7,e5121482-3929-4d22-a255-accb1a466884,Dott,aac179fb-8cb9-4baf-b288-8c53e63e8667,scooter,electric,2026-09-19T09:57:05Z,2026-09-19T10:01:09Z,244,772,"LINESTRING (-9.12752 38.76935, -9.12657 38.76957, -9.12565 38.76929, -9.12495 38.76873, -9.12420 38.76823, -9.12323 38.76805, -9.12236 38.76768, -9.12165 38.76715, -9.12096 38.76659, -9.12058 38.76587)"
9bd7b6b4-fde9-4c69-aef4-353abf622a52,f38b2ffc-80a4-4f5a-91c9-bc701e7ea419,Lime,85f23fa0-d5c6-4ee3-b49b-8c8dd0522fff,bicycle,electric_assist,2026-09-19T09:57:08Z,2026-09-19T10:13:26Z,978,4613,"LINESTRING (-9.15824 38.76470, -9.15249 38.76358, -9.14770 38.76630, -9.14460 38.77023, -9.14283 38.77464, -9.14046 38.77887, -9.13814 38.78311, -9.13436 38.78668, -9.13072 38.79032, -9.12613 38.79323)"
f3bf2ca9-5cce-4414-a0bc-97ab841d73bb,f3f49249-dc28-4f90-a5ae-c7978306d03b,Bolt,8f68dc4a-ab86-43d9-b2bc-5253ee444377,scooter,electric,2026-09-19T09:59:20Z,2026-09-19T10:11:47Z,747,3286,"LINESTRING (-9.16697 38.71672, -9.17081 38.71890, -9.17173 38.72253, -9.17033 38.72607, -9.16975 38.72974, -9.16746 38.73298, -9.16652 38.73661, -9.16604 38.74030, -9.16914 38.74310)"
100ce573-6049-46b7-9d7a-1214f0748008,f3f49249-dc28-4f90-a5ae-c7978306d03b,Bolt,645a3f72-a69f-4e93-bf47-f25e5d1e70ff,scooter,electric,2026-09-19T10:46:02Z,2026-09-19T10:51:39Z,337,1535,"LINESTRING (-9.18378 38.72782, -9.18088 38.72737, -9.17847 38.72870, -9.17570 38.72950, -9.17278 38.72987, -9.16982 38.72984, -9.16687 38.72984)"
d90f7f1b-e851-4a7b-9c30-3a8f57a823e2,e5121482-3929-4d22-a255-accb1a466884,Dott,8f2606ce-2a22-4326-bca4-8c302bec3194,bicycle,electric_assist,2026-09-19T11:18:02Z,2026-09-19T11:27:49Z,587,2391,"LINESTRING (-9.12958 38.73733, -9.12674 38.73641, -9.12368 38.73623, -9.12098 38.73510, -9.11945 38.73302, -9.11742 38.73123, -9.11766 38.72884, -9.11776 38.72645, -9.11822 38.72408, -9.11746 38.72176)"
669a746b-6ff3-43d7-a866-07c43c654c9c,f38b2ffc-80a4-4f5a-91c9-bc701e7ea419,Lime,66160227-1737-4472-ac16-72297608d942,bicycle,electric_assist,2026-09-19T11:55:27Z,2026-09-19T12:05:53Z,626,2960,"LINESTRING (-9.09787 38.73114, -9.09933 38.72685, -9.10321 38.72359, -9.10673 38.72010, -9.11239 38.72063, -9.11761 38.72242, -9.12329 38.72207)"
cd311ddb-d808-4fa3-b125-d216f9c3b520,f38b2ffc-80a4-4f5a-91c9-bc701e7ea419,Lime,59001ac9-4063-49bc-a5b0-0a2d35d14880,bicycle,electric_assist,2026-09-19T12:14:38Z,2026-09-19T12:23:07Z,509,1950,"LINESTRING (-9.12715 38.75944, -9.12927 38.75885, -9.13028 38.75728, -9.13085 38.75558, -9.13152 38.75390, -9.13370 38.75347, -9.13595 38.75341, -9.13780 38.75241, -9.13942 38.75119, -9.14157 38.75065, -9.14351 38.74975)"
7aef6bae-14e1-43b6-aa35-aee18d6d35ed,f38b2ffc-80a4-4f5a-91c9-bc701e7ea419,Lime,069a306f-f1f0-4f49-8500-29abef3e4144,scooter,electric,2026-09-19T12:18:11Z,2026-09-19T12:39:55Z,1304,4323,"LINESTRING (-9.18079 38.75038, -9.18609 38.75165, -9.18978 38.75489, -9.19206 38.75883, -9.19711 38.76063, -9.20208 38.76256, -9.20597 38.76565, -9.20950 38.76899, -9.21441 38.77100, -9.21990 38.77164)"
5f04894c-2481-4570-af5b-ba66db2c2f2e,e5121482-3929-4d22-a255-accb1a466884,Dott,aa1bc2e3-3e1e-4bd8-98da-990c9704364a,scooter,electric,2026-09-19T12:43:25Z,2026-09-19T12:50:49Z,444,1526,"LINESTRING (-9.14170 38.72386, -9.14284 38.72211, -9.14455 38.72067, -9.14417 38.71873, -9.14538 38.71700, -9.14601 38.71510, -9.14698 38.71329, -9.14709 38.71133)"
52fbf733-8dd1-4f7f-829a-1835fd2f42b0,f3f49249-dc28-4f90-a5ae-c7978306d03b,Bolt,be372c51-7111-46cd-a785-5a3a367f02fa,scooter,electric,2026-09-19T13:20:52Z,2026-09-19T13:28:53Z,481,2206,"LINESTRING (-9.13825 38.71596, -9.13403 38.71631, -9.12979 38.71652, -9.12730 38.71920, -9.12453 38.72171, -9.12107 38.72364, -9.11787 38.72582)"
27abc0bf-6ec1-4adc-b576-dcdf63198f93,6bad6be2-8e7a-46e9-9f19-950499dd251d,Voi,a59ec30e-67ef-45ed-9620-e849a937cbcf,scooter,electric,2026-09-19T13:47:50Z,2026-09-19T13:51:53Z,243,1184,"LINESTRING (-9.14519 38.75909, -9.14588 38.75766, -9.14588 38.75614, -9.14503 38.75477, -9.14499 38.75325, -9.14491 38.75172, -9.14479 38.75020, -9.14528 38.74873)"
94f35aa8-6364-4137-81d2-716934613e73,6bad6be2-8e7a-46e9-9f19-950499dd251d,Voi,ff87d3fb-b1db-4929-9dd6-08273ab8c535,scooter,electric,2026-09-19T13:50:27Z,2026-09-19T13:58:07Z,460,2369,"LINESTRING (-9.13192 38.75827, -9.13505 38.76086, -9.13808 38.76353, -9.14011 38.76671, -9.14353 38.76907, -9.14671 38.77162, -9.14625 38.77515)"
1af58a4c-8e6d-4879-89b6-c4453c5e50ff,f3f49249-dc28-4f90-a5ae-c7978306d03b,Bolt,53b87501-e21d-49b4-bd02-487e415e9732,scooter,electric,2026-09-19T13:57:24Z,2026-09-19T14:08:04Z,640,2981,"LINESTRING (-9.17420 38.72904, -9.17436 38.72367, -9.17451 38.71830, -9.17167 38.71340, -9.17001 38.70819, -9.16736 38.70323)"
1e4348b4-3efa-43b9-b531-9f1390cd574c,e5121482-3929-4d22-a255-accb1a466884,Dott,8f2606ce-2a22-4326-bca4-8c302bec3194,bicycle,electric_assist,2026-09-19T14:08:44Z,2026-09-19T14:21:39Z,775,2284,"LINESTRING (-9.10212 38.74129, -9.10390 38.74443, -9.10559 38.74759, -9.10829 38.75030, -9.11016 38.75341, -9.10989 38.75683, -9.11097 38.76016)"
a6b96aa5-6643-4e67-9904-3354479d01c0,f3f49249-dc28-4f90-a5ae-c7978306d03b,Bolt,2516f920-f893-4baf-8c01-dd1c07cef7b1,scooter,electric,2026-09-19T14:11:37Z,2026-09-19T14:19:25Z,468,2532,"LINESTRING (-9.14203 38.75990, -9.14083 38.75721, -9.14234 38.75461, -9.14441 38.75226, -9.14602 38.74970, -9.14704 38.74696, -9.14949 38.74485, -9.15309 38.74434, -9.15673 38.74458)"
6f554c63-c230-4338-b9c5-f60f188c1258,f3f49249-dc28-4f90-a5ae-c7978306d03b,Bolt,f9b75d10-c76f-410c-91ac-44be1521f652,scooter,electric,2026-09-19T14:19:46Z,2026-09-19T14:23:39Z,233,918,"LINESTRING (-9.12799 38.71825, -9.12871 38.71912, -9.12890 38.72014, -9.12978 38.72092, -9.13047 38.72180, -9.13108 38.72272, -9.13152 38.72370, -9.13192 38.72468, -9.13256 38.72559)"
43f93012-4db1-4a38-b624-ccb644c5da66,6bad6be2-8e7a-46e9-9f19-950499dd251d,Voi,69d529b9-4a46-4e1e-b5c8-84d786ffc468,scooter,electric,2026-09-19T15:15:56Z,2026-09-19T15:20:27Z,271,1073,"LINESTRING (-9.16511 38.74509, -9.16413 38.74603, -9.16265 38.74637, -9.16130 38.74578, -9.16030 38.74485, -9.15889 38.74436, -9.15735 38.74423, -9.15583 38.74445, -9.15428 38.74439)"
0326e1d2-0840-44a5-ab57-635551a72581,f3f49249-dc28-4f90-a5ae-c7978306d03b,Bolt,2516f920-f893-4baf-8c01-dd1c07cef7b1,scooter,electric,2026-09-19T15:23:04Z,2026-09-19T15:27:48Z,284,1069,"LINESTRING (-9.16210 38.75430, -9.16045 38.75480, -9.15873 38.75511, -9.15714 38.75570, -9.15542 38.75601, -9.15366 38.75597, -9.15206 38.75655, -9.15079 38.75750)"
9c5678f7-4034-409d-bb5a-b0d650824cff,f3f49249-dc28-4f90-a5ae-c7978306d03b,Bolt,2516f920-f893-4baf-8c01-dd1c07cef7b1,scooter,electric,2026-09-19T15:30:47Z,2026-09-19T15:35:41Z,294,1181,"LINESTRING (-9.14220 38.71129, -9.14095 38.71318, -9.13822 38.71325, -9.13563 38.71391, -9.13299 38.71444, -9.13187 38.71638)"
16fcd7f2-7c3f-450a-a51e-718c170a4a73,f3f49249-dc28-4f90-a5ae-c7978306d03b,Bolt,6c3f40a1-170d-44b1-9103-2863de7c8fde,scooter,electric,2026-09-19T15:32:41Z,2026-09-19T15:39:54Z,433,1595,"LINESTRING (-9.09709 38.76021, -9.09485 38.76063, -9.09259 38.76030, -9.09078 38.75919, -9.08873 38.75837, -9.08708 38.75712, -9.08577 38.75564, -9.08437 38.75421, -9.08234 38.75337)"
c1e71648-d2fd-4c1e-883e-f9de0ef1bd52,e5121482-3929-4d22-a255-accb1a466884,Dott,32051957-d324-4529-9f06-7c31bc24bd96,bicycle,electric_assist,2026-09-19T15:40:06Z,2026-09-19T15:49:33Z,567,1801,"LINESTRING (-9.17501 38.70290, -9.17160 38.70246, -9.16827 38.70171, -9.16552 38.70005, -9.16513 38.69736, -9.16447 38.69471, -9.16335 38.69215)"
80f4e2e4-5db7-4b17-bdf4-a7b359292fad,f38b2ffc-80a4-4f5a-91c9-bc701e7ea419,Lime,0eabf949-03f3-4851-b726-99ec6a1e860d,bicycle,electric_assist,2026-09-19T15:54:55Z,2026-09-19T15:59:55Z,300,1407,"LINESTRING (-9.09647 38.73956, -9.09797 38.73877, -9.09826 38.73738, -9.09866 38.73600, -9.09825 38.73463, -9.09758 38.73332, -9.09661 38.73213, -9.09509 38.73137, -9.09340 38.73087, -9.09191 38.73008)"
53426324-81f0-4a74-84c0-5d2f90e5529f,e5121482-3929-4d22-a255-accb1a466884,Dott,433ee1a0-0d15-4ba5-b257-37a83e8b7985,bicycle,electric_assist,2026-09-19T16:11:02Z,2026-09-19T16:16:22Z,320,1286,"LINESTRING (-9.13421 38.75050, -9.13376 38.75211, -9.13288 38.75362, -9.13115 38.75459, -9.12969 38.75579, -9.12815 38.75693, -9.12607 38.75723, -9.12394 38.75719)"
5b031173-8ca0-47cb-8942-1c7cea379ea6,e5121482-3929-4d22-a255-accb1a466884,Dott,13065403-5826-4a30-84d9-624817a88dd6,bicycle,electric_assist,2026-09-19T16:12:41Z,2026-09-19T16:30:43Z,1082,3503,"LINESTRING (-9.11418 38.74209, -9.11880 38.74050, -9.12338 38.73881, -9.12725 38.73627, -9.13090 38.73355, -9.13592 38.73301, -9.13840 38.72958, -9.14158 38.72651, -9.14469 38.72340)"
ae0aa8f5-b6fa-46a7-a1e9-7e39b2af12b5,6bad6be2-8e7a-46e9-9f19-950499dd251d,Voi,1fe6bb9b-2e5d-48af-982d-976b57441efc,scooter,electric,2026-09-19T16:49:49Z,2026-09-19T16:54:39Z,290,1021,"LINESTRING (-9.10240 38.74493, -9.10229 38.74402, -9.10195 38.74314, -9.10200 38.74222, -9.10206 38.74130, -9.10275 38.74055, -9.10291 38.73964, -9.10294 38.73872, -9.10354 38.73793, -9.10432 38.73724, -9.10547 38.73703)"
a2bcb8cf-7a82-45f2-b2ce-48ea0e96ad9e,f3f49249-dc28-4f90-a5ae-c7978306d03b,Bolt,8fe20a24-fd25-4f7c-93fc-42ee2e608e3d,scooter,electric,2026-09-19T16:54:05Z,2026-09-19T16:58:28Z,263,1399,"LINESTRING (-9.18328 38.70347, -9.18179 38.70425, -9.18072 38.70537, -9.18063 38.70677, -9.18116 38.70811, -9.18260 38.70894, -9.18335 38.71022, -9.18436 38.71138, -9.18395 38.71274, -9.18474 38.71400)"
1a26ea93-6d80-4df6-94cd-7d26b71ee8dc,e5121482-3929-4d22-a255-accb1a466884,Dott,956e0261-8446-40f6-a2bc-a7178c25ed7c,scooter,electric,2026-09-19T17:02:04Z,2026-09-19T17:08:31Z,387,1556,"LINESTRING (-9.16963 38.75787, -9.17047 38.75977, -9.17024 38.76176, -9.16914 38.76357, -9.16798 38.76536, -9.16549 38.76489, -9.16294 38.76465, -9.16041 38.76501)"
05b444ab-27d4-4fa4-bfdb-78e2855ace43,6bad6be2-8e7a-46e9-9f19-950499dd251d,Voi,dfc9f54d-1bac-45b5-a07f-149f4a019b41,scooter,electric,2026-09-19T17:47:34Z,2026-09-19T17:51:55Z,261,1277,"LINESTRING (-9.15606 38.75383, -9.15361 38.75373, -9.15128 38.75435, -9.14907 38.75520, -9.14663 38.75500, -9.14423 38.75541, -9.14177 38.75553)"
23b79c12-a0f9-4e74-b0ad-8d72b8b305b0,f38b2ffc-80a4-4f5a-91c9-bc701e7ea419,Lime,a3132dd6-7592-41d6-9bee-8f775fee13c8,bicycle,electric_assist,2026-09-19T17:50:33Z,2026-09-19T18:03:17Z,764,2645,"LINESTRING (-9.11780 38.70318, -9.11827 38.70082, -9.11962 38.69868, -9.11876 38.69640, -9.11849 38.69402, -9.11791 38.69168, -9.11595 38.68985, -9.11357 38.68836, -9.11053 38.68813, -9.10773 38.68718, -9.10498 38.68615)"
19a7d4d6-6372-4301-a7c6-d0bdd7a56321,f38b2ffc-80a4-4f5a-91c9-bc701e7ea419,Lime,18afaf54-4382-4d47-8813-063719f900d3,scooter,electric,2026-09-19T18:08:56Z,2026-09-19T18:14:37Z,341,1368,"LINESTRING (-9.13349 38.74351, -9.13223 38.74425, -9.13089 38.74491, -9.13029 38.74605, -9.12894 38.74669, -9.12738 38.74687, -9.12615 38.74610, -9.12474 38.74554, -9.12442 38.74433, -9.12418 38.74312, -9.12471 38.74196)"
d1cfc490-0430-4aae-8248-f479bc46fd33,f38b2ffc-80a4-4f5a-91c9-bc701e7ea419,Lime,df2986b2-e7f2-4366-bec4-f31ced5eeb81,scooter,electric,2026-09-19T18:14:38Z,2026-09-19T18:19:14Z,276,1332,"LINESTRING (-9.16336 38.74644, -9.16522 38.74735, -9.16734 38.74689, -9.16946 38.74645, -9.17161 38.74606, -9.17360 38.74535, -9.17575 38.74499, -9.17732 38.74379)"
fb648799-e0d3-4d67-a261-ec6855a8357b,e5121482-3929-4d22-a255-accb1a466884,Dott,aac179fb-8cb9-4baf-b288-8c53e63e8667,bicycle,electric_assist,2026-09-19T18:27:15Z,2026-09-19T18:44:32Z,1037,3676,"LINESTRING (-9.17147 38.77090, -9.17361 38.77533, -9.17604 38.77967, -9.17717 38.78432, -9.18103 38.78797, -9.18476 38.79170, -9.18884 38.79521, -9.19486 38.79584)"
3f546698-d1e6-494d-9fd8-46244fa2edd3,e5121482-3929-4d22-a255-accb1a466884,Dott,e8d8235c-e46c-41cf-9f70-b8ba632d5714,bicycle,electric_assist,2026-09-19T18:28:11Z,2026-09-19T18:41:44Z,813,2360,"LINESTRING (-9.16930 38.73040, -9.16503 38.73160, -9.16069 38.73264, -9.15614 38.73274, -9.15271 38.73043, -9.14971 38.72776, -9.14600 38.72571)"
4c06c46a-801b-47f8-a1df-6205be2e2fc4,f38b2ffc-80a4-4f5a-91c9-bc701e7ea419,Lime,ee532f03-8b75-402a-a5f2-74190b94a014,scooter,electric,2026-09-19T18:59:43Z,2026-09-19T19:12:19Z,756,2848,"LINESTRING (-9.12541 38.74516, -9.12087 38.74277, -9.11678 38.73991, -9.11148 38.73883, -9.10622 38.73760, -9.10115 38.73923, -9.09573 38.73988)"
f707e346-57e5-4b45-8aae-dc697bfa58d9,d7a7a3cc-8c3d-4f16-9293-de8fc88b2875,Gira,44abbde7-26df-4bfd-8e2e-ccd4eaca913e,bicycle,electric_assist,2026-09-19T19:00:59Z,2026-09-19T19:14:15Z,796,2727,"LINESTRING (-9.16237 38.74909, -9.16345 38.75204, -9.16639 38.75408, -9.16794 38.75691, -9.16893 38.75988, -9.17019 38.76279, -9.17193 38.76555, -9.17367 38.76830, -9.17701 38.76993)"
25fd67ee-18c1-45cc-a2e5-f518da94786e,f3f49249-dc28-4f90-a5ae-c7978306d03b,Bolt,b6fe3f33-2549-4c72-9312-a6cde66f0182,scooter,electric,2026-09-19T20:20:06Z,2026-09-19T20:28:43Z,517,1801,"LINESTRING (-9.12413 38.73024, -9.12466 38.73346, -9.12200 38.73595, -9.12432 38.73864, -9.12731 38.74090, -9.13122 38.74202)"
d5942e0a-c9c5-45ec-be44-4c775b888b2b,f38b2ffc-80a4-4f5a-91c9-bc701e7ea419,Lime,f0acdebe-7aa9-4416-ba5c-875cd7aa2208,scooter,electric,2026-09-19T20:35:15Z,2026-09-19T20:50:53Z,938,3219,"LINESTRING (-9.09605 38.72817, -9.09167 38.72583, -9.08876 38.72236, -9.08560 38.71903, -9.08121 38.71670, -9.07985 38.71269, -9.07914 38.70859, -9.07522 38.70579)"
627701df-ea7c-43a6-973e-92b1aa39c580,f3f49249-dc28-4f90-a5ae-c7978306d03b,Bolt,bbf7d98f-8cdc-46ee-af6d-14850b62fb05,scooter,electric,2026-09-19T21:00:59Z,2026-09-19T21:15:41Z,882,4037,"LINESTRING (-9.16687 38.76079, -9.16919 38.76441, -9.17096 38.76821, -9.17298 38.77193, -9.17191 38.77588, -9.17134 38.77990, -9.16897 38.78349, -9.16381 38.78393, -9.16068 38.78714, -9.15561 38.78802)"
63d9d91e-7a1d-4d02-ba65-def486180831,f3f49249-dc28-4f90-a5ae-c7978306d03b,Bolt,c699d5ef-454b-48f8-9c7e-f9e3caaba2c9,scooter,electric,2026-09-19T21:13:24Z,2026-09-19T21:14:56Z,92,583,"LINESTRING (-9.11938 38.71221, -9.11873 38.71165, -9.11828 38.71099, -9.11739 38.71070, -9.11656 38.71032, -9.11577 38.71075, -9.11512 38.71130, -9.11427 38.71166)"
8632a0bf-60f4-4e00-8a40-70f4848c40ca,f38b2ffc-80a4-4f5a-91c9-bc701e7ea419,Lime,2980f7bd-1cd3-4258-bf44-577cb8bfe77a,bicycle,electric_assist,2026-09-20T00:58:40Z,2026-09-20T01:12:37Z,837,3659,"LINESTRING (-9.15933 38.76708, -9.16325 38.76252, -9.16576 38.75739, -9.16785 38.75214, -9.16642 38.74676, -9.16377 38.74167, -9.16422 38.73619)"
e822021c-bb03-417f-b3a8-a0fb29e1b27c,e5121482-3929-4d22-a255-accb1a466884,Dott,aa1bc2e3-3e1e-4bd8-98da-990c9704364a,scooter,electric,2026-09-20T05:58:57Z,2026-09-20T06:05:07Z,370,1322,"LINESTRING (-9.13978 38.71887, -9.13792 38.71918, -9.13602 38.71936, -9.13413 38.71918, -9.13239 38.71857, -9.13058 38.71810, -9.12888 38.71742, -9.12700 38.71718, -9.12525 38.71658)"
4990f4dd-c19d-4fa9-a493-ca94e013c390,f38b2ffc-80a4-4f5a-91c9-bc701e7ea419,Lime,9924eb8b-7575-4c2b-961f-8bfe9f93693f,scooter,electric,2026-09-20T06:34:06Z,2026-09-20T06:48:53Z,887,4111,"LINESTRING (-9.13762 38.72125, -9.14213 38.72426, -9.14773 38.72579, -9.15248 38.72857, -9.15783 38.72656, -9.16205 38.72330, -9.16745 38.72139, -9.17326 38.72044, -9.17916 38.72095)"
e515dcf8-cf99-4167-a14d-7000e85cb4af,d7a7a3cc-8c3d-4f16-9293-de8fc88b2875,Gira,fa8be65a-7fb8-4d26-80c5-f5d21801f648,bicycle,electric_assist,2026-09-20T07:22:26Z,2026-09-20T07:35:56Z,810,3287,"LINESTRING (-9.10226 38.75459, -9.10605 38.75445, -9.10959 38.75551, -9.11321 38.75641, -9.11553 38.75876, -9.11853 38.76057, -9.12217 38.76140, -9.12588 38.76077, -9.12884 38.76263, -9.13105 38.76503, -9.13180 38.76794)"
2bd0fc8b-0b7a-4d5b-be99-fcbb75e4d50a,f3f49249-dc28-4f90-a5ae-c7978306d03b,Bolt,a152cfd1-9f71-410e-86e3-897a83d335a6,scooter,electric,2026-09-20T07:26:57Z,2026-09-20T07:41:24Z,867,3256,"LINESTRING (-9.10028 38.74591, -9.09340 38.74355, -9.08621 38.74183, -9.08070 38.73782, -9.07456 38.73443, -9.06945 38.73013)"
7eea3b6a-2afe-42f2-95c9-a2f6d8b05052,d7a7a3cc-8c3d-4f16-9293-de8fc88b2875,Gira,bef36838-8a65-4a6e-9597-fea4aed9e0e7,bicycle,electric_assist,2026-09-20T07:34:08Z,2026-09-20T07:44:54Z,646,1948,"LINESTRING (-9.14379 38.70132, -9.14746 38.69928, -9.14958 38.69619, -9.15074 38.69280, -9.15160 38.68935, -9.15255 38.68592)"
c4bcf5a2-1c91-46c2-bff4-882ba0b17b6f,e5121482-3929-4d22-a255-accb1a466884,Dott,f4f07584-d4c0-4d4b-aa32-659bcd1259e2,scooter,electric,2026-09-20T07:41:31Z,2026-09-20T07:46:47Z,316,1260,"LINESTRING (-9.16881 38.70646, -9.16733 38.70841, -9.16718 38.71068, -9.16630 38.71285, -9.16531 38.71498, -9.16286 38.71620)"
ecd88b5a-fb4d-40de-98cf-760aa2a79ddc,e5121482-3929-4d22-a255-accb1a466884,Dott,07d7ba06-8c44-4b9b-9cc6-fea01a06703f,scooter,electric,2026-09-20T07:49:08Z,2026-09-20T08:00:49Z,701,2000,"LINESTRING (-9.16977 38.70425, -9.17148 38.70546, -9.17306 38.70677, -9.17504 38.70770, -9.17626 38.70923, -9.17718 38.71088, -9.17631 38.71255, -9.17552 38.71425, -9.17577 38.71604, -9.17548 38.71783, -9.17484 38.71956)"
5264ef19-94f0-4d33-b2f7-cf491e0f9b8b,f38b2ffc-80a4-4f5a-91c9-bc701e7ea419,Lime,9543c6c3-aa22-4078-903d-c86b01504585,scooter,electric,2026-09-20T07:53:14Z,2026-09-20T07:59:57Z,403,1108,"LINESTRING (-9.10489 38.76458, -9.10411 38.76329, -9.10317 38.76206, -9.10280 38.76066, -9.10196 38.75940, -9.10069 38.75837, -9.10055 38.75695, -9.10062 38.75552)"
acc84430-efdc-4a94-be31-b0c140f270a2,f3f49249-dc28-4f90-a5ae-c7978306d03b,Bolt,4f077111-f7eb-4fda-b58c-e418b47da864,scooter,electric,2026-09-20T08:09:12Z,2026-09-20T08:12:56Z,224,1173,"LINESTRING (-9.11111 38.74365, -9.10946 38.74286, -9.10809 38.74179, -9.10672 38.74072, -9.10513 38.73987, -9.10392 38.73869, -9.10344 38.73722, -9.10430 38.73587)"
16906ee7-dc62-4a39-8b81-9d0b0ea06185,f3f49249-dc28-4f90-a5ae-c7978306d03b,Bolt,059f963d-8a70-4dba-ba87-89509d0413de,scooter,electric,2026-09-20T08:34:14Z,2026-09-20T08:37:11Z,177,1007,"LINESTRING (-9.15675 38.74823, -9.15784 38.74791, -9.15882 38.74742, -9.15958 38.74673, -9.16059 38.74629, -9.16138 38.74696, -9.16225 38.74756, -9.16329 38.74797, -9.16427 38.74846, -9.16508 38.74911, -9.16550 38.74996)"
f8eb7ab1-3285-46a6-ba56-fe848f7f38a8,e5121482-3929-4d22-a255-accb1a466884,Dott,d16d3411-502a-43b6-9c29-490a4be3bcf2,bicycle,electric_assist,2026-09-20T08:35:39Z,2026-09-20T08:41:19Z,340,1083,"LINESTRING (-9.13811 38.77001, -9.13912 38.76926, -9.14032 38.76872, -9.14147 38.76811, -9.14266 38.76755, -9.14389 38.76703, -9.14486 38.76626, -9.14620 38.76654, -9.14759 38.76650, -9.14894 38.76624)"
2eccdf06-6624-452d-806d-86270c4fdc6c,f3f49249-dc28-4f90-a5ae-c7978306d03b,Bolt,ba040a94-d651-4f5a-9fbc-fb2c1b7e243a,scooter,electric,2026-09-20T08:50:58Z,2026-09-20T08:54:55Z,237,1319,"LINESTRING (-9.14179 38.72633, -9.14020 38.72552, -9.13834 38.72584, -9.13688 38.72679, -9.13526 38.72757, -9.13363 38.72834, -9.13172 38.72840, -9.12984 38.72863, -9.12799 38.72897)"
c88cf934-6466-497d-a52e-01d025c852a4,e5121482-3929-4d22-a255-accb1a466884,Dott,56627387-838a-4d33-98bc-7fa9ccb43d58,bicycle,electric_assist,2026-09-20T08:54:04Z,2026-09-20T08:58:30Z,266,971,"LINESTRING (-9.12312 38.71476, -9.12209 38.71511, -9.12097 38.71512, -9.11996 38.71475, -9.11891 38.71506, -9.11781 38.71524, -9.11669 38.71520, -9.11558 38.71528, -9.11451 38.71554, -9.11339 38.71549, -9.11230 38.71572)"
615fc967-b7e2-45d5-a728-a04f95ede4b2,f3f49249-dc28-4f90-a5ae-c7978306d03b,Bolt,609d6f0b-74bd-44f8-9be7-13ddf83c61f0,scooter,electric,2026-09-20T09:01:28Z,2026-09-20T09:07:34Z,366,1793,"LINESTRING (-9.12822 38.76509, -9.12871 38.76666, -9.12776 38.76810, -9.12701 38.76961, -9.12517 38.77035, -9.12337 38.77115, -9.12244 38.77259, -9.12146 38.77402, -9.12281 38.77525, -9.12364 38.77673, -9.12438 38.77824)"
3f969e6e-8a8b-4f83-813b-7c9f03237691,e5121482-3929-4d22-a255-accb1a466884,Dott,66a27c00-6a79-4f9d-bd6c-b580ce21626c,bicycle,electric_assist,2026-09-20T09:08:10Z,2026-09-20T09:22:59Z,889,2864,"LINESTRING (-9.15649 38.71266, -9.15230 38.70867, -9.14971 38.70392, -9.14694 38.69923, -9.14901 38.69433, -9.14428 38.69073)"
7d4c77d9-90f2-46a4-98a0-ba714b91b11c,6bad6be2-8e7a-46e9-9f19-950499dd251d,Voi,f381269b-599e-49cd-9be5-d38a6cb34e7e,scooter,electric,2026-09-20T09:53:03Z,2026-09-20T10:03:11Z,608,2673,"LINESTRING (-9.15502 38.71016, -9.16064 38.70816, -9.16627 38.70619, -9.17242 38.70577, -9.17498 38.70139, -9.17402 38.69663)"
402ba697-cbb2-4193-9ec3-2eee1a7c1edf,f38b2ffc-80a4-4f5a-91c9-bc701e7ea419,Lime,6041f10e-325a-4dec-8e91-82088520bf0c,scooter,electric,2026-09-20T10:43:40Z,2026-09-20T10:49:21Z,341,1869,"LINESTRING (-9.15606 38.72580, -9.15383 38.72800, -9.15059 38.72922, -9.14716 38.72837, -9.14363 38.72889, -9.14070 38.73053, -9.13722 38.73122)"
5e5f20de-1fdd-4a26-93da-1f029dbe26dc,f3f49249-dc28-4f90-a5ae-c7978306d03b,Bolt,2516f920-f893-4baf-8c01-dd1c07cef7b1,scooter,electric,2026-09-20T10:47:12Z,2026-09-20T10:57:16Z,604,2611,"LINESTRING (-9.14961 38.70752, -9.14784 38.70942, -9.14567 38.71106, -9.14432 38.71316, -9.14270 38.71515, -9.13999 38.71617, -9.13697 38.71612, -9.13396 38.71599, -9.13165 38.71448, -9.12892 38.71348, -9.12591 38.71355)"
4bba835e-cc1f-4044-a62a-4aea877862d7,f38b2ffc-80a4-4f5a-91c9-bc701e7ea419,Lime,7d510557-ed4d-49b8-85dc-0a68cdb54088,scooter,electric,2026-09-20T11:16:53Z,2026-09-20T11:24:32Z,459,2384,"LINESTRING (-9.17490 38.74551, -9.17453 38.74245, -9.17372 38.73945, -9.17243 38.73655, -9.17075 38.73378, -9.17242 38.73100, -9.17285 38.72795, -9.17296 38.72488)"
2595bdd3-3954-4fc4-b64e-0794ef97c8ff,f3f49249-dc28-4f90-a5ae-c7978306d03b,Bolt,ae997691-f7a3-4672-813e-4826c14182a2,scooter,electric,2026-09-20T11:55:58Z,2026-09-20T11:59:16Z,198,733,"LINESTRING (-9.10148 38.72499, -9.10206 38.72557, -9.10234 38.72627, -9.10229 38.72700, -9.10207 38.72772, -9.10293 38.72802, -9.10346 38.72862, -9.10407 38.72918, -9.10440 38.72987, -9.10402 38.73054)"
ec561448-0c85-4e48-b173-0c45d24339d4,e5121482-3929-4d22-a255-accb1a466884,Dott,7b40fec6-f894-4f98-a6b5-5717a682c1c3,scooter,electric,2026-09-20T12:01:05Z,2026-09-20T12:16:51Z,946,3221,"LINESTRING (-9.15910 38.72499, -9.15712 38.72957, -9.15578 38.73429, -9.15652 38.73910, -9.15457 38.74369, -9.14938 38.74634, -9.14318 38.74649)"
0bc53872-30ce-4ab5-856b-2a6046f6a9cb,f38b2ffc-80a4-4f5a-91c9-bc701e7ea419,Lime,8b890fec-6872-496b-9497-db67a54b3b83,bicycle,electric_assist,2026-09-20T12:20:33Z,2026-09-20T12:26:13Z,340,1276,"LINESTRING (-9.17381 38.75437, -9.17522 38.75471, -9.17668 38.75486, -9.17816 38.75483, -9.17942 38.75423, -9.18076 38.75376, -9.18146 38.75274, -9.18217 38.75174, -9.18241 38.75060, -9.18263 38.74946, -9.18195 38.74844)"
d1a883a5-bfae-4b69-9966-af7f7faaa908,f38b2ffc-80a4-4f5a-91c9-bc701e7ea419,Lime,4b983f0b-4afc-49d6-a61f-1bf92986a329,scooter,electric,2026-09-20T12:24:56Z,2026-09-20T12:28:24Z,208,1270,"LINESTRING (-9.16804 38.71674, -9.16954 38.71524, -9.16999 38.71337, -9.17161 38.71194, -9.17358 38.71081, -9.17600 38.71053, -9.17844 38.71060)"
6f2bc646-4443-484b-a56c-758e3feeeb50,e5121482-3929-4d22-a255-accb1a466884,Dott,6912b372-9f3f-400c-bd58-668d72299ee2,bicycle,electric_assist,2026-09-20T12:29:25Z,2026-09-20T12:36:11Z,406,1225,"LINESTRING (-9.12806 38.75780, -9.13039 38.75808, -9.13178 38.75956, -9.13357 38.76075, -9.13590 38.76046, -9.13799 38.75960, -9.13999 38.75862)"
8d0b3155-30de-4936-8be6-33e4c9906136,f3f49249-dc28-4f90-a5ae-c7978306d03b,Bolt,78845e1f-e913-48da-b188-32d1fd07b7ca,scooter,electric,2026-09-20T12:29:55Z,2026-09-20T12:36:33Z,398,1670,"LINESTRING (-9.17209 38.73284, -9.17367 38.73397, -9.17515 38.73517, -9.17651 38.73647, -9.17659 38.73814, -9.17765 38.73959, -9.17948 38.74046, -9.18153 38.74096, -9.18334 38.74185, -9.18514 38.74276)"
afc1e6ee-37af-4d43-9422-f9ecc4279d16,f38b2ffc-80a4-4f5a-91c9-bc701e7ea419,Lime,85f23fa0-d5c6-4ee3-b49b-8c8dd0522fff,scooter,electric,2026-09-20T12:34:21Z,2026-09-20T12:46:35Z,734,2090,"LINESTRING (-9.10457 38.71752, -9.10152 38.71547, -9.09852 38.71337, -9.09480 38.71218, -9.09142 38.71048, -9.08866 38.70819, -9.08524 38.70654)"
f51c4819-2c60-4c92-9701-8b2d98311613,e5121482-3929-4d22-a255-accb1a466884,Dott,0104a2ff-208e-4c04-9148-da691cf65d21,bicycle,electric_assist,2026-09-20T12:44:39Z,2026-09-20T13:08:44Z,1445,3823,"LINESTRING (-9.09892 38.71693, -9.10317 38.72161, -9.10803 38.72593, -9.11196 38.73078, -9.11148 38.73651, -9.11576 38.74117, -9.11698 38.74684)"
0a76763b-fe65-43d8-b47b-dfdd47195c4c,f3f49249-dc28-4f90-a5ae-c7978306d03b,Bolt,e991c589-7d5f-4051-9f6f-c52ba4275452,scooter,electric,2026-09-20T12:56:02Z,2026-09-20T12:59:40Z,218,1049,"LINESTRING (-9.14815 38.74345, -9.14944 38.74313, -9.15078 38.74326, -9.15212 38.74330, -9.15346 38.74315, -9.15413 38.74224, -9.15545 38.74203, -9.15678 38.74188, -9.15783 38.74122, -9.15887 38.74056)"
e81ecece-78ac-413b-9cd6-143179788f2d,f3f49249-dc28-4f90-a5ae-c7978306d03b,Bolt,9bfeb0c4-eced-4c6f-9b3a-afeca16b28b1,scooter,electric,2026-09-20T13:10:29Z,2026-09-20T14:09:19Z,3530,12177,"LINESTRING (-9.10496 38.70258, -9.11681 38.71524, -9.13622 38.71926, -9.15624 38.72059, -9.17631 38.72005, -9.18245 38.73497, -9.18535 38.75048, -9.19647 38.76354)"
6b413e8d-6b75-4130-bdd3-54c9e118efe4,f38b2ffc-80a4-4f5a-91c9-bc701e7ea419,Lime,69190876-a0c5-420c-a885-f868301a5d12,bicycle,electric_assist,2026-09-20T13:27:57Z,2026-09-20T13:34:08Z,371,1384,"LINESTRING (-9.16759 38.72335, -9.16879 38.72437, -9.17027 38.72513, -9.17152 38.72612, -9.17248 38.72728, -9.17276 38.72865, -9.17389 38.72971, -9.17453 38.73101, -9.17553 38.73216, -9.17586 38.73352)"
40911286-2c60-450b-be91-30f66eb4b036,e5121482-3929-4d22-a255-accb1a466884,Dott,1d96bf66-3ced-4681-8096-0cf9a6792560,scooter,electric,2026-09-20T13:39:09Z,2026-09-20T13:46:56Z,467,1952,"LINESTRING (-9.14097 38.71036, -9.14314 38.70895, -9.14554 38.70781, -9.14789 38.70659, -9.14875 38.70450, -9.14946 38.70237, -9.14948 38.70017, -9.14886 38.69803, -9.14712 38.69630)"
c0bd09e3-25c7-4774-98e0-7639f491a644,f38b2ffc-80a4-4f5a-91c9-bc701e7ea419,Lime,69190876-a0c5-420c-a885-f868301a5d12,bicycle,electric_assist,2026-09-20T13:40:12Z,2026-09-20T13:50:10Z,598,2273,"LINESTRING (-9.13367 38.70111, -9.13625 38.70217, -9.13890 38.70312, -9.14014 38.70518, -9.14077 38.70740, -9.14315 38.70872, -9.14511 38.71040, -9.14584 38.71261, -9.14647 38.71483, -9.14760 38.71693)"
71a24b54-6e3f-446f-bda2-66275e9625b0,e5121482-3929-4d22-a255-accb1a466884,Dott,4c22499d-d4b2-4a27-b0b2-a517ba58b47b,scooter,electric,2026-09-20T13:57:05Z,2026-09-20T14:15:34Z,1109,4542,"LINESTRING (-9.09626 38.73401, -9.09120 38.73075, -9.08490 38.72933, -9.07849 38.72825, -9.07604 38.72350, -9.07802 38.71862, -9.08028 38.71382, -9.08304 38.70918, -9.07953 38.70487)"
daeb927b-5cac-46ae-bb79-13559d9b1312,e5121482-3929-4d22-a255-accb1a466884,Dott,76ca39b1-649a-47a2-8969-13c73a7192c1,bicycle,electric_assist,2026-09-20T13:57:56Z,2026-09-20T14:06:21Z,505,1297,"LINESTRING (-9.17773 38.72574, -9.17920 38.72553, -9.18063 38.72587, -9.18199 38.72636, -9.18305 38.72719, -9.18423 38.72791, -9.18503 38.72890, -9.18579 38.72991, -9.18668 38.73085, -9.18650 38.73201, -9.18729 38.73300)"
6973dbf3-7492-4f06-98ef-51847d5f8ed4,f38b2ffc-80a4-4f5a-91c9-bc701e7ea419,Lime,98e6e5b7-e1cd-4be8-a7d8-3351265c28ea,scooter,electric,2026-09-20T14:07:55Z,2026-09-20T14:22:06Z,851,4568,"LINESTRING (-9.10409 38.71242, -9.10643 38.71661, -9.10693 38.72117, -9.10967 38.72521, -9.11332 38.72879, -9.11804 38.73150, -9.12029 38.73572, -9.12172 38.74016, -9.12285 38.74465, -9.12510 38.74887)"
628b51ac-c9c6-493f-9bee-93272e09544b,6bad6be2-8e7a-46e9-9f19-950499dd251d,Voi,08b7b7c7-40c8-4335-ab47-8bb8870ec758,scooter,electric,2026-09-20T15:08:39Z,2026-09-20T15:13:22Z,283,946,"LINESTRING (-9.14109 38.74513, -9.14256 38.74597, -9.14374 38.74706, -9.14526 38.74785, -9.14686 38.74853, -9.14807 38.74959, -9.14942 38.75055)"
77e4e8ba-0f03-4095-9fe8-cf8375cf8056,f38b2ffc-80a4-4f5a-91c9-bc701e7ea419,Lime,8eb5140f-16f4-4881-9724-1955b91dddd9,scooter,electric,2026-09-20T15:38:29Z,2026-09-20T16:05:29Z,1620,3898,"LINESTRING (-9.16895 38.72301, -9.17193 38.72564, -9.17642 38.72540, -9.18068 38.72654, -9.18471 38.72810, -9.18921 38.72815, -9.19298 38.73007, -9.19668 38.73207, -9.19886 38.73515, -9.20240 38.73732, -9.20465 38.74036)"
21ac6fab-6194-45cd-8c1f-88253613cca4,f38b2ffc-80a4-4f5a-91c9-bc701e7ea419,Lime,ced8c284-63f1-4bbc-a97b-65cb81f8c04a,bicycle,electric_assist,2026-09-20T15:46:01Z,2026-09-20T15:50:40Z,279,903,"LINESTRING (-9.15993 38.75584, -9.15825 38.75620, -9.15694 38.75709, -9.15571 38.75805, -9.15567 38.75940, -9.15627 38.76068, -9.15778 38.76134)"
790228b9-4b7d-462b-8d85-b5ac273cf655,e5121482-3929-4d22-a255-accb1a466884,Dott,dbf18a0f-e6f1-4dc9-ae79-7106f4fc082e,bicycle,electric_assist,2026-09-20T16:00:55Z,2026-09-20T16:43:54Z,2579,6219,"LINESTRING (-9.16047 38.71428, -9.16138 38.70496, -9.15798 38.69601, -9.15106 38.68839, -9.14630 38.67982, -9.14177 38.67118, -9.13831 38.66224)"
2b39b45a-b28d-4e65-9a6b-1557ad8cbccd,f38b2ffc-80a4-4f5a-91c9-bc701e7ea419,Lime,69616452-038d-44fb-9018-d7f54191590c,scooter,electric,2026-09-20T16:34:00Z,2026-09-20T16:56:57Z,1377,3263,"LINESTRING (-9.16906 38.76659, -9.16949 38.76951, -9.16619 38.77093, -9.16331 38.77283, -9.15993 38.77413, -9.15616 38.77402, -9.15289 38.77256, -9.14927 38.77337, -9.14604 38.77489, -9.14272 38.77628, -9.13942 38.77772)"
3d50c117-28ed-41aa-97d2-b10cf3196e71,f3f49249-dc28-4f90-a5ae-c7978306d03b,Bolt,07466814-29f7-4734-a50e-0c178a023907,scooter,electric,2026-09-20T16:40:01Z,2026-09-20T16:45:29Z,328,1413,"LINESTRING (-9.18193 38.72732, -9.17963 38.72760, -9.17735 38.72801, -9.17533 38.72709, -9.17364 38.72584, -9.17288 38.72413, -9.17097 38.72308, -9.16883 38.72235)"
7c3d5270-46c8-4e97-bd10-fbaa76c2bde8,f3f49249-dc28-4f90-a5ae-c7978306d03b,Bolt,f73f7c61-f2b0-4206-a644-5bb03075ea81,scooter,electric,2026-09-20T16:45:29Z,2026-09-20T16:54:15Z,526,1668,"LINESTRING (-9.18067 38.72937, -9.18097 38.72771, -9.18146 38.72609, -9.18111 38.72444, -9.17991 38.72306, -9.17819 38.72207, -9.17803 38.72040, -9.17733 38.71882, -9.17542 38.71808, -9.17364 38.71714)"
b4f0ea49-dcb4-495d-816f-6d15eff027b4,f38b2ffc-80a4-4f5a-91c9-bc701e7ea419,Lime,7f9880a6-e73c-49ea-8437-1ff3a60741f3,bicycle,electric_assist,2026-09-20T17:00:48Z,2026-09-20T17:21:10Z,1222,4255,"LINESTRING (-9.13085 38.75201, -9.12255 38.75611, -9.11745 38.76267, -9.11379 38.76979, -9.10889 38.77643, -9.10549 38.78363)"
8aabc82c-2bcf-456c-934c-44674308c10e,e5121482-3929-4d22-a255-accb1a466884,Dott,f2ca68b2-4ba5-45db-9bc7-d0e771be4d88,bicycle,electric_assist,2026-09-20T17:00:49Z,2026-09-20T17:05:17Z,268,1162,"LINESTRING (-9.14706 38.74939, -9.14608 38.74810, -9.14539 38.74671, -9.14494 38.74525, -9.14612 38.74408, -9.14735 38.74293, -9.14893 38.74208, -9.15062 38.74137)"
f6e31faa-09f5-480c-aff3-41848e279372,f3f49249-dc28-4f90-a5ae-c7978306d03b,Bolt,20615b85-86cd-4ae5-9b01-02de820e8925,scooter,electric,2026-09-20T17:01:55Z,2026-09-20T17:04:26Z,151,743,"LINESTRING (-9.10730 38.74747, -9.10899 38.74721, -9.11060 38.74675, -9.11200 38.74597, -9.11309 38.74494, -9.11434 38.74401)"
56b8010c-f1da-4338-8f1f-813d20ca245d,d7a7a3cc-8c3d-4f16-9293-de8fc88b2875,Gira,4228718b-1fa0-45ae-8e93-2b83353434bf,bicycle,electric_assist,2026-09-20T17:11:25Z,2026-09-20T17:22:15Z,650,2244,"LINESTRING (-9.09569 38.71343, -9.09163 38.71595, -9.08716 38.71799, -9.08205 38.71869, -9.07907 38.72200, -9.07599 38.72525)"
8d783496-fd31-4971-b2e0-764f0dc1c90e,f3f49249-dc28-4f90-a5ae-c7978306d03b,Bolt,7fae0a6b-e8d4-4587-b971-084f59095c12,scooter,electric,2026-09-20T17:17:01Z,2026-09-20T17:35:37Z,1116,3413,"LINESTRING (-9.09550 38.70763, -9.10201 38.70694, -9.10641 38.70313, -9.10697 38.69802, -9.10540 38.69305, -9.10380 38.68807, -9.10299 38.68299)"
6f36a094-e4dc-483b-87b6-a58e8bdb81ca,e5121482-3929-4d22-a255-accb1a466884,Dott,665b42a3-564b-48a3-819e-5a9b813db014,scooter,electric,2026-09-20T17:19:23Z,2026-09-20T17:25:24Z,361,994,"LINESTRING (-9.14778 38.71753, -9.14689 38.71860, -9.14669 38.71987, -9.14552 38.72077, -9.14486 38.72195, -9.14372 38.72286, -9.14300 38.72401, -9.14240 38.72521)"
7c15b2b8-edca-4b92-b9bd-27bc608877eb,f3f49249-dc28-4f90-a5ae-c7978306d03b,Bolt,88e6823d-2b0d-46d4-9784-0d5e644f7ae9,scooter,electric,2026-09-20T17:25:01Z,2026-09-20T17:31:14Z,373,1589,"LINESTRING (-9.12404 38.74044, -9.12125 38.73857, -9.11841 38.73676, -9.11546 38.73505, -9.11271 38.73315, -9.10993 38.73129)"
840d5e47-a0f8-472f-91d7-290682cf8947,f38b2ffc-80a4-4f5a-91c9-bc701e7ea419,Lime,9b97d72a-50e9-4d6d-a779-082cecbc0534,scooter,electric,2026-09-20T17:43:54Z,2026-09-20T18:01:02Z,1028,4132,"LINESTRING (-9.10049 38.76206, -9.09725 38.76597, -9.09645 38.77058, -9.09517 38.77513, -9.09868 38.77889, -9.10104 38.78316, -9.10372 38.78732, -9.10812 38.79047, -9.11387 38.79171)"
5acb8b4d-b100-474f-900b-5da9646f9e81,f38b2ffc-80a4-4f5a-91c9-bc701e7ea419,Lime,8b890fec-6872-496b-9497-db67a54b3b83,bicycle,electric_assist,2026-09-20T17:55:01Z,2026-09-20T18:07:23Z,742,3117,"LINESTRING (-9.11154 38.70434, -9.11666 38.70472, -9.12062 38.70216, -9.12100 38.69816, -9.11849 38.69466, -9.11775 38.69069, -9.11606 38.68690, -9.11676 38.68292)"
7026bd2a-83ae-44ae-8ed7-1dcda8a08b17,f38b2ffc-80a4-4f5a-91c9-bc701e7ea419,Lime,cfe7a42a-5b0c-491d-ac32-fb0df0708bb1,scooter,electric,2026-09-20T18:03:01Z,2026-09-20T18:05:42Z,161,921,"LINESTRING (-9.14256 38.73213, -9.14290 38.73314, -9.14353 38.73405, -9.14371 38.73508, -9.14450 38.73591, -9.14483 38.73692, -9.14576 38.73766, -9.14698 38.73808, -9.14830 38.73822)"
405c7bd9-faa5-4cc7-a5cf-2110171b397b,e5121482-3929-4d22-a255-accb1a466884,Dott,8326d343-56af-47ab-9116-dd6aabbbcfb2,scooter,electric,2026-09-20T18:03:44Z,2026-09-20T18:19:30Z,946,3646,"LINESTRING (-9.13895 38.74515, -9.13907 38.74150, -9.14034 38.73798, -9.14272 38.73484, -9.14453 38.73148, -9.14676 38.72827, -9.14794 38.72473, -9.14795 38.72108, -9.14724 38.71748, -9.14636 38.71389)"
5babd66a-98ff-41ee-9fdf-c8c0799915e7,f3f49249-dc28-4f90-a5ae-c7978306d03b,Bolt,5d396109-83bb-4916-b88f-4c244cf74765,scooter,electric,2026-09-20T18:13:04Z,2026-09-20T18:19:08Z,364,1586,"LINESTRING (-9.10784 38.71512, -9.10588 38.71555, -9.10396 38.71503, -9.10311 38.71358, -9.10239 38.71210, -9.10255 38.71051, -9.10250 38.70893, -9.10143 38.70758, -9.09999 38.70645, -9.10173 38.70563)"
99bbec6c-1570-42f2-abcd-f8422898b44d,f38b2ffc-80a4-4f5a-91c9-bc701e7ea419,Lime,e0ed4a62-17d6-4f8f-b423-f8be01418223,bicycle,electric_assist,2026-09-20T18:16:07Z,2026-09-20T18:26:57Z,650,2283,"LINESTRING (-9.12929 38.70578, -9.12609 38.70517, -9.12280 38.70525, -9.11953 38.70557, -9.11623 38.70559, -9.11393 38.70375, -9.11097 38.70262, -9.10878 38.70070, -9.10625 38.69905)"
3265cf0c-5e91-41d6-8d86-f32c96c4f92f,d7a7a3cc-8c3d-4f16-9293-de8fc88b2875,Gira,4228718b-1fa0-45ae-8e93-2b83353434bf,bicycle,electric_assist,2026-09-20T18:25:07Z,2026-09-20T18:49:56Z,1489,5714,"LINESTRING (-9.10899 38.74032, -9.11998 38.74072, -9.12859 38.74606, -9.13085 38.75446, -9.14029 38.75886, -9.15109 38.75721, -9.15860 38.75094)"
0af77e92-6b51-4d4f-9424-cedec4666442,e5121482-3929-4d22-a255-accb1a466884,Dott,665b42a3-564b-48a3-819e-5a9b813db014,scooter,electric,2026-09-20T18:28:56Z,2026-09-20T18:36:34Z,458,2210,"LINESTRING (-9.10880 38.73552, -9.10815 38.73359, -9.10816 38.73160, -9.10753 38.72967, -9.10808 38.72773, -9.10886 38.72583, -9.11113 38.72493, -9.11368 38.72506, -9.11622 38.72527, -9.11872 38.72487, -9.12119 38.72537)"
2ea0da82-3bf1-463f-9de1-923f1c53d928,f3f49249-dc28-4f90-a5ae-c7978306d03b,Bolt,9c992583-a4f5-4734-9436-28f75581ebc2,scooter,electric,2026-09-20T18:31:31Z,2026-09-20T18:34:57Z,206,847,"LINESTRING (-9.13167 38.70328, -9.13227 38.70411, -9.13294 38.70491, -9.13371 38.70565, -9.13434 38.70647, -9.13556 38.70653, -9.13677 38.70666, -9.13799 38.70676, -9.13893 38.70616)"
27bcd496-e85d-45a3-a259-58ad4c9ad0d9,f38b2ffc-80a4-4f5a-91c9-bc701e7ea419,Lime,7d510557-ed4d-49b8-85dc-0a68cdb54088,bicycle,electric_assist,2026-09-20T19:03:06Z,2026-09-20T19:11:14Z,488,1925,"LINESTRING (-9.17520 38.72689, -9.17670 38.72560, -9.17805 38.72422, -9.17967 38.72304, -9.18052 38.72143, -9.18163 38.71993, -9.18290 38.71851, -9.18293 38.71677, -9.18304 38.71504, -9.18496 38.71417, -9.18718 38.71412)"
924859fb-d04e-4737-aedf-c06a0a921bf5,e5121482-3929-4d22-a255-accb1a466884,Dott,fa9495ca-e1f7-41de-b5bd-34395b0d1e48,scooter,electric,2026-09-20T19:10:16Z,2026-09-20T19:18:03Z,467,1980,"LINESTRING (-9.15066 38.73868, -9.15397 38.74017, -9.15769 38.74080, -9.16105 38.73940, -9.16484 38.73969, -9.16859 38.73916, -9.17207 38.73794)"
7963930a-3a34-4b2b-ac67-e1deff491c73,f3f49249-dc28-4f90-a5ae-c7978306d03b,Bolt,68e217ff-59a0-41a9-8984-e3cdc2425fce,scooter,electric,2026-09-20T19:20:26Z,2026-09-20T19:27:47Z,441,2427,"LINESTRING (-9.13391 38.72667, -9.13741 38.72686, -9.14084 38.72633, -9.14271 38.72401, -9.14620 38.72421, -9.14968 38.72455, -9.15299 38.72544, -9.15522 38.72755, -9.15681 38.72998)"
21e9ec62-dbff-4b24-9c5b-929e49166539,e5121482-3929-4d22-a255-accb1a466884,Dott,4d517c7a-8238-4ccc-acf5-e8063e18c088,scooter,electric,2026-09-20T19:21:57Z,2026-09-20T19:33:12Z,675,2471,"LINESTRING (-9.17785 38.73222, -9.17722 38.73465, -9.17572 38.73683, -9.17257 38.73710, -9.17002 38.73857, -9.16703 38.73938, -9.16416 38.74044, -9.16138 38.74163, -9.15877 38.74303, -9.15683 38.74499)"
50eb210c-5c69-42fc-bea5-09420e2669d7,f3f49249-dc28-4f90-a5ae-c7978306d03b,Bolt,b6fe3f33-2549-4c72-9312-a6cde66f0182,scooter,electric,2026-09-20T19:29:27Z,2026-09-20T19:44:08Z,881,3975,"LINESTRING (-9.16853 38.70431, -9.16397 38.70254, -9.15907 38.70365, -9.15570 38.70663, -9.15766 38.71031, -9.16135 38.71306, -9.16364 38.71661, -9.16260 38.72051, -9.15887 38.72323, -9.15669 38.72682)"
408e2e5a-86c6-4bfb-83d3-f23a3355ab06,e5121482-3929-4d22-a255-accb1a466884,Dott,f4f07584-d4c0-4d4b-aa32-659bcd1259e2,bicycle,electric_assist,2026-09-20T20:09:11Z,2026-09-20T20:19:04Z,593,2394,"LINESTRING (-9.10354 38.77120, -9.10114 38.76927, -9.09849 38.76753, -9.09515 38.76684, -9.09193 38.76584, -9.08848 38.76587, -9.08576 38.76754, -9.08247 38.76836, -9.08023 38.77042)"
7d96947f-1e66-44a0-a650-05e84e94a710,f3f49249-dc28-4f90-a5ae-c7978306d03b,Bolt,07466814-29f7-4734-a50e-0c178a023907,scooter,electric,2026-09-20T22:56:18Z,2026-09-20T23:03:38Z,440,1897,"LINESTRING (-9.17163 38.73899, -9.17403 38.73612, -9.17341 38.73274, -9.17301 38.72934, -9.17426 38.72606, -9.17620 38.72299)"
2d34205c-ee10-4998-8666-29bac911ffd1,f38b2ffc-80a4-4f5a-91c9-bc701e7ea419,Lime,1f124a78-e9f9-4484-9377-899a733c6676,scooter,electric,2026-09-21T02:08:35Z,2026-09-21T02:16:23Z,468,2536,"LINESTRING (-9.17909 38.70091, -9.17646 38.70241, -9.17497 38.70467, -9.17266 38.70646, -9.16970 38.70751, -9.16732 38.70925, -9.16448 38.71049, -9.16370 38.71295, -9.16382 38.71549, -9.16312 38.71797)"
02216624-5eae-41f7-8881-75c7e7ef92f5,6bad6be2-8e7a-46e9-9f19-950499dd251d,Voi,dfc9f54d-1bac-45b5-a07f-149f4a019b41,scooter,electric,2026-09-21T03:14:24Z,2026-09-21T03:20:36Z,372,1405,"LINESTRING (-9.11018 38.74516, -9.10756 38.74463, -9.10490 38.74504, -9.10220 38.74492, -9.09959 38.74548, -9.09689 38.74537, -9.09418 38.74530)"
08e4f7f6-65f7-47f4-a4fb-eefd62079906,f38b2ffc-80a4-4f5a-91c9-bc701e7ea419,Lime,7f9880a6-e73c-49ea-8437-1ff3a60741f3,scooter,electric,2026-09-21T06:14:21Z,2026-09-21T06:25:01Z,640,2448,"LINESTRING (-9.17771 38.76250, -9.17441 38.76513, -9.16986 38.76609, -9.16613 38.76834, -9.16242 38.77061, -9.15872 38.77289, -9.15746 38.77643)"
ac4a9020-265b-4b9b-a489-efa953cd69fa,6bad6be2-8e7a-46e9-9f19-950499dd251d,Voi,8467db94-d094-45e2-9b9a-388629b91dd4,scooter,electric,2026-09-21T06:18:51Z,2026-09-21T06:32:05Z,794,3226,"LINESTRING (-9.11141 38.72317, -9.10401 38.72248, -9.09759 38.72544, -9.09937 38.73109, -9.10124 38.73672, -9.10375 38.74219)"
135e56bc-68d5-40fb-9e3f-d6d7d3e4d6b1,f3f49249-dc28-4f90-a5ae-c7978306d03b,Bolt,be372c51-7111-46cd-a785-5a3a367f02fa,scooter,electric,2026-09-21T06:43:36Z,2026-09-21T06:48:30Z,294,845,"LINESTRING (-9.09533 38.74553, -9.09539 38.74680, -9.09485 38.74799, -9.09382 38.74898, -9.09353 38.75023, -9.09381 38.75148, -9.09392 38.75275)"
c66db9cd-a367-44e3-a1a4-578d74249597,d7a7a3cc-8c3d-4f16-9293-de8fc88b2875,Gira,31c5c36d-3806-4896-8d6d-f84546c569ce,bicycle,electric_assist,2026-09-21T07:18:57Z,2026-09-21T07:26:38Z,461,1179,"LINESTRING (-9.14456 38.72084, -9.14321 38.72268, -9.14057 38.72320, -9.13790 38.72277, -9.13562 38.72160, -9.13301 38.72099)"
44986ff8-04a3-4bf4-b232-69c7eff734c0,f3f49249-dc28-4f90-a5ae-c7978306d03b,Bolt,b8d92d95-b9d3-4bd2-9086-a15edce937e4,scooter,electric,2026-09-21T07:52:37Z,2026-09-21T08:06:49Z,852,3826,"LINESTRING (-9.09831 38.75774, -9.09757 38.76345, -9.09999 38.76888, -9.10002 38.77462, -9.10105 38.78031, -9.10256 38.78593, -9.10592 38.79105)"
0748915f-e8a3-412c-b769-fcec5606c7eb,e5121482-3929-4d22-a255-accb1a466884,Dott,dbf18a0f-e6f1-4dc9-ae79-7106f4fc082e,scooter,electric,2026-09-21T08:00:44Z,2026-09-21T08:13:57Z,793,3715,"LINESTRING (-9.17045 38.72216, -9.16628 38.71953, -9.16095 38.71904, -9.15572 38.71813, -9.15036 38.71813, -9.14529 38.71677, -9.13992 38.71674, -9.13462 38.71735, -9.12953 38.71866)"
c399be40-a03c-461f-a309-c4844ada8302,f38b2ffc-80a4-4f5a-91c9-bc701e7ea419,Lime,ddba7481-a674-4fca-89ba-f21c8d903c66,scooter,electric,2026-09-21T08:36:37Z,2026-09-21T08:47:31Z,654,2727,"LINESTRING (-9.09843 38.71637, -9.09936 38.71234, -9.10058 38.70836, -9.10289 38.70468, -9.10598 38.70137, -9.10804 38.69760, -9.11009 38.69383)"
5374a3cc-c0ac-4cc2-bce9-c789a511cd87,f38b2ffc-80a4-4f5a-91c9-bc701e7ea419,Lime,7d836e77-af67-4461-a416-3207d0944996,scooter,electric,2026-09-21T08:37:01Z,2026-09-21T08:40:06Z,185,916,"LINESTRING (-9.16866 38.71530, -9.16972 38.71524, -9.17078 38.71525, -9.17156 38.71469, -9.17178 38.71388, -9.17181 38.71306, -9.17097 38.71255, -9.16993 38.71268, -9.16922 38.71329, -9.16864 38.71398, -9.16779 38.71447)"
3ec45357-2bd3-47c3-b7c2-03249491cbc4,f3f49249-dc28-4f90-a5ae-c7978306d03b,Bolt,d1d503ae-f0e3-4542-8ca1-b5f0ca1d6872,scooter,electric,2026-09-21T09:03:37Z,2026-09-21T09:06:54Z,197,1016,"LINESTRING (-9.10819 38.73734, -9.10932 38.73710, -9.11049 38.73710, -9.11163 38.73732, -9.11278 38.73754, -9.11392 38.73773, -9.11504 38.73744, -9.11617 38.73721, -9.11735 38.73725, -9.11852 38.73729, -9.11962 38.73697)"
f1d57f39-e3bf-45ac-bda0-3b9df2ad9b35,f38b2ffc-80a4-4f5a-91c9-bc701e7ea419,Lime,026b3d02-a13b-487b-bf3b-9167f9e2e7d0,bicycle,electric_assist,2026-09-21T09:08:33Z,2026-09-21T09:23:27Z,894,2944,"LINESTRING (-9.17929 38.71571, -9.17446 38.71529, -9.17055 38.71304, -9.16740 38.71016, -9.16266 38.70931, -9.15823 38.70776, -9.15414 38.70572, -9.14991 38.70385)"
d1d5535a-42ae-46ec-8939-56afd9d7e7cf,f3f49249-dc28-4f90-a5ae-c7978306d03b,Bolt,6823c7a5-bf45-4b3d-ae2e-514d77342c58,scooter,electric,2026-09-21T09:11:25Z,2026-09-21T09:14:47Z,202,1055,"LINESTRING (-9.11529 38.72530, -9.11581 38.72376, -9.11711 38.72255, -9.11864 38.72150, -9.11892 38.71993, -9.11957 38.71843, -9.11895 38.71692)"
ceebaff1-a715-41f6-b221-775502466df4,f3f49249-dc28-4f90-a5ae-c7978306d03b,Bolt,7543ade1-930b-4eb6-8b20-cf984495c05b,scooter,electric,2026-09-21T09:30:18Z,2026-09-21T09:41:16Z,658,3271,"LINESTRING (-9.09810 38.70996, -9.10345 38.71047, -9.10882 38.71002, -9.11408 38.70909, -9.11935 38.70821, -9.12452 38.70699, -9.12973 38.70591, -9.13393 38.70327)"
fa0871aa-7162-432e-8df7-449901119ffc,f38b2ffc-80a4-4f5a-91c9-bc701e7ea419,Lime,25ce93fc-c95e-41d0-8145-ff00e39f13d7,bicycle,electric_assist,2026-09-21T10:39:34Z,2026-09-21T10:49:01Z,567,2290,"LINESTRING (-9.15581 38.75776, -9.15898 38.75937, -9.16051 38.76207, -9.16040 38.76501, -9.15873 38.76766, -9.15785 38.77053, -9.15545 38.77281, -9.15339 38.77528)"
c8dafc28-2eb5-4b47-bac3-ec35d1256d94,d7a7a3cc-8c3d-4f16-9293-de8fc88b2875,Gira,8d632e14-31b6-430e-a650-b3a12bb9dbd8,bicycle,electric_assist,2026-09-21T11:21:05Z,2026-09-21T11:32:24Z,679,1615,"LINESTRING (-9.14930 38.71307, -9.14840 38.71180, -9.14655 38.71159, -9.14481 38.71107, -9.14301 38.71070, -9.14124 38.71024, -9.13949 38.70974, -9.13799 38.71061, -9.13693 38.71180, -9.13675 38.71325, -9.13726 38.71465)"
74bab85d-1765-44b9-bd5f-bebb300f77b1,f3f49249-dc28-4f90-a5ae-c7978306d03b,Bolt,b4527974-e1df-4fe1-aaee-910c83d6877d,scooter,electric,2026-09-21T11:48:58Z,2026-09-21T11:51:40Z,162,870,"LINESTRING (-9.15392 38.73299, -9.15360 38.73144, -9.15294 38.72996, -9.15256 38.72842, -9.15223 38.72687, -9.15355 38.72569)"
2bbbcdf0-ff10-412a-b6fd-cc767c1d582e,6bad6be2-8e7a-46e9-9f19-950499dd251d,Voi,6f456bec-cd31-470e-86a9-5ffa42149a69,scooter,electric,2026-09-21T12:31:14Z,2026-09-21T12:36:05Z,291,1443,"LINESTRING (-9.14027 38.75339, -9.14296 38.75282, -9.14503 38.75138, -9.14702 38.74986, -9.14920 38.74852, -9.15051 38.74661, -9.15040 38.74444)"
b21684a3-a7bc-42a4-86a6-34ec8274aeb7,f38b2ffc-80a4-4f5a-91c9-bc701e7ea419,Lime,9b751151-74bf-489b-879e-23da50a22a1b,scooter,electric,2026-09-21T12:57:48Z,2026-09-21T13:02:40Z,292,1178,"LINESTRING (-9.09876 38.70865, -9.09778 38.70939, -9.09655 38.70984, -9.09519 38.70977, -9.09389 38.70947, -9.09265 38.70903, -9.09146 38.70852, -9.09020 38.70812, -9.08886 38.70833, -9.08751 38.70847, -9.08630 38.70798)"
3056f8fa-f0f8-41b2-8d31-b4d698c34fb1,f38b2ffc-80a4-4f5a-91c9-bc701e7ea419,Lime,18afaf54-4382-4d47-8813-063719f900d3,bicycle,electric_assist,2026-09-21T13:34:24Z,2026-09-21T13:43:15Z,531,1942,"LINESTRING (-9.17416 38.71515, -9.17034 38.71698, -9.16591 38.71748, -9.16164 38.71856, -9.15738 38.71967, -9.15316 38.72085)"
1b76afee-741e-4cc8-843a-74c3db671f37,e5121482-3929-4d22-a255-accb1a466884,Dott,c051260e-59c9-4139-bd70-1a0dd4e8eabd,scooter,electric,2026-09-21T13:38:57Z,2026-09-21T13:44:03Z,306,1605,"LINESTRING (-9.11085 38.76414, -9.11309 38.76461, -9.11380 38.76633, -9.11376 38.76814, -9.11344 38.76993, -9.11372 38.77173, -9.11422 38.77349, -9.11431 38.77530, -9.11507 38.77701)"
988cf00e-4e3b-4908-9e3d-f70137a0c722,f3f49249-dc28-4f90-a5ae-c7978306d03b,Bolt,2c47ba69-b974-44a0-a656-e638ec4292b6,scooter,electric,2026-09-21T13:54:38Z,2026-09-21T14:07:45Z,787,3363,"LINESTRING (-9.15599 38.71853, -9.16219 38.71707, -9.16825 38.71884, -9.17352 38.72178, -9.17880 38.72470, -9.18056 38.72956, -9.17725 38.73390)"
4d4cf4dc-c99e-45bb-ac25-be72d591fad7,e5121482-3929-4d22-a255-accb1a466884,Dott,2ceeed8c-bc7a-482d-ab95-1e7757b16995,scooter,electric,2026-09-21T14:37:22Z,2026-09-21T14:42:35Z,313,988,"LINESTRING (-9.10908 38.70629, -9.11117 38.70558, -9.11295 38.70446, -9.11453 38.70318, -9.11637 38.70212, -9.11722 38.70046)"
05b3d25a-5b2b-4577-9a34-2b783acce280,f3f49249-dc28-4f90-a5ae-c7978306d03b,Bolt,24ba1cef-f8e5-4871-94ee-fc4b3bfa9e9c,scooter,electric,2026-09-21T14:56:21Z,2026-09-21T15:00:33Z,252,1023,"LINESTRING (-9.14171 38.71214, -9.14056 38.71234, -9.13977 38.71302, -9.13865 38.71333, -9.13749 38.71351, -9.13632 38.71358, -9.13515 38.71372, -9.13403 38.71341, -9.13285 38.71345, -9.13173 38.71372, -9.13065 38.71411)"
9f78fd68-0868-4fb2-993d-183198c9fd03,f3f49249-dc28-4f90-a5ae-c7978306d03b,Bolt,88e6823d-2b0d-46d4-9784-0d5e644f7ae9,scooter,electric,2026-09-21T15:12:14Z,2026-09-21T15:27:19Z,905,3382,"LINESTRING (-9.15731 38.71822, -9.15450 38.72034, -9.15656 38.72293, -9.15990 38.72450, -9.16379 38.72479, -9.16759 38.72550, -9.17018 38.72322, -9.17341 38.72151, -9.17718 38.72072, -9.18068 38.71936, -9.18391 38.71765)"
0a1ed212-da07-42ef-9c47-adec1459af10,e5121482-3929-4d22-a255-accb1a466884,Dott,90105211-1f46-428e-87c6-b361f4039d41,scooter,electric,2026-09-21T15:12:29Z,2026-09-21T15:21:34Z,545,1885,"LINESTRING (-9.13425 38.71201, -9.13767 38.71104, -9.14027 38.70907, -9.14367 38.70808, -9.14726 38.70845, -9.15087 38.70879, -9.15360 38.71065)"
26efe1c7-299b-47b3-bf59-1ac02f86059d,f3f49249-dc28-4f90-a5ae-c7978306d03b,Bolt,fc15b536-7cf8-4d4a-9aab-bcebd728f6f4,scooter,electric,2026-09-21T15:12:52Z,2026-09-21T15:18:12Z,320,1530,"LINESTRING (-9.12201 38.73721, -9.12178 38.73584, -9.12178 38.73446, -9.12046 38.73355, -9.12056 38.73217, -9.12097 38.73083, -9.12088 38.72945, -9.12136 38.72813, -9.12239 38.72700, -9.12415 38.72703, -9.12592 38.72697)"
c9a55e77-2c54-4a99-8fa6-a92757d67dc7,e5121482-3929-4d22-a255-accb1a466884,Dott,dbf18a0f-e6f1-4dc9-ae79-7106f4fc082e,scooter,electric,2026-09-21T15:57:39Z,2026-09-21T16:03:11Z,332,1281,"LINESTRING (-9.15727 38.73106, -9.15832 38.73280, -9.15960 38.73444, -9.15968 38.73637, -9.16120 38.73788, -9.16270 38.73941, -9.16415 38.74097)"
18a85cc5-1cab-437e-879f-998435be02a5,d7a7a3cc-8c3d-4f16-9293-de8fc88b2875,Gira,c1a0dbac-4a84-4014-9164-874fed0c2230,bicycle,electric_assist,2026-09-21T16:00:39Z,2026-09-21T16:09:44Z,545,2043,"LINESTRING (-9.17437 38.73672, -9.17666 38.73628, -9.17816 38.73486, -9.18000 38.73371, -9.18193 38.73264, -9.18345 38.73124, -9.18468 38.72967, -9.18694 38.72914, -9.18927 38.72882, -9.19151 38.72826, -9.19387 38.72820)"
9321fc40-2e06-4a19-96f3-b66d3c63752b,f3f49249-dc28-4f90-a5ae-c7978306d03b,Bolt,324ce2dd-2d3f-4bf3-904d-7d95672f8dab,scooter,electric,2026-09-21T16:15:48Z,2026-09-21T16:20:02Z,254,1501,"LINESTRING (-9.17348 38.70337, -9.17390 38.70560, -9.17338 38.70782, -9.17289 38.71004, -9.17241 38.71226, -9.17167 38.71444, -9.17028 38.71642)"
7f31c05a-0652-4024-aa07-4ef9b224c732,f3f49249-dc28-4f90-a5ae-c7978306d03b,Bolt,f73f7c61-f2b0-4206-a644-5bb03075ea81,scooter,electric,2026-09-21T16:27:16Z,2026-09-21T16:35:55Z,519,2748,"LINESTRING (-9.09850 38.72599, -9.10354 38.72474, -9.10816 38.72273, -9.11243 38.72028, -9.11659 38.71774, -9.11810 38.71378, -9.11933 38.70976)"
c5d76542-acbd-416a-9e43-f5473c656a9c,f3f49249-dc28-4f90-a5ae-c7978306d03b,Bolt,8fe20a24-fd25-4f7c-93fc-42ee2e608e3d,scooter,electric,2026-09-21T16:39:26Z,2026-09-21T16:44:37Z,311,1391,"LINESTRING (-9.09563 38.74640, -9.09364 38.74663, -9.09163 38.74661, -9.08966 38.74631, -9.08792 38.74553, -9.08604 38.74609, -9.08511 38.74747, -9.08370 38.74859, -9.08223 38.74966)"
8d0488a1-2bdf-482e-8bad-79627f0f177e,e5121482-3929-4d22-a255-accb1a466884,Dott,e9588f94-efcd-43cc-aae9-da1f415e9e83,scooter,electric,2026-09-21T16:50:42Z,2026-09-21T17:02:28Z,706,2665,"LINESTRING (-9.12398 38.72094, -9.12790 38.71724, -9.13078 38.71300, -9.13549 38.70991, -9.13963 38.70635, -9.14106 38.70168)"
b0759e62-fc27-4cf0-a48f-501451331af2,f3f49249-dc28-4f90-a5ae-c7978306d03b,Bolt,eb74268f-b06c-4c63-9d8c-1b6f385d1c97,scooter,electric,2026-09-21T16:59:54Z,2026-09-21T17:07:44Z,470,1846,"LINESTRING (-9.14319 38.70844, -9.14364 38.71120, -9.14500 38.71376, -9.14485 38.71653, -9.14546 38.71926, -9.14724 38.72166, -9.14848 38.72426)"
6dd576ab-7496-4ad2-a8c0-c23c8ab8c583,f3f49249-dc28-4f90-a5ae-c7978306d03b,Bolt,0987ec0f-4bf8-4505-86af-8c03d0470f5e,scooter,electric,2026-09-21T17:11:24Z,2026-09-21T17:17:13Z,349,1323,"LINESTRING (-9.17813 38.74320, -9.17823 38.74518, -9.17873 38.74713, -9.17921 38.74908, -9.18036 38.75085, -9.18041 38.75284, -9.18108 38.75475)"
1f23e918-2f74-48a0-a1cb-a0620f3cfacd,f38b2ffc-80a4-4f5a-91c9-bc701e7ea419,Lime,25ce93fc-c95e-41d0-8145-ff00e39f13d7,bicycle,electric_assist,2026-09-21T17:16:39Z,2026-09-21T17:27:42Z,663,2276,"LINESTRING (-9.09537 38.75584, -9.09850 38.75505, -9.10138 38.75629, -9.10451 38.75708, -9.10748 38.75818, -9.11070 38.75867, -9.11358 38.75992, -9.11683 38.76026, -9.11982 38.76132)"
fb784297-d8b2-4669-8021-c9c84f9ec987,e5121482-3929-4d22-a255-accb1a466884,Dott,433ee1a0-0d15-4ba5-b257-37a83e8b7985,bicycle,electric_assist,2026-09-21T17:32:01Z,2026-09-21T17:40:36Z,515,1651,"LINESTRING (-9.18314 38.73264, -9.18103 38.73273, -9.17918 38.73354, -9.17749 38.73454, -9.17542 38.73421, -9.17385 38.73310, -9.17254 38.73180, -9.17112 38.73058, -9.16924 38.72980, -9.16728 38.72919)"
04d0ace8-9a39-4ae4-9385-2f3bbd9ebadd,d7a7a3cc-8c3d-4f16-9293-de8fc88b2875,Gira,699f48c0-92fa-463f-b735-a91f741152c4,bicycle,electric_assist,2026-09-21T17:45:05Z,2026-09-21T17:47:08Z,123,545,"LINESTRING (-9.16565 38.75671, -9.16620 38.75615, -9.16705 38.75592, -9.16794 38.75582, -9.16848 38.75638, -9.16917 38.75684, -9.16927 38.75753, -9.16953 38.75821)"
6276337c-684c-45e5-af6f-d66ded5de5b7,f3f49249-dc28-4f90-a5ae-c7978306d03b,Bolt,40fc7f1b-5dbe-45b9-8f17-6b347b0dc700,scooter,electric,2026-09-21T17:59:14Z,2026-09-21T18:06:49Z,455,2014,"LINESTRING (-9.13119 38.73962, -9.13240 38.74140, -9.13331 38.74329, -9.13491 38.74487, -9.13671 38.74632, -9.13834 38.74789, -9.13908 38.74982, -9.14052 38.75149, -9.14211 38.75308, -9.14462 38.75359)"
b82ab548-00ed-4fca-b5c8-36d7531c7342,f38b2ffc-80a4-4f5a-91c9-bc701e7ea419,Lime,2c2dba9d-a39d-4086-899a-0307cb9d2149,scooter,electric,2026-09-21T18:04:55Z,2026-09-21T18:10:45Z,350,1736,"LINESTRING (-9.10007 38.70778, -9.10222 38.70631, -9.10285 38.70413, -9.10478 38.70248, -9.10596 38.70044, -9.10605 38.69821, -9.10688 38.69607, -9.10742 38.69388)"
2271eb3b-a5ba-4d84-8f8a-40b6e4dfed7a,6bad6be2-8e7a-46e9-9f19-950499dd251d,Voi,a59ec30e-67ef-45ed-9620-e849a937cbcf,scooter,electric,2026-09-21T18:07:42Z,2026-09-21T18:17:12Z,570,2050,"LINESTRING (-9.17745 38.70889, -9.18032 38.70595, -9.17772 38.70286, -9.17489 38.69990, -9.17033 38.69892, -9.16610 38.69726)"
bf110a6e-bd36-402b-8b21-12b54476f43f,d7a7a3cc-8c3d-4f16-9293-de8fc88b2875,Gira,6412e585-5c02-4005-93ba-2c7f62d987bf,bicycle,electric_assist,2026-09-21T18:13:30Z,2026-09-21T18:22:22Z,532,1929,"LINESTRING (-9.12439 38.72885, -9.11997 38.72931, -9.11601 38.72772, -9.11158 38.72732, -9.10755 38.72584, -9.10609 38.72256)"
9546fe5d-aaa3-4fe8-8cb5-d76a8224cd84,f3f49249-dc28-4f90-a5ae-c7978306d03b,Bolt,c699d5ef-454b-48f8-9c7e-f9e3caaba2c9,scooter,electric,2026-09-21T18:14:18Z,2026-09-21T18:22:34Z,496,2650,"LINESTRING (-9.13625 38.72048, -9.13324 38.72171, -9.12985 38.72195, -9.12646 38.72176, -9.12354 38.72040, -9.12225 38.71795, -9.12118 38.71543, -9.11952 38.71311, -9.11680 38.71152, -9.11530 38.70914)"
cf7d2c52-b62b-422c-8746-e487314d0665,f3f49249-dc28-4f90-a5ae-c7978306d03b,Bolt,7e9b56d2-f7ca-4132-a960-199b3982dbf3,scooter,electric,2026-09-21T18:20:13Z,2026-09-21T18:32:15Z,722,3505,"LINESTRING (-9.16213 38.72239, -9.15952 38.72724, -9.15590 38.73168, -9.15239 38.73618, -9.14585 38.73748, -9.13911 38.73727, -9.13297 38.73508)"
834f39d7-ba42-4f70-b6d5-311669a0f647,f3f49249-dc28-4f90-a5ae-c7978306d03b,Bolt,ba040a94-d651-4f5a-9fbc-fb2c1b7e243a,scooter,electric,2026-09-21T18:26:23Z,2026-09-21T18:31:08Z,285,1249,"LINESTRING (-9.13755 38.71815, -9.13987 38.71768, -9.14189 38.71666, -9.14224 38.71480, -9.14280 38.71298, -9.14337 38.71116, -9.14418 38.70939)"
63e068cc-f979-4b58-b2a0-534ace1c83ea,e5121482-3929-4d22-a255-accb1a466884,Dott,1d96bf66-3ced-4681-8096-0cf9a6792560,bicycle,electric_assist,2026-09-21T18:31:55Z,2026-09-21T18:37:21Z,326,1101,"LINESTRING (-9.16501 38.77079, -9.16639 38.77058, -9.16699 38.76958, -9.16815 38.76895, -9.16915 38.76817, -9.16943 38.76709, -9.16912 38.76601, -9.16913 38.76491, -9.17022 38.76421, -9.17156 38.76385)"
76c4dcb2-8e2d-4c5f-ab34-38b377b7a592,d7a7a3cc-8c3d-4f16-9293-de8fc88b2875,Gira,1088a172-7944-4514-9c10-bb61f0248f25,bicycle,electric_assist,2026-09-21T18:33:18Z,2026-09-21T18:41:56Z,518,1429,"LINESTRING (-9.18217 38.70474, -9.18165 38.70352, -9.18092 38.70236, -9.18100 38.70108, -9.18009 38.70000, -9.17911 38.69896, -9.17754 38.69858, -9.17626 38.69776, -9.17461 38.69776, -9.17298 38.69794, -9.17159 38.69864)"
1e754da7-dbba-470f-9fab-44accd25873a,e5121482-3929-4d22-a255-accb1a466884,Dott,69db8679-03df-4b62-880c-b1623e068813,scooter,electric,2026-09-21T18:34:23Z,2026-09-21T18:45:05Z,642,1913,"LINESTRING (-9.14790 38.74257, -9.14605 38.74351, -9.14389 38.74314, -9.14173 38.74281, -9.13961 38.74231, -9.13750 38.74178, -9.13531 38.74158, -9.13315 38.74120, -9.13114 38.74048, -9.12999 38.73901, -9.13004 38.73729)"
1d1726e4-408f-45d5-9478-bf53f00c854c,f38b2ffc-80a4-4f5a-91c9-bc701e7ea419,Lime,9e5cf6e9-9255-4248-b771-f894f2e36355,bicycle,electric_assist,2026-09-21T18:40:48Z,2026-09-21T18:47:21Z,393,1774,"LINESTRING (-9.13883 38.75486, -9.13982 38.75271, -9.14207 38.75125, -9.14383 38.74942, -9.14512 38.74737, -9.14677 38.74548, -9.14840 38.74359, -9.15093 38.74244)"
32eea4cf-19e6-4b25-a90f-982c123fa87f,6bad6be2-8e7a-46e9-9f19-950499dd251d,Voi,f85d1813-70d8-403a-a30d-ad86096b4ef8,scooter,electric,2026-09-21T18:53:13Z,2026-09-21T19:10:49Z,1056,4226,"LINESTRING (-9.14448 38.74009, -9.13771 38.74138, -9.13167 38.74411, -9.12900 38.74913, -9.12456 38.75333, -9.12334 38.75868, -9.12250 38.76408, -9.12044 38.76928)"
1402a3a5-f714-4b77-ad68-77a78b42ede1,6bad6be2-8e7a-46e9-9f19-950499dd251d,Voi,f85d1813-70d8-403a-a30d-ad86096b4ef8,scooter,electric,2026-09-21T19:26:20Z,2026-09-21T19:41:46Z,926,4031,"LINESTRING (-9.10255 38.70554, -9.09963 38.70947, -9.09407 38.71082, -9.09103 38.71469, -9.09114 38.71923, -9.09042 38.72373, -9.08938 38.72820, -9.09168 38.73237, -9.09193 38.73690)"
d468d7a5-0cf4-4d0c-a307-c29a00bfb99e,f3f49249-dc28-4f90-a5ae-c7978306d03b,Bolt,c1dc73de-0999-4f46-8302-4fa456b817fe,scooter,electric,2026-09-21T19:29:48Z,2026-09-21T19:42:15Z,747,2863,"LINESTRING (-9.14157 38.71679, -9.13859 38.71903, -9.13880 38.72225, -9.13743 38.72529, -9.13830 38.72845, -9.13990 38.73142, -9.14024 38.73463, -9.14391 38.73611, -9.14804 38.73599)"
5a138dd4-45bc-4b37-b02a-d2862db1cad5,e5121482-3929-4d22-a255-accb1a466884,Dott,d884d50b-1179-43c6-8f49-199e719f9c8b,scooter,electric,2026-09-21T19:50:45Z,2026-09-21T20:10:28Z,1183,4301,"LINESTRING (-9.17268 38.70145, -9.17211 38.69594, -9.17249 38.69041, -9.17435 38.68507, -9.17617 38.67972, -9.17614 38.67418, -9.17574 38.66865, -9.17004 38.66535)"
331a0dc6-2738-4d57-bc78-64be1392fc2f,f38b2ffc-80a4-4f5a-91c9-bc701e7ea419,Lime,b79ecb4e-a95c-4c0b-8746-58348afd44ae,bicycle,electric_assist,2026-09-21T19:55:19Z,2026-09-21T19:57:34Z,135,407,"LINESTRING (-9.14092 38.71285, -9.14062 38.71245, -9.14006 38.71231, -9.13967 38.71197, -9.13921 38.71169, -9.13877 38.71138, -9.13842 38.71101, -9.13809 38.71063, -9.13780 38.71023)"
e26cb75e-fc76-4287-87f1-e401460ddee7,f38b2ffc-80a4-4f5a-91c9-bc701e7ea419,Lime,b79ecb4e-a95c-4c0b-8746-58348afd44ae,bicycle,electric_assist,2026-09-21T19:59:14Z,2026-09-21T20:08:15Z,541,1555,"LINESTRING (-9.10974 38.72076, -9.10817 38.72007, -9.10718 38.71890, -9.10684 38.71752, -9.10667 38.71613, -9.10601 38.71483, -9.10493 38.71371, -9.10332 38.71309, -9.10152 38.71308, -9.09973 38.71304, -9.09832 38.71390)"
a7eef911-6f80-4a3b-a4ba-521ae8bb0d7f,e5121482-3929-4d22-a255-accb1a466884,Dott,ab8e4041-6e35-4e9d-9904-8fce2b7a3cf0,bicycle,electric_assist,2026-09-21T20:17:59Z,2026-09-21T20:27:27Z,568,1481,"LINESTRING (-9.17119 38.70298, -9.16919 38.70239, -9.16708 38.70267, -9.16496 38.70241, -9.16287 38.70207, -9.16097 38.70131, -9.15903 38.70061, -9.15729 38.69964, -9.15593 38.69835)"
46851127-4f58-413a-8060-2cb7794754af,f38b2ffc-80a4-4f5a-91c9-bc701e7ea419,Lime,807c7e30-a598-40db-8cbf-d2ec8c53765f,scooter,electric,2026-09-21T20:27:31Z,2026-09-21T20:37:54Z,623,2532,"LINESTRING (-9.16165 38.75567, -9.16449 38.75168, -9.16717 38.74762, -9.17195 38.74499, -9.17442 38.74086, -9.17649 38.73659)"
fba92562-8df1-40b9-b06c-eccd9983ddd3,f38b2ffc-80a4-4f5a-91c9-bc701e7ea419,Lime,df2986b2-e7f2-4366-bec4-f31ced5eeb81,bicycle,electric_assist,2026-09-21T20:33:33Z,2026-09-21T20:41:54Z,501,1742,"LINESTRING (-9.13213 38.72537, -9.13464 38.72525, -9.13684 38.72430, -9.13928 38.72382, -9.14044 38.72207, -9.14133 38.72024, -9.14168 38.71830, -9.14361 38.71703, -9.14474 38.71528)"
87df1352-2b46-47f7-8bca-aebbd3ee008d,6bad6be2-8e7a-46e9-9f19-950499dd251d,Voi,895bf10a-9cce-402e-ad04-0b1f1a6688ba,scooter,electric,2026-09-21T20:56:57Z,2026-09-21T21:04:29Z,452,1539,"LINESTRING (-9.14197 38.76610, -9.13977 38.76584, -9.13760 38.76622, -9.13539 38.76604, -9.13332 38.76668, -9.13207 38.76811, -9.13177 38.76982, -9.13100 38.77145, -9.13156 38.77313)"
b96a8ff8-f659-4f8b-a565-3256303491a4,e5121482-3929-4d22-a255-accb1a466884,Dott,1d96bf66-3ced-4681-8096-0cf9a6792560,scooter,electric,2026-09-21T21:10:24Z,2026-09-21T21:19:14Z,530,2340,"LINESTRING (-9.13917 38.74575, -9.13826 38.74774, -9.13702 38.74961, -9.13677 38.75171, -9.13657 38.75381, -9.13590 38.75585, -9.13580 38.75796, -9.13536 38.76004, -9.13395 38.76184, -9.13443 38.76391, -9.13511 38.76595)"
a3cfc53a-c747-488d-ab3b-d2498f77e49e,f38b2ffc-80a4-4f5a-91c9-bc701e7ea419,Lime,e5a34078-795c-4b9b-8fba-5e788c7ddcd4,scooter,electric,2026-09-21T21:16:44Z,2026-09-21T21:25:00Z,496,2119,"LINESTRING (-9.18256 38.71343, -9.17851 38.71308, -9.17444 38.71284, -9.17053 38.71373, -9.16677 38.71251, -9.16297 38.71134, -9.15891 38.71106)"
fa09a1c3-25bb-4332-bfd9-ca4757c27f88,d7a7a3cc-8c3d-4f16-9293-de8fc88b2875,Gira,a298ab87-7947-4af8-86ab-5ec5b802e168,bicycle,electric_assist,2026-09-21T21:22:03Z,2026-09-21T21:28:18Z,375,1308,"LINESTRING (-9.17295 38.72366, -9.16993 38.72374, -9.16783 38.72543, -9.16678 38.72764, -9.16765 38.72990, -9.16730 38.73225)"
45065bb8-8fdb-43b1-b433-19cba31a63ef,6bad6be2-8e7a-46e9-9f19-950499dd251d,Voi,9d6cd5f1-db9b-40e6-ad4a-e6dd51b49326,scooter,electric,2026-09-21T21:37:29Z,2026-09-21T21:49:02Z,693,1955,"LINESTRING (-9.14677 38.70605, -9.14695 38.70825, -9.14678 38.71045, -9.14818 38.71236, -9.14981 38.71415, -9.15122 38.71606, -9.15276 38.71791, -9.15330 38.72007, -9.15187 38.72197)"
28d3b87f-b283-413a-8d8c-5539add4ebdc,6bad6be2-8e7a-46e9-9f19-950499dd251d,Voi,6e8786ac-54b3-4368-8507-a35a1dbc6b7e,scooter,electric,2026-09-21T21:39:46Z,2026-09-21T21:54:42Z,896,3887,"LINESTRING (-9.16838 38.73277, -9.17013 38.73641, -9.16961 38.74028, -9.16851 38.74407, -9.16617 38.74751, -9.16744 38.75128, -9.16914 38.75493, -9.17199 38.75813, -9.17675 38.75930, -9.18152 38.75815)"
6d784b0d-7bad-4651-b848-6bb0d51449d4,f3f49249-dc28-4f90-a5ae-c7978306d03b,Bolt,8f45022b-24dc-4c35-8b17-c73f1b82aef2,scooter,electric,2026-09-21T22:14:51Z,2026-09-21T22:18:14Z,203,885,"LINESTRING (-9.10347 38.73487, -9.10300 38.73331, -9.10263 38.73174, -9.10138 38.73048, -9.10082 38.72894, -9.10080 38.72735)"
e5f26267-0938-4ae8-8558-a0935e7cac8b,e5121482-3929-4d22-a255-accb1a466884,Dott,c051260e-59c9-4139-bd70-1a0dd4e8eabd,bicycle,electric_assist,2026-09-21T22:20:33Z,2026-09-21T22:35:02Z,869,3058,"LINESTRING (-9.16877 38.76584, -9.17223 38.76639, -9.17401 38.76877, -9.17401 38.77153, -9.17499 38.77418, -9.17515 38.77693, -9.17499 38.77968, -9.17479 38.78243, -9.17402 38.78512, -9.17338 38.78783, -9.17269 38.79054)"
0eb62dd0-c9b6-495f-b921-fa7647beabf7,f3f49249-dc28-4f90-a5ae-c7978306d03b,Bolt,914fe82d-1593-4452-8f37-fdfbb49cb061,scooter,electric,2026-09-21T22:25:35Z,2026-09-21T22:32:40Z,425,1602,"LINESTRING (-9.11990 38.75104, -9.11957 38.75309, -9.11965 38.75515, -9.12009 38.75719, -9.11855 38.75886, -9.11776 38.76083, -9.11601 38.76237, -9.11610 38.76443)"
e9182008-2704-4968-a7e3-6fee3ce91c94,f38b2ffc-80a4-4f5a-91c9-bc701e7ea419,Lime,8052b13c-dc7e-451e-9fc8-16f4afbc11c4,bicycle,electric_assist,2026-09-21T23:31:00Z,2026-09-21T23:44:25Z,805,2871,"LINESTRING (-9.10043 38.77135, -9.10014 38.77393, -9.09877 38.77629, -9.09812 38.77882, -9.09829 38.78141, -9.09667 38.78367, -9.09361 38.78466, -9.09279 38.78717, -9.09342 38.78971, -9.09671 38.79005, -9.09985 38.79089)"
3f87adad-32f2-4a43-bbd1-e7d6ea17ec8d,f38b2ffc-80a4-4f5a-91c9-bc701e7ea419,Lime,6edd77d8-66e6-4127-a26b-524ace0d8d87,scooter,electric,2026-09-21T23:44:11Z,2026-09-21T23:50:24Z,373,1756,"LINESTRING (-9.17630 38.70888, -9.17404 38.70979, -9.17248 38.71134, -9.17169 38.71322, -9.16987 38.71460, -9.16921 38.71651, -9.16828 38.71835, -9.16755 38.72024, -9.16799 38.72219)"
c33f7246-2a53-40ac-bd45-27387cf3e6a3,f3f49249-dc28-4f90-a5ae-c7978306d03b,Bolt,f28d937a-f6c5-4bc1-81ea-df91c263064f,scooter,electric,2026-09-22T05:27:35Z,2026-09-22T05:28:57Z,82,401,"LINESTRING (-9.18197 38.76032, -9.18191 38.75972, -9.18133 38.75931, -9.18089 38.75882, -9.18028 38.75844, -9.17974 38.75801, -9.17901 38.75782)"
c8885ee2-7866-4c1d-bc98-0edd1b46ae7e,6bad6be2-8e7a-46e9-9f19-950499dd251d,Voi,9ad6c061-d325-4ca6-bddc-0d5f3be343de,scooter,electric,2026-09-22T07:21:03Z,2026-09-22T07:26:58Z,355,1219,"LINESTRING (-9.17282 38.76652, -9.17259 38.76788, -9.17232 38.76924, -9.17189 38.77057, -9.17107 38.77178, -9.16980 38.77274, -9.16993 38.77411, -9.16901 38.77528, -9.16778 38.77626)"
6933df6d-a3ee-43d8-b33a-0902bd3211b9,f3f49249-dc28-4f90-a5ae-c7978306d03b,Bolt,059f963d-8a70-4dba-ba87-89509d0413de,scooter,electric,2026-09-22T07:38:29Z,2026-09-22T07:50:13Z,704,2813,"LINESTRING (-9.14798 38.70083, -9.15230 38.70214, -9.15624 38.70406, -9.15953 38.70661, -9.16402 38.70752, -9.16639 38.71064, -9.16747 38.71416, -9.16447 38.71692)"
5783d84e-9831-4fe3-9457-70a20b7ccf70,f38b2ffc-80a4-4f5a-91c9-bc701e7ea419,Lime,7f9880a6-e73c-49ea-8437-1ff3a60741f3,scooter,electric,2026-09-22T07:41:42Z,2026-09-22T08:01:55Z,1213,3652,"LINESTRING (-9.16783 38.76874, -9.17385 38.76887, -9.17959 38.77032, -9.18556 38.76968, -9.19070 38.76721, -9.19639 38.76566, -9.19987 38.76182, -9.19811 38.75733)"
448caf85-4ab1-4cba-b740-1c1637394c1c,f3f49249-dc28-4f90-a5ae-c7978306d03b,Bolt,7543ade1-930b-4eb6-8b20-cf984495c05b,scooter,electric,2026-09-22T07:47:49Z,2026-09-22T07:55:06Z,437,1468,"LINESTRING (-9.14583 38.72578, -9.14394 38.72415, -9.14138 38.72322, -9.13880 38.72232, -9.13705 38.72059, -9.13500 38.71907, -9.13279 38.71769)"
f6cbac73-ded3-491e-977e-218dea0935c3,d7a7a3cc-8c3d-4f16-9293-de8fc88b2875,Gira,89ffc0ad-4dbb-4891-97c3-eb934191a453,bicycle,electric_assist,2026-09-22T07:50:46Z,2026-09-22T08:00:26Z,580,1658,"LINESTRING (-9.15347 38.73978, -9.15158 38.73824, -9.15079 38.73619, -9.15148 38.73413, -9.15206 38.73204, -9.15178 38.72992, -9.14968 38.72855, -9.14804 38.72684)"
7987e935-7dae-4524-95d0-2b7c17beb4a5,6bad6be2-8e7a-46e9-9f19-950499dd251d,Voi,9ad6c061-d325-4ca6-bddc-0d5f3be343de,scooter,electric,2026-09-22T08:13:01Z,2026-09-22T08:17:09Z,248,1278,"LINESTRING (-9.12442 38.71630, -9.12510 38.71514, -9.12593 38.71403, -9.12666 38.71289, -9.12698 38.71163, -9.12708 38.71035, -9.12793 38.70926, -9.12868 38.70812, -9.13011 38.70750, -9.13175 38.70745)"
26bbf5ff-a747-48b1-9f08-2c5fe16d13a3,f3f49249-dc28-4f90-a5ae-c7978306d03b,Bolt,2c47ba69-b974-44a0-a656-e638ec4292b6,scooter,electric,2026-09-22T08:18:56Z,2026-09-22T08:45:04Z,1568,6042,"LINESTRING (-9.11819 38.75534, -9.12962 38.75365, -9.14105 38.75533, -9.15233 38.75309, -9.16367 38.75510, -9.17465 38.75811, -9.18606 38.75986)"
0ac7ab74-29fc-4ed5-bbf8-2e7a187e3214,f38b2ffc-80a4-4f5a-91c9-bc701e7ea419,Lime,57fbeeeb-4698-45d2-943c-c5318fc460a1,scooter,electric,2026-09-22T08:49:55Z,2026-09-22T08:57:26Z,451,2240,"LINESTRING (-9.16017 38.70494, -9.16261 38.70849, -9.16720 38.71036, -9.17063 38.71338, -9.17301 38.71697, -9.17548 38.72051)"
40a9a7be-8d65-4095-8cb2-0188a53d4f37,f3f49249-dc28-4f90-a5ae-c7978306d03b,Bolt,3fccf89c-7d2c-48ec-8a91-9c736b3ae0ee,scooter,electric,2026-09-22T09:05:14Z,2026-09-22T09:16:13Z,659,2386,"LINESTRING (-9.10691 38.76086, -9.10433 38.76215, -9.10237 38.76398, -9.09984 38.76533, -9.09873 38.76756, -9.09614 38.76883, -9.09378 38.77036, -9.09171 38.77212, -9.08870 38.77260, -9.08611 38.77133)"
7ee948f2-a9d5-4779-90e2-b5dc157288de,f38b2ffc-80a4-4f5a-91c9-bc701e7ea419,Lime,44a23f65-9015-47c2-8b71-779491e0b539,scooter,electric,2026-09-22T09:23:56Z,2026-09-22T09:34:47Z,651,2384,"LINESTRING (-9.10222 38.75194, -9.10536 38.75083, -9.10878 38.75110, -9.11206 38.75192, -9.11546 38.75235, -9.11844 38.75370, -9.12142 38.75503, -9.12480 38.75452, -9.12817 38.75506)"
d6614ea7-5d97-4587-9a86-f0630208b8ae,6bad6be2-8e7a-46e9-9f19-950499dd251d,Voi,e05afe02-6c4c-4546-b6b9-b1feaf8d7b95,scooter,electric,2026-09-22T09:37:56Z,2026-09-22T09:58:19Z,1223,5012,"LINESTRING (-9.14358 38.77070, -9.14275 38.77970, -9.13377 38.78541, -9.12650 38.79244, -9.11670 38.79725, -9.10525 38.79864)"
2ffddc75-891a-47d3-a07b-a6e03dde963e,6bad6be2-8e7a-46e9-9f19-950499dd251d,Voi,197c673d-ea74-4fae-9ad5-5473f354230d,scooter,electric,2026-09-22T09:38:58Z,2026-09-22T09:50:29Z,691,3114,"LINESTRING (-9.11523 38.74093, -9.10856 38.74303, -9.10148 38.74405, -9.09731 38.74862, -9.09097 38.75128, -9.08732 38.75612)"
c6c028ac-c0f0-4cc6-8ca3-89ed6324920b,d7a7a3cc-8c3d-4f16-9293-de8fc88b2875,Gira,317d9a8c-1a61-46b0-a2f4-c4c907f2264c,bicycle,electric_assist,2026-09-22T09:45:29Z,2026-09-22T10:19:26Z,2037,3396,"LINESTRING (-9.15259 38.76968, -9.15237 38.77350, -9.14843 38.77578, -9.14437 38.77793, -9.13965 38.77690, -9.13752 38.77345, -9.13515 38.77010, -9.13289 38.76671, -9.13144 38.76305)"
2f2be8f9-9ea7-4aba-9cc0-5ad4c6c2b54b,f3f49249-dc28-4f90-a5ae-c7978306d03b,Bolt,300a0066-b143-48ce-8e46-9e6f14388e02,scooter,electric,2026-09-22T10:21:42Z,2026-09-22T10:31:44Z,602,2980,"LINESTRING (-9.12962 38.70952, -9.13254 38.70567, -9.13673 38.70262, -9.13949 38.69869, -9.14384 38.69578, -9.14854 38.69321, -9.15310 38.69050)"
ca3be30e-a0ac-41fc-afc6-70f558441694,d7a7a3cc-8c3d-4f16-9293-de8fc88b2875,Gira,48b0d659-50f3-4102-ba90-d4df12643597,bicycle,electric_assist,2026-09-22T10:33:26Z,2026-09-22T10:41:18Z,472,1500,"LINESTRING (-9.16606 38.76789, -9.16469 38.76591, -9.16407 38.76371, -9.16199 38.76214, -9.15944 38.76109, -9.15663 38.76164, -9.15375 38.76180)"
45badfe9-f046-4eb9-8788-748c6376421d,f3f49249-dc28-4f90-a5ae-c7978306d03b,Bolt,ba040a94-d651-4f5a-9fbc-fb2c1b7e243a,scooter,electric,2026-09-22T11:02:47Z,2026-09-22T11:08:38Z,351,1704,"LINESTRING (-9.12307 38.71484, -9.12373 38.71271, -9.12397 38.71053, -9.12309 38.70844, -9.12126 38.70677, -9.12056 38.70465, -9.12031 38.70247, -9.11895 38.70055)"
6e8a4773-6575-4d87-85b2-50b0f377880e,e5121482-3929-4d22-a255-accb1a466884,Dott,e9588f94-efcd-43cc-aae9-da1f415e9e83,scooter,electric,2026-09-22T11:26:42Z,2026-09-22T11:34:10Z,448,1790,"LINESTRING (-9.16941 38.71643, -9.17162 38.71538, -9.17253 38.71349, -9.17384 38.71176, -9.17473 38.70986, -9.17470 38.70785, -9.17444 38.70584, -9.17456 38.70383, -9.17620 38.70226)"
7297b015-9ec1-4662-9534-530b4bab3fce,d7a7a3cc-8c3d-4f16-9293-de8fc88b2875,Gira,f2e212ca-ca37-42b2-a3b0-a1de64815ea7,bicycle,electric_assist,2026-09-22T11:37:35Z,2026-09-22T11:42:55Z,320,1177,"LINESTRING (-9.15443 38.75601, -9.15311 38.75625, -9.15203 38.75690, -9.15085 38.75742, -9.15004 38.75828, -9.14960 38.75928, -9.14879 38.76013, -9.14769 38.76075, -9.14692 38.76163, -9.14674 38.76268, -9.14711 38.76370)"
3428ae75-7255-4cb7-b821-74a381d3af03,6bad6be2-8e7a-46e9-9f19-950499dd251d,Voi,08b7b7c7-40c8-4335-ab47-8bb8870ec758,scooter,electric,2026-09-22T11:47:24Z,2026-09-22T11:55:12Z,468,2050,"LINESTRING (-9.16400 38.71247, -9.16062 38.71265, -9.15766 38.71138, -9.15489 38.70986, -9.15161 38.70923, -9.14830 38.70868, -9.14529 38.70746, -9.14271 38.70576)"
9000826a-e9cd-47f1-8c24-f3f59566c946,f38b2ffc-80a4-4f5a-91c9-bc701e7ea419,Lime,b1515fff-4296-4a50-b328-8e16ebe80fa9,scooter,electric,2026-09-22T11:47:33Z,2026-09-22T11:50:03Z,150,589,"LINESTRING (-9.14862 38.71225, -9.14793 38.71172, -9.14712 38.71129, -9.14631 38.71087, -9.14550 38.71046, -9.14456 38.71025, -9.14362 38.71008, -9.14275 38.70973)"
15154a87-f35d-491b-b9a9-347594befc97,f38b2ffc-80a4-4f5a-91c9-bc701e7ea419,Lime,14aa4e71-9d3c-4dec-80a6-1f933d6c51e3,scooter,electric,2026-09-22T11:52:33Z,2026-09-22T11:58:51Z,378,1655,"LINESTRING (-9.13065 38.71531, -9.12862 38.71581, -9.12785 38.71735, -9.12731 38.71896, -9.12815 38.72048, -9.12927 38.72189, -9.13086 38.72299, -9.13234 38.72418, -9.13363 38.72549, -9.13438 38.72704)"
55a074b6-1448-405a-8839-4348df8b0826,f38b2ffc-80a4-4f5a-91c9-bc701e7ea419,Lime,3d43281c-608f-42b1-a254-c3f06a50f9fc,bicycle,electric_assist,2026-09-22T11:57:00Z,2026-09-22T12:04:53Z,473,2012,"LINESTRING (-9.15607 38.74704, -9.15877 38.74618, -9.16150 38.74542, -9.16380 38.74403, -9.16385 38.74176, -9.16584 38.74012, -9.16829 38.73889, -9.17036 38.73730, -9.17316 38.73670)"
90f8bb1a-b9dd-46c7-b4b8-b65621c69695,f3f49249-dc28-4f90-a5ae-c7978306d03b,Bolt,dde56d3a-d757-444c-8436-734f51edc8e2,scooter,electric,2026-09-22T12:17:50Z,2026-09-22T12:23:02Z,312,1393,"LINESTRING (-9.17067 38.71790, -9.17092 38.72040, -9.17088 38.72291, -9.17091 38.72542, -9.17029 38.72788, -9.16787 38.72955)"
47758d54-bb97-4b84-a1ba-61612282a104,d7a7a3cc-8c3d-4f16-9293-de8fc88b2875,Gira,bef36838-8a65-4a6e-9597-fea4aed9e0e7,bicycle,electric_assist,2026-09-22T12:36:20Z,2026-09-22T12:56:46Z,1226,3603,"LINESTRING (-9.14425 38.71525, -9.14953 38.71738, -9.15454 38.71987, -9.15842 38.72339, -9.16240 38.72683, -9.16519 38.73093, -9.16559 38.73556, -9.16656 38.74013)"
670d429f-5c2d-48d2-9928-7b8cdb799f2e,f38b2ffc-80a4-4f5a-91c9-bc701e7ea419,Lime,6edd77d8-66e6-4127-a26b-524ace0d8d87,bicycle,electric_assist,2026-09-22T12:36:21Z,2026-09-22T12:48:47Z,746,2873,"LINESTRING (-9.16879 38.70933, -9.17267 38.70819, -9.17682 38.70824, -9.17979 38.70598, -9.18258 38.70359, -9.18398 38.70054, -9.18352 38.69733, -9.18212 38.69428, -9.18112 38.69114)"
ca80c8a1-d3c3-4d69-a32b-de3edcd0de77,e5121482-3929-4d22-a255-accb1a466884,Dott,a2e8de7c-600a-4dc0-bc9a-b34b71e04d0f,scooter,electric,2026-09-22T12:44:16Z,2026-09-22T12:54:03Z,587,2252,"LINESTRING (-9.10616 38.73251, -9.10615 38.73657, -9.10915 38.73988, -9.10890 38.74394, -9.10852 38.74798, -9.10798 38.75202)"
7cafdc4e-ba58-41ed-bdca-556019e7ba70,f38b2ffc-80a4-4f5a-91c9-bc701e7ea419,Lime,bb235be2-8bf6-437b-9f6f-6b2c4c8da302,scooter,electric,2026-09-22T13:03:15Z,2026-09-22T13:17:40Z,865,3088,"LINESTRING (-9.17667 38.76152, -9.18087 38.76035, -9.18434 38.75816, -9.18852 38.75695, -9.19256 38.75548, -9.19594 38.75321, -9.19912 38.75076, -9.20224 38.74828, -9.20416 38.74514)"
abd287d7-9bf9-46cf-8011-b72ff58b6403,6bad6be2-8e7a-46e9-9f19-950499dd251d,Voi,69d529b9-4a46-4e1e-b5c8-84d786ffc468,scooter,electric,2026-09-22T13:19:23Z,2026-09-22T13:21:15Z,112,532,"LINESTRING (-9.18213 38.73499, -9.18151 38.73498, -9.18090 38.73502, -9.18034 38.73481, -9.17977 38.73464, -9.17922 38.73441, -9.17934 38.73394, -9.17922 38.73347, -9.17928 38.73299, -9.17888 38.73262, -9.17842 38.73231)"
36fe1747-c8d3-47af-a94f-5e908e0fdf25,e5121482-3929-4d22-a255-accb1a466884,Dott,deddc341-796f-43ef-916d-8fd6d2a0c9c8,bicycle,electric_assist,2026-09-22T13:22:07Z,2026-09-22T13:42:50Z,1243,3761,"LINESTRING (-9.11605 38.74720, -9.12369 38.74397, -9.13069 38.73995, -9.13763 38.73587, -9.14269 38.73036, -9.14415 38.72368)"
a2ec31cc-a077-40ae-a534-358d63d980da,6bad6be2-8e7a-46e9-9f19-950499dd251d,Voi,1c3e16e0-4fb0-44de-83f6-697df3e25f12,scooter,electric,2026-09-22T13:52:15Z,2026-09-22T14:03:36Z,681,2550,"LINESTRING (-9.17714 38.71735, -9.18030 38.71801, -9.18203 38.72018, -9.18500 38.72124, -9.18821 38.72173, -9.19104 38.72301, -9.19421 38.72239, -9.19748 38.72258, -9.20066 38.72199, -9.20391 38.72224)"
d12fc7e2-0df0-4ad8-bdda-059c46575a66,f3f49249-dc28-4f90-a5ae-c7978306d03b,Bolt,e991c589-7d5f-4051-9f6f-c52ba4275452,scooter,electric,2026-09-22T14:39:30Z,2026-09-22T14:46:28Z,418,1879,"LINESTRING (-9.09727 38.74618, -9.09603 38.74479, -9.09471 38.74345, -9.09443 38.74177, -9.09490 38.74012, -9.09588 38.73861, -9.09658 38.73700, -9.09785 38.73563, -9.09724 38.73400, -9.09598 38.73262, -9.09500 38.73111)"
9f7728cb-1cb2-4d1a-865c-4ed21eeb9e66,f3f49249-dc28-4f90-a5ae-c7978306d03b,Bolt,408e79ea-b3a2-459e-8f15-79f2445db505,scooter,electric,2026-09-22T15:02:53Z,2026-09-22T15:06:07Z,194,1092,"LINESTRING (-9.13815 38.75049, -9.13829 38.74951, -9.13842 38.74854, -9.13915 38.74773, -9.13997 38.74699, -9.14043 38.74607, -9.14143 38.74547, -9.14244 38.74487, -9.14364 38.74458, -9.14464 38.74397, -9.14560 38.74333)"
67c1e1b5-a98a-49f5-b752-8af474d91f30,f38b2ffc-80a4-4f5a-91c9-bc701e7ea419,Lime,d11ad49d-f272-42ef-8ab8-bd1063989ab9,scooter,electric,2026-09-22T15:07:10Z,2026-09-22T15:19:56Z,766,2503,"LINESTRING (-9.12826 38.76136, -9.12933 38.75867, -9.12732 38.75632, -9.12656 38.75357, -9.12452 38.75124, -9.12115 38.75022, -9.11759 38.75067, -9.11400 38.75102, -9.11051 38.75176)"
eff83667-deba-437b-9fac-c248bdb80437,d7a7a3cc-8c3d-4f16-9293-de8fc88b2875,Gira,cc5e8817-4977-4d3e-be22-4cfc9f8abc76,bicycle,electric_assist,2026-09-22T15:36:43Z,2026-09-22T15:48:52Z,729,2712,"LINESTRING (-9.15609 38.74641, -9.15452 38.74398, -9.15533 38.74134, -9.15652 38.73879, -9.15801 38.73634, -9.15824 38.73363, -9.15879 38.73095, -9.15806 38.72829, -9.15648 38.72588, -9.15549 38.72327)"
411e2fa3-058e-4333-abf1-0d95d804030d,f38b2ffc-80a4-4f5a-91c9-bc701e7ea419,Lime,ebe48123-a5b0-4526-b20b-e3f808be3b07,scooter,electric,2026-09-22T16:08:57Z,2026-09-22T16:12:53Z,236,1028,"LINESTRING (-9.11796 38.76798, -9.11902 38.76859, -9.11963 38.76950, -9.12028 38.77040, -9.12159 38.77048, -9.12287 38.77073, -9.12419 38.77084, -9.12527 38.77143, -9.12633 38.77205, -9.12697 38.77295)"
50069e5a-07df-468b-833d-8c59de45cb63,e5121482-3929-4d22-a255-accb1a466884,Dott,9b7839eb-28bd-454e-b11e-46f1c0205f09,scooter,electric,2026-09-22T16:10:47Z,2026-09-22T16:19:13Z,506,1515,"LINESTRING (-9.16265 38.73769, -9.16282 38.73964, -9.16293 38.74159, -9.16224 38.74346, -9.16090 38.74510, -9.15949 38.74672, -9.15733 38.74770, -9.15491 38.74722)"
3eddc2cf-f7a6-4682-8ed0-b9ebfc65cf63,f3f49249-dc28-4f90-a5ae-c7978306d03b,Bolt,a20b6436-d8ec-486b-ad9e-a62ae896319b,scooter,electric,2026-09-22T16:15:32Z,2026-09-22T16:20:42Z,310,1743,"LINESTRING (-9.12230 38.73184, -9.12107 38.73355, -9.11856 38.73367, -9.11607 38.73341, -9.11388 38.73245, -9.11138 38.73268, -9.10898 38.73326, -9.10665 38.73401, -9.10426 38.73462)"
83b010f9-13b3-4f52-a693-deb5622eac25,6bad6be2-8e7a-46e9-9f19-950499dd251d,Voi,9ad6c061-d325-4ca6-bddc-0d5f3be343de,scooter,electric,2026-09-22T16:16:41Z,2026-09-22T16:20:29Z,228,1003,"LINESTRING (-9.11376 38.76651, -9.11532 38.76695, -9.11689 38.76735, -9.11844 38.76782, -9.11995 38.76835, -9.12159 38.76855, -9.12261 38.76956, -9.12339 38.77071)"
edad6a48-fcd5-4469-b1d4-382bb2fbdc52,f3f49249-dc28-4f90-a5ae-c7978306d03b,Bolt,4d2ecb65-9df0-4dde-8337-dda661963ad7,scooter,electric,2026-09-22T16:36:42Z,2026-09-22T16:47:48Z,666,2833,"LINESTRING (-9.09892 38.71016, -9.09246 38.70933, -9.08593 38.70899, -9.07970 38.71055, -9.07562 38.71453, -9.07480 38.71960)"
07c59149-8a6b-4791-8fd6-8851b8e1e2c9,6bad6be2-8e7a-46e9-9f19-950499dd251d,Voi,ad2996da-8e86-4483-9efa-4b80ec192b67,scooter,electric,2026-09-22T16:43:13Z,2026-09-22T16:52:25Z,552,2509,"LINESTRING (-9.14126 38.75094, -9.14083 38.75545, -9.14384 38.75931, -9.14715 38.76303, -9.15088 38.76649, -9.15531 38.76940)"
147df1db-d2be-41ff-ae6c-c62bdf496394,f38b2ffc-80a4-4f5a-91c9-bc701e7ea419,Lime,92845dae-afe9-47c1-8fdf-66145a091fd6,scooter,electric,2026-09-22T16:48:27Z,2026-09-22T17:03:17Z,890,4193,"LINESTRING (-9.13813 38.75414, -9.13331 38.75228, -9.12861 38.75023, -9.12358 38.74872, -9.12025 38.74543, -9.11968 38.74125, -9.12164 38.73734, -9.12503 38.73408, -9.12632 38.73001, -9.12376 38.72631)"
f205f450-d2fc-4502-9109-95d239ee7c40,f3f49249-dc28-4f90-a5ae-c7978306d03b,Bolt,2765e3b9-ae0f-4718-af85-b878c0590851,scooter,electric,2026-09-22T16:48:52Z,2026-09-22T16:53:29Z,277,1172,"LINESTRING (-9.13119 38.77098, -9.13316 38.77012, -9.13499 38.76910, -9.13666 38.76791, -9.13626 38.76618, -9.13572 38.76447, -9.13581 38.76271)"
536fdf0d-71de-4afd-8b4e-f7cc884178a7,f3f49249-dc28-4f90-a5ae-c7978306d03b,Bolt,20615b85-86cd-4ae5-9b01-02de820e8925,scooter,electric,2026-09-22T16:57:22Z,2026-09-22T17:00:20Z,178,797,"LINESTRING (-9.15937 38.76251, -9.15902 38.76336, -9.15854 38.76418, -9.15818 38.76503, -9.15748 38.76574, -9.15704 38.76657, -9.15592 38.76678, -9.15477 38.76683, -9.15374 38.76723)"
1cab51a6-9378-46d8-8f54-cffea3efd077,e5121482-3929-4d22-a255-accb1a466884,Dott,d884d50b-1179-43c6-8f49-199e719f9c8b,bicycle,electric_assist,2026-09-22T18:00:52Z,2026-09-22T18:10:02Z,550,2716,"LINESTRING (-9.17415 38.73644, -9.16959 38.73445, -9.16437 38.73422, -9.15933 38.73530, -9.15498 38.73757, -9.15010 38.73903, -9.14776 38.74268)"
70a50b6c-d855-4909-a2f3-a73e2f808f33,f38b2ffc-80a4-4f5a-91c9-bc701e7ea419,Lime,fcbad167-f5a9-4a5f-adf1-65dab6eafff5,bicycle,electric_assist,2026-09-22T18:03:48Z,2026-09-22T18:13:56Z,608,2486,"LINESTRING (-9.16730 38.75451, -9.16683 38.75173, -9.16836 38.74920, -9.17043 38.74691, -9.17135 38.74421, -9.17216 38.74148, -9.17530 38.74013, -9.17835 38.73865, -9.18168 38.73759)"
c61c6323-2602-4af4-8fa6-f7d8ddb179b4,e5121482-3929-4d22-a255-accb1a466884,Dott,f2ca68b2-4ba5-45db-9bc7-d0e771be4d88,bicycle,electric_assist,2026-09-22T18:05:24Z,2026-09-22T18:13:50Z,506,1396,"LINESTRING (-9.12256 38.74023, -9.12316 38.73892, -9.12337 38.73753, -9.12495 38.73687, -9.12630 38.73594, -9.12757 38.73496, -9.12853 38.73378, -9.12998 38.73296, -9.13166 38.73246, -9.13343 38.73225)"
652ac5fb-22b5-492c-85af-265e7874494a,e5121482-3929-4d22-a255-accb1a466884,Dott,4f83d975-5239-45bb-bc29-5d1b6a96cf7e,scooter,electric,2026-09-22T18:26:31Z,2026-09-22T18:32:37Z,366,1183,"LINESTRING (-9.15245 38.73794, -9.15363 38.73740, -9.15492 38.73705, -9.15600 38.73640, -9.15709 38.73575, -9.15823 38.73516, -9.15959 38.73522, -9.16090 38.73492, -9.16226 38.73478, -9.16363 38.73482, -9.16497 38.73500)"
e8025c37-3ad8-4732-905b-eaa9e9f3ddf1,f3f49249-dc28-4f90-a5ae-c7978306d03b,Bolt,9b2831e1-34d4-499c-b6a5-920cf16e49b1,scooter,electric,2026-09-22T18:29:29Z,2026-09-22T18:32:08Z,159,755,"LINESTRING (-9.18113 38.70231, -9.18113 38.70163, -9.18096 38.70096, -9.18069 38.70032, -9.18041 38.69967, -9.18098 38.69916, -9.18123 38.69851, -9.18156 38.69788, -9.18125 38.69724, -9.18146 38.69658, -9.18207 38.69609)"
3d49a00e-6e21-476e-856e-2d9126268742,f38b2ffc-80a4-4f5a-91c9-bc701e7ea419,Lime,5366ece2-2d4d-4661-b7bb-365449a4c222,scooter,electric,2026-09-22T18:32:45Z,2026-09-22T18:40:15Z,450,2058,"LINESTRING (-9.11174 38.70597, -9.10921 38.70655, -9.10857 38.70855, -9.10921 38.71055, -9.10955 38.71259, -9.10893 38.71459, -9.10630 38.71439, -9.10372 38.71483, -9.10111 38.71455, -9.09885 38.71348)"
dfede0f1-f5e1-4c48-9d9c-d1d5e9600de1,f38b2ffc-80a4-4f5a-91c9-bc701e7ea419,Lime,db4c9492-bf5f-45e2-b1d0-6d9c18bee074,bicycle,electric_assist,2026-09-22T18:39:49Z,2026-09-22T19:08:30Z,1721,7605,"LINESTRING (-9.11484 38.74405, -9.10973 38.73756, -9.11192 38.73014, -9.10992 38.72269, -9.10510 38.71607, -9.09715 38.71166, -9.08824 38.70854, -9.07856 38.70759, -9.06951 38.71042, -9.05984 38.71144)"
99de0114-896c-4581-9856-b8a31bb928d1,f38b2ffc-80a4-4f5a-91c9-bc701e7ea419,Lime,aecb9e68-53e8-4536-b9dc-bc8182a8c712,bicycle,electric_assist,2026-09-22T18:47:02Z,2026-09-22T18:57:48Z,646,2250,"LINESTRING (-9.12104 38.73426, -9.12305 38.73297, -9.12531 38.73197, -9.12783 38.73244, -9.13042 38.73264, -9.13277 38.73351, -9.13521 38.73420, -9.13780 38.73442, -9.14023 38.73370, -9.14269 38.73306, -9.14415 38.73138)"
00262afc-7af1-484a-88d6-d8713482f5ed,f38b2ffc-80a4-4f5a-91c9-bc701e7ea419,Lime,6fce4808-b715-4e9c-bc42-513d0ec0e2e2,bicycle,electric_assist,2026-09-22T19:12:10Z,2026-09-22T19:33:53Z,1303,5880,"LINESTRING (-9.14373 38.71378, -9.13306 38.71084, -9.12321 38.70649, -9.11233 38.70407, -9.10106 38.70480, -9.08974 38.70460, -9.07961 38.70853)"
f01cacec-58fe-44db-a314-aa73880fbfee,6bad6be2-8e7a-46e9-9f19-950499dd251d,Voi,08b7b7c7-40c8-4335-ab47-8bb8870ec758,scooter,electric,2026-09-22T19:57:55Z,2026-09-22T20:10:11Z,736,1930,"LINESTRING (-9.17874 38.76120, -9.18128 38.76210, -9.18376 38.76309, -9.18586 38.76452, -9.18777 38.76611, -9.19024 38.76712, -9.19208 38.76875, -9.19297 38.77081, -9.19473 38.77250)"
19e3c5a3-f580-40de-8160-9ab8492fdd79,f38b2ffc-80a4-4f5a-91c9-bc701e7ea419,Lime,2106119e-c40d-41b5-b97a-762393550840,scooter,electric,2026-09-22T20:22:10Z,2026-09-22T20:38:08Z,958,3562,"LINESTRING (-9.17175 38.76946, -9.17649 38.76790, -9.18140 38.76669, -9.18653 38.76648, -9.19168 38.76642, -9.19678 38.76591, -9.20170 38.76473, -9.20679 38.76412, -9.21177 38.76314)"
9eabacdb-a9df-435e-b7a8-b5d61a6b0c1f,e5121482-3929-4d22-a255-accb1a466884,Dott,fa9495ca-e1f7-41de-b5bd-34395b0d1e48,bicycle,electric_assist,2026-09-22T21:16:35Z,2026-09-22T21:23:11Z,396,1461,"LINESTRING (-9.11930 38.75074, -9.11999 38.74938, -9.12049 38.74797, -9.12072 38.74652, -9.12057 38.74506, -9.12188 38.74401, -9.12306 38.74287, -9.12314 38.74141, -9.12312 38.73995, -9.12376 38.73857)"
fbcd13aa-91e3-485b-93f4-82db4a956a54,f38b2ffc-80a4-4f5a-91c9-bc701e7ea419,Lime,64adbcea-f49e-42ce-8b6d-ba449297d61b,scooter,electric,2026-09-22T21:43:03Z,2026-09-22T21:46:12Z,189,867,"LINESTRING (-9.17113 38.73043, -9.16970 38.73044, -9.16848 38.73102, -9.16794 38.73206, -9.16661 38.73246, -9.16540 38.73186, -9.16447 38.73101, -9.16364 38.73010)"
a6e669e2-57fe-4347-8000-2128a2558943,f38b2ffc-80a4-4f5a-91c9-bc701e7ea419,Lime,8c285417-5567-461f-a3a3-62b4bb8a1881,scooter,electric,2026-09-22T21:44:01Z,2026-09-22T21:50:20Z,379,1600,"LINESTRING (-9.12284 38.73850, -9.12250 38.74028, -9.12229 38.74208, -9.12217 38.74388, -9.12160 38.74562, -9.12016 38.74703, -9.12075 38.74878, -9.12102 38.75057, -9.11973 38.75206)"
4528bd39-ef53-4cbf-8ad9-55e6c30a697a,f38b2ffc-80a4-4f5a-91c9-bc701e7ea419,Lime,25ce93fc-c95e-41d0-8145-ff00e39f13d7,bicycle,electric_assist,2026-09-22T22:53:09Z,2026-09-22T22:59:47Z,398,1373,"LINESTRING (-9.12383 38.72200, -9.12671 38.72098, -9.12943 38.71970, -9.13224 38.71855, -9.13535 38.71808, -9.13829 38.71715)"
ecbda6d8-10dc-46e4-a552-623853c54d7e,e5121482-3929-4d22-a255-accb1a466884,Dott,975cd6d2-ae80-48a2-be19-e269154dfd6d,bicycle,electric_assist,2026-09-23T00:35:32Z,2026-09-23T00:45:32Z,600,2558,"LINESTRING (-9.10139 38.74324, -9.10412 38.74466, -9.10697 38.74594, -9.11012 38.74665, -9.11340 38.74673, -9.11656 38.74743, -9.11798 38.74974, -9.11919 38.75213, -9.12022 38.75456, -9.12133 38.75697)"
acaded2a-172c-4f1f-a763-d2b5bb4672ae,6bad6be2-8e7a-46e9-9f19-950499dd251d,Voi,dc1ff4d2-8df0-4cd1-8c3a-398cdfca29dc,scooter,electric,2026-09-23T02:12:09Z,2026-09-23T02:19:50Z,461,1500,"LINESTRING (-9.09944 38.74197, -9.10187 38.74159, -9.10378 38.74036, -9.10469 38.73857, -9.10684 38.73761, -9.10929 38.73733, -9.11111 38.73602, -9.11287 38.73466)"
e52b9b9b-2aae-4950-89f9-01fe838b11da,f38b2ffc-80a4-4f5a-91c9-bc701e7ea419,Lime,66160227-1737-4472-ac16-72297608d942,scooter,electric,2026-09-23T04:56:31Z,2026-09-23T05:02:36Z,365,1174,"LINESTRING (-9.11424 38.77066, -9.11260 38.77147, -9.11066 38.77143, -9.10873 38.77128, -9.10702 38.77198, -9.10611 38.77332, -9.10591 38.77482, -9.10644 38.77627)"
efbd12fe-da42-470a-98fb-f08aaa67eab3,f38b2ffc-80a4-4f5a-91c9-bc701e7ea419,Lime,97bc9f31-bcc1-4936-8aa5-8cd04f77abb9,scooter,electric,2026-09-23T05:03:22Z,2026-09-23T05:15:39Z,737,3904,"LINESTRING (-9.16312 38.73025, -9.16464 38.72451, -9.16965 38.72014, -9.17431 38.71554, -9.17892 38.71091, -9.18525 38.70775, -9.19041 38.70349)"
076f4c49-5ce4-4adf-a559-1ec85855eaa9,f3f49249-dc28-4f90-a5ae-c7978306d03b,Bolt,eaed9e29-74b8-446a-90b6-3899aefc1636,scooter,electric,2026-09-23T06:35:39Z,2026-09-23T06:43:21Z,462,1879,"LINESTRING (-9.18027 38.72811, -9.18176 38.72988, -9.18216 38.73197, -9.18065 38.73373, -9.17960 38.73569, -9.17770 38.73720, -9.17587 38.73876, -9.17481 38.74071, -9.17501 38.74282)"
3c3270a0-6b94-41f6-872b-15ae08e60463,d7a7a3cc-8c3d-4f16-9293-de8fc88b2875,Gira,d73f213d-a048-4e8c-8719-2c7d33ba490f,bicycle,electric_assist,2026-09-23T07:00:14Z,2026-09-23T07:06:24Z,370,1239,"LINESTRING (-9.17173 38.70614, -9.17014 38.70679, -9.16878 38.70769, -9.16806 38.70897, -9.16682 38.70997, -9.16592 38.71118, -9.16470 38.71220, -9.16349 38.71323, -9.16255 38.71442)"
7a98b699-7d24-44a5-b1ac-0f729432ed0f,f38b2ffc-80a4-4f5a-91c9-bc701e7ea419,Lime,d9814559-3a9a-4a39-a261-e34a7b6bc3c6,scooter,electric,2026-09-23T07:04:55Z,2026-09-23T07:11:07Z,372,1721,"LINESTRING (-9.18021 38.71097, -9.17984 38.71354, -9.17877 38.71598, -9.17761 38.71840, -9.17625 38.72076, -9.17464 38.72302, -9.17318 38.72534)"
e780c13e-444d-4f40-92e2-4f6a92df6897,f38b2ffc-80a4-4f5a-91c9-bc701e7ea419,Lime,69616452-038d-44fb-9018-d7f54191590c,bicycle,electric_assist,2026-09-23T07:24:53Z,2026-09-23T07:28:57Z,244,1043,"LINESTRING (-9.13171 38.70822, -9.13331 38.70872, -9.13503 38.70868, -9.13675 38.70873, -9.13845 38.70854, -9.13990 38.70782, -9.14115 38.70689, -9.14284 38.70663)"
c2b57ef5-92e4-4680-b24f-1405705b436b,f38b2ffc-80a4-4f5a-91c9-bc701e7ea419,Lime,ced8c284-63f1-4bbc-a97b-65cb81f8c04a,bicycle,electric_assist,2026-09-23T07:27:36Z,2026-09-23T07:33:37Z,361,1078,"LINESTRING (-9.16709 38.74027, -9.16781 38.73900, -9.16903 38.73798, -9.16955 38.73666, -9.16981 38.73528, -9.16946 38.73392, -9.17040 38.73274, -9.17152 38.73167)"
1e313b36-9139-4494-a928-da1edf5ace29,f3f49249-dc28-4f90-a5ae-c7978306d03b,Bolt,cc1cdc7c-219a-49b4-a4db-befdba8ed768,scooter,electric,2026-09-23T07:35:37Z,2026-09-23T07:45:08Z,571,2587,"LINESTRING (-9.16383 38.73293, -9.16815 38.72971, -9.17003 38.72528, -9.16774 38.72097, -9.16285 38.71830, -9.15690 38.71786)"
d27c0dcd-eb21-4470-9881-650cd5f13a1f,e5121482-3929-4d22-a255-accb1a466884,Dott,0062c542-2380-4f92-9d88-e6528cd46d02,scooter,electric,2026-09-23T08:01:01Z,2026-09-23T08:05:55Z,294,1160,"LINESTRING (-9.11180 38.75836, -9.11079 38.75963, -9.10935 38.76061, -9.10802 38.76169, -9.10749 38.76312, -9.10782 38.76459, -9.10787 38.76608, -9.10911 38.76722)"
5d5a97e5-0334-4271-95a1-6fa18de8c627,6bad6be2-8e7a-46e9-9f19-950499dd251d,Voi,6e8786ac-54b3-4368-8507-a35a1dbc6b7e,scooter,electric,2026-09-23T08:22:42Z,2026-09-23T08:25:51Z,189,871,"LINESTRING (-9.09828 38.73318, -9.09967 38.73347, -9.10110 38.73361, -9.10214 38.73439, -9.10345 38.73485, -9.10478 38.73526, -9.10622 38.73527, -9.10755 38.73570)"
067e29eb-eff6-4b3b-97b3-88c2a55c2440,f3f49249-dc28-4f90-a5ae-c7978306d03b,Bolt,0ddf3e1d-94ed-4f68-b7e2-21464dd75f67,scooter,electric,2026-09-23T08:36:11Z,2026-09-23T08:40:18Z,247,985,"LINESTRING (-9.10487 38.75245, -9.10477 38.75333, -9.10460 38.75421, -9.10517 38.75498, -9.10611 38.75548, -9.10724 38.75558, -9.10805 38.75620, -9.10817 38.75708, -9.10882 38.75782, -9.10895 38.75870, -9.10929 38.75954)"
c3f64caa-e006-4e8c-834a-01369cd55e3a,f3f49249-dc28-4f90-a5ae-c7978306d03b,Bolt,e58af8d3-b78a-4267-927f-3b9a3df43939,scooter,electric,2026-09-23T09:09:48Z,2026-09-23T09:17:39Z,471,1599,"LINESTRING (-9.10719 38.72581, -9.10793 38.72730, -9.10979 38.72797, -9.11140 38.72896, -9.11318 38.72976, -9.11453 38.73097, -9.11605 38.73205, -9.11804 38.73244, -9.12002 38.73286, -9.12207 38.73275)"
ca3ef87f-9b5d-4cb9-b368-f48a12be70f1,6bad6be2-8e7a-46e9-9f19-950499dd251d,Voi,08b7b7c7-40c8-4335-ab47-8bb8870ec758,scooter,electric,2026-09-23T09:13:41Z,2026-09-23T09:18:38Z,297,1322,"LINESTRING (-9.14392 38.75045, -9.14357 38.74849, -9.14286 38.74658, -9.14088 38.74533, -9.13877 38.74422, -9.13665 38.74313, -9.13610 38.74119)"
d4812ce6-bb85-4b50-a365-20b5e875cd7a,f38b2ffc-80a4-4f5a-91c9-bc701e7ea419,Lime,ddba7481-a674-4fca-89ba-f21c8d903c66,scooter,electric,2026-09-23T09:14:57Z,2026-09-23T09:20:02Z,305,1358,"LINESTRING (-9.16719 38.75648, -9.16496 38.75667, -9.16274 38.75645, -9.16059 38.75595, -9.15954 38.75440, -9.15781 38.75329, -9.15668 38.75177, -9.15444 38.75169)"
6df88494-3dd4-488b-aef9-936350e93388,f3f49249-dc28-4f90-a5ae-c7978306d03b,Bolt,9b4a8d0a-515c-4a27-98f0-080057f36ca6,scooter,electric,2026-09-23T09:24:19Z,2026-09-23T09:28:27Z,248,1318,"LINESTRING (-9.14072 38.72862, -9.13906 38.73062, -9.13807 38.73286, -9.13647 38.73489, -9.13344 38.73509, -9.13057 38.73429)"
4ef47086-89d2-44ac-8b07-fb8336e1e3a7,e5121482-3929-4d22-a255-accb1a466884,Dott,3ad7439a-19fc-4798-8cd2-fa2d2a76f010,bicycle,electric_assist,2026-09-23T09:53:43Z,2026-09-23T10:08:24Z,881,4292,"LINESTRING (-9.17665 38.73568, -9.17080 38.73257, -9.16419 38.73059, -9.15909 38.72676, -9.15267 38.72443, -9.14662 38.72155, -9.13965 38.72252, -9.13280 38.72393)"
bcd43a33-4169-404a-aca7-42143683f40f,e5121482-3929-4d22-a255-accb1a466884,Dott,aa2939cf-b13c-4642-9e1c-fb0a398faf3a,bicycle,electric_assist,2026-09-23T10:20:27Z,2026-09-23T10:40:55Z,1228,4168,"LINESTRING (-9.16438 38.72969, -9.15636 38.72978, -9.14841 38.72893, -9.14053 38.73010, -9.14113 38.73634, -9.14051 38.74259, -9.13621 38.74787)"
c8c33547-ed35-4df0-9470-a318a70e094e,d7a7a3cc-8c3d-4f16-9293-de8fc88b2875,Gira,b3ba9cf3-f114-4f4e-b8ad-56b02185c6ea,bicycle,electric_assist,2026-09-23T10:20:29Z,2026-09-23T10:29:35Z,546,1274,"LINESTRING (-9.13717 38.71631, -9.13795 38.71742, -9.13929 38.71815, -9.14044 38.71906, -9.14096 38.72027, -9.14259 38.72025, -9.14323 38.72143, -9.14370 38.72265, -9.14448 38.72377, -9.14607 38.72348)"
e397a35b-5a72-4ec2-983f-322641372ecc,f38b2ffc-80a4-4f5a-91c9-bc701e7ea419,Lime,9e5cf6e9-9255-4248-b771-f894f2e36355,bicycle,electric_assist,2026-09-23T10:47:52Z,2026-09-23T10:53:22Z,330,1389,"LINESTRING (-9.15614 38.70510, -9.15729 38.70423, -9.15855 38.70345, -9.15941 38.70239, -9.16010 38.70127, -9.16063 38.70008, -9.16086 38.69884, -9.16040 38.69764, -9.16053 38.69639, -9.16052 38.69514, -9.16163 38.69424)"
a585ab74-d961-47d4-bc3e-1eb917ae3778,f3f49249-dc28-4f90-a5ae-c7978306d03b,Bolt,4d2ecb65-9df0-4dde-8337-dda661963ad7,scooter,electric,2026-09-23T11:13:41Z,2026-09-23T11:17:04Z,203,899,"LINESTRING (-9.13640 38.70863, -9.13497 38.70939, -9.13326 38.70916, -9.13153 38.70922, -9.12994 38.70974, -9.12827 38.71012, -9.12657 38.70987)"
34a26d66-e0af-4bf6-945c-ab2416e1f37c,f38b2ffc-80a4-4f5a-91c9-bc701e7ea419,Lime,db4c9492-bf5f-45e2-b1d0-6d9c18bee074,bicycle,electric_assist,2026-09-23T11:18:22Z,2026-09-23T11:26:30Z,488,1884,"LINESTRING (-9.15433 38.76985, -9.15589 38.77241, -9.15945 38.77295, -9.16308 38.77286, -9.16665 38.77238, -9.16997 38.77354, -9.17295 38.77515)"
b894f08c-e1d0-434b-9f6d-8c6dd79ec63c,f38b2ffc-80a4-4f5a-91c9-bc701e7ea419,Lime,3d43281c-608f-42b1-a254-c3f06a50f9fc,bicycle,electric_assist,2026-09-23T11:25:27Z,2026-09-23T11:30:03Z,276,1142,"LINESTRING (-9.10266 38.74825, -9.10452 38.74679, -9.10621 38.74520, -9.10859 38.74431, -9.11108 38.74362, -9.11370 38.74343)"
59e35206-e454-42a7-8981-29c4874b309b,f3f49249-dc28-4f90-a5ae-c7978306d03b,Bolt,f73f7c61-f2b0-4206-a644-5bb03075ea81,scooter,electric,2026-09-23T11:41:57Z,2026-09-23T11:53:08Z,671,2603,"LINESTRING (-9.14882 38.74365, -9.14673 38.73925, -9.14165 38.73673, -9.13665 38.73414, -9.13063 38.73426, -9.12484 38.73301)"
dec8209d-74fa-4ca7-9487-d5c1e96bb5db,f38b2ffc-80a4-4f5a-91c9-bc701e7ea419,Lime,3d43281c-608f-42b1-a254-c3f06a50f9fc,scooter,electric,2026-09-23T11:46:36Z,2026-09-23T11:57:51Z,675,2091,"LINESTRING (-9.15732 38.72408, -9.15901 38.72604, -9.16137 38.72751, -9.16322 38.72937, -9.16426 38.73158, -9.16485 38.73389, -9.16705 38.73550, -9.16780 38.73778, -9.16783 38.74014)"
177a7400-4959-4514-95ad-abb2288551db,f3f49249-dc28-4f90-a5ae-c7978306d03b,Bolt,4d2ecb65-9df0-4dde-8337-dda661963ad7,scooter,electric,2026-09-23T11:51:09Z,2026-09-23T11:55:42Z,273,1425,"LINESTRING (-9.17936 38.73362, -9.18141 38.73359, -9.18345 38.73383, -9.18551 38.73383, -9.18718 38.73290, -9.18803 38.73143, -9.18797 38.72983, -9.18711 38.72837, -9.18680 38.72678)"
35a3eebe-2b9f-4f0b-99bc-cd1c45d53b43,f3f49249-dc28-4f90-a5ae-c7978306d03b,Bolt,221ba4c4-7d70-43e1-a4c2-cc1c09662f39,scooter,electric,2026-09-23T11:56:58Z,2026-09-23T12:01:54Z,296,1293,"LINESTRING (-9.13212 38.74000, -9.13372 38.73965, -9.13525 38.73916, -9.13686 38.73885, -9.13848 38.73857, -9.14012 38.73837, -9.14178 38.73828, -9.14338 38.73861, -9.14469 38.73941, -9.14597 38.74024)"
27297e40-63ca-44cd-a04f-2f6238b69fb6,f3f49249-dc28-4f90-a5ae-c7978306d03b,Bolt,a20b6436-d8ec-486b-ad9e-a62ae896319b,scooter,electric,2026-09-23T11:58:02Z,2026-09-23T12:05:46Z,464,1825,"LINESTRING (-9.18264 38.75832, -9.18327 38.75675, -9.18349 38.75511, -9.18484 38.75385, -9.18694 38.75372, -9.18872 38.75284, -9.19079 38.75317, -9.19288 38.75295, -9.19423 38.75169, -9.19564 38.75047, -9.19772 38.75077)"
6b104e62-e15e-4e75-bd82-19bbc3d12463,f38b2ffc-80a4-4f5a-91c9-bc701e7ea419,Lime,d3801b73-c446-4b8c-82e2-61237776c655,scooter,electric,2026-09-23T12:00:51Z,2026-09-23T12:04:54Z,243,996,"LINESTRING (-9.18293 38.73274, -9.18455 38.73250, -9.18579 38.73166, -9.18743 38.73153, -9.18874 38.73076, -9.18981 38.72979, -9.19051 38.72862, -9.19079 38.72736)"
1dcaf13a-fda9-4499-9cce-393659f02de5,f3f49249-dc28-4f90-a5ae-c7978306d03b,Bolt,eb74268f-b06c-4c63-9d8c-1b6f385d1c97,scooter,electric,2026-09-23T12:10:02Z,2026-09-23T12:28:33Z,1111,3471,"LINESTRING (-9.12393 38.76446, -9.12634 38.75959, -9.13164 38.75642, -9.13451 38.75171, -9.13775 38.74715, -9.13946 38.74211, -9.13940 38.73690)"
ece4b417-e8eb-484e-a0dc-bc214e43f69d,f3f49249-dc28-4f90-a5ae-c7978306d03b,Bolt,a07affad-8b8c-488a-a536-76a6437ccafb,scooter,electric,2026-09-23T12:18:43Z,2026-09-23T12:22:34Z,231,1047,"LINESTRING (-9.16253 38.70006, -9.16123 38.70035, -9.15991 38.70016, -9.15876 38.70070, -9.15788 38.70149, -9.15686 38.70218, -9.15591 38.70292, -9.15494 38.70364, -9.15470 38.70468, -9.15472 38.70572)"
c68e3b69-98bd-4e58-9f69-5f87eed66776,6bad6be2-8e7a-46e9-9f19-950499dd251d,Voi,cad71eb4-59c8-40ea-bc48-ec7262e7825f,scooter,electric,2026-09-23T12:22:44Z,2026-09-23T12:27:12Z,268,777,"LINESTRING (-9.13557 38.76808, -9.13451 38.76752, -9.13328 38.76779, -9.13213 38.76823, -9.13085 38.76818, -9.12957 38.76827, -9.12832 38.76804, -9.12719 38.76757)"
a4965c27-0d64-4f23-aea3-ba35eeeffd00,f38b2ffc-80a4-4f5a-91c9-bc701e7ea419,Lime,026b3d02-a13b-487b-bf3b-9167f9e2e7d0,bicycle,electric_assist,2026-09-23T12:40:41Z,2026-09-23T12:48:06Z,445,1504,"LINESTRING (-9.12794 38.72480, -9.13059 38.72655, -9.13147 38.72917, -9.12994 38.73160, -9.12876 38.73415, -9.12624 38.73602)"
a3f32918-3f24-41c8-902f-d321d6af46f8,e5121482-3929-4d22-a255-accb1a466884,Dott,ab8e4041-6e35-4e9d-9904-8fce2b7a3cf0,scooter,electric,2026-09-23T12:42:51Z,2026-09-23T12:47:58Z,307,1224,"LINESTRING (-9.17490 38.76363, -9.17381 38.76471, -9.17211 38.76509, -9.17041 38.76472, -9.16868 38.76441, -9.16717 38.76370, -9.16554 38.76316, -9.16385 38.76276, -9.16225 38.76218)"
c51322e0-9605-4cbb-9173-4e3582f65f64,6bad6be2-8e7a-46e9-9f19-950499dd251d,Voi,03b2eb39-5bb7-4bfc-a09d-e50d91c41ceb,scooter,electric,2026-09-23T12:44:50Z,2026-09-23T12:52:38Z,468,2154,"LINESTRING (-9.17578 38.72357, -9.17883 38.72576, -9.18025 38.72880, -9.17959 38.73199, -9.17690 38.73446, -9.17307 38.73568, -9.16998 38.73784)"
3456f7e8-3431-4ff4-ab40-4db5473721f6,e5121482-3929-4d22-a255-accb1a466884,Dott,ff5c37e3-790e-4bc8-a4c2-ce6b9e266b74,scooter,electric,2026-09-23T12:50:21Z,2026-09-23T13:03:10Z,769,2394,"LINESTRING (-9.14796 38.75182, -9.14499 38.75245, -9.14198 38.75292, -9.13894 38.75326, -9.13586 38.75324, -9.13280 38.75310, -9.13034 38.75454, -9.12788 38.75598, -9.12623 38.75800, -9.12373 38.75939)"
a28327fd-9eea-4d0f-9c50-a9a3df90505d,f38b2ffc-80a4-4f5a-91c9-bc701e7ea419,Lime,7dabe929-c4a3-44bf-86cd-75e9bb049a79,bicycle,electric_assist,2026-09-23T12:58:39Z,2026-09-23T13:05:42Z,423,1618,"LINESTRING (-9.15535 38.74027, -9.15496 38.74233, -9.15549 38.74437, -9.15577 38.74645, -9.15563 38.74853, -9.15693 38.75034, -9.15789 38.75229, -9.16017 38.75337)"
dc185a0b-fce9-43ae-8790-9e36ccbe3d54,f38b2ffc-80a4-4f5a-91c9-bc701e7ea419,Lime,2c2dba9d-a39d-4086-899a-0307cb9d2149,scooter,electric,2026-09-23T13:07:29Z,2026-09-23T13:11:57Z,268,1341,"LINESTRING (-9.11898 38.73497, -9.12049 38.73433, -9.12152 38.73325, -9.12201 38.73197, -9.12333 38.73111, -9.12502 38.73084, -9.12670 38.73113, -9.12821 38.73177, -9.12988 38.73211, -9.13143 38.73154)"
c68eb727-384d-4cf4-9aa6-1f08f78cd671,f3f49249-dc28-4f90-a5ae-c7978306d03b,Bolt,b8d92d95-b9d3-4bd2-9086-a15edce937e4,scooter,electric,2026-09-23T13:13:59Z,2026-09-23T13:18:40Z,281,1661,"LINESTRING (-9.16523 38.75311, -9.16609 38.75514, -9.16734 38.75704, -9.16780 38.75915, -9.16949 38.76084, -9.17095 38.76265, -9.17353 38.76336, -9.17609 38.76413)"
1b2affe1-decb-4de5-8fb2-c371921620bc,e5121482-3929-4d22-a255-accb1a466884,Dott,c051260e-59c9-4139-bd70-1a0dd4e8eabd,bicycle,electric_assist,2026-09-23T13:43:35Z,2026-09-23T13:49:17Z,342,1252,"LINESTRING (-9.11250 38.70179, -9.11223 38.70319, -9.11173 38.70454, -9.11081 38.70576, -9.11029 38.70711, -9.10959 38.70841, -9.10930 38.70980, -9.10818 38.71091, -9.10700 38.71197)"
61afe278-4ac8-47d4-829d-ed1fa8994a08,f38b2ffc-80a4-4f5a-91c9-bc701e7ea419,Lime,f0acdebe-7aa9-4416-ba5c-875cd7aa2208,scooter,electric,2026-09-23T13:47:42Z,2026-09-23T13:53:04Z,322,1697,"LINESTRING (-9.13709 38.71245, -9.13589 38.71365, -9.13529 38.71511, -9.13379 38.71609, -9.13205 38.71679, -9.13069 38.71790, -9.12880 38.71829, -9.12692 38.71873, -9.12496 38.71865, -9.12356 38.71971, -9.12185 38.72047)"
5f2c4ad4-ce0e-4a23-8a73-ce45e9b26271,f3f49249-dc28-4f90-a5ae-c7978306d03b,Bolt,54eb1e9f-8fc3-4287-819b-0c586ebea6fb,scooter,electric,2026-09-23T13:57:14Z,2026-09-23T14:01:06Z,232,961,"LINESTRING (-9.11473 38.73088, -9.11389 38.73194, -9.11351 38.73314, -9.11269 38.73420, -9.11143 38.73496, -9.10999 38.73547, -9.10858 38.73604, -9.10726 38.73672)"
f7d577fe-509c-4f63-a803-c7e283959388,f3f49249-dc28-4f90-a5ae-c7978306d03b,Bolt,b2cedc0c-b463-4028-9805-d62d9604bf34,scooter,electric,2026-09-23T14:26:34Z,2026-09-23T14:41:49Z,915,2943,"LINESTRING (-9.12262 38.71796, -9.12235 38.72175, -9.12240 38.72554, -9.12153 38.72926, -9.12351 38.73272, -9.12583 38.73605, -9.12752 38.73960, -9.12798 38.74337)"
b93fe6a2-1b73-4fbe-a3c8-14800d1a4e23,6bad6be2-8e7a-46e9-9f19-950499dd251d,Voi,895bf10a-9cce-402e-ad04-0b1f1a6688ba,scooter,electric,2026-09-23T14:38:50Z,2026-09-23T14:47:09Z,499,1715,"LINESTRING (-9.14629 38.73088, -9.14502 38.72795, -9.14276 38.72541, -9.13914 38.72415, -9.13540 38.72312, -9.13223 38.72127)"
e98d48b9-c8b8-4db1-a353-bb39e9fee8bd,f38b2ffc-80a4-4f5a-91c9-bc701e7ea419,Lime,025ff87c-44df-4a13-94f3-98ee4b5c1a95,bicycle,electric_assist,2026-09-23T15:00:17Z,2026-09-23T15:13:58Z,821,3018,"LINESTRING (-9.13016 38.73591, -9.13291 38.73757, -9.13375 38.74021, -9.13235 38.74270, -9.13078 38.74513, -9.13030 38.74782, -9.12918 38.75040, -9.12843 38.75305, -9.12773 38.75572, -9.12741 38.75842, -9.12663 38.76107)"
bb464d24-3d20-4f68-b6d5-3690fa7ab5e7,6bad6be2-8e7a-46e9-9f19-950499dd251d,Voi,6f456bec-cd31-470e-86a9-5ffa42149a69,scooter,electric,2026-09-23T15:11:19Z,2026-09-23T15:21:00Z,581,2647,"LINESTRING (-9.16692 38.72855, -9.16637 38.72460, -9.16867 38.72105, -9.17275 38.71867, -9.17784 38.71863, -9.18271 38.71980, -9.18515 38.72329)"
b0a3ea56-2a8e-444b-b2ec-edaf154af706,f38b2ffc-80a4-4f5a-91c9-bc701e7ea419,Lime,ffce6973-7f62-4f26-b6c3-266043710baf,scooter,electric,2026-09-23T15:13:46Z,2026-09-23T15:27:54Z,848,2839,"LINESTRING (-9.15332 38.74155, -9.14984 38.74241, -9.14643 38.74342, -9.14299 38.74435, -9.14065 38.74653, -9.13857 38.74887, -9.13596 38.75085, -9.13374 38.75310, -9.13492 38.75579, -9.13628 38.75843)"
914a90ec-fe61-414b-830c-a3ddd01dd86b,d7a7a3cc-8c3d-4f16-9293-de8fc88b2875,Gira,bef36838-8a65-4a6e-9597-fea4aed9e0e7,bicycle,electric_assist,2026-09-23T15:17:18Z,2026-09-23T15:27:48Z,630,1848,"LINESTRING (-9.17059 38.72988, -9.16761 38.73039, -9.16521 38.73186, -9.16218 38.73162, -9.15924 38.73099, -9.15712 38.72928, -9.15416 38.72872, -9.15134 38.72781)"
b740b508-9ebb-4cb7-926a-6e0ddb734f76,6bad6be2-8e7a-46e9-9f19-950499dd251d,Voi,605797b7-9bd5-4b24-b636-6b3d9cbdaa2c,scooter,electric,2026-09-23T15:33:44Z,2026-09-23T15:48:16Z,872,2754,"LINESTRING (-9.16815 38.70866, -9.17161 38.71019, -9.17490 38.71193, -9.17857 38.71075, -9.18189 38.70903, -9.18501 38.70711, -9.18897 38.70737, -9.19144 38.70981, -9.19105 38.71289)"
7dfc42bd-da1b-4a1d-b11a-5fba4366270d,f3f49249-dc28-4f90-a5ae-c7978306d03b,Bolt,b6fe3f33-2549-4c72-9312-a6cde66f0182,scooter,electric,2026-09-23T16:01:09Z,2026-09-23T16:06:59Z,350,1482,"LINESTRING (-9.10278 38.75596, -9.10302 38.75762, -9.10224 38.75917, -9.10248 38.76083, -9.10180 38.76241, -9.10032 38.76361, -9.09821 38.76390, -9.09654 38.76495, -9.09643 38.76662)"
2f37ab81-29ce-427c-90a4-1d3cf6b3306f,f3f49249-dc28-4f90-a5ae-c7978306d03b,Bolt,9b4a8d0a-515c-4a27-98f0-080057f36ca6,scooter,electric,2026-09-23T16:51:32Z,2026-09-23T17:04:26Z,774,3420,"LINESTRING (-9.11916 38.70116, -9.12311 38.70123, -9.12701 38.70170, -9.12974 38.70393, -9.13196 38.70647, -9.13438 38.70891, -9.13794 38.71025, -9.14116 38.71203, -9.14454 38.71362, -9.14844 38.71411, -9.15201 38.71543)"
5c88b28d-92e9-4985-a9d7-78e9e1557533,e5121482-3929-4d22-a255-accb1a466884,Dott,3ad7439a-19fc-4798-8cd2-fa2d2a76f010,scooter,electric,2026-09-23T17:11:30Z,2026-09-23T17:21:08Z,578,1888,"LINESTRING (-9.11510 38.76729, -9.11333 38.76829, -9.11131 38.76893, -9.11035 38.77046, -9.11003 38.77214, -9.10933 38.77375, -9.10873 38.77539, -9.10853 38.77708, -9.10822 38.77876, -9.10825 38.78046, -9.10718 38.78195)"
84b13bcc-9bb7-4c71-8180-ac4be5d7a88a,6bad6be2-8e7a-46e9-9f19-950499dd251d,Voi,cb10c60b-8b71-415b-b9c3-66f78a560810,scooter,electric,2026-09-23T17:12:30Z,2026-09-23T17:30:46Z,1096,4392,"LINESTRING (-9.14581 38.71673, -9.15509 38.71993, -9.15908 38.72720, -9.16227 38.73472, -9.16567 38.74217, -9.16863 38.74974)"
13c0f44c-3b55-4843-9f33-be91df240e47,e5121482-3929-4d22-a255-accb1a466884,Dott,fbe8f16e-39cf-4723-a9fd-7f44d61f7e74,scooter,electric,2026-09-23T17:35:06Z,2026-09-23T17:39:12Z,246,1282,"LINESTRING (-9.14937 38.75528, -9.15073 38.75482, -9.15184 38.75406, -9.15287 38.75322, -9.15432 38.75298, -9.15579 38.75308, -9.15684 38.75226, -9.15791 38.75147, -9.15884 38.75057, -9.16004 38.74988, -9.16115 38.74912)"
7194af4b-5b00-428f-a90b-744be0e12523,f3f49249-dc28-4f90-a5ae-c7978306d03b,Bolt,300a0066-b143-48ce-8e46-9e6f14388e02,scooter,electric,2026-09-23T17:51:15Z,2026-09-23T18:00:19Z,544,2631,"LINESTRING (-9.10910 38.73901, -9.10770 38.73522, -9.10443 38.73220, -9.10056 38.72965, -9.09629 38.72752, -9.09125 38.72712, -9.08793 38.72414)"
459e1de5-2317-4e1d-9e11-3905f3666471,f38b2ffc-80a4-4f5a-91c9-bc701e7ea419,Lime,b79ecb4e-a95c-4c0b-8746-58348afd44ae,bicycle,electric_assist,2026-09-23T18:17:33Z,2026-09-23T18:22:06Z,273,1324,"LINESTRING (-9.12214 38.71048, -9.11990 38.70954, -9.11737 38.70931, -9.11503 38.70851, -9.11305 38.70977, -9.11075 38.71063, -9.10829 38.71115)"
97833220-9052-4e22-be24-23b631a648a6,e5121482-3929-4d22-a255-accb1a466884,Dott,851f34bb-de98-4e78-9a2a-c8455a7cfed7,bicycle,electric_assist,2026-09-23T18:28:29Z,2026-09-23T18:44:40Z,971,3302,"LINESTRING (-9.18426 38.76625, -9.19069 38.76946, -9.19756 38.76688, -9.20501 38.76558, -9.21217 38.76763, -9.21927 38.76982)"
a4866a21-4594-459b-bf54-2eac30a8e5ad,e5121482-3929-4d22-a255-accb1a466884,Dott,d884d50b-1179-43c6-8f49-199e719f9c8b,bicycle,electric_assist,2026-09-23T18:30:39Z,2026-09-23T18:48:14Z,1055,3755,"LINESTRING (-9.14767 38.71515, -9.14149 38.71487, -9.13697 38.71156, -9.13173 38.70898, -9.12947 38.70448, -9.12496 38.70779, -9.12445 38.71261, -9.12444 38.71744)"
ae8b0732-ce0f-484d-bf52-24d102511e83,f3f49249-dc28-4f90-a5ae-c7978306d03b,Bolt,183b60e5-0ee4-4d4c-81ef-c27d7888cb20,scooter,electric,2026-09-23T18:32:03Z,2026-09-23T18:46:08Z,845,3001,"LINESTRING (-9.10123 38.72390, -9.10512 38.72539, -9.10945 38.72557, -9.11359 38.72656, -9.11284 38.72989, -9.10998 38.73243, -9.11014 38.73581, -9.10974 38.73917, -9.10739 38.74202)"
b813fce9-005e-4593-8f79-6b0dea42f840,f3f49249-dc28-4f90-a5ae-c7978306d03b,Bolt,b8d92d95-b9d3-4bd2-9086-a15edce937e4,scooter,electric,2026-09-23T18:35:33Z,2026-09-23T19:02:57Z,1644,6009,"LINESTRING (-9.16395 38.75489, -9.15746 38.75682, -9.15069 38.75562, -9.14434 38.75345, -9.13962 38.74947, -9.13368 38.74667, -9.13072 38.74178, -9.12918 38.73650, -9.12621 38.73160, -9.13000 38.72707, -9.13225 38.72195)"
11e588e5-8090-4f3a-aa07-6c56420e32de,f3f49249-dc28-4f90-a5ae-c7978306d03b,Bolt,9bfeb0c4-eced-4c6f-9b3a-afeca16b28b1,scooter,electric,2026-09-23T18:43:03Z,2026-09-23T18:48:53Z,350,1840,"LINESTRING (-9.09685 38.75529, -9.09947 38.75343, -9.10271 38.75232, -9.10613 38.75159, -9.10943 38.75059, -9.11296 38.75029, -9.11642 38.75087)"
551a4d87-fc5a-4f95-960b-4e1e74dd1146,f38b2ffc-80a4-4f5a-91c9-bc701e7ea419,Lime,9b97d72a-50e9-4d6d-a779-082cecbc0534,bicycle,electric_assist,2026-09-23T18:43:23Z,2026-09-23T18:48:19Z,296,1056,"LINESTRING (-9.15935 38.71248, -9.15887 38.71161, -9.15801 38.71093, -9.15715 38.71026, -9.15646 38.70947, -9.15571 38.70872, -9.15533 38.70781, -9.15466 38.70702, -9.15384 38.70631, -9.15336 38.70544, -9.15337 38.70449)"
d6f3a049-21f3-421c-a974-24537b375493,e5121482-3929-4d22-a255-accb1a466884,Dott,d16d3411-502a-43b6-9c29-490a4be3bcf2,bicycle,electric_assist,2026-09-23T18:52:06Z,2026-09-23T18:55:38Z,212,1210,"LINESTRING (-9.11880 38.70115, -9.11809 38.70008, -9.11795 38.69887, -9.11840 38.69771, -9.11941 38.69679, -9.12015 38.69572, -9.12074 38.69460, -9.12162 38.69361, -9.12245 38.69258, -9.12307 38.69147)"
aa3ccdba-7794-4f63-a834-62f0e3ddbc5c,f38b2ffc-80a4-4f5a-91c9-bc701e7ea419,Lime,25ce93fc-c95e-41d0-8145-ff00e39f13d7,scooter,electric,2026-09-23T19:21:31Z,2026-09-23T19:32:15Z,644,1916,"LINESTRING (-9.18252 38.70930, -9.17810 38.70956, -9.17380 38.71037, -9.16952 38.71124, -9.16603 38.71336, -9.16161 38.71342)"
bb0e66db-e709-4386-ae3a-5d0192e72f06,d7a7a3cc-8c3d-4f16-9293-de8fc88b2875,Gira,f69e75a3-450d-4734-b112-cdd66e043667,bicycle,electric_assist,2026-09-23T19:31:41Z,2026-09-23T19:46:12Z,871,2175,"LINESTRING (-9.16858 38.76748, -9.16585 38.76700, -9.16533 38.76486, -9.16488 38.76271, -9.16477 38.76054, -9.16318 38.75875, -9.16081 38.75760, -9.15811 38.75705, -9.15542 38.75645, -9.15282 38.75567)"
c6c31a1c-7b6e-42f1-82f7-73d85843ca62,e5121482-3929-4d22-a255-accb1a466884,Dott,deddc341-796f-43ef-916d-8fd6d2a0c9c8,scooter,electric,2026-09-23T20:09:19Z,2026-09-23T20:24:37Z,918,3576,"LINESTRING (-9.13337 38.72700, -9.13948 38.72947, -9.14549 38.73210, -9.15183 38.73419, -9.15826 38.73610, -9.16477 38.73786, -9.17126 38.73965)"
93f69cfa-face-4d1c-8fa5-fad0ffc3009f,d7a7a3cc-8c3d-4f16-9293-de8fc88b2875,Gira,b090385c-12ba-4845-8b23-f006d2fa3fdc,bicycle,electric_assist,2026-09-23T20:46:25Z,2026-09-23T21:00:01Z,816,2097,"LINESTRING (-9.10893 38.75612, -9.10888 38.75376, -9.10822 38.75145, -9.10961 38.74936, -9.11117 38.74733, -9.11349 38.74581, -9.11588 38.74436, -9.11809 38.74275, -9.11869 38.74043)"
8a70b2e4-6bd7-4d1c-a0a4-490cc4a2f140,d7a7a3cc-8c3d-4f16-9293-de8fc88b2875,Gira,1832fc16-c7ea-4a3a-873c-8fc14994fc89,bicycle,electric_assist,2026-09-23T20:54:58Z,2026-09-23T21:03:28Z,510,851,"LINESTRING (-9.16062 38.76257, -9.16167 38.76282, -9.16268 38.76313, -9.16373 38.76288, -9.16480 38.76270, -9.16589 38.76278, -9.16689 38.76312, -9.16758 38.76378, -9.16830 38.76442, -9.16901 38.76506)"
c0567114-8315-409c-a520-f928f2b77f85,e5121482-3929-4d22-a255-accb1a466884,Dott,2cfb16e6-5288-4663-8c84-9a79afcc4d31,bicycle,electric_assist,2026-09-23T20:55:37Z,2026-09-23T21:10:05Z,868,2840,"LINESTRING (-9.13629 38.71602, -9.13229 38.71792, -9.13043 38.72127, -9.13151 38.72483, -9.13281 38.72834, -9.13069 38.73160, -9.12929 38.73509, -9.12554 38.73728)"
a83f9a25-5b84-4973-b753-0222aa350ac3,f3f49249-dc28-4f90-a5ae-c7978306d03b,Bolt,eb74268f-b06c-4c63-9d8c-1b6f385d1c97,scooter,electric,2026-09-23T21:49:35Z,2026-09-23T21:54:20Z,285,1387,"LINESTRING (-9.13614 38.71657, -9.13614 38.71518, -9.13570 38.71383, -9.13609 38.71248, -9.13561 38.71114, -9.13473 38.70993, -9.13528 38.70861, -9.13553 38.70723, -9.13531 38.70585, -9.13709 38.70579)"
65c0695c-a867-4cf2-8044-1edd05d90af8,6bad6be2-8e7a-46e9-9f19-950499dd251d,Voi,a59ec30e-67ef-45ed-9620-e849a937cbcf,scooter,electric,2026-09-24T00:22:58Z,2026-09-24T00:33:32Z,634,2859,"LINESTRING (-9.17393 38.75153, -9.17711 38.75010, -9.17848 38.74745, -9.17771 38.74465, -9.17532 38.74247, -9.17479 38.73964, -9.17682 38.73726, -9.18007 38.73593, -9.18353 38.73499, -9.18640 38.73320)"
bf7df123-107d-4ba8-af23-278b1ed2026e,f38b2ffc-80a4-4f5a-91c9-bc701e7ea419,Lime,02ebb8d8-d734-4c4a-a86a-04d10e66c6be,scooter,electric,2026-09-24T01:45:27Z,2026-09-24T01:49:58Z,271,1234,"LINESTRING (-9.17157 38.72538, -9.17021 38.72474, -9.16869 38.72438, -9.16753 38.72355, -9.16666 38.72251, -9.16606 38.72137, -9.16630 38.72014, -9.16720 38.71913, -9.16802 38.71807, -9.16902 38.71711)"
bca730bc-f5bf-44e4-a268-1c8c2dd020a1,f3f49249-dc28-4f90-a5ae-c7978306d03b,Bolt,7fae0a6b-e8d4-4587-b971-084f59095c12,scooter,electric,2026-09-24T02:02:39Z,2026-09-24T02:17:20Z,881,3451,"LINESTRING (-9.12546 38.76487, -9.12906 38.76352, -9.13223 38.76164, -9.13513 38.75951, -9.13827 38.75759, -9.14076 38.75516, -9.14291 38.75254, -9.14531 38.75006, -9.14920 38.74938, -9.15127 38.74672, -9.15105 38.74362)"
9eeaaa8a-6cf5-4c8c-b51d-0c13d86bc0dc,f38b2ffc-80a4-4f5a-91c9-bc701e7ea419,Lime,97bc9f31-bcc1-4936-8aa5-8cd04f77abb9,bicycle,electric_assist,2026-09-24T05:25:24Z,2026-09-24T05:29:19Z,235,1254,"LINESTRING (-9.12607 38.74458, -9.12784 38.74490, -9.12965 38.74492, -9.13086 38.74598, -9.13138 38.74733, -9.13214 38.74861, -9.13315 38.74978, -9.13451 38.75071, -9.13417 38.75210)"
f552645b-31aa-435f-971e-4e89a2a07413,d7a7a3cc-8c3d-4f16-9293-de8fc88b2875,Gira,d73f213d-a048-4e8c-8719-2c7d33ba490f,bicycle,electric_assist,2026-09-24T06:40:55Z,2026-09-24T06:58:55Z,1080,2624,"LINESTRING (-9.15830 38.71413, -9.15784 38.71707, -9.15453 38.71850, -9.15248 38.72098, -9.14934 38.72264, -9.14612 38.72108, -9.14233 38.72111, -9.13854 38.72118, -9.13488 38.72041)"
b19d22f5-0c6f-4d93-8523-211973f9d43c,6bad6be2-8e7a-46e9-9f19-950499dd251d,Voi,605797b7-9bd5-4b24-b636-6b3d9cbdaa2c,scooter,electric,2026-09-24T06:47:51Z,2026-09-24T06:52:51Z,300,1156,"LINESTRING (-9.10941 38.75070, -9.10983 38.75215, -9.11161 38.75270, -9.11239 38.75406, -9.11147 38.75536, -9.10960 38.75568, -9.10791 38.75637, -9.10657 38.75744)"
541842dc-6846-4ba6-82ed-2b239b982f6b,f38b2ffc-80a4-4f5a-91c9-bc701e7ea419,Lime,d8b6dd5b-5a19-47d0-86f5-94cff6111cf2,bicycle,electric_assist,2026-09-24T06:49:20Z,2026-09-24T06:54:52Z,332,1648,"LINESTRING (-9.10673 38.74976, -9.10384 38.75170, -9.10021 38.75259, -9.09826 38.75514, -9.09817 38.75811, -9.09561 38.76031)"
d20ccbd5-9370-496d-a317-26630dc05eb3,f3f49249-dc28-4f90-a5ae-c7978306d03b,Bolt,fc15b536-7cf8-4d4a-9aab-bcebd728f6f4,scooter,electric,2026-09-24T06:58:19Z,2026-09-24T07:04:53Z,394,2095,"LINESTRING (-9.16325 38.71877, -9.16569 38.71964, -9.16816 38.72047, -9.16965 38.72222, -9.16965 38.72432, -9.16991 38.72641, -9.16976 38.72850, -9.16917 38.73055, -9.16874 38.73262, -9.16828 38.73469)"
1d9e1f0c-2e86-4eea-97ff-0bca6874dd83,f38b2ffc-80a4-4f5a-91c9-bc701e7ea419,Lime,d3801b73-c446-4b8c-82e2-61237776c655,scooter,electric,2026-09-24T07:11:38Z,2026-09-24T07:55:27Z,2629,7145,"LINESTRING (-9.17547 38.76414, -9.18244 38.76759, -9.19065 38.76694, -9.19625 38.77168, -9.20396 38.77398, -9.21186 38.77586, -9.21918 38.77288, -9.22501 38.76832, -9.23022 38.76333, -9.23534 38.75828, -9.24355 38.75756)"
27624b54-36d4-47ab-b117-dc2a495949e1,f38b2ffc-80a4-4f5a-91c9-bc701e7ea419,Lime,ac9f21df-74f0-4af5-b361-8e1ca06d7a69,scooter,electric,2026-09-24T07:30:45Z,2026-09-24T07:44:58Z,853,4213,"LINESTRING (-9.16856 38.74658, -9.16696 38.74037, -9.16161 38.73562, -9.15793 38.72998, -9.15258 38.72523, -9.14969 38.71931, -9.14667 38.71344)"
e9474143-f4ce-42f1-8228-53afc8654c2f,e5121482-3929-4d22-a255-accb1a466884,Dott,4c22499d-d4b2-4a27-b0b2-a517ba58b47b,bicycle,electric_assist,2026-09-24T07:30:57Z,2026-09-24T07:39:46Z,529,1978,"LINESTRING (-9.15371 38.75991, -9.15784 38.76144, -9.16015 38.76451, -9.16302 38.76729, -9.16275 38.77084, -9.16249 38.77440)"
3c11a129-c626-4636-8eaa-5ef3efe23d79,f38b2ffc-80a4-4f5a-91c9-bc701e7ea419,Lime,96060250-ea3e-4f73-884c-1884c88f63d6,bicycle,electric_assist,2026-09-24T07:31:42Z,2026-09-24T07:40:24Z,522,2335,"LINESTRING (-9.16758 38.74443, -9.17297 38.74452, -9.17807 38.74314, -9.18318 38.74179, -9.18857 38.74182, -9.19385 38.74094)"
508af1ca-fbee-4676-af54-62c01fb63362,f3f49249-dc28-4f90-a5ae-c7978306d03b,Bolt,5479cbec-27e4-47b1-9878-c0bffb8ac7f1,scooter,electric,2026-09-24T07:39:55Z,2026-09-24T07:42:47Z,172,833,"LINESTRING (-9.13090 38.76136, -9.12987 38.76263, -9.12915 38.76402, -9.12886 38.76550, -9.12765 38.76667, -9.12605 38.76751)"
9e48e608-68e6-4c11-8e10-9f407ea46340,d7a7a3cc-8c3d-4f16-9293-de8fc88b2875,Gira,c1a0dbac-4a84-4014-9164-874fed0c2230,bicycle,electric_assist,2026-09-24T07:43:11Z,2026-09-24T07:45:18Z,127,563,"LINESTRING (-9.17926 38.75463, -9.18032 38.75446, -9.18102 38.75510, -9.18158 38.75583, -9.18154 38.75667, -9.18172 38.75751, -9.18262 38.75797)"
add672fb-d0b5-4533-b4ab-a784425e7042,f38b2ffc-80a4-4f5a-91c9-bc701e7ea419,Lime,637c119a-f906-499e-a24e-229f5b72fcc5,bicycle,electric_assist,2026-09-24T07:44:43Z,2026-09-24T07:57:33Z,770,2875,"LINESTRING (-9.13538 38.70458, -9.13528 38.70976, -9.13848 38.71430, -9.14238 38.71849, -9.14606 38.72280, -9.14476 38.72788)"
99b69369-f75b-401d-82f7-18b2472d126e,f38b2ffc-80a4-4f5a-91c9-bc701e7ea419,Lime,2f9e09c9-d828-4123-a945-e7bb290f5d0f,scooter,electric,2026-09-24T07:44:48Z,2026-09-24T07:53:08Z,500,1777,"LINESTRING (-9.12816 38.74607, -9.12613 38.74392, -9.12599 38.74126, -9.12420 38.73899, -9.12354 38.73637, -9.12242 38.73385, -9.12361 38.73134)"
8889ded3-c485-4639-adfb-f9a79f45f66c,f3f49249-dc28-4f90-a5ae-c7978306d03b,Bolt,eb74268f-b06c-4c63-9d8c-1b6f385d1c97,scooter,electric,2026-09-24T07:50:12Z,2026-09-24T07:53:24Z,192,805,"LINESTRING (-9.10441 38.71703, -9.10396 38.71619, -9.10324 38.71548, -9.10312 38.71458, -9.10278 38.71371, -9.10198 38.71305, -9.10133 38.71230, -9.10029 38.71190, -9.09948 38.71125)"
9b92f4e2-ec9b-4201-beb9-8fbd87cdaa68,e5121482-3929-4d22-a255-accb1a466884,Dott,ab8e4041-6e35-4e9d-9904-8fce2b7a3cf0,scooter,electric,2026-09-24T07:55:53Z,2026-09-24T08:02:55Z,422,1999,"LINESTRING (-9.12503 38.77066, -9.12197 38.76968, -9.11904 38.76850, -9.11588 38.76777, -9.11268 38.76841, -9.10938 38.76835, -9.10623 38.76758, -9.10295 38.76783)"
32e64b33-3637-4cd4-a632-230b029992a4,6bad6be2-8e7a-46e9-9f19-950499dd251d,Voi,f85d1813-70d8-403a-a30d-ad86096b4ef8,scooter,electric,2026-09-24T08:00:22Z,2026-09-24T08:08:58Z,516,2533,"LINESTRING (-9.14609 38.74853, -9.14974 38.74875, -9.15316 38.74976, -9.15628 38.75125, -9.15797 38.75377, -9.16082 38.75556, -9.16282 38.75795, -9.16510 38.76018, -9.16827 38.76161)"
53f7b0cd-5f77-47fa-8fa6-6861e0596099,e5121482-3929-4d22-a255-accb1a466884,Dott,19fbcf5c-fb59-4cb3-95a6-fd418b9be801,scooter,electric,2026-09-24T08:04:07Z,2026-09-24T08:06:05Z,118,548,"LINESTRING (-9.10120 38.72333, -9.10051 38.72340, -9.09998 38.72377, -9.09928 38.72382, -9.09865 38.72358, -9.09795 38.72356, -9.09725 38.72362, -9.09658 38.72378, -9.09610 38.72419, -9.09561 38.72458)"
eadeba14-f40c-4b53-80dd-b79841be9609,f38b2ffc-80a4-4f5a-91c9-bc701e7ea419,Lime,a7e27f8c-f92a-4541-a5dc-589698d1e304,bicycle,electric_assist,2026-09-24T08:06:10Z,2026-09-24T08:18:33Z,743,2830,"LINESTRING (-9.17410 38.70766, -9.17071 38.70866, -9.17118 38.71147, -9.17098 38.71429, -9.17088 38.71713, -9.17014 38.71990, -9.16899 38.72259, -9.16742 38.72514, -9.16460 38.72692, -9.16098 38.72720)"
1e7810c6-5fe7-4157-a5c1-3c489f3f39d2,f3f49249-dc28-4f90-a5ae-c7978306d03b,Bolt,29ef7ab1-0730-4359-81ba-d5e1542a6174,scooter,electric,2026-09-24T08:20:11Z,2026-09-24T08:25:18Z,307,1231,"LINESTRING (-9.10223 38.70319, -9.10236 38.70134, -9.10345 38.69970, -9.10422 38.69796, -9.10559 38.69645, -9.10794 38.69618, -9.11029 38.69642)"
5ea56a7c-9a00-487d-8f16-4f91a5d0304d,f3f49249-dc28-4f90-a5ae-c7978306d03b,Bolt,40fc7f1b-5dbe-45b9-8f17-6b347b0dc700,scooter,electric,2026-09-24T08:25:41Z,2026-09-24T08:32:34Z,413,1659,"LINESTRING (-9.11384 38.75939, -9.11004 38.75975, -9.10625 38.75928, -9.10248 38.75874, -9.09902 38.75745, -9.09525 38.75800)"
498434ba-0b1c-498e-ae72-74b6821ce681,d7a7a3cc-8c3d-4f16-9293-de8fc88b2875,Gira,5df6bd28-0291-4f4d-be8f-7334db828663,bicycle,electric_assist,2026-09-24T08:36:55Z,2026-09-24T08:44:42Z,467,1705,"LINESTRING (-9.17464 38.75337, -9.17300 38.75224, -9.17107 38.75143, -9.16987 38.75001, -9.16980 38.74830, -9.16974 38.74659, -9.16849 38.74519, -9.16705 38.74391, -9.16537 38.74281, -9.16319 38.74291)"
c200f673-0043-4443-9e97-7d87a8c708d8,f38b2ffc-80a4-4f5a-91c9-bc701e7ea419,Lime,e0b89bcb-adba-4ed0-b600-860c7bdcfd55,scooter,electric,2026-09-24T09:00:06Z,2026-09-24T09:12:01Z,715,2668,"LINESTRING (-9.12554 38.74528, -9.12779 38.74692, -9.13040 38.74820, -9.13179 38.75035, -9.13378 38.75219, -9.13672 38.75146, -9.13974 38.75101, -9.14280 38.75072, -9.14562 38.75170, -9.14866 38.75211, -9.15167 38.75262)"
d18de475-dd5f-4bd5-8287-df4cd9e7ca13,f38b2ffc-80a4-4f5a-91c9-bc701e7ea419,Lime,f0acdebe-7aa9-4416-ba5c-875cd7aa2208,bicycle,electric_assist,2026-09-24T09:41:22Z,2026-09-24T09:54:44Z,802,3029,"LINESTRING (-9.14365 38.75668, -9.14148 38.75454, -9.14188 38.75183, -9.14276 38.74918, -9.14473 38.74693, -9.14721 38.74500, -9.14966 38.74305, -9.15086 38.74049, -9.14833 38.73860, -9.14600 38.73657, -9.14306 38.73508)"
292c5c95-49b3-4573-9668-4bc1627c5779,f3f49249-dc28-4f90-a5ae-c7978306d03b,Bolt,d7308713-adb1-4993-8f13-3eed22ff7c2e,scooter,electric,2026-09-24T09:48:49Z,2026-09-24T09:52:15Z,206,976,"LINESTRING (-9.11910 38.76062, -9.11850 38.76162, -9.11761 38.76248, -9.11754 38.76357, -9.11705 38.76460, -9.11625 38.76551, -9.11505 38.76610, -9.11371 38.76576, -9.11283 38.76490)"
39254f52-fa12-4414-bcaa-76e78923b372,f38b2ffc-80a4-4f5a-91c9-bc701e7ea419,Lime,97bc9f31-bcc1-4936-8aa5-8cd04f77abb9,bicycle,electric_assist,2026-09-24T10:22:34Z,2026-09-24T10:28:43Z,369,1551,"LINESTRING (-9.16873 38.75666, -9.16743 38.75783, -9.16758 38.75938, -9.16692 38.76085, -9.16611 38.76227, -9.16569 38.76378, -9.16510 38.76527, -9.16498 38.76682, -9.16458 38.76834, -9.16502 38.76985)"
79f6726f-b589-410b-9a81-4d6e0a74637e,d7a7a3cc-8c3d-4f16-9293-de8fc88b2875,Gira,8d632e14-31b6-430e-a650-b3a12bb9dbd8,bicycle,electric_assist,2026-09-24T10:30:26Z,2026-09-24T10:50:40Z,1214,5586,"LINESTRING (-9.16273 38.77062, -9.15830 38.77502, -9.15760 38.78058, -9.15833 38.78614, -9.15772 38.79172, -9.15717 38.79729, -9.15397 38.80230, -9.15254 38.80778, -9.14920 38.81273, -9.14958 38.81831)"
98331546-b013-40f1-b208-958475e3465d,f38b2ffc-80a4-4f5a-91c9-bc701e7ea419,Lime,8c1f6387-11cb-4ea7-b5fc-684aadb21095,bicycle,electric_assist,2026-09-24T11:02:39Z,2026-09-24T11:06:33Z,234,1200,"LINESTRING (-9.12624 38.75818, -9.12490 38.75903, -9.12359 38.75992, -9.12268 38.76106, -9.12126 38.76184, -9.11983 38.76261, -9.11885 38.76373, -9.11732 38.76436, -9.11562 38.76408)"
b859e9b0-d44b-4289-8a5d-a0c95fd25fda,e5121482-3929-4d22-a255-accb1a466884,Dott,1241750c-4264-4855-acbf-312078ac8ae6,bicycle,electric_assist,2026-09-24T11:12:45Z,2026-09-24T11:18:15Z,330,1686,"LINESTRING (-9.10040 38.75369, -9.09740 38.75466, -9.09613 38.75699, -9.09488 38.75933, -9.09279 38.76127, -9.09143 38.76357, -9.09026 38.76593)"
49cc982f-3e71-49ac-b483-93a1b27e1218,d7a7a3cc-8c3d-4f16-9293-de8fc88b2875,Gira,d8f5f877-585b-47a4-8e2e-b551fd33ff5b,bicycle,electric_assist,2026-09-24T11:27:32Z,2026-09-24T11:31:56Z,264,729,"LINESTRING (-9.11777 38.75793, -9.11699 38.75753, -9.11626 38.75706, -9.11553 38.75661, -9.11462 38.75644, -9.11372 38.75664, -9.11282 38.75643, -9.11193 38.75667, -9.11104 38.75690, -9.11011 38.75695)"
e9000859-5337-453d-82b4-58bde0028101,f3f49249-dc28-4f90-a5ae-c7978306d03b,Bolt,2bb0f862-d780-45c8-9546-601d330e3777,scooter,electric,2026-09-24T12:04:52Z,2026-09-24T12:10:49Z,357,1709,"LINESTRING (-9.12009 38.73352, -9.11852 38.73535, -9.11573 38.73568, -9.11327 38.73460, -9.11119 38.73312, -9.10881 38.73194, -9.10615 38.73121, -9.10426 38.72957)"
a9a2e74e-8490-4a97-bd4c-4c731c002913,f38b2ffc-80a4-4f5a-91c9-bc701e7ea419,Lime,e344f1c3-63ac-4f14-9b2b-980ef57585ce,scooter,electric,2026-09-24T12:06:21Z,2026-09-24T12:09:47Z,206,983,"LINESTRING (-9.16724 38.70440, -9.16586 38.70506, -9.16434 38.70462, -9.16316 38.70375, -9.16184 38.70301, -9.16108 38.70189, -9.16099 38.70063, -9.16100 38.69936)"
1ce794c7-4a7d-41e1-a5f1-68d580eacaad,f3f49249-dc28-4f90-a5ae-c7978306d03b,Bolt,185251bd-563a-447e-a8df-7da7ac92ece8,scooter,electric,2026-09-24T12:12:22Z,2026-09-24T12:21:13Z,531,2752,"LINESTRING (-9.14141 38.75336, -9.14384 38.75091, -9.14639 38.74853, -9.14924 38.74637, -9.15102 38.74359, -9.15282 38.74083, -9.15558 38.73860, -9.15931 38.73753, -9.16269 38.73591)"
4d98f051-4e08-421d-98a9-f123d5cf6b39,f38b2ffc-80a4-4f5a-91c9-bc701e7ea419,Lime,ced8c284-63f1-4bbc-a97b-65cb81f8c04a,scooter,electric,2026-09-24T12:18:23Z,2026-09-24T12:26:20Z,477,1864,"LINESTRING (-9.16415 38.70723, -9.16268 38.70846, -9.16274 38.71014, -9.16267 38.71182, -9.16325 38.71343, -9.16284 38.71508, -9.16234 38.71672, -9.16282 38.71835, -9.16233 38.71999, -9.16086 38.72121, -9.15908 38.72216)"
5bfc00c7-2f1d-4cbb-8463-106ed2db29f4,e5121482-3929-4d22-a255-accb1a466884,Dott,aa1bc2e3-3e1e-4bd8-98da-990c9704364a,bicycle,electric_assist,2026-09-24T12:27:18Z,2026-09-24T12:32:54Z,336,1058,"LINESTRING (-9.10054 38.75310, -9.10195 38.75390, -9.10294 38.75503, -9.10295 38.75639, -9.10311 38.75775, -9.10444 38.75863, -9.10410 38.75996, -9.10530 38.76095)"
d47c3ea5-be5c-4d42-af7d-e9906357fd41,f38b2ffc-80a4-4f5a-91c9-bc701e7ea419,Lime,5b74c718-a2aa-416a-81f6-192bab215122,bicycle,electric_assist,2026-09-24T12:37:24Z,2026-09-24T12:49:38Z,734,3657,"LINESTRING (-9.14221 38.71621, -9.13398 38.71470, -9.12619 38.71216, -9.11795 38.71073, -9.11080 38.70722, -9.10356 38.70382)"
56bbba38-84e5-4fc4-afcf-f514fb4395cc,f38b2ffc-80a4-4f5a-91c9-bc701e7ea419,Lime,2106119e-c40d-41b5-b97a-762393550840,scooter,electric,2026-09-24T12:41:26Z,2026-09-24T12:53:05Z,699,2791,"LINESTRING (-9.11555 38.72732, -9.11850 38.72833, -9.12172 38.72854, -9.12382 38.73045, -9.12702 38.73076, -9.13011 38.73146, -9.13326 38.73201, -9.13600 38.73333, -9.13727 38.73565, -9.13920 38.73766, -9.14233 38.73828)"
8bdf25bd-50b1-4800-a055-f97bc9885cc9,f3f49249-dc28-4f90-a5ae-c7978306d03b,Bolt,3fccf89c-7d2c-48ec-8a91-9c736b3ae0ee,scooter,electric,2026-09-24T12:47:44Z,2026-09-24T12:51:45Z,241,746,"LINESTRING (-9.13063 38.73886, -9.13235 38.73875, -9.13406 38.73855, -9.13575 38.73829, -9.13739 38.73788, -9.13896 38.73843)"
9648d6c0-0bae-456a-9765-f899b7ca689c,f3f49249-dc28-4f90-a5ae-c7978306d03b,Bolt,68e217ff-59a0-41a9-8984-e3cdc2425fce,scooter,electric,2026-09-24T13:14:21Z,2026-09-24T13:18:47Z,266,1444,"LINESTRING (-9.16916 38.73489, -9.17084 38.73358, -9.17193 38.73192, -9.17310 38.73031, -9.17308 38.72845, -9.17202 38.72678, -9.17040 38.72541, -9.16850 38.72429)"
d956b976-2550-45d8-ba9f-556a5e2b44f9,f3f49249-dc28-4f90-a5ae-c7978306d03b,Bolt,88e6823d-2b0d-46d4-9784-0d5e644f7ae9,scooter,electric,2026-09-24T14:00:41Z,2026-09-24T14:08:16Z,455,1724,"LINESTRING (-9.14707 38.76971, -9.14854 38.76843, -9.14990 38.76706, -9.15182 38.76620, -9.15302 38.76475, -9.15503 38.76403, -9.15698 38.76320, -9.15880 38.76223, -9.15994 38.76075, -9.16146 38.75949)"
f016cc49-aba0-4080-91c5-ff6eb6e875a2,f38b2ffc-80a4-4f5a-91c9-bc701e7ea419,Lime,ac9f21df-74f0-4af5-b361-8e1ca06d7a69,scooter,electric,2026-09-24T14:08:35Z,2026-09-24T14:15:59Z,444,1780,"LINESTRING (-9.15088 38.73169, -9.15292 38.73249, -9.15521 38.73255, -9.15739 38.73202, -9.15949 38.73132, -9.16176 38.73153, -9.16404 38.73145, -9.16617 38.73209, -9.16793 38.73322, -9.16875 38.73489)"
0739cdab-24d6-4d1b-8c1b-b09920b71203,f38b2ffc-80a4-4f5a-91c9-bc701e7ea419,Lime,2980f7bd-1cd3-4258-bf44-577cb8bfe77a,bicycle,electric_assist,2026-09-24T14:16:15Z,2026-09-24T14:21:06Z,291,1126,"LINESTRING (-9.10967 38.73433, -9.10869 38.73500, -9.10750 38.73541, -9.10643 38.73599, -9.10516 38.73622, -9.10402 38.73669, -9.10316 38.73746, -9.10252 38.73834, -9.10246 38.73936, -9.10203 38.74031, -9.10180 38.74131)"
06ae4b62-7588-4ef4-9837-3783187d0b5b,f38b2ffc-80a4-4f5a-91c9-bc701e7ea419,Lime,0397a31d-ea9e-4ab5-b30b-89dc2577c324,bicycle,electric_assist,2026-09-24T14:34:40Z,2026-09-24T15:00:28Z,1548,5551,"LINESTRING (-9.12718 38.72269, -9.13190 38.71930, -9.13485 38.71486, -9.13492 38.70986, -9.13646 38.70501, -9.13271 38.70095, -9.12690 38.69885, -9.12156 38.69607, -9.11616 38.69338, -9.11005 38.69490, -9.10485 38.69781)"
23a4fb26-20ae-4510-a6fc-c5c2887ec489,f3f49249-dc28-4f90-a5ae-c7978306d03b,Bolt,5e35055f-1048-4dfa-9fe2-fe3ed7879ce4,scooter,electric,2026-09-24T14:42:56Z,2026-09-24T14:51:00Z,484,1696,"LINESTRING (-9.11326 38.74255, -9.11295 38.74444, -9.11159 38.74603, -9.11122 38.74792, -9.11166 38.74980, -9.11051 38.75149, -9.11062 38.75340, -9.11193 38.75501, -9.11282 38.75679)"
84092b96-f49c-495b-b261-fc07088de613,f3f49249-dc28-4f90-a5ae-c7978306d03b,Bolt,07466814-29f7-4734-a50e-0c178a023907,scooter,electric,2026-09-24T15:34:14Z,2026-09-24T15:40:31Z,377,1413,"LINESTRING (-9.12914 38.71899, -9.12955 38.71647, -9.12940 38.71392, -9.12972 38.71139, -9.12716 38.70981, -9.12430 38.70859)"
9e938684-9146-479c-832c-9472f1a4757a,f3f49249-dc28-4f90-a5ae-c7978306d03b,Bolt,408e79ea-b3a2-459e-8f15-79f2445db505,scooter,electric,2026-09-24T15:48:45Z,2026-09-24T15:52:29Z,224,996,"LINESTRING (-9.18437 38.74647, -9.18433 38.74737, -9.18430 38.74827, -9.18403 38.74914, -9.18399 38.75003, -9.18413 38.75093, -9.18480 38.75166, -9.18570 38.75221, -9.18665 38.75272, -9.18731 38.75345, -9.18789 38.75423)"
b97c9feb-f8dd-446f-be30-b9c2582e8d7c,6bad6be2-8e7a-46e9-9f19-950499dd251d,Voi,6e8786ac-54b3-4368-8507-a35a1dbc6b7e,scooter,electric,2026-09-24T16:34:53Z,2026-09-24T16:38:23Z,210,1013,"LINESTRING (-9.15670 38.70994, -9.15786 38.71006, -9.15898 38.71032, -9.15961 38.71109, -9.16048 38.71170, -9.16141 38.71225, -9.16147 38.71317, -9.16099 38.71400, -9.16057 38.71485, -9.16026 38.71573, -9.16039 38.71664)"
48794aaf-f520-4c56-9c54-54e8ef76099d,e5121482-3929-4d22-a255-accb1a466884,Dott,f2ca68b2-4ba5-45db-9bc7-d0e771be4d88,bicycle,electric_assist,2026-09-24T16:51:09Z,2026-09-24T16:54:42Z,213,744,"LINESTRING (-9.17596 38.74707, -9.17768 38.74702, -9.17936 38.74674, -9.18103 38.74707, -9.18274 38.74722, -9.18441 38.74752)"
01932af8-5aad-4bda-959e-46e62d96bdc6,f3f49249-dc28-4f90-a5ae-c7978306d03b,Bolt,53b87501-e21d-49b4-bd02-487e415e9732,scooter,electric,2026-09-24T17:00:22Z,2026-09-24T17:22:15Z,1313,4621,"LINESTRING (-9.17647 38.73493, -9.17254 38.73840, -9.16687 38.73706, -9.16230 38.73411, -9.15729 38.73163, -9.15231 38.72912, -9.14805 38.72590, -9.14391 38.72259, -9.13915 38.71983, -9.13484 38.71665)"
77b5168a-b2b6-49ea-9aa2-f9ef0646bde6,e5121482-3929-4d22-a255-accb1a466884,Dott,69db8679-03df-4b62-880c-b1623e068813,bicycle,electric_assist,2026-09-24T17:01:27Z,2026-09-24T17:13:50Z,743,2890,"LINESTRING (-9.10998 38.72608, -9.10688 38.72325, -9.10212 38.72329, -9.09736 38.72353, -9.09270 38.72432, -9.08920 38.72685, -9.08590 38.72953, -9.08372 38.73284)"
f4810277-d7a5-4dea-90b7-eaeea85d3b89,f3f49249-dc28-4f90-a5ae-c7978306d03b,Bolt,56f0a1e4-a91a-462e-9164-38f37d3e7a21,scooter,electric,2026-09-24T17:23:16Z,2026-09-24T17:31:04Z,468,1656,"LINESTRING (-9.11798 38.71729, -9.11626 38.71599, -9.11418 38.71507, -9.11180 38.71494, -9.10984 38.71602, -9.10773 38.71690, -9.10551 38.71758, -9.10325 38.71696, -9.10086 38.71706)"
005aa28f-dc7f-4b87-b171-c8ae127e61f0,f38b2ffc-80a4-4f5a-91c9-bc701e7ea419,Lime,e344f1c3-63ac-4f14-9b2b-980ef57585ce,scooter,electric,2026-09-24T17:24:29Z,2026-09-24T17:35:10Z,641,2418,"LINESTRING (-9.11017 38.74442, -9.11251 38.74561, -9.11503 38.74655, -9.11782 38.74648, -9.11908 38.74454, -9.12177 38.74396, -9.12381 38.74246, -9.12588 38.74100, -9.12829 38.73990, -9.13083 38.73899, -9.13361 38.73884)"
c09d1ea7-b0e3-4a66-a7bb-a4a0522e8f0f,6bad6be2-8e7a-46e9-9f19-950499dd251d,Voi,1c3e16e0-4fb0-44de-83f6-697df3e25f12,scooter,electric,2026-09-24T17:43:03Z,2026-09-24T17:53:35Z,632,1977,"LINESTRING (-9.10500 38.75561, -9.10808 38.75737, -9.11186 38.75773, -9.11553 38.75850, -9.11928 38.75901, -9.12300 38.75965, -9.12671 38.76034)"
11dc964a-dfe1-44da-8c60-1ac4b929c593,f3f49249-dc28-4f90-a5ae-c7978306d03b,Bolt,d1d503ae-f0e3-4542-8ca1-b5f0ca1d6872,scooter,electric,2026-09-24T17:46:05Z,2026-09-24T17:51:15Z,310,1410,"LINESTRING (-9.13443 38.76518, -9.13127 38.76457, -9.12875 38.76295, -9.12621 38.76136, -9.12492 38.75902, -9.12335 38.75680)"
8ed3c473-9b70-4fd7-bcd2-7ceb9bdbfcee,f3f49249-dc28-4f90-a5ae-c7978306d03b,Bolt,f54cd1a7-4e99-41d4-a73a-454db79cd2ca,scooter,electric,2026-09-24T17:56:20Z,2026-09-24T18:00:17Z,237,925,"LINESTRING (-9.12226 38.72766, -9.12144 38.72612, -9.11974 38.72511, -9.11784 38.72434, -9.11580 38.72385, -9.11369 38.72415)"
5496299e-baa0-485d-884c-28dd578507b1,f3f49249-dc28-4f90-a5ae-c7978306d03b,Bolt,06ce2aae-2262-45bf-9183-8415e5eec87e,scooter,electric,2026-09-24T18:11:24Z,2026-09-24T18:14:54Z,210,1024,"LINESTRING (-9.14274 38.70051, -9.14194 38.69970, -9.14119 38.69885, -9.14068 38.69791, -9.14024 38.69694, -9.13895 38.69673, -9.13804 38.69599, -9.13712 38.69526, -9.13616 38.69456, -9.13502 38.69405)"
f300c54f-4d76-43f1-aff1-ab60d33c9fcf,f3f49249-dc28-4f90-a5ae-c7978306d03b,Bolt,8f68dc4a-ab86-43d9-b2bc-5253ee444377,scooter,electric,2026-09-24T18:17:52Z,2026-09-24T18:20:12Z,140,755,"LINESTRING (-9.12055 38.71175, -9.12023 38.71104, -9.12019 38.71028, -9.12044 38.70955, -9.12063 38.70881, -9.12015 38.70815, -9.11951 38.70758, -9.11944 38.70683, -9.11921 38.70609, -9.11972 38.70545)"
498dde39-1ae5-43b9-8034-665b2669da69,f3f49249-dc28-4f90-a5ae-c7978306d03b,Bolt,4f077111-f7eb-4fda-b58c-e418b47da864,scooter,electric,2026-09-24T18:41:51Z,2026-09-24T18:48:30Z,399,2262,"LINESTRING (-9.16546 38.71082, -9.16356 38.70776, -9.15975 38.70612, -9.15665 38.70373, -9.15518 38.70054, -9.15133 38.69895, -9.14709 38.69819)"
01ef61b2-cec4-419a-8c13-9a534eee0047,e5121482-3929-4d22-a255-accb1a466884,Dott,4f83d975-5239-45bb-bc29-5d1b6a96cf7e,bicycle,electric_assist,2026-09-24T18:48:54Z,2026-09-24T18:53:43Z,289,901,"LINESTRING (-9.18177 38.75553, -9.18146 38.75640, -9.18159 38.75730, -9.18163 38.75820, -9.18197 38.75906, -9.18178 38.75995, -9.18152 38.76083, -9.18088 38.76159, -9.18064 38.76247, -9.18080 38.76336)"
83b27886-3cc9-448d-ad34-49d42c74daa5,6bad6be2-8e7a-46e9-9f19-950499dd251d,Voi,e05afe02-6c4c-4546-b6b9-b1feaf8d7b95,scooter,electric,2026-09-24T18:52:14Z,2026-09-24T19:04:48Z,754,2920,"LINESTRING (-9.16413 38.74398, -9.16324 38.74652, -9.16406 38.74907, -9.16512 38.75156, -9.16644 38.75399, -9.16624 38.75661, -9.16672 38.75922, -9.16795 38.76167, -9.17074 38.76314, -9.17157 38.76570, -9.17127 38.76832)"
ed06fe92-77c2-400e-ad44-4b2b191ef3f8,d7a7a3cc-8c3d-4f16-9293-de8fc88b2875,Gira,b3ba9cf3-f114-4f4e-b8ad-56b02185c6ea,bicycle,electric_assist,2026-09-24T18:54:43Z,2026-09-24T19:00:31Z,348,1219,"LINESTRING (-9.14838 38.75040, -9.14921 38.75129, -9.15050 38.75173, -9.15177 38.75125, -9.15303 38.75077, -9.15429 38.75027, -9.15398 38.74920, -9.15397 38.74810, -9.15446 38.74707, -9.15572 38.74657, -9.15638 38.74560)"
14147c09-6227-4e7c-8e92-e29b1e85046c,d7a7a3cc-8c3d-4f16-9293-de8fc88b2875,Gira,317d9a8c-1a61-46b0-a2f4-c4c907f2264c,bicycle,electric_assist,2026-09-24T18:55:06Z,2026-09-24T19:05:45Z,639,1790,"LINESTRING (-9.14344 38.75291, -9.14550 38.75279, -9.14744 38.75336, -9.14933 38.75402, -9.15123 38.75340, -9.15300 38.75424, -9.15393 38.75568, -9.15431 38.75726, -9.15501 38.75878, -9.15338 38.75977, -9.15131 38.75973)"
2b60a6ea-56e5-4813-aadc-f7ead8ae035b,f38b2ffc-80a4-4f5a-91c9-bc701e7ea419,Lime,57fbeeeb-4698-45d2-943c-c5318fc460a1,scooter,electric,2026-09-24T19:01:00Z,2026-09-24T19:11:23Z,623,2288,"LINESTRING (-9.12041 38.73428, -9.11549 38.73579, -9.11031 38.73499, -9.10607 38.73253, -9.10237 38.72958, -9.10297 38.72549)"
ae3ea07e-19af-4a43-96e3-a1c6d2034fa4,e5121482-3929-4d22-a255-accb1a466884,Dott,ab8e4041-6e35-4e9d-9904-8fce2b7a3cf0,scooter,electric,2026-09-24T20:03:07Z,2026-09-24T20:14:26Z,679,3258,"LINESTRING (-9.14634 38.73061, -9.14561 38.72740, -9.14438 38.72428, -9.14275 38.72128, -9.14122 38.71825, -9.13830 38.71591, -9.13478 38.71415, -9.13086 38.71303, -9.12957 38.70992, -9.12823 38.70683)"
59daaedc-839a-4fee-bea7-9eea295d888b,f3f49249-dc28-4f90-a5ae-c7978306d03b,Bolt,c1dc73de-0999-4f46-8302-4fa456b817fe,scooter,electric,2026-09-24T22:49:44Z,2026-09-24T22:54:07Z,263,1120,"LINESTRING (-9.13746 38.72058, -9.13685 38.72194, -9.13670 38.72338, -9.13668 38.72482, -9.13727 38.72619, -9.13609 38.72730, -9.13547 38.72866, -9.13425 38.72974)"
4849384a-8643-4651-93fd-b1d3dbd20676,f3f49249-dc28-4f90-a5ae-c7978306d03b,Bolt,8bcd0aac-588f-49ba-b7f3-813076035237,scooter,electric,2026-09-25T03:56:24Z,2026-09-25T04:03:18Z,414,1685,"LINESTRING (-9.12166 38.73667, -9.12312 38.73567, -9.12498 38.73522, -9.12692 38.73538, -9.12838 38.73638, -9.12924 38.73774, -9.12917 38.73926, -9.12799 38.74047, -9.12637 38.74132, -9.12489 38.74230, -9.12295 38.74222)"
9fd8d021-ce89-45dd-ae07-bf06386d2012,f38b2ffc-80a4-4f5a-91c9-bc701e7ea419,Lime,0397a31d-ea9e-4ab5-b30b-89dc2577c324,scooter,electric,2026-09-25T05:12:47Z,2026-09-25T05:22:46Z,599,1966,"LINESTRING (-9.14160 38.75863, -9.13913 38.75905, -9.13743 38.76050, -9.13499 38.76101, -9.13253 38.76143, -9.13003 38.76174, -9.12751 38.76164, -9.12508 38.76112, -9.12264 38.76060, -9.12040 38.76150)"
e44b43dc-10b2-4e2b-8065-7bba763317de,f38b2ffc-80a4-4f5a-91c9-bc701e7ea419,Lime,8c285417-5567-461f-a3a3-62b4bb8a1881,scooter,electric,2026-09-25T06:05:50Z,2026-09-25T06:08:38Z,168,634,"LINESTRING (-9.10568 38.74529, -9.10489 38.74493, -9.10400 38.74476, -9.10421 38.74406, -9.10448 38.74338, -9.10471 38.74269, -9.10468 38.74197, -9.10483 38.74127, -9.10475 38.74056)"
321f208b-185f-43c0-8465-0ce5cabf59b7,f38b2ffc-80a4-4f5a-91c9-bc701e7ea419,Lime,731c9452-1919-493a-9117-45ad49889310,bicycle,electric_assist,2026-09-25T06:45:07Z,2026-09-25T06:54:09Z,542,2231,"LINESTRING (-9.17885 38.73368, -9.17602 38.73620, -9.17365 38.73899, -9.17463 38.74226, -9.17631 38.74534, -9.17841 38.74826, -9.18242 38.74946)"
b5eaad57-f764-4652-aba6-7924e57ac299,e5121482-3929-4d22-a255-accb1a466884,Dott,aa2939cf-b13c-4642-9e1c-fb0a398faf3a,scooter,electric,2026-09-25T06:48:51Z,2026-09-25T06:58:07Z,556,2264,"LINESTRING (-9.09765 38.70279, -9.10189 38.70199, -9.10596 38.70078, -9.11028 38.70121, -9.11459 38.70168, -9.11732 38.70433, -9.11954 38.70726)"
0ba33147-8003-4fad-ad55-dc10bab0691b,e5121482-3929-4d22-a255-accb1a466884,Dott,dbf18a0f-e6f1-4dc9-ae79-7106f4fc082e,bicycle,electric_assist,2026-09-25T07:12:02Z,2026-09-25T07:18:09Z,367,1228,"LINESTRING (-9.09821 38.72417, -9.09864 38.72522, -9.09984 38.72581, -9.10056 38.72676, -9.10147 38.72761, -9.10243 38.72843, -9.10313 38.72939, -9.10445 38.72981, -9.10586 38.72988, -9.10727 38.73001, -9.10791 38.73100)"
a2b04fa5-5185-4326-b70b-1aaf48d60904,f38b2ffc-80a4-4f5a-91c9-bc701e7ea419,Lime,8be40e7f-c079-41d4-8b6e-c6f39efebfda,bicycle,electric_assist,2026-09-25T07:31:37Z,2026-09-25T07:47:26Z,949,3920,"LINESTRING (-9.18315 38.73126, -9.18495 38.73450, -9.18687 38.73770, -9.18973 38.74044, -9.19425 38.74026, -9.19876 38.74056, -9.20287 38.74204, -9.20638 38.74428, -9.20791 38.74760, -9.20563 38.75065, -9.20530 38.75417)"
f946cd24-cc40-48df-bea0-67af2f2efd9c,e5121482-3929-4d22-a255-accb1a466884,Dott,9b7839eb-28bd-454e-b11e-46f1c0205f09,scooter,electric,2026-09-25T07:34:59Z,2026-09-25T07:39:40Z,281,1211,"LINESTRING (-9.17574 38.75890, -9.17619 38.75675, -9.17806 38.75512, -9.18081 38.75471, -9.18285 38.75322, -9.18487 38.75170)"
c4884d6d-5a4f-4c6b-8115-568a78e8d0be,6bad6be2-8e7a-46e9-9f19-950499dd251d,Voi,dc1ff4d2-8df0-4cd1-8c3a-398cdfca29dc,scooter,electric,2026-09-25T08:01:13Z,2026-09-25T08:08:00Z,407,1641,"LINESTRING (-9.12380 38.71430, -9.12275 38.71553, -9.12108 38.71622, -9.11949 38.71703, -9.11816 38.71808, -9.11656 38.71888, -9.11531 38.71999, -9.11356 38.72055, -9.11168 38.72071, -9.10996 38.72134, -9.10814 38.72174)"
db1b8c30-2578-4610-89ee-0b0c25b96905,f3f49249-dc28-4f90-a5ae-c7978306d03b,Bolt,d7308713-adb1-4993-8f13-3eed22ff7c2e,scooter,electric,2026-09-25T08:07:51Z,2026-09-25T08:10:57Z,186,990,"LINESTRING (-9.16454 38.70655, -9.16380 38.70736, -9.16346 38.70832, -9.16346 38.70931, -9.16402 38.71019, -9.16509 38.71073, -9.16603 38.71140, -9.16695 38.71208, -9.16692 38.71307, -9.16701 38.71406)"
e722b94a-eaec-4159-8b4f-80605d21b12c,f38b2ffc-80a4-4f5a-91c9-bc701e7ea419,Lime,c129017d-853c-4409-a20c-b7ac5738f7c7,scooter,electric,2026-09-25T08:10:46Z,2026-09-25T08:17:04Z,378,1532,"LINESTRING (-9.10033 38.75225, -9.10304 38.75134, -9.10559 38.75020, -9.10854 38.75013, -9.11144 38.74969, -9.11428 38.74907, -9.11712 38.74845)"
4a80c836-2b93-4b6d-acd6-5653bc546804,f3f49249-dc28-4f90-a5ae-c7978306d03b,Bolt,b46ef085-8d22-42de-9b55-6bf026e8ffda,scooter,electric,2026-09-25T08:11:00Z,2026-09-25T08:19:39Z,519,2377,"LINESTRING (-9.11514 38.70358, -9.11311 38.70039, -9.10995 38.69780, -9.10932 38.69427, -9.10628 38.69160, -9.10488 38.68820, -9.10104 38.68626)"
f9a7e113-9961-451d-97b6-85840a4cadab,e5121482-3929-4d22-a255-accb1a466884,Dott,d3a4b8db-1b00-405a-a4c5-fdf8197bb6a3,bicycle,electric_assist,2026-09-25T08:14:25Z,2026-09-25T08:18:48Z,263,898,"LINESTRING (-9.17334 38.76161, -9.17250 38.76238, -9.17123 38.76257, -9.17004 38.76217, -9.16876 38.76237, -9.16746 38.76236, -9.16617 38.76228, -9.16512 38.76288, -9.16462 38.76381)"
913ba7b3-e2a8-4feb-8876-5281e89f87a6,f3f49249-dc28-4f90-a5ae-c7978306d03b,Bolt,20615b85-86cd-4ae5-9b01-02de820e8925,scooter,electric,2026-09-25T08:28:37Z,2026-09-25T08:33:40Z,303,1412,"LINESTRING (-9.12780 38.75203, -9.12720 38.75336, -9.12550 38.75385, -9.12369 38.75376, -9.12188 38.75388, -9.12012 38.75421, -9.11833 38.75441, -9.11667 38.75383, -9.11489 38.75357, -9.11342 38.75439)"
2978facc-cf84-4cd6-8fc2-05c73192676e,d7a7a3cc-8c3d-4f16-9293-de8fc88b2875,Gira,f69e75a3-450d-4734-b112-cdd66e043667,bicycle,electric_assist,2026-09-25T08:42:40Z,2026-09-25T08:52:08Z,568,1888,"LINESTRING (-9.17390 38.75146, -9.17607 38.75275, -9.17851 38.75370, -9.18124 38.75363, -9.18322 38.75509, -9.18334 38.75721, -9.18340 38.75934, -9.18172 38.76101, -9.17999 38.76265)"
b952b3fc-c6ff-47ac-ad36-e320fe73010d,f38b2ffc-80a4-4f5a-91c9-bc701e7ea419,Lime,731c9452-1919-493a-9117-45ad49889310,scooter,electric,2026-09-25T08:47:54Z,2026-09-25T08:55:26Z,452,1850,"LINESTRING (-9.15508 38.76647, -9.15646 38.76435, -9.15854 38.76260, -9.15773 38.76030, -9.15695 38.75800, -9.15575 38.75581, -9.15375 38.75401, -9.15227 38.75192)"
29ad6af9-ed94-4abf-98cd-5482ab76ef54,f3f49249-dc28-4f90-a5ae-c7978306d03b,Bolt,06ce2aae-2262-45bf-9183-8415e5eec87e,scooter,electric,2026-09-25T09:30:20Z,2026-09-25T09:38:00Z,460,1916,"LINESTRING (-9.12417 38.76973, -9.12250 38.76859, -9.12047 38.76790, -9.11837 38.76735, -9.11647 38.76647, -9.11448 38.76571, -9.11263 38.76475, -9.11175 38.76317, -9.11249 38.76154, -9.11385 38.76018, -9.11542 38.75897)"
6b1cdb15-61f9-4c92-aea3-62086cfc08ad,f38b2ffc-80a4-4f5a-91c9-bc701e7ea419,Lime,38ca6b4a-f85e-4bea-8eec-8bf97875a42b,scooter,electric,2026-09-25T10:43:30Z,2026-09-25T10:51:40Z,490,2444,"LINESTRING (-9.13137 38.72851, -9.13448 38.72817, -9.13651 38.72631, -9.13944 38.72542, -9.14247 38.72480, -9.14404 38.72269, -9.14398 38.72024, -9.14615 38.71847, -9.14886 38.71724, -9.15149 38.71590)"
ea6badc3-38bb-44f0-9146-055175e863af,f3f49249-dc28-4f90-a5ae-c7978306d03b,Bolt,79d762c9-cd55-43de-8738-3358d53a5eba,scooter,electric,2026-09-25T11:14:13Z,2026-09-25T11:20:19Z,366,1669,"LINESTRING (-9.10281 38.71048, -9.10128 38.70869, -9.09993 38.70682, -9.09876 38.70488, -9.09693 38.70327, -9.09486 38.70186, -9.09263 38.70060, -9.09140 38.69867)"
f0b8d7a9-d7da-4ce8-970e-563e6f6fbbfa,f38b2ffc-80a4-4f5a-91c9-bc701e7ea419,Lime,423674a6-864f-43f3-aab0-6e9b65ed0de4,bicycle,electric_assist,2026-09-25T11:14:50Z,2026-09-25T11:26:42Z,712,2361,"LINESTRING (-9.17238 38.73193, -9.17004 38.73578, -9.16561 38.73827, -9.16073 38.74016, -9.15609 38.74240, -9.15160 38.74481)"
a52e7cde-4051-443d-ab60-ef53701de7ad,f38b2ffc-80a4-4f5a-91c9-bc701e7ea419,Lime,98e6e5b7-e1cd-4be8-a7d8-3351265c28ea,bicycle,electric_assist,2026-09-25T11:20:17Z,2026-09-25T11:25:45Z,328,1480,"LINESTRING (-9.09700 38.76046, -9.09834 38.76151, -9.10012 38.76203, -9.10198 38.76234, -9.10333 38.76130, -9.10495 38.76053, -9.10658 38.75976, -9.10814 38.75892, -9.10995 38.75846, -9.11176 38.75801)"
09ea6cf3-1e75-4c9c-866f-ddb0d3d0d251,f3f49249-dc28-4f90-a5ae-c7978306d03b,Bolt,f73f7c61-f2b0-4206-a644-5bb03075ea81,scooter,electric,2026-09-25T11:21:35Z,2026-09-25T11:24:56Z,201,874,"LINESTRING (-9.12397 38.75968, -9.12509 38.76039, -9.12648 38.76070, -9.12777 38.76119, -9.12921 38.76131, -9.13062 38.76155, -9.13190 38.76208, -9.13331 38.76231)"
ff961235-85bc-4f5d-bfab-4c76b212cd22,f38b2ffc-80a4-4f5a-91c9-bc701e7ea419,Lime,4b983f0b-4afc-49d6-a61f-1bf92986a329,bicycle,electric_assist,2026-09-25T11:38:54Z,2026-09-25T11:47:23Z,509,2329,"LINESTRING (-9.18339 38.74454, -9.18438 38.74234, -9.18612 38.74045, -9.18641 38.73812, -9.18756 38.73597, -9.18900 38.73393, -9.18852 38.73162, -9.18556 38.73126, -9.18491 38.73354, -9.18409 38.73578)"
e693f964-319a-4346-adb1-a2f8b74a4a1c,6bad6be2-8e7a-46e9-9f19-950499dd251d,Voi,d2dde7e8-de8f-4d0a-9f64-9a87f9c6a003,scooter,electric,2026-09-25T11:40:15Z,2026-09-25T11:44:31Z,256,1194,"LINESTRING (-9.11236 38.74766, -9.11232 38.74612, -9.11180 38.74464, -9.11099 38.74324, -9.10940 38.74232, -9.10880 38.74086, -9.10823 38.73939, -9.10770 38.73791)"
2451c182-f127-4855-8064-c562471bf9c6,f38b2ffc-80a4-4f5a-91c9-bc701e7ea419,Lime,16e5fc44-97f9-4ad6-a074-81bdf1b8ea7c,scooter,electric,2026-09-25T12:01:07Z,2026-09-25T12:08:51Z,464,1812,"LINESTRING (-9.14291 38.74284, -9.14519 38.74324, -9.14750 38.74305, -9.14966 38.74237, -9.15166 38.74145, -9.15328 38.74015, -9.15384 38.73839, -9.15492 38.73678, -9.15518 38.73498, -9.15491 38.73317)"
53627994-af49-4420-96d0-feddb1aef1f6,e5121482-3929-4d22-a255-accb1a466884,Dott,a5008b67-55d2-4105-99ff-51ed20e2098d,scooter,electric,2026-09-25T12:07:15Z,2026-09-25T12:16:36Z,561,2567,"LINESTRING (-9.14589 38.76633, -9.14637 38.76920, -9.14809 38.77176, -9.14991 38.77428, -9.15096 38.77705, -9.15220 38.77978, -9.15506 38.78163, -9.15873 38.78201, -9.16244 38.78208)"
42aa9a45-02a2-404e-b325-e734ff5388bd,f3f49249-dc28-4f90-a5ae-c7978306d03b,Bolt,2c47ba69-b974-44a0-a656-e638ec4292b6,scooter,electric,2026-09-25T12:17:08Z,2026-09-25T12:20:59Z,231,1289,"LINESTRING (-9.14428 38.72968, -9.14327 38.72791, -9.14358 38.72599, -9.14288 38.72413, -9.14299 38.72220, -9.14349 38.72030, -9.14528 38.71897)"
7152dbfe-fe7e-4ac5-bcf7-302f81bbc7a8,e5121482-3929-4d22-a255-accb1a466884,Dott,f2ca68b2-4ba5-45db-9bc7-d0e771be4d88,scooter,electric,2026-09-25T12:43:26Z,2026-09-25T12:49:11Z,345,1667,"LINESTRING (-9.17486 38.76674, -9.17607 38.76791, -9.17707 38.76919, -9.17838 38.77029, -9.18026 38.77062, -9.18209 38.77108, -9.18402 38.77112, -9.18589 38.77147, -9.18779 38.77172, -9.18970 38.77151, -9.19144 38.77086)"
deb83b88-136a-49aa-a4e2-b1c1f014ff10,f38b2ffc-80a4-4f5a-91c9-bc701e7ea419,Lime,50931ba9-f55e-4054-8389-73ec6afa2b31,bicycle,electric_assist,2026-09-25T12:44:16Z,2026-09-25T12:56:35Z,739,3125,"LINESTRING (-9.18144 38.71644, -9.18055 38.72040, -9.17952 38.72434, -9.17736 38.72800, -9.17530 38.73168, -9.17392 38.73556, -9.17168 38.73918, -9.17035 38.74307)"
d20a95af-e1b6-4dbc-9325-ec0249f693a5,f38b2ffc-80a4-4f5a-91c9-bc701e7ea419,Lime,2980f7bd-1cd3-4258-bf44-577cb8bfe77a,scooter,electric,2026-09-25T12:53:20Z,2026-09-25T12:56:44Z,204,1024,"LINESTRING (-9.14778 38.73123, -9.14974 38.73103, -9.15168 38.73075, -9.15348 38.73012, -9.15538 38.73053, -9.15658 38.72931, -9.15822 38.72846)"
c04a7e05-dcd6-49b0-9933-4474ba9bf713,e5121482-3929-4d22-a255-accb1a466884,Dott,a0995504-75ff-41f6-a693-03f4a8ac3b26,scooter,electric,2026-09-25T12:56:52Z,2026-09-25T13:09:27Z,755,2674,"LINESTRING (-9.18175 38.73831, -9.18582 38.74194, -9.18886 38.74613, -9.18998 38.75087, -9.18900 38.75563, -9.19377 38.75870)"
225fac74-3f6d-4900-a717-b30f9b60f032,e5121482-3929-4d22-a255-accb1a466884,Dott,f4f07584-d4c0-4d4b-aa32-659bcd1259e2,scooter,electric,2026-09-25T13:06:42Z,2026-09-25T13:14:24Z,462,1542,"LINESTRING (-9.17041 38.70307, -9.17210 38.70421, -9.17340 38.70561, -9.17385 38.70732, -9.17478 38.70889, -9.17523 38.71059, -9.17562 38.71230, -9.17521 38.71401, -9.17387 38.71540)"
ff398230-baa4-4267-b4fd-84ab56eb334c,f38b2ffc-80a4-4f5a-91c9-bc701e7ea419,Lime,968e485e-46db-43ab-9044-df5c81b2499e,scooter,electric,2026-09-25T13:07:07Z,2026-09-25T13:21:25Z,858,2502,"LINESTRING (-9.15386 38.70863, -9.15591 38.70671, -9.15803 38.70483, -9.16042 38.70316, -9.16293 38.70159, -9.16545 38.70004, -9.16770 38.69826, -9.17089 38.69797, -9.17328 38.69630, -9.17564 38.69461)"
6f03ef70-5275-429c-aec7-3aeef57a835a,d7a7a3cc-8c3d-4f16-9293-de8fc88b2875,Gira,a7775743-3394-4e53-a049-bccb170f4449,bicycle,electric_assist,2026-09-25T13:14:04Z,2026-09-25T13:19:29Z,325,1551,"LINESTRING (-9.11505 38.75530, -9.11475 38.75809, -9.11156 38.75936, -9.10807 38.76000, -9.10482 38.76118, -9.10184 38.75963)"
b3a4b371-2df1-4e9d-953c-bca5c16c6b1f,f38b2ffc-80a4-4f5a-91c9-bc701e7ea419,Lime,200da2b8-c660-4afb-b835-6e48a99fb266,scooter,electric,2026-09-25T13:30:41Z,2026-09-25T13:32:16Z,95,443,"LINESTRING (-9.13635 38.73903, -9.13585 38.73934, -9.13548 38.73974, -9.13513 38.74016, -9.13467 38.74051, -9.13403 38.74058, -9.13340 38.74064, -9.13277 38.74075, -9.13222 38.74049)"
5c086757-7615-4ff4-9811-99df1f4f5dd7,f38b2ffc-80a4-4f5a-91c9-bc701e7ea419,Lime,9e5cf6e9-9255-4248-b771-f894f2e36355,scooter,electric,2026-09-25T14:22:09Z,2026-09-25T14:38:34Z,985,4247,"LINESTRING (-9.10491 38.71571, -9.10672 38.70949, -9.10477 38.70330, -9.09683 38.70180, -9.08939 38.70444, -9.08150 38.70610, -9.07414 38.70887)"
6c63342c-095f-4cc2-9033-909c5e46e35b,e5121482-3929-4d22-a255-accb1a466884,Dott,a1819c02-d797-400d-b4e6-a88c37f30b26,scooter,electric,2026-09-25T14:25:37Z,2026-09-25T14:36:11Z,634,3323,"LINESTRING (-9.17977 38.71665, -9.17799 38.72248, -9.17842 38.72846, -9.17447 38.73359, -9.17280 38.73944, -9.17351 38.74540)"
c3578508-9aa4-4bd5-b506-364302dedaa2,f3f49249-dc28-4f90-a5ae-c7978306d03b,Bolt,914fe82d-1593-4452-8f37-fdfbb49cb061,scooter,electric,2026-09-25T14:32:26Z,2026-09-25T14:35:28Z,182,881,"LINESTRING (-9.09732 38.72871, -9.09678 38.73024, -9.09624 38.73177, -9.09583 38.73333, -9.09490 38.73474, -9.09336 38.73579)"
6c7a56be-91b0-4a5c-9981-bdca2ac7377b,f38b2ffc-80a4-4f5a-91c9-bc701e7ea419,Lime,c8fb4456-b76d-40c3-b078-22db703e53cf,bicycle,electric_assist,2026-09-25T14:41:54Z,2026-09-25T14:53:51Z,717,3150,"LINESTRING (-9.14027 38.73962, -9.14309 38.74187, -9.14674 38.74323, -9.15074 38.74368, -9.15478 38.74390, -9.15882 38.74383, -9.16237 38.74534, -9.16630 38.74607, -9.16993 38.74746, -9.17389 38.74809)"
d5deff99-ed64-4137-a5bc-255cee554f92,d7a7a3cc-8c3d-4f16-9293-de8fc88b2875,Gira,fa8be65a-7fb8-4d26-80c5-f5d21801f648,bicycle,electric_assist,2026-09-25T15:29:33Z,2026-09-25T15:37:32Z,479,1614,"LINESTRING (-9.11436 38.74578, -9.11318 38.74802, -9.11062 38.74940, -9.10756 38.74983, -9.10476 38.75087, -9.10262 38.75263, -9.10074 38.75456)"
21e17bf1-e9bc-4bd6-9468-97948e800b9e,d7a7a3cc-8c3d-4f16-9293-de8fc88b2875,Gira,d8f5f877-585b-47a4-8e2e-b551fd33ff5b,bicycle,electric_assist,2026-09-25T15:34:51Z,2026-09-25T15:43:56Z,545,1449,"LINESTRING (-9.11176 38.76221, -9.11190 38.76351, -9.11206 38.76481, -9.11168 38.76608, -9.11009 38.76648, -9.10892 38.76741, -9.10765 38.76827, -9.10659 38.76927, -9.10592 38.77047, -9.10457 38.77125, -9.10294 38.77154)"
301e57ed-095a-4f79-badd-8cb904b40685,f3f49249-dc28-4f90-a5ae-c7978306d03b,Bolt,c699d5ef-454b-48f8-9c7e-f9e3caaba2c9,scooter,electric,2026-09-25T15:35:56Z,2026-09-25T15:42:44Z,408,1745,"LINESTRING (-9.14994 38.75242, -9.14831 38.75392, -9.14688 38.75554, -9.14704 38.75750, -9.14722 38.75946, -9.14737 38.76142, -9.14714 38.76338, -9.14877 38.76488, -9.15123 38.76531)"
9bb83ce9-98d7-425b-a7d5-4bff0125aaab,f38b2ffc-80a4-4f5a-91c9-bc701e7ea419,Lime,0397a31d-ea9e-4ab5-b30b-89dc2577c324,bicycle,electric_assist,2026-09-25T15:36:59Z,2026-09-25T15:41:02Z,243,882,"LINESTRING (-9.10094 38.76216, -9.10090 38.76296, -9.10093 38.76375, -9.10002 38.76410, -9.09918 38.76456, -9.09859 38.76520, -9.09766 38.76552, -9.09664 38.76551, -9.09565 38.76531, -9.09468 38.76505, -9.09429 38.76432)"
24242e65-eef5-45af-b84c-0d8eb416b260,d7a7a3cc-8c3d-4f16-9293-de8fc88b2875,Gira,cc5e8817-4977-4d3e-be22-4cfc9f8abc76,bicycle,electric_assist,2026-09-25T15:45:25Z,2026-09-25T15:50:12Z,287,1130,"LINESTRING (-9.16744 38.72947, -9.16915 38.73005, -9.16915 38.73151, -9.16902 38.73296, -9.16810 38.73422, -9.16812 38.73568, -9.16748 38.73705, -9.16703 38.73846)"
93adc2cf-5a09-43b2-8992-4e4b13365a80,f3f49249-dc28-4f90-a5ae-c7978306d03b,Bolt,24ba1cef-f8e5-4871-94ee-fc4b3bfa9e9c,scooter,electric,2026-09-25T15:45:55Z,2026-09-25T15:57:42Z,707,3076,"LINESTRING (-9.11709 38.76473, -9.11336 38.76662, -9.11235 38.76999, -9.11075 38.77322, -9.11127 38.77666, -9.11364 38.77960, -9.11312 38.78304, -9.11375 38.78647, -9.11261 38.78981)"
3a8470fb-7170-4755-bbd1-883bdb142558,f38b2ffc-80a4-4f5a-91c9-bc701e7ea419,Lime,ffce6973-7f62-4f26-b6c3-266043710baf,bicycle,electric_assist,2026-09-25T15:56:28Z,2026-09-25T16:08:17Z,709,2792,"LINESTRING (-9.12751 38.71779, -9.13016 38.71320, -9.13394 38.70913, -9.13865 38.70569, -9.14408 38.70298, -9.15033 38.70174)"
68efbc6c-72d4-4e10-8d99-c319332cb6be,d7a7a3cc-8c3d-4f16-9293-de8fc88b2875,Gira,c1a0dbac-4a84-4014-9164-874fed0c2230,bicycle,electric_assist,2026-09-25T16:04:49Z,2026-09-25T16:11:52Z,423,1683,"LINESTRING (-9.14734 38.76766, -9.14474 38.76843, -9.14296 38.77010, -9.14109 38.77170, -9.13834 38.77201, -9.13587 38.77300, -9.13315 38.77343, -9.13053 38.77415)"
dd03ea84-8c32-43cf-8e60-841c6290ff41,6bad6be2-8e7a-46e9-9f19-950499dd251d,Voi,a3ea5ba2-6d9b-4805-ae70-8b91685be8e8,scooter,electric,2026-09-25T16:05:17Z,2026-09-25T16:12:45Z,448,1366,"LINESTRING (-9.17001 38.71459, -9.16954 38.71703, -9.16848 38.71935, -9.16704 38.72154, -9.16531 38.72360, -9.16521 38.72606)"
7001105e-8f79-40e5-82ca-226024b3c5b0,6bad6be2-8e7a-46e9-9f19-950499dd251d,Voi,ebcd6d62-ba5e-4809-9177-3467b279f52b,scooter,electric,2026-09-25T16:33:26Z,2026-09-25T16:42:36Z,550,2312,"LINESTRING (-9.17346 38.76858, -9.17059 38.76798, -9.16805 38.76678, -9.16509 38.76684, -9.16227 38.76610, -9.16038 38.76432, -9.15748 38.76382, -9.15459 38.76329, -9.15163 38.76349, -9.14872 38.76393)"
d6afee1b-62c5-4a88-91f8-2e59f6dc31c3,f3f49249-dc28-4f90-a5ae-c7978306d03b,Bolt,9b4a8d0a-515c-4a27-98f0-080057f36ca6,scooter,electric,2026-09-25T16:55:53Z,2026-09-25T17:10:05Z,852,4294,"LINESTRING (-9.12799 38.75067, -9.11868 38.74799, -9.10884 38.74701, -9.10307 38.74072, -9.10212 38.73302, -9.09563 38.72716)"
4c7f9fb6-4ff9-4a86-b87a-c2bff5527e60,f3f49249-dc28-4f90-a5ae-c7978306d03b,Bolt,5479cbec-27e4-47b1-9878-c0bffb8ac7f1,scooter,electric,2026-09-25T16:59:01Z,2026-09-25T17:06:02Z,421,1958,"LINESTRING (-9.18048 38.73363, -9.18097 38.73146, -9.17898 38.72988, -9.17746 38.72803, -9.17719 38.72583, -9.17637 38.72372, -9.17522 38.72171, -9.17332 38.72007, -9.17198 38.71813)"
f6c8851a-5465-4bd6-b71f-a8cee9edf25c,f3f49249-dc28-4f90-a5ae-c7978306d03b,Bolt,b2cedc0c-b463-4028-9805-d62d9604bf34,scooter,electric,2026-09-25T16:59:11Z,2026-09-25T17:01:29Z,138,650,"LINESTRING (-9.10032 38.72256, -9.10099 38.72190, -9.10195 38.72153, -9.10259 38.72085, -9.10328 38.72021, -9.10426 38.71986, -9.10533 38.71980, -9.10638 38.71966)"
1a2e127f-6266-4dca-a446-b4baca4c705d,f38b2ffc-80a4-4f5a-91c9-bc701e7ea419,Lime,423674a6-864f-43f3-aab0-6e9b65ed0de4,scooter,electric,2026-09-25T17:08:50Z,2026-09-25T17:18:42Z,592,2586,"LINESTRING (-9.16186 38.71547, -9.15761 38.71515, -9.15352 38.71421, -9.14930 38.71469, -9.14686 38.71743, -9.14476 38.72032, -9.14453 38.72365, -9.14465 38.72697)"
73a05bdd-daf8-4d15-a39b-68abb649bce7,f3f49249-dc28-4f90-a5ae-c7978306d03b,Bolt,a07affad-8b8c-488a-a536-76a6437ccafb,scooter,electric,2026-09-25T18:09:41Z,2026-09-25T18:16:37Z,416,1974,"LINESTRING (-9.17857 38.76857, -9.18247 38.76674, -9.18618 38.76466, -9.18900 38.76186, -9.19120 38.75875, -9.19384 38.75584)"
b16cbae0-fba8-4392-9413-054a2ed94857,f3f49249-dc28-4f90-a5ae-c7978306d03b,Bolt,b46ef085-8d22-42de-9b55-6bf026e8ffda,scooter,electric,2026-09-25T18:14:30Z,2026-09-25T18:20:41Z,371,1296,"LINESTRING (-9.17134 38.75605, -9.17293 38.75803, -9.17341 38.76033, -9.17490 38.76236, -9.17525 38.76468, -9.17739 38.76632)"
583c2005-d426-4ce7-8370-efb65abfe7ca,f38b2ffc-80a4-4f5a-91c9-bc701e7ea419,Lime,f35031ce-015c-4d5c-a4cf-ed0e7c1f9183,scooter,electric,2026-09-25T18:47:07Z,2026-09-25T18:56:58Z,591,2939,"LINESTRING (-9.16999 38.71368, -9.17565 38.71361, -9.18040 38.71122, -9.18408 38.70786, -9.18647 38.70386, -9.19210 38.70348, -9.19769 38.70281)"
37c5ebd6-c9d4-49db-94eb-547d2211505b,f38b2ffc-80a4-4f5a-91c9-bc701e7ea419,Lime,37fe43eb-87a9-4c13-a549-7863210f4de3,scooter,electric,2026-09-25T18:47:28Z,2026-09-25T19:05:09Z,1061,3867,"LINESTRING (-9.10190 38.76781, -9.10146 38.76395, -9.10059 38.76014, -9.10254 38.75658, -9.10035 38.75310, -9.10024 38.74923, -9.09647 38.74671, -9.09282 38.74409, -9.09162 38.74033, -9.09070 38.73653)"
e57e1ee3-91f9-4e31-acd6-3069aca44074,6bad6be2-8e7a-46e9-9f19-950499dd251d,Voi,1756930d-2185-4bdd-b27e-2001c0eb1633,scooter,electric,2026-09-25T19:12:29Z,2026-09-25T19:16:19Z,230,820,"LINESTRING (-9.10670 38.76547, -9.10653 38.76474, -9.10650 38.76400, -9.10663 38.76327, -9.10643 38.76254, -9.10620 38.76183, -9.10543 38.76139, -9.10467 38.76095, -9.10396 38.76144, -9.10301 38.76147, -9.10209 38.76130)"
3747fe46-be2e-4cf2-8964-3aea5031c192,e5121482-3929-4d22-a255-accb1a466884,Dott,5fce192e-e983-41ec-8432-14a7865424a1,bicycle,electric_assist,2026-09-25T19:18:15Z,2026-09-25T19:26:42Z,507,1301,"LINESTRING (-9.10970 38.71856, -9.11119 38.71872, -9.11233 38.71796, -9.11382 38.71781, -9.11529 38.71756, -9.11654 38.71691, -9.11798 38.71656, -9.11935 38.71704, -9.12054 38.71776, -9.12178 38.71843, -9.12312 38.71790)"
5a2feb62-f25c-459c-a538-514cf836cd5a,f3f49249-dc28-4f90-a5ae-c7978306d03b,Bolt,408e79ea-b3a2-459e-8f15-79f2445db505,scooter,electric,2026-09-25T19:26:28Z,2026-09-25T19:32:19Z,351,1641,"LINESTRING (-9.14538 38.76222, -9.14580 38.76061, -9.14709 38.75931, -9.14874 38.75830, -9.15059 38.75750, -9.15249 38.75680, -9.15422 38.75586, -9.15605 38.75504, -9.15815 38.75501, -9.15957 38.75623)"
f8f842a8-dc47-4c38-8a9c-fa58868e1adc,f38b2ffc-80a4-4f5a-91c9-bc701e7ea419,Lime,34fd02f6-8505-47c2-975c-ef7a27655f91,scooter,electric,2026-09-25T20:21:16Z,2026-09-25T20:33:41Z,745,2915,"LINESTRING (-9.10078 38.73318, -9.09658 38.73502, -9.09316 38.73766, -9.09100 38.74101, -9.09206 38.74467, -9.08892 38.74751, -9.08619 38.75060, -9.08373 38.75383)"
98afae1d-1b4c-43dc-9159-48aa6c5b1ccf,6bad6be2-8e7a-46e9-9f19-950499dd251d,Voi,6f456bec-cd31-470e-86a9-5ffa42149a69,scooter,electric,2026-09-25T20:22:33Z,2026-09-25T20:36:52Z,859,2945,"LINESTRING (-9.13594 38.74959, -9.14160 38.74928, -9.14726 38.74953, -9.15059 38.75311, -9.15603 38.75436, -9.16083 38.75672, -9.16587 38.75874)"
2eda96b9-89a4-4789-93a7-51de716220df,f38b2ffc-80a4-4f5a-91c9-bc701e7ea419,Lime,cbee23b0-86f9-4a21-9ebf-3deb71d02f51,scooter,electric,2026-09-25T20:37:39Z,2026-09-25T20:51:43Z,844,3289,"LINESTRING (-9.09754 38.75649, -9.09857 38.75934, -9.09778 38.76224, -9.09741 38.76519, -9.09499 38.76747, -9.09434 38.77039, -9.09487 38.77332, -9.09277 38.77580, -9.08974 38.77759, -9.08594 38.77755, -9.08232 38.77844)"
6212f490-0ee9-4c36-a0c8-94430cf980db,f3f49249-dc28-4f90-a5ae-c7978306d03b,Bolt,96ccafff-ae5f-464a-8594-bce1b63a6bc0,scooter,electric,2026-09-25T20:37:58Z,2026-09-25T20:40:55Z,177,924,"LINESTRING (-9.17615 38.70894, -9.17700 38.70843, -9.17792 38.70801, -9.17882 38.70756, -9.17970 38.70709, -9.18076 38.70695, -9.18174 38.70663, -9.18280 38.70652, -9.18384 38.70633, -9.18419 38.70554, -9.18402 38.70472)"
46b8912a-2b97-4a2a-a09a-61b7ec3bfe76,f38b2ffc-80a4-4f5a-91c9-bc701e7ea419,Lime,025ff87c-44df-4a13-94f3-98ee4b5c1a95,scooter,electric,2026-09-25T20:53:03Z,2026-09-25T21:07:30Z,867,3490,"LINESTRING (-9.13400 38.76108, -9.13014 38.76441, -9.12442 38.76492, -9.11909 38.76321, -9.11347 38.76421, -9.10899 38.76703, -9.10476 38.77008, -9.10159 38.77383)"
0c7f539f-4f4e-4160-832a-b9ac8fec191d,f38b2ffc-80a4-4f5a-91c9-bc701e7ea419,Lime,025ff87c-44df-4a13-94f3-98ee4b5c1a95,bicycle,electric_assist,2026-09-25T22:01:00Z,2026-09-25T22:08:26Z,446,1570,"LINESTRING (-9.11176 38.74098, -9.10929 38.74159, -9.10670 38.74151, -9.10437 38.74239, -9.10179 38.74259, -9.09976 38.74385, -9.09791 38.74526, -9.09635 38.74688)"
36ff139b-dfa8-4cd4-86e0-8cd683ea32a0,f3f49249-dc28-4f90-a5ae-c7978306d03b,Bolt,8a525be0-f68d-4dcb-847e-b77a23a1dea2,scooter,electric,2026-09-25T22:08:00Z,2026-09-25T22:17:41Z,581,2144,"LINESTRING (-9.12996 38.75438, -9.12912 38.75234, -9.12721 38.75079, -9.12453 38.75030, -9.12179 38.75017, -9.12007 38.74849, -9.11999 38.74634, -9.12001 38.74420, -9.12062 38.74211, -9.12000 38.74001)"
df2c2396-4d9f-4326-b997-25abaf57ddff,d7a7a3cc-8c3d-4f16-9293-de8fc88b2875,Gira,b090385c-12ba-4845-8b23-f006d2fa3fdc,bicycle,electric_assist,2026-09-25T22:21:18Z,2026-09-25T22:24:12Z,174,655,"LINESTRING (-9.10446 38.75637, -9.10355 38.75615, -9.10261 38.75621, -9.10177 38.75586, -9.10089 38.75558, -9.10017 38.75511, -9.09940 38.75467, -9.09871 38.75417, -9.09799 38.75369)"
2a985776-c562-4448-8979-6fc5c83380e0,f38b2ffc-80a4-4f5a-91c9-bc701e7ea419,Lime,2dfbc7b2-078e-4649-8425-0d88b8d3b186,bicycle,electric_assist,2026-09-26T00:36:33Z,2026-09-26T01:02:06Z,1533,3244,"LINESTRING (-9.12460 38.74182, -9.12916 38.74267, -9.13383 38.74294, -9.13783 38.74485, -9.14225 38.74365, -9.14670 38.74250, -9.15081 38.74075, -9.15428 38.73830, -9.15676 38.73519)"
ceba98c7-fa23-4e65-9ae7-440a94ff8fa2,e5121482-3929-4d22-a255-accb1a466884,Dott,0062c542-2380-4f92-9d88-e6528cd46d02,scooter,electric,2026-09-26T01:54:53Z,2026-09-26T01:58:34Z,221,1300,"LINESTRING (-9.11805 38.71217, -9.11764 38.71329, -9.11704 38.71437, -9.11597 38.71519, -9.11500 38.71608, -9.11480 38.71725, -9.11519 38.71838, -9.11637 38.71910, -9.11747 38.71990, -9.11821 38.72092, -9.11921 38.72179)"
3b55d937-4bf9-4039-9391-28d3292e49ca,d7a7a3cc-8c3d-4f16-9293-de8fc88b2875,Gira,44abbde7-26df-4bfd-8e2e-ccd4eaca913e,bicycle,electric_assist,2026-09-26T04:59:25Z,2026-09-26T05:10:09Z,644,2360,"LINESTRING (-9.13635 38.76188, -9.13505 38.75942, -9.13338 38.75711, -9.13212 38.75464, -9.12989 38.75263, -9.12766 38.75061, -9.12460 38.74946, -9.12126 38.74891, -9.11967 38.74656)"
9514c6e6-f22a-47f0-a11d-49ad8e0b3c4d,f3f49249-dc28-4f90-a5ae-c7978306d03b,Bolt,a20b6436-d8ec-486b-ad9e-a62ae896319b,scooter,electric,2026-09-26T06:01:59Z,2026-09-26T06:06:04Z,245,1221,"LINESTRING (-9.11778 38.73647, -9.11637 38.73659, -9.11524 38.73724, -9.11394 38.73766, -9.11261 38.73729, -9.11120 38.73736, -9.10980 38.73751, -9.10840 38.73743, -9.10716 38.73690, -9.10655 38.73591, -9.10563 38.73507)"
79dd399b-2e18-43b5-9f02-29c43c6a2131,f3f49249-dc28-4f90-a5ae-c7978306d03b,Bolt,b76a1294-8cbb-4091-858f-7eb666426014,scooter,electric,2026-09-26T06:19:13Z,2026-09-26T06:28:43Z,570,3037,"LINESTRING (-9.13071 38.73300, -9.13010 38.73030, -9.13052 38.72759, -9.13070 38.72485, -9.13297 38.72277, -9.13320 38.72004, -9.13645 38.71901, -9.13908 38.71719, -9.14256 38.71690, -9.14569 38.71566, -9.14919 38.71558)"
6f8e9979-1fd1-4d3f-89be-f0355ba5a05f,f3f49249-dc28-4f90-a5ae-c7978306d03b,Bolt,ba040a94-d651-4f5a-9fbc-fb2c1b7e243a,scooter,electric,2026-09-26T06:45:51Z,2026-09-26T06:56:17Z,626,3083,"LINESTRING (-9.12783 38.74752, -9.12759 38.75308, -9.12574 38.75844, -9.12629 38.76398, -9.12608 38.76953, -9.12589 38.77509)"
6a428d7f-f209-4a5b-bcc9-4aa37fa530dc,f38b2ffc-80a4-4f5a-91c9-bc701e7ea419,Lime,cfe7a42a-5b0c-491d-ac32-fb0df0708bb1,bicycle,electric_assist,2026-09-26T07:00:01Z,2026-09-26T07:16:40Z,999,3081,"LINESTRING (-9.11418 38.75169, -9.11155 38.74754, -9.10703 38.74454, -9.10203 38.74205, -9.09790 38.73873, -9.09304 38.73608, -9.08923 38.73253)"
891d39e1-bdc2-4818-8549-3bdd15752dce,f3f49249-dc28-4f90-a5ae-c7978306d03b,Bolt,7fae0a6b-e8d4-4587-b971-084f59095c12,scooter,electric,2026-09-26T07:06:28Z,2026-09-26T07:21:16Z,888,4684,"LINESTRING (-9.12079 38.75505, -9.12745 38.75031, -9.13339 38.74502, -9.13836 38.73915, -9.14659 38.73628, -9.15269 38.73110, -9.15424 38.72417)"
b14c16e2-c4ec-42c7-b402-57af9111ded7,f38b2ffc-80a4-4f5a-91c9-bc701e7ea419,Lime,85c80ede-202c-415a-898d-b8601e47caa6,scooter,electric,2026-09-26T07:07:08Z,2026-09-26T07:11:58Z,290,1432,"LINESTRING (-9.16010 38.74887, -9.15920 38.74996, -9.15770 38.75050, -9.15605 38.75037, -9.15452 38.74988, -9.15288 38.74974, -9.15141 38.74914, -9.15060 38.74802, -9.14965 38.74696, -9.14865 38.74593, -9.14927 38.74473)"
1dfdd486-c541-4116-81eb-aa08be58ef3c,f3f49249-dc28-4f90-a5ae-c7978306d03b,Bolt,609d6f0b-74bd-44f8-9be7-13ddf83c61f0,scooter,electric,2026-09-26T07:14:49Z,2026-09-26T07:19:07Z,258,1167,"LINESTRING (-9.14631 38.70111, -9.14482 38.70206, -9.14422 38.70348, -9.14350 38.70488, -9.14380 38.70636, -9.14457 38.70774, -9.14613 38.70862, -9.14686 38.71001)"
cdd29d25-0211-4f61-a008-c051dca8337d,6bad6be2-8e7a-46e9-9f19-950499dd251d,Voi,69d529b9-4a46-4e1e-b5c8-84d786ffc468,scooter,electric,2026-09-26T07:26:42Z,2026-09-26T07:31:59Z,317,1790,"LINESTRING (-9.12472 38.75554, -9.12423 38.75711, -9.12502 38.75860, -9.12460 38.76018, -9.12523 38.76172, -9.12619 38.76314, -9.12736 38.76448, -9.12804 38.76600, -9.12818 38.76761, -9.12702 38.76895, -9.12748 38.77052)"
2f6017ed-1371-40f2-82a6-60430a15c9f2,e5121482-3929-4d22-a255-accb1a466884,Dott,5fce192e-e983-41ec-8432-14a7865424a1,scooter,electric,2026-09-26T07:47:14Z,2026-09-26T08:00:45Z,811,3009,"LINESTRING (-9.10426 38.74522, -9.10121 38.74393, -9.09837 38.74236, -9.09646 38.74010, -9.09598 38.73741, -9.09336 38.73563, -9.09441 38.73305, -9.09620 38.73072, -9.09605 38.72801, -9.09474 38.72550, -9.09202 38.72381)"
fbe701fa-6097-4ff5-921f-3b81926eb31e,6bad6be2-8e7a-46e9-9f19-950499dd251d,Voi,dd613171-ea1b-48a9-8cce-eb0d62495879,scooter,electric,2026-09-26T07:59:37Z,2026-09-26T08:03:06Z,209,929,"LINESTRING (-9.11491 38.74122, -9.11681 38.74200, -9.11894 38.74216, -9.12008 38.74358, -9.12195 38.74440, -9.12324 38.74574)"
4bfa624a-cf54-4fcc-a679-47f091b99a55,f3f49249-dc28-4f90-a5ae-c7978306d03b,Bolt,5a9b82c5-142d-4738-818c-af101da8886a,scooter,electric,2026-09-26T08:06:27Z,2026-09-26T08:11:24Z,297,820,"LINESTRING (-9.12947 38.70142, -9.12909 38.70230, -9.12870 38.70317, -9.12781 38.70378, -9.12665 38.70360, -9.12547 38.70367, -9.12431 38.70346, -9.12318 38.70319, -9.12206 38.70349)"
49b53777-e005-492c-887c-73e1dd86c299,f3f49249-dc28-4f90-a5ae-c7978306d03b,Bolt,35acf140-3dab-40b8-b6bc-3709076467e8,scooter,electric,2026-09-26T08:16:06Z,2026-09-26T08:23:26Z,440,2123,"LINESTRING (-9.17974 38.72318, -9.17706 38.72203, -9.17406 38.72155, -9.17107 38.72104, -9.16853 38.71970, -9.16805 38.71734, -9.16829 38.71496, -9.17021 38.71309, -9.17208 38.71120)"
153151e9-61f8-4332-a4b2-499c2b1c8fa4,f3f49249-dc28-4f90-a5ae-c7978306d03b,Bolt,cc941d42-62e0-4dd6-9bda-22cf907b12b7,scooter,electric,2026-09-26T08:21:11Z,2026-09-26T08:27:42Z,391,2463,"LINESTRING (-9.17177 38.74746, -9.17559 38.74527, -9.17954 38.74321, -9.18363 38.74135, -9.18652 38.73841, -9.19086 38.73692, -9.19169 38.73328)"
a641a1c0-217e-4ec5-8d99-649ab6bf0b24,f38b2ffc-80a4-4f5a-91c9-bc701e7ea419,Lime,0f7815f2-af3e-4dd9-9b25-28692bd8af21,bicycle,electric_assist,2026-09-26T08:21:35Z,2026-09-26T08:25:17Z,222,877,"LINESTRING (-9.11740 38.73666, -9.11783 38.73747, -9.11887 38.73781, -9.11969 38.73841, -9.12078 38.73862, -9.12190 38.73859, -9.12289 38.73901, -9.12307 38.73988, -9.12363 38.74064, -9.12395 38.74148)"
90bf3f18-25ae-4d2e-ae64-b6aaee0a86bf,6bad6be2-8e7a-46e9-9f19-950499dd251d,Voi,a3ea5ba2-6d9b-4805-ae70-8b91685be8e8,scooter,electric,2026-09-26T08:22:38Z,2026-09-26T08:26:40Z,242,1073,"LINESTRING (-9.15133 38.75028, -9.15156 38.74933, -9.15046 38.74889, -9.14930 38.74855, -9.14851 38.74780, -9.14789 38.74696, -9.14713 38.74620, -9.14609 38.74568, -9.14485 38.74571, -9.14362 38.74554, -9.14241 38.74576)"
82ff6c7a-b46e-4ccf-a8ec-6f2c89844af8,f3f49249-dc28-4f90-a5ae-c7978306d03b,Bolt,8bcd0aac-588f-49ba-b7f3-813076035237,scooter,electric,2026-09-26T08:25:45Z,2026-09-26T08:32:10Z,385,1929,"LINESTRING (-9.17914 38.72158, -9.18227 38.72314, -9.18589 38.72249, -9.18935 38.72143, -9.19297 38.72078, -9.19665 38.72044, -9.20034 38.72010)"
187d8150-9a53-410b-8983-9e2079c4ab80,f3f49249-dc28-4f90-a5ae-c7978306d03b,Bolt,a41f7aab-341d-457a-ac10-2d7a1d7a466a,scooter,electric,2026-09-26T08:26:01Z,2026-09-26T08:30:34Z,273,1275,"LINESTRING (-9.12098 38.73779, -9.12281 38.73861, -9.12446 38.73962, -9.12625 38.74048, -9.12829 38.74090, -9.13039 38.74078, -9.13215 38.73988, -9.13199 38.73824)"
21cfa295-8e13-4afe-91c9-ef2ac3a7d1d0,6bad6be2-8e7a-46e9-9f19-950499dd251d,Voi,1756930d-2185-4bdd-b27e-2001c0eb1633,scooter,electric,2026-09-26T08:26:46Z,2026-09-26T08:37:01Z,615,2605,"LINESTRING (-9.11516 38.70753, -9.11593 38.70423, -9.11801 38.70130, -9.11996 38.69831, -9.11929 38.69500, -9.12009 38.69170, -9.12248 38.68892, -9.12374 38.68571)"
2cd047c7-ff3f-4201-97c3-0d74e1df40a7,f3f49249-dc28-4f90-a5ae-c7978306d03b,Bolt,5a9b82c5-142d-4738-818c-af101da8886a,scooter,electric,2026-09-26T08:28:23Z,2026-09-26T08:33:59Z,336,1659,"LINESTRING (-9.16834 38.72780, -9.17032 38.72584, -9.17308 38.72459, -9.17340 38.72211, -9.17410 38.71968, -9.17452 38.71721, -9.17562 38.71487)"
c6d5fdfa-920e-4880-9642-def51def71a0,f3f49249-dc28-4f90-a5ae-c7978306d03b,Bolt,871340d0-11fb-4c29-8ab8-34749717e79b,scooter,electric,2026-09-26T08:29:38Z,2026-09-26T08:33:42Z,244,1379,"LINESTRING (-9.11117 38.73954, -9.11024 38.73816, -9.10890 38.73701, -9.10760 38.73583, -9.10582 38.73514, -9.10423 38.73420, -9.10378 38.73269, -9.10323 38.73119, -9.10278 38.72968)"
cc1ebe17-aec5-4228-a106-828ec8c24e82,e5121482-3929-4d22-a255-accb1a466884,Dott,c4f27979-7053-4e0b-8611-fa58f40924ff,bicycle,electric_assist,2026-09-26T08:51:10Z,2026-09-26T08:56:15Z,305,990,"LINESTRING (-9.10461 38.76749, -9.10484 38.76622, -9.10472 38.76495, -9.10461 38.76368, -9.10489 38.76242, -9.10490 38.76115, -9.10447 38.75992, -9.10580 38.75918)"
cf486303-3c90-4071-98e8-27e2bc1e5db3,6bad6be2-8e7a-46e9-9f19-950499dd251d,Voi,6e8786ac-54b3-4368-8507-a35a1dbc6b7e,scooter,electric,2026-09-26T08:53:11Z,2026-09-26T09:01:38Z,507,2135,"LINESTRING (-9.13292 38.72362, -9.12854 38.72538, -9.12365 38.72489, -9.11946 38.72286, -9.11698 38.71953, -9.11651 38.71570)"
e2ffed2c-0226-4329-b432-97d506aab2fb,6bad6be2-8e7a-46e9-9f19-950499dd251d,Voi,1530a3b7-a23d-4925-a04d-e64c6915f7fc,scooter,electric,2026-09-26T09:01:52Z,2026-09-26T09:09:41Z,469,1767,"LINESTRING (-9.10220 38.77041, -9.10400 38.77116, -9.10490 38.77259, -9.10693 38.77242, -9.10808 38.77111, -9.10775 38.76954, -9.10728 38.76798, -9.10632 38.76658, -9.10476 38.76556, -9.10334 38.76441, -9.10156 38.76363)"
656bae85-dbc8-4696-a68d-e721b32e70c6,f3f49249-dc28-4f90-a5ae-c7978306d03b,Bolt,5479cbec-27e4-47b1-9878-c0bffb8ac7f1,scooter,electric,2026-09-26T09:37:26Z,2026-09-26T09:41:46Z,260,1108,"LINESTRING (-9.10885 38.75969, -9.10830 38.76071, -9.10704 38.76123, -9.10568 38.76156, -9.10427 38.76140, -9.10313 38.76206, -9.10172 38.76198, -9.10038 38.76161, -9.09896 38.76149, -9.09758 38.76177)"
ccd3afa9-8b9d-4290-a238-90b0c18ab15a,6bad6be2-8e7a-46e9-9f19-950499dd251d,Voi,dc1ff4d2-8df0-4cd1-8c3a-398cdfca29dc,scooter,electric,2026-09-26T09:38:10Z,2026-09-26T09:42:47Z,277,1479,"LINESTRING (-9.13334 38.74192, -9.13491 38.74305, -9.13702 38.74329, -9.13909 38.74370, -9.14056 38.74249, -9.14240 38.74165, -9.14380 38.74039, -9.14460 38.73884, -9.14510 38.73722)"
c5e4eca4-e88b-48c1-98ed-2baf6c35ccde,f3f49249-dc28-4f90-a5ae-c7978306d03b,Bolt,f9b75d10-c76f-410c-91ac-44be1521f652,scooter,electric,2026-09-26T10:16:40Z,2026-09-26T10:41:49Z,1509,4913,"LINESTRING (-9.17709 38.74007, -9.16991 38.74300, -9.16325 38.74661, -9.15585 38.74918, -9.14774 38.74944, -9.13999 38.74760, -9.13198 38.74862, -9.12886 38.75445)"
853ec1d5-08d2-44be-a8df-c121e66bb363,f38b2ffc-80a4-4f5a-91c9-bc701e7ea419,Lime,fcbad167-f5a9-4a5f-adf1-65dab6eafff5,scooter,electric,2026-09-26T10:34:26Z,2026-09-26T10:38:25Z,239,942,"LINESTRING (-9.17339 38.71812, -9.17320 38.71917, -9.17415 38.71993, -9.17410 38.72099, -9.17377 38.72202, -9.17373 38.72308, -9.17380 38.72414, -9.17255 38.72457, -9.17133 38.72503)"
90881c21-3926-4af1-86ce-3ff379673b9e,f3f49249-dc28-4f90-a5ae-c7978306d03b,Bolt,4d2ecb65-9df0-4dde-8337-dda661963ad7,scooter,electric,2026-09-26T10:49:27Z,2026-09-26T11:05:11Z,944,3689,"LINESTRING (-9.13006 38.74843, -9.12473 38.75362, -9.12088 38.75955, -9.11873 38.76598, -9.11659 38.77241, -9.11953 38.77865)"
247ccfeb-698e-4b83-bbb7-e7b71c93928f,6bad6be2-8e7a-46e9-9f19-950499dd251d,Voi,6f456bec-cd31-470e-86a9-5ffa42149a69,scooter,electric,2026-09-26T11:00:35Z,2026-09-26T11:05:04Z,269,1160,"LINESTRING (-9.14505 38.74839, -9.14512 38.74970, -9.14486 38.75099, -9.14326 38.75136, -9.14179 38.75200, -9.14039 38.75271, -9.13890 38.75331, -9.13750 38.75402, -9.13585 38.75426)"
7ecdbf84-c48a-4baf-959b-53a81ec7672d,f38b2ffc-80a4-4f5a-91c9-bc701e7ea419,Lime,37fe43eb-87a9-4c13-a549-7863210f4de3,bicycle,electric_assist,2026-09-26T11:19:18Z,2026-09-26T11:25:52Z,394,1718,"LINESTRING (-9.16931 38.72126, -9.16848 38.72429, -9.16768 38.72732, -9.16827 38.73038, -9.17009 38.73313, -9.17116 38.73611)"
6148767b-a1ae-4ce2-a33c-3e40842538c9,f38b2ffc-80a4-4f5a-91c9-bc701e7ea419,Lime,6a01977b-8873-4737-ace4-048f45d6ac42,scooter,electric,2026-09-26T11:26:09Z,2026-09-26T11:29:19Z,190,836,"LINESTRING (-9.18040 38.75616, -9.17988 38.75715, -9.17851 38.75726, -9.17713 38.75730, -9.17576 38.75715, -9.17448 38.75674, -9.17361 38.75590, -9.17309 38.75491)"
14b49bc6-d2a8-4a19-a192-34651276fade,f3f49249-dc28-4f90-a5ae-c7978306d03b,Bolt,68e217ff-59a0-41a9-8984-e3cdc2425fce,scooter,electric,2026-09-26T12:17:06Z,2026-09-26T12:27:32Z,626,2923,"LINESTRING (-9.15534 38.73567, -9.14972 38.73593, -9.14457 38.73770, -9.13959 38.73974, -9.13775 38.74389, -9.13803 38.74828, -9.14055 38.75220)"
e349aa0a-a133-4f14-8178-4d49e1f22009,f38b2ffc-80a4-4f5a-91c9-bc701e7ea419,Lime,8a88ce1b-46de-4eef-843f-9f5b05fb0d55,scooter,electric,2026-09-26T13:31:40Z,2026-09-26T13:35:49Z,249,945,"LINESTRING (-9.16573 38.72082, -9.16417 38.72009, -9.16244 38.71965, -9.16069 38.72004, -9.15942 38.72106, -9.15786 38.72179, -9.15653 38.72276)"
95222c12-052c-46ea-b8aa-4ca836746191,f38b2ffc-80a4-4f5a-91c9-bc701e7ea419,Lime,aecb9e68-53e8-4536-b9dc-bc8182a8c712,scooter,electric,2026-09-26T13:33:27Z,2026-09-26T13:41:51Z,504,2227,"LINESTRING (-9.17171 38.76987, -9.17055 38.77191, -9.16955 38.77399, -9.16838 38.77603, -9.16939 38.77812, -9.17046 38.78018, -9.17125 38.78233, -9.17278 38.78421, -9.17282 38.78644, -9.17211 38.78860)"
87fe3495-7bb7-496f-8ea7-1ab9dd2f42d3,f38b2ffc-80a4-4f5a-91c9-bc701e7ea419,Lime,e0b89bcb-adba-4ed0-b600-860c7bdcfd55,scooter,electric,2026-09-26T13:42:02Z,2026-09-26T13:52:51Z,649,2164,"LINESTRING (-9.18497 38.76895, -9.18540 38.76654, -9.18648 38.76425, -9.18719 38.76188, -9.18883 38.75980, -9.18785 38.75749, -9.18598 38.75553, -9.18340 38.75415, -9.18330 38.75172)"
cfb17275-d04b-4639-bdf4-d7009d8389a0,f3f49249-dc28-4f90-a5ae-c7978306d03b,Bolt,a41f7aab-341d-457a-ac10-2d7a1d7a466a,scooter,electric,2026-09-26T13:47:56Z,2026-09-26T13:56:53Z,537,2258,"LINESTRING (-9.13033 38.70846, -9.12708 38.70865, -9.12435 38.70727, -9.12143 38.70614, -9.11872 38.70472, -9.11609 38.70322, -9.11565 38.70070, -9.11506 38.69820, -9.11347 38.69598)"
c38f1529-65a6-4d56-a877-ac19209797c3,e5121482-3929-4d22-a255-accb1a466884,Dott,2cfb16e6-5288-4663-8c84-9a79afcc4d31,bicycle,electric_assist,2026-09-26T13:50:05Z,2026-09-26T14:19:35Z,1770,5288,"LINESTRING (-9.11642 38.70953, -9.12588 38.70659, -9.13604 38.70708, -9.14334 38.70156, -9.14962 38.69531, -9.15791 38.69070, -9.16556 38.68546)"
2236cd9b-ce08-4e46-9c64-db780e824782,f38b2ffc-80a4-4f5a-91c9-bc701e7ea419,Lime,69190876-a0c5-420c-a885-f868301a5d12,scooter,electric,2026-09-26T14:03:16Z,2026-09-26T14:13:47Z,631,2593,"LINESTRING (-9.14007 38.72424, -9.13661 38.72227, -9.13283 38.72071, -9.12871 38.71981, -9.12476 38.71854, -9.12101 38.71693, -9.11767 38.71484, -9.11499 38.71224)"
449845ca-a95a-45b8-ad9f-2b50ef603932,d7a7a3cc-8c3d-4f16-9293-de8fc88b2875,Gira,48b0d659-50f3-4102-ba90-d4df12643597,bicycle,electric_assist,2026-09-26T14:14:25Z,2026-09-26T14:25:15Z,650,2902,"LINESTRING (-9.18044 38.72239, -9.18291 38.72415, -9.18620 38.72467, -9.18927 38.72570, -9.19210 38.72711, -9.19540 38.72756, -9.19792 38.72928, -9.20115 38.72998, -9.20448 38.72967, -9.20744 38.72845, -9.21045 38.72729)"
81a7533e-836c-45c5-b37b-2ec0f9519a9b,d7a7a3cc-8c3d-4f16-9293-de8fc88b2875,Gira,c2936ca1-300a-4d21-b0e9-5ec95cf754a1,bicycle,electric_assist,2026-09-26T14:47:22Z,2026-09-26T14:51:31Z,249,883,"LINESTRING (-9.10193 38.76906, -9.10202 38.76994, -9.10152 38.77073, -9.10045 38.77104, -9.09933 38.77116, -9.09841 38.77168, -9.09764 38.77232, -9.09658 38.77266, -9.09558 38.77306, -9.09468 38.77360)"
1364a47a-cd88-4616-822d-284dd2aa383e,f38b2ffc-80a4-4f5a-91c9-bc701e7ea419,Lime,6edd77d8-66e6-4127-a26b-524ace0d8d87,bicycle,electric_assist,2026-09-26T14:47:44Z,2026-09-26T14:52:36Z,292,1022,"LINESTRING (-9.18479 38.73862, -9.18388 38.73920, -9.18303 38.73984, -9.18253 38.74068, -9.18217 38.74155, -9.18223 38.74247, -9.18185 38.74334, -9.18111 38.74406, -9.18025 38.74469, -9.17932 38.74526, -9.17852 38.74593)"
c06d66bb-055f-45fe-b6ba-54554ce7ded4,f38b2ffc-80a4-4f5a-91c9-bc701e7ea419,Lime,a9f5307c-8ece-48b0-af29-a9f1ced66b44,bicycle,electric_assist,2026-09-26T14:51:49Z,2026-09-26T15:09:31Z,1062,3984,"LINESTRING (-9.11851 38.70386, -9.11439 38.70622, -9.11270 38.70999, -9.11268 38.71397, -9.11071 38.71766, -9.10561 38.71779, -9.10071 38.71663, -9.09560 38.71658, -9.09118 38.71458, -9.09094 38.71059)"
fc7d622f-571e-4346-b725-51f41db59782,d7a7a3cc-8c3d-4f16-9293-de8fc88b2875,Gira,1088a172-7944-4514-9c10-bb61f0248f25,bicycle,electric_assist,2026-09-26T15:24:26Z,2026-09-26T15:43:56Z,1170,3629,"LINESTRING (-9.13006 38.74250, -9.12910 38.73894, -9.12534 38.73680, -9.12072 38.73632, -9.11610 38.73585, -9.11350 38.73284, -9.11222 38.72935, -9.11033 38.72602, -9.10814 38.72282, -9.10756 38.71921)"
082353e3-a342-4982-b194-4b9fd26ba8aa,f38b2ffc-80a4-4f5a-91c9-bc701e7ea419,Lime,1f124a78-e9f9-4484-9377-899a733c6676,bicycle,electric_assist,2026-09-26T16:00:53Z,2026-09-26T16:14:42Z,829,3376,"LINESTRING (-9.10618 38.76776, -9.10818 38.77038, -9.10853 38.77341, -9.10884 38.77644, -9.10867 38.77948, -9.10927 38.78248, -9.10918 38.78552, -9.10830 38.78849, -9.10817 38.79153, -9.10855 38.79455, -9.10758 38.79750)"
303bd6f8-75f8-4197-921a-a38fdccf6579,f38b2ffc-80a4-4f5a-91c9-bc701e7ea419,Lime,3f724926-32e4-434c-8b34-8cea9c31b930,bicycle,electric_assist,2026-09-26T16:11:33Z,2026-09-26T16:30:10Z,1117,4276,"LINESTRING (-9.10841 38.75037, -9.10448 38.75601, -9.09971 38.76124, -9.09287 38.76482, -9.08585 38.76818, -9.07812 38.77039, -9.06994 38.76961)"
aa4699fb-ba22-4f72-a259-c9143588c01b,f3f49249-dc28-4f90-a5ae-c7978306d03b,Bolt,f28d937a-f6c5-4bc1-81ea-df91c263064f,scooter,electric,2026-09-26T16:14:48Z,2026-09-26T16:18:16Z,208,1058,"LINESTRING (-9.11540 38.76782, -9.11554 38.76677, -9.11505 38.76578, -9.11439 38.76485, -9.11466 38.76382, -9.11403 38.76288, -9.11360 38.76187, -9.11227 38.76164, -9.11100 38.76128, -9.10975 38.76086)"
40a389be-94f9-4ac6-affd-36811db96b26,e5121482-3929-4d22-a255-accb1a466884,Dott,a0995504-75ff-41f6-a693-03f4a8ac3b26,bicycle,electric_assist,2026-09-26T16:30:58Z,2026-09-26T16:42:27Z,689,2117,"LINESTRING (-9.13461 38.71940, -9.13730 38.71966, -9.13920 38.72118, -9.14010 38.72318, -9.13893 38.72509, -9.13666 38.72626, -9.13405 38.72685, -9.13134 38.72670, -9.12868 38.72710, -9.12614 38.72786)"
7e0987cb-a67d-4aa8-b209-89aec85da1eb,f38b2ffc-80a4-4f5a-91c9-bc701e7ea419,Lime,cbee23b0-86f9-4a21-9ebf-3deb71d02f51,scooter,electric,2026-09-26T16:43:53Z,2026-09-26T16:51:39Z,466,2410,"LINESTRING (-9.11539 38.76489, -9.11158 38.76282, -9.10997 38.75942, -9.10767 38.75628, -9.10668 38.75274, -9.10765 38.74921, -9.10645 38.74571)"
4b5adcde-cfed-44da-98d6-b92ac176ddc7,f38b2ffc-80a4-4f5a-91c9-bc701e7ea419,Lime,9b751151-74bf-489b-879e-23da50a22a1b,bicycle,electric_assist,2026-09-26T17:19:46Z,2026-09-26T17:34:53Z,907,3144,"LINESTRING (-9.17171 38.76860, -9.17007 38.77412, -9.17258 38.77944, -9.17447 38.78491, -9.17309 38.79047, -9.16764 38.79423)"
a0966e12-14da-4c87-8928-506f9590cf0c,f3f49249-dc28-4f90-a5ae-c7978306d03b,Bolt,2b186e16-39de-46d0-a97f-ee94c0d7c2df,scooter,electric,2026-09-26T17:42:45Z,2026-09-26T17:48:53Z,368,1476,"LINESTRING (-9.15822 38.76448, -9.16033 38.76423, -9.16227 38.76492, -9.16414 38.76572, -9.16583 38.76673, -9.16719 38.76801, -9.16902 38.76887, -9.17085 38.76971, -9.17295 38.77004)"
8326ca30-224c-4a99-9068-a8486a1c72e9,f3f49249-dc28-4f90-a5ae-c7978306d03b,Bolt,9bfeb0c4-eced-4c6f-9b3a-afeca16b28b1,scooter,electric,2026-09-26T18:12:45Z,2026-09-26T18:19:13Z,388,1285,"LINESTRING (-9.10155 38.73922, -9.10158 38.73778, -9.10234 38.73645, -9.10323 38.73518, -9.10437 38.73405, -9.10431 38.73260, -9.10573 38.73167, -9.10709 38.73068, -9.10807 38.72945)"
39077b60-a3f6-4913-a0a3-8a7b65149ff8,d7a7a3cc-8c3d-4f16-9293-de8fc88b2875,Gira,fa8be65a-7fb8-4d26-80c5-f5d21801f648,bicycle,electric_assist,2026-09-26T18:41:54Z,2026-09-26T18:51:39Z,585,2194,"LINESTRING (-9.14919 38.71167, -9.14738 38.71465, -9.14332 38.71555, -9.13916 38.71614, -9.13514 38.71515, -9.13108 38.71425, -9.12780 38.71217)"
b92e30ee-995c-43ab-a9c8-7064c528005f,6bad6be2-8e7a-46e9-9f19-950499dd251d,Voi,c5f2ac85-eeb1-4e04-b52d-b661353b014c,scooter,electric,2026-09-26T18:54:29Z,2026-09-26T19:03:22Z,533,2294,"LINESTRING (-9.17129 38.74135, -9.17502 38.74085, -9.17880 38.74101, -9.18225 38.73979, -9.18588 38.73897, -9.18944 38.73796, -9.19322 38.73808, -9.19687 38.73889)"
615cb15d-2644-4995-bb22-0d9e6bb8c2d8,f38b2ffc-80a4-4f5a-91c9-bc701e7ea419,Lime,38ca6b4a-f85e-4bea-8eec-8bf97875a42b,bicycle,electric_assist,2026-09-26T19:36:53Z,2026-09-26T19:41:38Z,285,1285,"LINESTRING (-9.09628 38.75640, -9.09763 38.75714, -9.09924 38.75740, -9.10075 38.75792, -9.10153 38.75905, -9.10127 38.76032, -9.10153 38.76159, -9.10045 38.76257, -9.09941 38.76357, -9.09865 38.76471)"
ef21cb38-4862-4f08-bc46-7964562f3178,f3f49249-dc28-4f90-a5ae-c7978306d03b,Bolt,0987ec0f-4bf8-4505-86af-8c03d0470f5e,scooter,electric,2026-09-26T20:40:39Z,2026-09-26T21:05:44Z,1505,6171,"LINESTRING (-9.16590 38.73222, -9.17527 38.72652, -9.18686 38.72451, -9.19816 38.72738, -9.21002 38.72695, -9.21940 38.72126, -9.23048 38.72460)"
98bb7f01-0f08-43d6-af41-8a8f2caef149,f3f49249-dc28-4f90-a5ae-c7978306d03b,Bolt,b76a1294-8cbb-4091-858f-7eb666426014,scooter,electric,2026-09-26T21:08:27Z,2026-09-26T21:18:36Z,609,2915,"LINESTRING (-9.12107 38.70017, -9.12211 38.69767, -9.12187 38.69505, -9.12026 38.69274, -9.11745 38.69130, -9.11429 38.69040, -9.11110 38.69125, -9.10774 38.69144, -9.10449 38.69076, -9.10114 38.69054, -9.09778 38.69031)"
6781cb69-6c08-442d-a3d3-7dd2bf3ce78f,f38b2ffc-80a4-4f5a-91c9-bc701e7ea419,Lime,d11ad49d-f272-42ef-8ab8-bd1063989ab9,scooter,electric,2026-09-26T21:49:12Z,2026-09-26T21:53:54Z,282,1293,"LINESTRING (-9.17616 38.71370, -9.17795 38.71183, -9.17998 38.71012, -9.18291 38.70968, -9.18589 38.70950, -9.18780 38.70771)"
26f8b1c0-d4fb-423c-a70f-b36c07aee78e,f38b2ffc-80a4-4f5a-91c9-bc701e7ea419,Lime,7aac319f-fb75-4e0f-ad1d-9d1690624fe3,scooter,electric,2026-09-26T22:30:33Z,2026-09-26T22:48:28Z,1075,4092,"LINESTRING (-9.17066 38.71158, -9.16560 38.71266, -9.16081 38.71434, -9.15627 38.71640, -9.15278 38.71946, -9.14848 38.72180, -9.14396 38.72389, -9.14143 38.72748, -9.13638 38.72861, -9.13357 38.73206)"
491fc606-5f3b-4685-a714-4ddcb73048a2,e5121482-3929-4d22-a255-accb1a466884,Dott,dcd83b70-911f-4b86-b0b5-b413fb20c517,bicycle,electric_assist,2026-09-26T22:32:54Z,2026-09-26T22:40:40Z,466,1588,"LINESTRING (-9.17780 38.70393, -9.17606 38.70276, -9.17377 38.70270, -9.17150 38.70247, -9.16942 38.70321, -9.16717 38.70287, -9.16504 38.70353, -9.16288 38.70414, -9.16062 38.70441)"
f3cbce59-58c5-4a52-89c2-687296c1a6e1,f38b2ffc-80a4-4f5a-91c9-bc701e7ea419,Lime,96060250-ea3e-4f73-884c-1884c88f63d6,scooter,electric,2026-09-27T00:02:18Z,2026-09-27T00:10:13Z,475,1610,"LINESTRING (-9.13097 38.70871, -9.13283 38.70874, -9.13465 38.70903, -9.13646 38.70938, -9.13830 38.70918, -9.14002 38.70864, -9.14188 38.70878, -9.14373 38.70867, -9.14558 38.70856, -9.14741 38.70883, -9.14926 38.70895)"
99c5e424-f1ff-428d-b16b-230a4a0437b6,e5121482-3929-4d22-a255-accb1a466884,Dott,07d7ba06-8c44-4b9b-9cc6-fea01a06703f,bicycle,electric_assist,2026-09-27T01:19:17Z,2026-09-27T01:43:14Z,1437,6019,"LINESTRING (-9.10932 38.77174, -9.09546 38.77271, -9.08185 38.77496, -9.06805 38.77636, -9.05481 38.77303, -9.04319 38.76706)"
c0768aa0-cc55-4df8-8c25-8fc4dbfa63a2,6bad6be2-8e7a-46e9-9f19-950499dd251d,Voi,1530a3b7-a23d-4925-a04d-e64c6915f7fc,scooter,electric,2026-09-27T06:34:35Z,2026-09-27T06:39:51Z,316,1865,"LINESTRING (-9.11040 38.76909, -9.10903 38.77227, -9.10601 38.77468, -9.10334 38.77732, -9.10040 38.77978, -9.09952 38.78307)"
70254e4e-4d64-4940-ab4e-31409a116d07,d7a7a3cc-8c3d-4f16-9293-de8fc88b2875,Gira,405a5332-63ed-4daf-9ea3-fcfbaee127e0,bicycle,electric_assist,2026-09-27T06:41:38Z,2026-09-27T06:55:41Z,843,1405,"LINESTRING (-9.12169 38.73733, -9.12395 38.73772, -9.12627 38.73772, -9.12843 38.73839, -9.13071 38.73872, -9.13299 38.73841, -9.13526 38.73804, -9.13724 38.73898)"
f7db4bfe-ba51-4f33-a11d-054ae0fe8b10,f38b2ffc-80a4-4f5a-91c9-bc701e7ea419,Lime,cbee23b0-86f9-4a21-9ebf-3deb71d02f51,bicycle,electric_assist,2026-09-27T06:55:31Z,2026-09-27T07:06:27Z,656,2519,"LINESTRING (-9.13571 38.74967, -9.13527 38.75344, -9.13043 38.75321, -9.12558 38.75329, -9.12105 38.75193, -9.11721 38.74962, -9.11388 38.74687)"
d304643c-d4c2-46c7-aecd-977d37954376,f3f49249-dc28-4f90-a5ae-c7978306d03b,Bolt,eb74268f-b06c-4c63-9d8c-1b6f385d1c97,scooter,electric,2026-09-27T07:00:22Z,2026-09-27T07:03:06Z,164,977,"LINESTRING (-9.13155 38.75540, -9.13192 38.75366, -9.13334 38.75228, -9.13466 38.75086, -9.13620 38.74957, -9.13648 38.74782)"
5d879f7a-8b11-4eb8-8b99-ee6e2fb66db0,f3f49249-dc28-4f90-a5ae-c7978306d03b,Bolt,9b2831e1-34d4-499c-b6a5-920cf16e49b1,scooter,electric,2026-09-27T07:00:22Z,2026-09-27T07:09:12Z,530,1955,"LINESTRING (-9.13722 38.73941, -9.14002 38.73969, -9.14257 38.74064, -9.14531 38.74011, -9.14810 38.73975, -9.14930 38.73775, -9.15047 38.73575, -9.15126 38.73363, -9.15169 38.73146)"
d4b1ea08-8ead-4cad-b9ff-c9d0971136b3,f3f49249-dc28-4f90-a5ae-c7978306d03b,Bolt,cc1cdc7c-219a-49b4-a4db-befdba8ed768,scooter,electric,2026-09-27T07:07:26Z,2026-09-27T07:11:43Z,257,924,"LINESTRING (-9.14178 38.72214, -9.14149 38.72049, -9.14002 38.71928, -9.13797 38.71881, -9.13584 38.71882, -9.13388 38.71948)"
65303843-6c4e-4f0f-8e78-bc1f50671993,f38b2ffc-80a4-4f5a-91c9-bc701e7ea419,Lime,78549014-6ded-486a-9f4f-b02bb7a1774f,bicycle,electric_assist,2026-09-27T07:31:43Z,2026-09-27T07:44:00Z,737,3818,"LINESTRING (-9.17393 38.74018, -9.17188 38.74365, -9.16805 38.74604, -9.16527 38.74918, -9.16349 38.75275, -9.16127 38.75615, -9.15909 38.75958, -9.15462 38.76114, -9.15158 38.76415, -9.14778 38.76656)"
6d8b415a-1e16-47e5-a0a3-fe82bea183b2,f38b2ffc-80a4-4f5a-91c9-bc701e7ea419,Lime,328bf8ae-57ad-457d-b4f0-31fc8acaca45,scooter,electric,2026-09-27T08:07:29Z,2026-09-27T08:15:32Z,483,2327,"LINESTRING (-9.16645 38.71878, -9.16913 38.71897, -9.17162 38.71975, -9.17162 38.72184, -9.17195 38.72392, -9.17251 38.72598, -9.17280 38.72806, -9.17139 38.72984, -9.17018 38.73172, -9.16982 38.73380, -9.16797 38.73532)"
ab947c12-cb4c-4eb6-94d8-b28c1a02936d,f38b2ffc-80a4-4f5a-91c9-bc701e7ea419,Lime,a5721c6a-58d6-4944-9573-e7bb0d26efa0,bicycle,electric_assist,2026-09-27T08:12:58Z,2026-09-27T08:36:39Z,1421,6472,"LINESTRING (-9.15956 38.75520, -9.15996 38.74549, -9.15880 38.73581, -9.16354 38.72682, -9.16826 38.71783, -9.17927 38.71329, -9.18877 38.70700)"
47673a88-b7c6-4b54-b23b-e3a48619ee82,d7a7a3cc-8c3d-4f16-9293-de8fc88b2875,Gira,48b0d659-50f3-4102-ba90-d4df12643597,bicycle,electric_assist,2026-09-27T08:23:29Z,2026-09-27T09:03:31Z,2402,6091,"LINESTRING (-9.13367 38.72288, -9.12305 38.72676, -9.11563 38.73384, -9.11512 38.74298, -9.11067 38.75144, -9.10667 38.76004, -9.11085 38.76859)"
586ed716-384d-4ab5-8280-564f4727a2f1,f38b2ffc-80a4-4f5a-91c9-bc701e7ea419,Lime,7dabe929-c4a3-44bf-86cd-75e9bb049a79,bicycle,electric_assist,2026-09-27T08:32:45Z,2026-09-27T08:36:33Z,228,828,"LINESTRING (-9.11205 38.70615, -9.11265 38.70757, -9.11288 38.70905, -9.11397 38.71028, -9.11578 38.71077, -9.11767 38.71101)"
a09da223-296d-4986-b64f-1d71e20d1c3e,f38b2ffc-80a4-4f5a-91c9-bc701e7ea419,Lime,8a88ce1b-46de-4eef-843f-9f5b05fb0d55,scooter,electric,2026-09-27T08:55:46Z,2026-09-27T09:05:08Z,562,2747,"LINESTRING (-9.15177 38.72123, -9.14802 38.72023, -9.14420 38.71939, -9.14044 38.71842, -9.13656 38.71780, -9.13397 38.71545, -9.13348 38.71238, -9.13351 38.70929, -9.13375 38.70620)"
67f8df8f-c2e8-441c-8e4a-39ccbc68feab,6bad6be2-8e7a-46e9-9f19-950499dd251d,Voi,86235fc0-8b86-4604-b67e-ed924178161d,scooter,electric,2026-09-27T08:56:40Z,2026-09-27T09:09:21Z,761,2665,"LINESTRING (-9.16973 38.75427, -9.17186 38.75677, -9.17354 38.75947, -9.17417 38.76243, -9.17633 38.76492, -9.17833 38.76748, -9.17978 38.77026, -9.18277 38.77215, -9.18497 38.77462)"
78d07e76-5934-4710-b84b-88309202a10c,d7a7a3cc-8c3d-4f16-9293-de8fc88b2875,Gira,89ffc0ad-4dbb-4891-97c3-eb934191a453,bicycle,electric_assist,2026-09-27T09:39:53Z,2026-09-27T09:45:44Z,351,1188,"LINESTRING (-9.10947 38.72641, -9.11026 38.72554, -9.11052 38.72448, -9.11100 38.72348, -9.11192 38.72269, -9.11230 38.72166, -9.11341 38.72102, -9.11478 38.72101, -9.11601 38.72148, -9.11663 38.72244, -9.11625 38.72346)"
c5095f2f-0b9d-44ca-a539-d5e1d93c7fea,f38b2ffc-80a4-4f5a-91c9-bc701e7ea419,Lime,2106119e-c40d-41b5-b97a-762393550840,scooter,electric,2026-09-27T09:39:58Z,2026-09-27T09:45:33Z,335,1186,"LINESTRING (-9.11852 38.73472, -9.12046 38.73380, -9.12245 38.73291, -9.12423 38.73180, -9.12631 38.73106, -9.12816 38.73211, -9.13007 38.73308)"
77e23299-053b-4730-b039-4bcb991539dd,e5121482-3929-4d22-a255-accb1a466884,Dott,02af2ef5-8800-4e81-bf1c-02604e8f7fe2,scooter,electric,2026-09-27T09:41:59Z,2026-09-27T09:47:45Z,346,1343,"LINESTRING (-9.16277 38.75704, -9.16378 38.75813, -9.16454 38.75934, -9.16617 38.75892, -9.16790 38.75884, -9.16959 38.75909, -9.17129 38.75886, -9.17300 38.75872, -9.17445 38.75798, -9.17491 38.75668)"
3686f99c-3ae7-4c67-9f78-79c7b45ef59f,6bad6be2-8e7a-46e9-9f19-950499dd251d,Voi,a3ea5ba2-6d9b-4805-ae70-8b91685be8e8,scooter,electric,2026-09-27T09:57:21Z,2026-09-27T10:04:10Z,409,1212,"LINESTRING (-9.10108 38.73295, -9.10257 38.73261, -9.10404 38.73300, -9.10530 38.73371, -9.10667 38.73430, -9.10815 38.73467, -9.10933 38.73546, -9.11087 38.73565, -9.11231 38.73520, -9.11382 38.73490)"
cab9d144-686d-4a89-b4ea-9c48e72c3b4f,e5121482-3929-4d22-a255-accb1a466884,Dott,fbe8f16e-39cf-4723-a9fd-7f44d61f7e74,scooter,electric,2026-09-27T09:59:25Z,2026-09-27T10:05:02Z,337,2025,"LINESTRING (-9.11148 38.74936, -9.10968 38.74756, -9.10730 38.74623, -9.10675 38.74399, -9.10554 38.74191, -9.10562 38.73963, -9.10363 38.73796, -9.10340 38.73568, -9.10234 38.73356)"
edde9be2-a5af-412e-853f-72879bd52b45,f3f49249-dc28-4f90-a5ae-c7978306d03b,Bolt,2516f920-f893-4baf-8c01-dd1c07cef7b1,scooter,electric,2026-09-27T10:28:20Z,2026-09-27T10:33:02Z,282,1189,"LINESTRING (-9.13464 38.71896, -9.13403 38.71800, -9.13447 38.71698, -9.13473 38.71593, -9.13547 38.71503, -9.13638 38.71423, -9.13775 38.71425, -9.13900 38.71382, -9.14032 38.71352, -9.14158 38.71308, -9.14265 38.71241)"
81d0e92d-2c3c-487e-9895-82e375fd97df,e5121482-3929-4d22-a255-accb1a466884,Dott,851f34bb-de98-4e78-9a2a-c8455a7cfed7,bicycle,electric_assist,2026-09-27T10:39:53Z,2026-09-27T10:56:55Z,1022,2963,"LINESTRING (-9.15253 38.70564, -9.15621 38.70488, -9.15957 38.70626, -9.16337 38.70611, -9.16717 38.70623, -9.16920 38.70873, -9.17164 38.71101, -9.17407 38.71329, -9.17719 38.71498, -9.18049 38.71646)"
3e258b6f-786b-45d8-9c1b-5b68191d5d50,f3f49249-dc28-4f90-a5ae-c7978306d03b,Bolt,b2cedc0c-b463-4028-9805-d62d9604bf34,scooter,electric,2026-09-27T11:25:11Z,2026-09-27T11:33:24Z,493,2282,"LINESTRING (-9.15337 38.70923, -9.15039 38.71033, -9.14729 38.71121, -9.14421 38.71030, -9.14201 38.70839, -9.13951 38.70671, -9.13698 38.70507, -9.13381 38.70437, -9.13184 38.70231)"
313f948a-ae35-496d-ad40-80004777a76f,f38b2ffc-80a4-4f5a-91c9-bc701e7ea419,Lime,fcf2c86d-9394-4318-8fa9-60d1af925385,bicycle,electric_assist,2026-09-27T11:35:57Z,2026-09-27T11:40:57Z,300,1180,"LINESTRING (-9.15905 38.75532, -9.15997 38.75627, -9.16130 38.75683, -9.16229 38.75772, -9.16374 38.75806, -9.16513 38.75853, -9.16615 38.75940, -9.16682 38.76047, -9.16796 38.76124, -9.16946 38.76141)"
0a098ba9-99eb-460b-9a91-c82b46dadf18,6bad6be2-8e7a-46e9-9f19-950499dd251d,Voi,9d6cd5f1-db9b-40e6-ad4a-e6dd51b49326,scooter,electric,2026-09-27T11:47:10Z,2026-09-27T11:59:04Z,714,2776,"LINESTRING (-9.16576 38.77087, -9.16242 38.77413, -9.16207 38.77829, -9.16264 38.78243, -9.16627 38.78550, -9.17066 38.78788, -9.17516 38.79013)"
bae4fa97-1d53-4242-a0b1-e7435abad6fa,d7a7a3cc-8c3d-4f16-9293-de8fc88b2875,Gira,f69e75a3-450d-4734-b112-cdd66e043667,bicycle,electric_assist,2026-09-27T12:14:08Z,2026-09-27T12:28:22Z,854,2446,"LINESTRING (-9.10345 38.75730, -9.10094 38.75876, -9.09824 38.76003, -9.09578 38.76154, -9.09308 38.76280, -9.09090 38.76456, -9.08809 38.76565, -9.08573 38.76726, -9.08304 38.76853, -9.08046 38.76993)"
fcb305fa-89a8-4837-a547-9aea152608db,f38b2ffc-80a4-4f5a-91c9-bc701e7ea419,Lime,4b983f0b-4afc-49d6-a61f-1bf92986a329,scooter,electric,2026-09-27T12:17:31Z,2026-09-27T12:22:40Z,309,1631,"LINESTRING (-9.17512 38.70104, -9.17885 38.70068, -9.18203 38.69910, -9.18561 38.69818, -9.18886 38.69670, -9.18957 38.69381)"
11802135-6b3f-433b-8ec3-8dffba4183fb,e5121482-3929-4d22-a255-accb1a466884,Dott,9b7839eb-28bd-454e-b11e-46f1c0205f09,scooter,electric,2026-09-27T12:20:10Z,2026-09-27T12:33:49Z,819,4271,"LINESTRING (-9.15457 38.72631, -9.14927 38.72268, -9.14314 38.71997, -9.13989 38.71510, -9.13917 38.70963, -9.13686 38.70443, -9.13788 38.69899, -9.13955 38.69365)"
e55f43ac-8049-405f-9c4a-06c784fbf67b,f3f49249-dc28-4f90-a5ae-c7978306d03b,Bolt,68e217ff-59a0-41a9-8984-e3cdc2425fce,scooter,electric,2026-09-27T12:22:58Z,2026-09-27T12:30:51Z,473,2792,"LINESTRING (-9.16482 38.73737, -9.16032 38.73815, -9.15602 38.73944, -9.15438 38.74280, -9.15385 38.74637, -9.15422 38.74995, -9.15164 38.75293, -9.14803 38.75516)"
dd0b468d-3f22-47af-9dd7-1984e7244a86,f38b2ffc-80a4-4f5a-91c9-bc701e7ea419,Lime,db4c9492-bf5f-45e2-b1d0-6d9c18bee074,bicycle,electric_assist,2026-09-27T12:36:38Z,2026-09-27T12:42:37Z,359,1438,"LINESTRING (-9.09746 38.76352, -9.09832 38.76241, -9.09900 38.76123, -9.09952 38.76000, -9.09870 38.75887, -9.09790 38.75773, -9.09699 38.75664, -9.09556 38.75599, -9.09448 38.75500, -9.09400 38.75376, -9.09405 38.75247)"
133af47c-6bfa-4b70-ac0e-b40fdbae6588,f3f49249-dc28-4f90-a5ae-c7978306d03b,Bolt,dde56d3a-d757-444c-8436-734f51edc8e2,scooter,electric,2026-09-27T12:40:38Z,2026-09-27T12:47:34Z,416,2314,"LINESTRING (-9.12534 38.72626, -9.12219 38.72713, -9.11971 38.72888, -9.12000 38.73147, -9.12167 38.73373, -9.12232 38.73629, -9.12195 38.73888, -9.12312 38.74131, -9.12466 38.74363)"
2db94af5-78f0-4b8e-aa5e-93662944cf00,f38b2ffc-80a4-4f5a-91c9-bc701e7ea419,Lime,a3132dd6-7592-41d6-9bee-8f775fee13c8,bicycle,electric_assist,2026-09-27T12:44:56Z,2026-09-27T12:50:43Z,347,1288,"LINESTRING (-9.17688 38.71618, -9.17900 38.71607, -9.18088 38.71529, -9.18300 38.71528, -9.18513 38.71529, -9.18724 38.71515, -9.18906 38.71601, -9.19079 38.71696)"
ca2f6ceb-90b4-4341-a67e-9b4aa18e5bdf,f3f49249-dc28-4f90-a5ae-c7978306d03b,Bolt,9bfeb0c4-eced-4c6f-9b3a-afeca16b28b1,scooter,electric,2026-09-27T13:04:18Z,2026-09-27T13:11:53Z,455,2265,"LINESTRING (-9.13044 38.71646, -9.13301 38.71607, -9.13538 38.71520, -9.13726 38.71378, -9.13988 38.71376, -9.14179 38.71236, -9.14414 38.71147, -9.14669 38.71102, -9.14894 38.71207, -9.15135 38.71286, -9.15382 38.71220)"
e07f9a13-2261-4173-b85d-9d7ba9c37cde,f38b2ffc-80a4-4f5a-91c9-bc701e7ea419,Lime,4b983f0b-4afc-49d6-a61f-1bf92986a329,bicycle,electric_assist,2026-09-27T13:11:26Z,2026-09-27T13:15:51Z,265,910,"LINESTRING (-9.12992 38.70710, -9.12956 38.70808, -9.12946 38.70911, -9.12962 38.71012, -9.13043 38.71093, -9.13138 38.71164, -9.13155 38.71266, -9.13109 38.71362, -9.13065 38.71458)"
a40f438e-57b8-4ed9-b7bf-a35d922ea6cf,e5121482-3929-4d22-a255-accb1a466884,Dott,e1a86f74-fe59-41f2-8413-d5f1a2cbc514,bicycle,electric_assist,2026-09-27T13:14:14Z,2026-09-27T13:17:46Z,212,847,"LINESTRING (-9.18122 38.75462, -9.18210 38.75529, -9.18288 38.75602, -9.18369 38.75674, -9.18454 38.75743, -9.18523 38.75821, -9.18523 38.75917, -9.18521 38.76012, -9.18448 38.76089)"
0d799a3a-5674-4772-8c86-1822c1731ebc,6bad6be2-8e7a-46e9-9f19-950499dd251d,Voi,5c340368-0290-417a-bad4-79dcc846f765,scooter,electric,2026-09-27T14:02:50Z,2026-09-27T14:10:27Z,457,2216,"LINESTRING (-9.16001 38.73002, -9.15753 38.73159, -9.15529 38.73337, -9.15387 38.73561, -9.15298 38.73801, -9.15027 38.73933, -9.14757 38.74067, -9.14460 38.73974, -9.14193 38.73837)"
a157bd63-2f19-409d-81d3-f9f5111c7a27,d7a7a3cc-8c3d-4f16-9293-de8fc88b2875,Gira,48b0d659-50f3-4102-ba90-d4df12643597,bicycle,electric_assist,2026-09-27T14:13:41Z,2026-09-27T14:33:25Z,1184,4274,"LINESTRING (-9.14230 38.70580, -9.13778 38.70735, -9.13297 38.70650, -9.12825 38.70537, -9.12357 38.70416, -9.12004 38.70147, -9.11579 38.69951, -9.11120 38.69810, -9.10638 38.69890, -9.10173 38.70019, -9.09688 38.69949)"
7c7d5fa8-bb8f-450e-bd67-3fefc02f852e,f38b2ffc-80a4-4f5a-91c9-bc701e7ea419,Lime,34fd02f6-8505-47c2-975c-ef7a27655f91,scooter,electric,2026-09-27T14:34:35Z,2026-09-27T14:45:30Z,655,3032,"LINESTRING (-9.12132 38.73639, -9.11565 38.73747, -9.11024 38.73918, -9.10449 38.73996, -9.09916 38.74183, -9.09433 38.74438, -9.09113 38.74819)"
e7a6a7d5-0729-4e8c-843c-8f2c7cb674a1,f38b2ffc-80a4-4f5a-91c9-bc701e7ea419,Lime,7d836e77-af67-4461-a416-3207d0944996,scooter,electric,2026-09-27T14:41:02Z,2026-09-27T14:51:43Z,641,3018,"LINESTRING (-9.10499 38.75147, -9.10117 38.74983, -9.09691 38.74914, -9.09261 38.74855, -9.08840 38.74770, -9.08404 38.74766, -9.08058 38.74973, -9.07676 38.75137, -9.07478 38.75440)"
d837e0a6-a386-487b-852f-e4a827f2aefa,f3f49249-dc28-4f90-a5ae-c7978306d03b,Bolt,997898f0-277b-4be5-8839-cef1375850f0,scooter,electric,2026-09-27T14:44:25Z,2026-09-27T14:52:21Z,476,2900,"LINESTRING (-9.11715 38.71889, -9.12023 38.72052, -9.12392 38.72091, -9.12702 38.71930, -9.13021 38.71781, -9.13355 38.71652, -9.13665 38.71492, -9.13858 38.71244, -9.14024 38.70984, -9.13943 38.70700)"
d635767d-0f80-4838-b9bf-551b8a9889df,6bad6be2-8e7a-46e9-9f19-950499dd251d,Voi,cb10c60b-8b71-415b-b9c3-66f78a560810,scooter,electric,2026-09-27T14:45:46Z,2026-09-27T14:48:16Z,150,759,"LINESTRING (-9.15580 38.75589, -9.15452 38.75682, -9.15277 38.75694, -9.15106 38.75725, -9.14950 38.75788, -9.14778 38.75813)"
7445e19c-d4f8-451c-99d9-835e247223cc,f3f49249-dc28-4f90-a5ae-c7978306d03b,Bolt,b8d92d95-b9d3-4bd2-9086-a15edce937e4,scooter,electric,2026-09-27T15:21:55Z,2026-09-27T15:25:03Z,188,688,"LINESTRING (-9.17003 38.74924, -9.17022 38.75012, -9.16977 38.75093, -9.16986 38.75182, -9.16924 38.75256, -9.16888 38.75340, -9.16834 38.75418, -9.16792 38.75500)"
63c47adb-c65d-4ad9-8865-762fa9110057,f3f49249-dc28-4f90-a5ae-c7978306d03b,Bolt,5479cbec-27e4-47b1-9878-c0bffb8ac7f1,scooter,electric,2026-09-27T15:32:36Z,2026-09-27T15:46:20Z,824,4173,"LINESTRING (-9.15818 38.75974, -9.15891 38.76345, -9.16260 38.76587, -9.16734 38.76656, -9.17213 38.76699, -9.17695 38.76712, -9.18058 38.76960, -9.18381 38.77239, -9.18863 38.77263, -9.19140 38.77570, -9.19542 38.77778)"
bb045fbd-0596-4e9c-8e08-7cdfa59c11c7,e5121482-3929-4d22-a255-accb1a466884,Dott,dcd83b70-911f-4b86-b0b5-b413fb20c517,bicycle,electric_assist,2026-09-27T15:50:22Z,2026-09-27T16:03:08Z,766,2422,"LINESTRING (-9.10417 38.70144, -9.10904 38.69929, -9.11419 38.69758, -9.11978 38.69740, -9.12419 38.69472, -9.12976 38.69509)"
59668cf2-502a-4dde-955f-e7bf4f0711dc,f38b2ffc-80a4-4f5a-91c9-bc701e7ea419,Lime,637c119a-f906-499e-a24e-229f5b72fcc5,bicycle,electric_assist,2026-09-27T16:10:00Z,2026-09-27T16:13:45Z,225,568,"LINESTRING (-9.11515 38.75042, -9.11571 38.75135, -9.11624 38.75229, -9.11576 38.75324, -9.11479 38.75393, -9.11375 38.75456)"
d5504310-9024-4b2b-a17b-eb3a3a0360d0,f3f49249-dc28-4f90-a5ae-c7978306d03b,Bolt,53b87501-e21d-49b4-bd02-487e415e9732,scooter,electric,2026-09-27T16:18:15Z,2026-09-27T16:29:24Z,669,3962,"LINESTRING (-9.13840 38.72349, -9.13609 38.72826, -9.13603 38.73336, -9.13541 38.73844, -9.14005 38.74203, -9.14572 38.74458, -9.15224 38.74489, -9.15802 38.74250)"
0984a241-93ec-457a-83a6-eeee0e03cfd5,f38b2ffc-80a4-4f5a-91c9-bc701e7ea419,Lime,20550db9-9400-4427-acbd-bb71075f0e1d,scooter,electric,2026-09-27T16:21:28Z,2026-09-27T16:30:56Z,568,2504,"LINESTRING (-9.15603 38.74057, -9.15285 38.73850, -9.14881 38.73917, -9.14477 38.73985, -9.14068 38.73936, -9.13656 38.73957, -9.13243 38.73958, -9.12834 38.73910)"
65cb6acc-df24-45da-a245-2b65d3ac8254,e5121482-3929-4d22-a255-accb1a466884,Dott,4dc1de06-f181-48d8-bea8-7f15e0aef10b,scooter,electric,2026-09-27T16:23:23Z,2026-09-27T16:40:07Z,1004,3644,"LINESTRING (-9.14338 38.75872, -9.13963 38.75284, -9.13894 38.74630, -9.14227 38.74027, -9.14357 38.73378, -9.14944 38.72907)"
dcbf83a3-b866-4bb8-8dc8-2c0128913d4f,e5121482-3929-4d22-a255-accb1a466884,Dott,69db8679-03df-4b62-880c-b1623e068813,bicycle,electric_assist,2026-09-27T16:33:26Z,2026-09-27T16:46:56Z,810,1975,"LINESTRING (-9.10080 38.75998, -9.10536 38.75992, -9.10986 38.76054, -9.11266 38.76334, -9.11575 38.76597, -9.11878 38.76863)"
5b2b9c15-3c3f-4871-becc-226a60976bfe,f3f49249-dc28-4f90-a5ae-c7978306d03b,Bolt,9b4a8d0a-515c-4a27-98f0-080057f36ca6,scooter,electric,2026-09-27T16:33:57Z,2026-09-27T16:38:46Z,289,1237,"LINESTRING (-9.15273 38.72710, -9.15398 38.72910, -9.15475 38.73125, -9.15630 38.73313, -9.15736 38.73520, -9.15898 38.73704)"
e8925e81-8907-4f3f-8ce4-ed9645be98af,f3f49249-dc28-4f90-a5ae-c7978306d03b,Bolt,408e79ea-b3a2-459e-8f15-79f2445db505,scooter,electric,2026-09-27T16:49:47Z,2026-09-27T16:57:32Z,465,1870,"LINESTRING (-9.15644 38.72039, -9.15871 38.71977, -9.16071 38.71874, -9.16184 38.71709, -9.16383 38.71604, -9.16623 38.71600, -9.16854 38.71650, -9.17093 38.71629, -9.17330 38.71657, -9.17548 38.71735)"
023e0303-ac0d-4da6-9868-130cc76c52a4,f38b2ffc-80a4-4f5a-91c9-bc701e7ea419,Lime,db4c9492-bf5f-45e2-b1d0-6d9c18bee074,bicycle,electric_assist,2026-09-27T16:58:27Z,2026-09-27T17:12:58Z,871,3251,"LINESTRING (-9.13744 38.76821, -9.13271 38.77017, -9.12737 38.76975, -9.12202 38.77010, -9.11677 38.77097, -9.11141 38.77081, -9.10643 38.76926, -9.10141 38.76777)"
03d4ab77-c7f1-4c19-b8f9-0106e0ebb3b0,f3f49249-dc28-4f90-a5ae-c7978306d03b,Bolt,a07affad-8b8c-488a-a536-76a6437ccafb,scooter,electric,2026-09-27T17:00:10Z,2026-09-27T17:12:12Z,722,2983,"LINESTRING (-9.15189 38.71327, -9.15548 38.71142, -9.15918 38.70969, -9.16272 38.70779, -9.16435 38.70467, -9.16540 38.70142, -9.16608 38.69810, -9.16540 38.69478, -9.16481 38.69145)"
dda7a0ff-1b53-4c77-9fa2-c318975babd9,6bad6be2-8e7a-46e9-9f19-950499dd251d,Voi,7180131f-263e-44fc-bc98-1c1158afbcb8,scooter,electric,2026-09-27T17:24:35Z,2026-09-27T17:29:50Z,315,1240,"LINESTRING (-9.17427 38.76101, -9.17372 38.75998, -9.17244 38.75949, -9.17125 38.75886, -9.17006 38.75824, -9.16935 38.75727, -9.16881 38.75624, -9.16843 38.75516, -9.16841 38.75404, -9.16864 38.75294, -9.16942 38.75200)"
ec3469d6-91f7-4e36-862b-2fed0885d2e9,f38b2ffc-80a4-4f5a-91c9-bc701e7ea419,Lime,ac9f21df-74f0-4af5-b361-8e1ca06d7a69,scooter,electric,2026-09-27T17:28:53Z,2026-09-27T17:41:14Z,741,3463,"LINESTRING (-9.15268 38.70885, -9.15375 38.71323, -9.15688 38.71696, -9.15690 38.72142, -9.15857 38.72568, -9.16303 38.72846, -9.16396 38.73286, -9.16505 38.73723)"
553da6f2-f032-4912-8a00-d212dd76c0b3,f3f49249-dc28-4f90-a5ae-c7978306d03b,Bolt,78845e1f-e913-48da-b188-32d1fd07b7ca,scooter,electric,2026-09-27T17:45:49Z,2026-09-27T17:56:31Z,642,2347,"LINESTRING (-9.16992 38.73433, -9.16807 38.73278, -9.16898 38.73078, -9.17086 38.72926, -9.17244 38.72754, -9.17293 38.72546, -9.17094 38.72403, -9.16827 38.72367, -9.16566 38.72423, -9.16322 38.72331, -9.16075 38.72244)"
4e6c1d82-fc9f-45ca-b237-d9c440582d61,f38b2ffc-80a4-4f5a-91c9-bc701e7ea419,Lime,e060a724-2411-4258-b51b-4c8349a047dc,scooter,electric,2026-09-27T17:47:03Z,2026-09-27T17:57:01Z,598,2751,"LINESTRING (-9.12615 38.74516, -9.12462 38.74299, -9.12267 38.74103, -9.12066 38.73911, -9.11851 38.73728, -9.11654 38.73533, -9.11411 38.73374, -9.11271 38.73151, -9.11103 38.72941, -9.11199 38.72705, -9.11301 38.72470)"
938959d7-04d1-4893-8f9a-25c3b8d566bb,d7a7a3cc-8c3d-4f16-9293-de8fc88b2875,Gira,c1a0dbac-4a84-4014-9164-874fed0c2230,bicycle,electric_assist,2026-09-27T18:24:49Z,2026-09-27T18:28:38Z,229,1191,"LINESTRING (-9.15587 38.70497, -9.15435 38.70484, -9.15303 38.70543, -9.15160 38.70586, -9.15008 38.70588, -9.14856 38.70600, -9.14703 38.70598, -9.14550 38.70605, -9.14409 38.70560, -9.14259 38.70538)"
c2071bb4-b7e4-48f8-8031-07faeddbf0ab,e5121482-3929-4d22-a255-accb1a466884,Dott,acc42b03-70ee-47e3-96e1-34138e4e45ae,scooter,electric,2026-09-27T18:25:18Z,2026-09-27T18:39:42Z,864,3865,"LINESTRING (-9.13334 38.71109, -9.12805 38.70972, -9.12247 38.70991, -9.11719 38.70851, -9.11252 38.71089, -9.10743 38.71268, -9.10304 38.71536, -9.09899 38.71836, -9.09646 38.72224)"
5ab48c7a-d635-4991-9d7b-c9f83d4309be,e5121482-3929-4d22-a255-accb1a466884,Dott,8aaaf212-0da0-46fb-91f9-7a657ec9cb84,bicycle,electric_assist,2026-09-27T18:33:09Z,2026-09-27T18:40:28Z,439,1892,"LINESTRING (-9.11960 38.73568, -9.12232 38.73591, -9.12482 38.73506, -9.12733 38.73421, -9.12917 38.73264, -9.13115 38.73117, -9.13364 38.73029, -9.13622 38.72959, -9.13894 38.72938)"
fadca8ed-6e2f-4dac-8afb-2b9040a665fc,f3f49249-dc28-4f90-a5ae-c7978306d03b,Bolt,5e35055f-1048-4dfa-9fe2-fe3ed7879ce4,scooter,electric,2026-09-27T18:35:29Z,2026-09-27T18:41:27Z,358,1803,"LINESTRING (-9.10595 38.76515, -9.10975 38.76381, -9.11384 38.76318, -9.11790 38.76246, -9.12130 38.76058, -9.12471 38.75871)"
6c987b8a-88b1-48dc-89d8-83cd91f82911,f3f49249-dc28-4f90-a5ae-c7978306d03b,Bolt,79d762c9-cd55-43de-8738-3358d53a5eba,scooter,electric,2026-09-27T18:37:30Z,2026-09-27T18:39:50Z,140,666,"LINESTRING (-9.16862 38.74959, -9.16872 38.75025, -9.16922 38.75080, -9.16974 38.75133, -9.16992 38.75198, -9.17031 38.75257, -9.17053 38.75322, -9.17106 38.75375, -9.17156 38.75429, -9.17206 38.75483)"
b3f71ffa-4fbd-47fd-85d5-f839b2478a79,e5121482-3929-4d22-a255-accb1a466884,Dott,23e9eb54-c8db-403c-b725-d85c878fc1de,scooter,electric,2026-09-27T18:39:21Z,2026-09-27T18:50:44Z,683,2925,"LINESTRING (-9.15196 38.71807, -9.15686 38.72023, -9.16132 38.72290, -9.16572 38.72565, -9.16932 38.72903, -9.17147 38.73309, -9.17502 38.73649)"
29811b04-860f-4cf3-a38e-f524e2495ad8,f38b2ffc-80a4-4f5a-91c9-bc701e7ea419,Lime,637c119a-f906-499e-a24e-229f5b72fcc5,bicycle,electric_assist,2026-09-27T19:12:20Z,2026-09-27T19:17:41Z,321,1408,"LINESTRING (-9.12296 38.70533, -9.12116 38.70535, -9.11966 38.70614, -9.11877 38.70736, -9.11800 38.70864, -9.11781 38.71004, -9.11805 38.71144, -9.11698 38.71257, -9.11518 38.71276, -9.11344 38.71311)"
de2eb724-9306-4b41-8d6f-8e622980a796,f3f49249-dc28-4f90-a5ae-c7978306d03b,Bolt,56f0a1e4-a91a-462e-9164-38f37d3e7a21,scooter,electric,2026-09-27T19:19:26Z,2026-09-27T19:28:40Z,554,2138,"LINESTRING (-9.14093 38.71381, -9.13861 38.71314, -9.13674 38.71440, -9.13503 38.71579, -9.13303 38.71693, -9.13060 38.71661, -9.12817 38.71625, -9.12591 38.71547, -9.12426 38.71404, -9.12382 38.71215, -9.12353 38.71023)"
10a3fcec-fa77-4c64-ba22-5026533a68b9,f38b2ffc-80a4-4f5a-91c9-bc701e7ea419,Lime,a40eecb5-c134-479b-9e3b-7dd373aa881e,scooter,electric,2026-09-27T19:48:45Z,2026-09-27T19:54:04Z,319,1333,"LINESTRING (-9.15946 38.70830, -9.16094 38.70862, -9.16246 38.70881, -9.16398 38.70898, -9.16501 38.70988, -9.16582 38.71090, -9.16672 38.71187, -9.16773 38.71278, -9.16904 38.71340, -9.16985 38.71442, -9.16966 38.71562)"
65db4594-5f10-498e-90ef-571ebc53acda,f3f49249-dc28-4f90-a5ae-c7978306d03b,Bolt,324ce2dd-2d3f-4bf3-904d-7d95672f8dab,scooter,electric,2026-09-27T20:22:42Z,2026-09-27T20:26:39Z,237,1150,"LINESTRING (-9.11941 38.71666, -9.11948 38.71458, -9.11772 38.71304, -9.11581 38.71160, -9.11381 38.71023, -9.11212 38.70863)"
b67ded3e-8542-4e14-a256-a302006c57b7,6bad6be2-8e7a-46e9-9f19-950499dd251d,Voi,1756930d-2185-4bdd-b27e-2001c0eb1633,scooter,electric,2026-09-27T20:30:43Z,2026-09-27T20:34:49Z,246,835,"LINESTRING (-9.13700 38.76758, -9.13733 38.76849, -9.13800 38.76927, -9.13839 38.77016, -9.13928 38.77079, -9.13865 38.77159, -9.13745 38.77168, -9.13624 38.77171, -9.13509 38.77198)"
12a82893-de66-46ca-970d-af689acc83c5,f3f49249-dc28-4f90-a5ae-c7978306d03b,Bolt,0987ec0f-4bf8-4505-86af-8c03d0470f5e,scooter,electric,2026-09-27T20:44:56Z,2026-09-27T20:57:22Z,746,3020,"LINESTRING (-9.14670 38.74715, -9.14956 38.74459, -9.15194 38.74174, -9.15429 38.73887, -9.15566 38.73564, -9.15704 38.73242, -9.15531 38.72930, -9.15638 38.72600, -9.15695 38.72263)"
73b18f99-5946-4e59-97a9-01aa27eab10f,f38b2ffc-80a4-4f5a-91c9-bc701e7ea419,Lime,a3132dd6-7592-41d6-9bee-8f775fee13c8,bicycle,electric_assist,2026-09-27T20:51:42Z,2026-09-27T21:07:03Z,921,4251,"LINESTRING (-9.14922 38.75358, -9.14339 38.75663, -9.13841 38.76048, -9.13140 38.76021, -9.12546 38.75731, -9.11938 38.75457, -9.11351 38.75157, -9.10698 38.74958)"
020eb5ad-5a49-48d5-8640-96315535ca31,e5121482-3929-4d22-a255-accb1a466884,Dott,a1819c02-d797-400d-b4e6-a88c37f30b26,bicycle,electric_assist,2026-09-27T21:15:10Z,2026-09-27T21:46:36Z,1886,5881,"LINESTRING (-9.15560 38.72603, -9.16660 38.72392, -9.17791 38.72431, -9.18916 38.72333, -9.19617 38.71640, -9.20502 38.71089, -9.21618 38.71236)"
6f97e16f-9db8-4e57-a259-6ddf7de28bb1,e5121482-3929-4d22-a255-accb1a466884,Dott,2b3e12cb-a7d3-49b9-a569-7c07fbcb36cc,scooter,electric,2026-09-27T21:58:38Z,2026-09-27T22:14:26Z,948,3200,"LINESTRING (-9.12473 38.73228, -9.12055 38.72874, -9.11443 38.72824, -9.10828 38.72791, -9.10241 38.72645, -9.09662 38.72809, -9.09100 38.73005)"
b28965fb-26eb-4595-9de0-f3d4253998d1,d7a7a3cc-8c3d-4f16-9293-de8fc88b2875,Gira,c1a0dbac-4a84-4014-9164-874fed0c2230,bicycle,electric_assist,2026-09-27T22:16:40Z,2026-09-27T22:21:04Z,264,892,"LINESTRING (-9.13625 38.75681, -9.13721 38.75593, -9.13831 38.75517, -9.13863 38.75405, -9.14002 38.75366, -9.14124 38.75302, -9.14177 38.75195, -9.14269 38.75105)"
75a21287-9373-4f91-b525-90e16e936ba5,e5121482-3929-4d22-a255-accb1a466884,Dott,deddc341-796f-43ef-916d-8fd6d2a0c9c8,bicycle,electric_assist,2026-09-27T23:09:37Z,2026-09-27T23:25:17Z,940,3850,"LINESTRING (-9.17107 38.71678, -9.17685 38.71473, -9.18241 38.71714, -9.18709 38.72048, -9.19339 38.72113, -9.19965 38.72197, -9.20460 38.72508, -9.20993 38.72777)"
7491279c-d88d-4194-8525-a3be444f28b8,e5121482-3929-4d22-a255-accb1a466884,Dott,2b3e12cb-a7d3-49b9-a569-7c07fbcb36cc,bicycle,electric_assist,2026-09-28T03:11:09Z,2026-09-28T03:17:17Z,368,1275,"LINESTRING (-9.11241 38.75284, -9.11251 38.75428, -9.11216 38.75569, -9.11145 38.75701, -9.11018 38.75806, -9.10891 38.75909, -9.10748 38.76000, -9.10584 38.76065, -9.10413 38.76012)"
8873f32f-d106-420c-bd5b-51564be9f241,e5121482-3929-4d22-a255-accb1a466884,Dott,40868dcb-f0b6-459a-a85f-cb5025cb4dc5,scooter,electric,2026-09-28T04:52:34Z,2026-09-28T05:03:28Z,654,3111,"LINESTRING (-9.11226 38.70932, -9.10879 38.71004, -9.10532 38.70931, -9.10173 38.70946, -9.09814 38.70944, -9.09462 38.71001, -9.09118 38.71082, -9.08852 38.71270, -9.08774 38.71543, -9.08611 38.71793, -9.08459 38.72047)"
edf325f6-4cdc-4513-916e-3efbac8e7c05,f38b2ffc-80a4-4f5a-91c9-bc701e7ea419,Lime,1f124a78-e9f9-4484-9377-899a733c6676,scooter,electric,2026-09-28T05:31:22Z,2026-09-28T05:41:27Z,605,2424,"LINESTRING (-9.17907 38.73396, -9.18261 38.73541, -9.18661 38.73533, -9.18894 38.73279, -9.19184 38.73065, -9.19109 38.72758, -9.19197 38.72453, -9.19185 38.72142)"
90905899-2e02-4684-ac84-7c42adddc911,f3f49249-dc28-4f90-a5ae-c7978306d03b,Bolt,29ef7ab1-0730-4359-81ba-d5e1542a6174,scooter,electric,2026-09-28T07:18:05Z,2026-09-28T07:35:30Z,1045,3185,"LINESTRING (-9.10747 38.77156, -9.10084 38.76906, -9.09392 38.76710, -9.08671 38.76593, -9.07945 38.76503, -9.07209 38.76489)"
518baf71-540d-4532-9ef8-9646cfe140a9,e5121482-3929-4d22-a255-accb1a466884,Dott,8aaaf212-0da0-46fb-91f9-7a657ec9cb84,scooter,electric,2026-09-28T07:36:31Z,2026-09-28T07:51:03Z,872,3178,"LINESTRING (-9.10612 38.71660, -9.10478 38.71265, -9.10490 38.70856, -9.10347 38.70462, -9.10256 38.70059, -9.09957 38.69723, -9.10038 38.69319, -9.10537 38.69194)"
bb1a901b-6d65-4f6e-a775-8eec0f4486ff,f38b2ffc-80a4-4f5a-91c9-bc701e7ea419,Lime,9b97d72a-50e9-4d6d-a779-082cecbc0534,bicycle,electric_assist,2026-09-28T07:53:30Z,2026-09-28T07:58:25Z,295,1157,"LINESTRING (-9.11562 38.74486, -9.11599 38.74373, -9.11550 38.74264, -9.11595 38.74153, -9.11698 38.74069, -9.11774 38.73970, -9.11772 38.73854, -9.11822 38.73745, -9.11881 38.73638, -9.11931 38.73529)"
5111826b-4d23-4dd3-87ff-788859658ba2,f3f49249-dc28-4f90-a5ae-c7978306d03b,Bolt,17395086-9dcd-4c96-bb8b-7da0fb24efdb,scooter,electric,2026-09-28T07:58:16Z,2026-09-28T08:06:40Z,504,2291,"LINESTRING (-9.12573 38.71467, -9.12618 38.71760, -9.12451 38.72024, -9.12227 38.72262, -9.11935 38.72449, -9.11792 38.72722, -9.11507 38.72916, -9.11133 38.72961)"
16b5ecd6-97f1-4c97-b7de-392d5d7c8619,f3f49249-dc28-4f90-a5ae-c7978306d03b,Bolt,f064376c-4558-4af0-873e-f4721ba98d07,scooter,electric,2026-09-28T07:58:45Z,2026-09-28T08:05:43Z,418,1492,"LINESTRING (-9.13954 38.76445, -9.14199 38.76423, -9.14432 38.76363, -9.14677 38.76337, -9.14919 38.76304, -9.15095 38.76169, -9.15085 38.75977, -9.15167 38.75796)"
9a1456ce-82cb-4339-a31f-87220c09e880,f38b2ffc-80a4-4f5a-91c9-bc701e7ea419,Lime,96060250-ea3e-4f73-884c-1884c88f63d6,bicycle,electric_assist,2026-09-28T08:02:27Z,2026-09-28T08:07:26Z,299,980,"LINESTRING (-9.14735 38.74255, -9.14580 38.74220, -9.14507 38.74107, -9.14501 38.73981, -9.14625 38.73900, -9.14770 38.73845, -9.14928 38.73818, -9.15089 38.73801)"
e495f113-ddcd-424b-8026-2c8c3e6ac2bc,6bad6be2-8e7a-46e9-9f19-950499dd251d,Voi,8467db94-d094-45e2-9b9a-388629b91dd4,scooter,electric,2026-09-28T08:03:00Z,2026-09-28T08:17:17Z,857,3725,"LINESTRING (-9.11511 38.72242, -9.11137 38.72009, -9.10785 38.71757, -9.10425 38.71512, -9.10038 38.71294, -9.09844 38.70953, -9.09967 38.70593, -9.09893 38.70224, -9.10083 38.69882, -9.10524 38.69739)"
7f83e25c-81c5-4e4c-9c38-b00377e4b08f,e5121482-3929-4d22-a255-accb1a466884,Dott,3a387293-18a2-4e86-9f19-c99c9656c697,bicycle,electric_assist,2026-09-28T08:24:17Z,2026-09-28T08:31:52Z,455,1486,"LINESTRING (-9.10946 38.71445, -9.10666 38.71491, -9.10391 38.71428, -9.10118 38.71362, -9.09852 38.71279, -9.09567 38.71287, -9.09300 38.71368)"
9900a87e-71c4-422b-92e6-ed5b4bf2eade,f3f49249-dc28-4f90-a5ae-c7978306d03b,Bolt,24ba1cef-f8e5-4871-94ee-fc4b3bfa9e9c,scooter,electric,2026-09-28T08:58:55Z,2026-09-28T09:04:38Z,343,1562,"LINESTRING (-9.14463 38.73126, -9.14258 38.73200, -9.14177 38.73364, -9.14190 38.73539, -9.14234 38.73712, -9.14215 38.73887, -9.14195 38.74063, -9.14205 38.74238, -9.14200 38.74414)"
516b78a1-2bf4-4f07-a0c5-5964b0e59b0f,f3f49249-dc28-4f90-a5ae-c7978306d03b,Bolt,324ce2dd-2d3f-4bf3-904d-7d95672f8dab,scooter,electric,2026-09-28T09:18:48Z,2026-09-28T09:25:45Z,417,1845,"LINESTRING (-9.16406 38.76974, -9.16151 38.77033, -9.15885 38.77046, -9.15629 38.77103, -9.15369 38.77151, -9.15108 38.77109, -9.14866 38.77022, -9.14794 38.76822, -9.14690 38.76631)"
1c50ebe9-296f-426a-9056-19145e58d024,e5121482-3929-4d22-a255-accb1a466884,Dott,3e7705c8-cce3-429c-b1f6-7a20daa8f7b7,bicycle,electric_assist,2026-09-28T09:37:05Z,2026-09-28T09:42:58Z,353,1065,"LINESTRING (-9.12519 38.72898, -9.12422 38.72991, -9.12399 38.73110, -9.12282 38.73188, -9.12254 38.73306, -9.12229 38.73424, -9.12326 38.73517, -9.12439 38.73598, -9.12576 38.73654)"
c9fff533-3bc3-4d7c-9109-e2a99d4d8234,f3f49249-dc28-4f90-a5ae-c7978306d03b,Bolt,36079a2a-e59d-4568-a0f3-2241177dd1c5,scooter,electric,2026-09-28T10:00:49Z,2026-09-28T10:04:14Z,205,978,"LINESTRING (-9.12102 38.75621, -9.11994 38.75670, -9.11909 38.75743, -9.11786 38.75721, -9.11705 38.75647, -9.11580 38.75656, -9.11458 38.75680, -9.11333 38.75687, -9.11228 38.75633, -9.11122 38.75581)"
49abb45a-6ec8-4082-b1f5-692c0e666b3e,d7a7a3cc-8c3d-4f16-9293-de8fc88b2875,Gira,89ffc0ad-4dbb-4891-97c3-eb934191a453,bicycle,electric_assist,2026-09-28T10:04:30Z,2026-09-28T10:18:34Z,844,3223,"LINESTRING (-9.15043 38.77168, -9.14644 38.77081, -9.14267 38.76947, -9.13883 38.76828, -9.13471 38.76860, -9.13057 38.76852, -9.12863 38.76568, -9.12639 38.76296, -9.12495 38.75994, -9.12248 38.75735)"
63cb652d-f5e2-4a94-ac1a-ed62192e8396,f38b2ffc-80a4-4f5a-91c9-bc701e7ea419,Lime,f374bac6-5c24-42e5-b9e6-5abfb50f9e6c,scooter,electric,2026-09-28T10:13:33Z,2026-09-28T10:19:36Z,363,1665,"LINESTRING (-9.12681 38.74283, -9.12489 38.74396, -9.12371 38.74559, -9.12146 38.74625, -9.11906 38.74626, -9.11704 38.74525, -9.11500 38.74425, -9.11281 38.74348, -9.11041 38.74353)"
4b811c15-436b-4bd4-a0d7-d9e123d862b9,f3f49249-dc28-4f90-a5ae-c7978306d03b,Bolt,0987ec0f-4bf8-4505-86af-8c03d0470f5e,scooter,electric,2026-09-28T10:38:14Z,2026-09-28T10:40:29Z,135,607,"LINESTRING (-9.13160 38.73445, -9.13163 38.73336, -9.13276 38.73271, -9.13414 38.73251, -9.13539 38.73300, -9.13675 38.73328)"
4c1192d5-1c39-433c-bd04-184fffcef6b6,e5121482-3929-4d22-a255-accb1a466884,Dott,40868dcb-f0b6-459a-a85f-cb5025cb4dc5,scooter,electric,2026-09-28T10:51:52Z,2026-09-28T10:55:59Z,247,1178,"LINESTRING (-9.17350 38.74136, -9.17247 38.74030, -9.17224 38.73899, -9.17150 38.73779, -9.17133 38.73647, -9.17216 38.73532, -9.17309 38.73421, -9.17397 38.73307, -9.17564 38.73284)"
42e9bace-29eb-44a0-a4a7-dfdb886adc78,6bad6be2-8e7a-46e9-9f19-950499dd251d,Voi,95980705-73f0-494d-ae08-b785c173bada,scooter,electric,2026-09-28T10:54:18Z,2026-09-28T11:01:34Z,436,1882,"LINESTRING (-9.17534 38.76484, -9.17459 38.76761, -9.17505 38.77041, -9.17625 38.77308, -9.17656 38.77590, -9.17735 38.77865, -9.17533 38.78100)"
472a7a09-6f3f-4bd0-b3f9-35857ef16170,f38b2ffc-80a4-4f5a-91c9-bc701e7ea419,Lime,a3132dd6-7592-41d6-9bee-8f775fee13c8,scooter,electric,2026-09-28T10:57:53Z,2026-09-28T11:04:56Z,423,1540,"LINESTRING (-9.16521 38.73069, -9.16581 38.73200, -9.16594 38.73338, -9.16653 38.73469, -9.16785 38.73561, -9.16932 38.73640, -9.16914 38.73778, -9.16916 38.73916, -9.16904 38.74055, -9.16942 38.74190, -9.16955 38.74329)"
eeab03f2-9f07-4f79-8da7-f35c1e8af336,e5121482-3929-4d22-a255-accb1a466884,Dott,deddc341-796f-43ef-916d-8fd6d2a0c9c8,scooter,electric,2026-09-28T11:17:22Z,2026-09-28T11:19:47Z,145,781,"LINESTRING (-9.16938 38.75974, -9.16921 38.75887, -9.16829 38.75836, -9.16719 38.75816, -9.16630 38.75762, -9.16547 38.75702, -9.16443 38.75668, -9.16340 38.75633, -9.16281 38.75558)"
65f4e507-47d0-4632-876b-7ff283fe7984,6bad6be2-8e7a-46e9-9f19-950499dd251d,Voi,eec4283b-5d69-4fbe-b9f7-57bdb1e27df5,scooter,electric,2026-09-28T11:18:33Z,2026-09-28T11:28:00Z,567,2083,"LINESTRING (-9.12233 38.71399, -9.11951 38.71621, -9.11550 38.71626, -9.11181 38.71503, -9.10902 38.71278, -9.10628 38.71050, -9.10356 38.70820)"
39572790-3f19-4013-bc31-6d751d6ea07f,d7a7a3cc-8c3d-4f16-9293-de8fc88b2875,Gira,31c5c36d-3806-4896-8d6d-f84546c569ce,bicycle,electric_assist,2026-09-28T11:21:13Z,2026-09-28T11:23:45Z,152,806,"LINESTRING (-9.16653 38.77126, -9.16767 38.77072, -9.16899 38.77059, -9.16997 38.76989, -9.17124 38.77020, -9.17254 38.77044, -9.17369 38.76992, -9.17466 38.76921)"
8d56b5ec-60d1-4e4f-b005-41eb64e255fa,f3f49249-dc28-4f90-a5ae-c7978306d03b,Bolt,0987ec0f-4bf8-4505-86af-8c03d0470f5e,scooter,electric,2026-09-28T11:45:59Z,2026-09-28T12:05:07Z,1148,4403,"LINESTRING (-9.16793 38.70006, -9.16342 38.69657, -9.15834 38.69359, -9.15263 38.69140, -9.14698 38.68914, -9.14064 38.68885, -9.13432 38.68936, -9.12808 38.68844, -9.12198 38.68704)"
d9d0b1c2-be84-469d-8a7c-d2d5004fdeb8,e5121482-3929-4d22-a255-accb1a466884,Dott,5fce192e-e983-41ec-8432-14a7865424a1,bicycle,electric_assist,2026-09-28T11:50:35Z,2026-09-28T11:59:37Z,542,1736,"LINESTRING (-9.12591 38.70359, -9.12985 38.70418, -9.13337 38.70567, -9.13420 38.70873, -9.13500 38.71179, -9.13635 38.71474)"
23ee8d8f-aae5-40b2-b15c-a0df04a96a1c,f3f49249-dc28-4f90-a5ae-c7978306d03b,Bolt,300a0066-b143-48ce-8e46-9e6f14388e02,scooter,electric,2026-09-28T12:00:09Z,2026-09-28T12:06:46Z,397,2005,"LINESTRING (-9.09591 38.76205, -9.09798 38.75950, -9.10027 38.75708, -9.10208 38.75442, -9.10342 38.75159, -9.10383 38.74860, -9.10637 38.74633)"
c701ed7f-3132-4167-9172-c0452f943eba,f38b2ffc-80a4-4f5a-91c9-bc701e7ea419,Lime,a55c9c8e-2f7c-4cc7-8d64-a752b8ec796e,bicycle,electric_assist,2026-09-28T12:10:31Z,2026-09-28T12:31:34Z,1263,5253,"LINESTRING (-9.13826 38.73636, -9.13081 38.73747, -9.12349 38.73902, -9.11604 38.74012, -9.10854 38.73922, -9.10107 38.74025, -9.09656 38.73549, -9.09293 38.73030, -9.08856 38.72546)"
251d7bbe-bf00-46cc-a122-5b945f0e67cb,f3f49249-dc28-4f90-a5ae-c7978306d03b,Bolt,6c3f40a1-170d-44b1-9103-2863de7c8fde,scooter,electric,2026-09-28T12:17:37Z,2026-09-28T12:22:16Z,279,1194,"LINESTRING (-9.18050 38.73024, -9.18072 38.72891, -9.17990 38.72773, -9.17939 38.72644, -9.17900 38.72513, -9.17895 38.72379, -9.17764 38.72290, -9.17706 38.72164, -9.17580 38.72072)"
ffae1f8e-c0ee-48c5-80e0-98ad15cff663,6bad6be2-8e7a-46e9-9f19-950499dd251d,Voi,1530a3b7-a23d-4925-a04d-e64c6915f7fc,scooter,electric,2026-09-28T12:24:15Z,2026-09-28T12:32:01Z,466,1665,"LINESTRING (-9.18328 38.74070, -9.18531 38.73970, -9.18707 38.73843, -9.18932 38.73777, -9.19173 38.73767, -9.19383 38.73677, -9.19604 38.73604, -9.19824 38.73527, -9.20064 38.73533)"
766dca50-6e25-446c-8336-8bef3d806886,6bad6be2-8e7a-46e9-9f19-950499dd251d,Voi,1530a3b7-a23d-4925-a04d-e64c6915f7fc,scooter,electric,2026-09-28T12:32:08Z,2026-09-28T12:39:42Z,454,2345,"LINESTRING (-9.17512 38.70751, -9.17773 38.70808, -9.18009 38.70705, -9.18215 38.70568, -9.18384 38.70403, -9.18534 38.70227, -9.18542 38.70016, -9.18634 38.69817, -9.18876 38.69722, -9.19146 38.69716, -9.19417 38.69728)"
a19ae249-f4c3-4d05-b959-d557066546bc,e5121482-3929-4d22-a255-accb1a466884,Dott,a5008b67-55d2-4105-99ff-51ed20e2098d,bicycle,electric_assist,2026-09-28T12:36:23Z,2026-09-28T12:47:02Z,639,3265,"LINESTRING (-9.12448 38.72467, -9.12582 38.71988, -9.12632 38.71499, -9.13155 38.71226, -9.13372 38.70766, -9.13467 38.70281, -9.13602 38.69802)"
6b4c0a5a-4fb2-44bb-a2fa-de607d3c6ea6,f38b2ffc-80a4-4f5a-91c9-bc701e7ea419,Lime,8c285417-5567-461f-a3a3-62b4bb8a1881,bicycle,electric_assist,2026-09-28T12:56:21Z,2026-09-28T13:06:52Z,631,2307,"LINESTRING (-9.14387 38.76786, -9.14026 38.76879, -9.13684 38.77010, -9.13304 38.77029, -9.12955 38.76910, -9.12634 38.77070, -9.12253 38.77064, -9.12034 38.77306)"
e8489776-6a87-48db-95cf-7420ac02a9a9,f38b2ffc-80a4-4f5a-91c9-bc701e7ea419,Lime,fcbad167-f5a9-4a5f-adf1-65dab6eafff5,scooter,electric,2026-09-28T13:01:58Z,2026-09-28T13:16:28Z,870,3301,"LINESTRING (-9.10593 38.77028, -9.10919 38.77368, -9.10984 38.77790, -9.10888 38.78208, -9.10698 38.78607, -9.10662 38.79031, -9.10909 38.79410, -9.11008 38.79827)"
8d24a271-df9e-43c9-9b6f-8b55c64a4841,f3f49249-dc28-4f90-a5ae-c7978306d03b,Bolt,08d68e5b-dd8c-4c74-aaa9-27e6cd463d49,scooter,electric,2026-09-28T13:30:14Z,2026-09-28T13:34:16Z,242,1220,"LINESTRING (-9.13682 38.71338, -9.13782 38.71451, -9.13778 38.71588, -9.13694 38.71709, -9.13653 38.71843, -9.13693 38.71976, -9.13833 38.72059, -9.13990 38.72122, -9.14134 38.72201)"
98836058-2371-4393-871c-f484d74785b8,f38b2ffc-80a4-4f5a-91c9-bc701e7ea419,Lime,14aa4e71-9d3c-4dec-80a6-1f933d6c51e3,bicycle,electric_assist,2026-09-28T14:15:58Z,2026-09-28T14:24:01Z,483,2384,"LINESTRING (-9.12724 38.74052, -9.12860 38.73838, -9.13136 38.73734, -9.13347 38.73562, -9.13541 38.73377, -9.13698 38.73172, -9.13912 38.73001, -9.14066 38.72795, -9.14316 38.72657, -9.14517 38.72477)"
09e2f149-5c08-4816-b236-0d244b94aac1,f3f49249-dc28-4f90-a5ae-c7978306d03b,Bolt,da159d43-a922-490e-9eef-616aa2e29977,scooter,electric,2026-09-28T14:37:19Z,2026-09-28T14:48:28Z,669,2576,"LINESTRING (-9.09683 38.73044, -9.09887 38.73246, -9.10160 38.73392, -9.10473 38.73475, -9.10771 38.73587, -9.10942 38.73807, -9.11130 38.74020, -9.11454 38.74072, -9.11722 38.74223, -9.11880 38.74449)"
9cf32ea9-e29f-42b1-8f40-2a8b91970681,e5121482-3929-4d22-a255-accb1a466884,Dott,5fbe16a9-3083-40d7-8357-2d566f797e3e,scooter,electric,2026-09-28T14:49:36Z,2026-09-28T15:05:50Z,974,4794,"LINESTRING (-9.13816 38.72041, -9.14420 38.71948, -9.15035 38.71944, -9.15443 38.71585, -9.15979 38.71351, -9.16549 38.71171, -9.16938 38.70798, -9.17497 38.70598, -9.18102 38.70513, -9.18699 38.70398)"
c1f940cb-f978-43e0-827f-dca3ed6ed788,e5121482-3929-4d22-a255-accb1a466884,Dott,13737a12-9629-478f-b780-55face4b8b07,scooter,electric,2026-09-28T15:38:45Z,2026-09-28T15:43:25Z,280,1146,"LINESTRING (-9.14693 38.71931, -9.14836 38.71996, -9.14979 38.72061, -9.15141 38.72089, -9.15299 38.72053, -9.15462 38.72029, -9.15611 38.71973, -9.15647 38.71847, -9.15643 38.71718)"
694c64d0-e5c9-4356-8d3a-ce3620ce1c1c,d7a7a3cc-8c3d-4f16-9293-de8fc88b2875,Gira,f2e212ca-ca37-42b2-a3b0-a1de64815ea7,bicycle,electric_assist,2026-09-28T15:49:06Z,2026-09-28T15:51:51Z,165,607,"LINESTRING (-9.16042 38.77167, -9.16038 38.77222, -9.15984 38.77256, -9.15936 38.77296, -9.15877 38.77326, -9.15839 38.77372, -9.15770 38.77381, -9.15703 38.77364, -9.15654 38.77324, -9.15611 38.77281, -9.15601 38.77227)"
eb7b94fc-4bfe-4234-893c-84ae6ec9be5b,f3f49249-dc28-4f90-a5ae-c7978306d03b,Bolt,a07affad-8b8c-488a-a536-76a6437ccafb,scooter,electric,2026-09-28T16:05:49Z,2026-09-28T16:12:21Z,392,2057,"LINESTRING (-9.11690 38.75662, -9.11889 38.75326, -9.12196 38.75043, -9.12648 38.74929, -9.13124 38.74930, -9.13561 38.74785)"
1c4f789f-b87a-4931-8e12-a64a5a2bc2ff,6bad6be2-8e7a-46e9-9f19-950499dd251d,Voi,5c340368-0290-417a-bad4-79dcc846f765,scooter,electric,2026-09-28T16:06:22Z,2026-09-28T16:14:40Z,498,1721,"LINESTRING (-9.12009 38.76553, -9.12155 38.76321, -9.12339 38.76106, -9.12578 38.75927, -9.12725 38.75695, -9.12895 38.75473, -9.13081 38.75259)"
e6f5e5a8-64cd-48d0-ac34-1d5859e2ec52,e5121482-3929-4d22-a255-accb1a466884,Dott,7b40fec6-f894-4f98-a6b5-5717a682c1c3,bicycle,electric_assist,2026-09-28T16:25:07Z,2026-09-28T16:41:36Z,989,3355,"LINESTRING (-9.17439 38.73043, -9.17694 38.72660, -9.17682 38.72228, -9.17695 38.71796, -9.17758 38.71367, -9.17934 38.70957, -9.18128 38.70553, -9.18564 38.70287)"
2cfdddce-c744-48cd-8958-31fb79d4b94c,e5121482-3929-4d22-a255-accb1a466884,Dott,433ee1a0-0d15-4ba5-b257-37a83e8b7985,scooter,electric,2026-09-28T16:41:45Z,2026-09-28T16:57:53Z,968,4178,"LINESTRING (-9.10646 38.72597, -9.10659 38.73015, -9.10600 38.73431, -9.10707 38.73841, -9.10844 38.74245, -9.10871 38.74663, -9.10667 38.75049, -9.10502 38.75447, -9.10215 38.75801, -9.10179 38.76218)"
6e95bb40-fca6-46d5-a67b-0abfcc4e0e30,f38b2ffc-80a4-4f5a-91c9-bc701e7ea419,Lime,69190876-a0c5-420c-a885-f868301a5d12,scooter,electric,2026-09-28T17:11:14Z,2026-09-28T17:14:59Z,225,1037,"LINESTRING (-9.11233 38.71391, -9.10994 38.71387, -9.10817 38.71260, -9.10696 38.71099, -9.10608 38.70925, -9.10624 38.70739)"
3edda6a4-c874-448e-8a5e-691701feeee4,f3f49249-dc28-4f90-a5ae-c7978306d03b,Bolt,40fc7f1b-5dbe-45b9-8f17-6b347b0dc700,scooter,electric,2026-09-28T17:16:22Z,2026-09-28T17:36:59Z,1237,5645,"LINESTRING (-9.15282 38.74372, -9.15871 38.74934, -9.16511 38.75463, -9.16649 38.76181, -9.15989 38.76693, -9.15731 38.77392, -9.15116 38.77938, -9.14540 38.78509)"
0ca6d3d3-750f-48eb-a522-ee43196e26ef,f3f49249-dc28-4f90-a5ae-c7978306d03b,Bolt,4f077111-f7eb-4fda-b58c-e418b47da864,scooter,electric,2026-09-28T17:20:25Z,2026-09-28T17:24:48Z,263,1409,"LINESTRING (-9.13405 38.74444, -9.13529 38.74597, -9.13660 38.74747, -9.13772 38.74906, -9.13994 38.74962, -9.14215 38.75019, -9.14408 38.74918, -9.14609 38.74826)"
a49ff6de-b8d3-46f4-b8db-7aafad9f419e,f3f49249-dc28-4f90-a5ae-c7978306d03b,Bolt,9b4ab5aa-8f1b-4ae4-b2ab-7967ef642b5f,scooter,electric,2026-09-28T17:21:12Z,2026-09-28T17:28:42Z,450,1829,"LINESTRING (-9.17315 38.72287, -9.17657 38.72353, -9.17927 38.72529, -9.18248 38.72642, -9.18434 38.72875, -9.18494 38.73146, -9.18472 38.73420)"
ebbe78fd-d7dc-4e16-ae8e-92e496b44175,f38b2ffc-80a4-4f5a-91c9-bc701e7ea419,Lime,0eabf949-03f3-4851-b726-99ec6a1e860d,scooter,electric,2026-09-28T17:23:58Z,2026-09-28T17:39:03Z,905,3712,"LINESTRING (-9.16673 38.70308, -9.16486 38.69655, -9.16531 38.68988, -9.16089 38.68414, -9.16156 38.67748, -9.16270 38.67085)"
34e37ca0-0509-4351-875d-da923ffcc633,f38b2ffc-80a4-4f5a-91c9-bc701e7ea419,Lime,7d836e77-af67-4461-a416-3207d0944996,bicycle,electric_assist,2026-09-28T17:25:46Z,2026-09-28T17:30:44Z,298,1493,"LINESTRING (-9.14511 38.74607, -9.14319 38.74683, -9.14107 38.74713, -9.13899 38.74756, -9.13683 38.74756, -9.13468 38.74759, -9.13292 38.74857, -9.13081 38.74892, -9.12877 38.74946)"
eee27bf2-4a5f-47f6-9b27-93330461c01b,d7a7a3cc-8c3d-4f16-9293-de8fc88b2875,Gira,44abbde7-26df-4bfd-8e2e-ccd4eaca913e,bicycle,electric_assist,2026-09-28T17:32:23Z,2026-09-28T17:43:38Z,675,1958,"LINESTRING (-9.10409 38.71621, -9.10059 38.71398, -9.09737 38.71150, -9.09500 38.70849, -9.09105 38.70678, -9.08659 38.70619)"
8fcff79e-82d7-44b0-9031-0c879a256b9f,f38b2ffc-80a4-4f5a-91c9-bc701e7ea419,Lime,6a01977b-8873-4737-ace4-048f45d6ac42,scooter,electric,2026-09-28T18:47:50Z,2026-09-28T19:05:59Z,1089,5283,"LINESTRING (-9.10252 38.74210, -9.10942 38.74463, -9.11704 38.74435, -9.12339 38.74105, -9.12999 38.73807, -9.13360 38.73283, -9.13678 38.72742, -9.13561 38.72154, -9.12916 38.71836)"
effe5c7f-2710-432c-8614-699df46211cb,f3f49249-dc28-4f90-a5ae-c7978306d03b,Bolt,0ddf3e1d-94ed-4f68-b7e2-21464dd75f67,scooter,electric,2026-09-28T18:49:09Z,2026-09-28T18:53:17Z,248,1264,"LINESTRING (-9.14014 38.74179, -9.14219 38.74341, -9.14451 38.74202, -9.14742 38.74182, -9.15030 38.74145, -9.15319 38.74179)"
286a6178-7a42-4131-98e1-bbce2a353567,e5121482-3929-4d22-a255-accb1a466884,Dott,40868dcb-f0b6-459a-a85f-cb5025cb4dc5,bicycle,electric_assist,2026-09-28T19:21:16Z,2026-09-28T19:31:13Z,597,2563,"LINESTRING (-9.10146 38.74817, -9.10413 38.74717, -9.10708 38.74738, -9.11004 38.74722, -9.11299 38.74734, -9.11486 38.74913, -9.11761 38.75000, -9.11822 38.75226, -9.11828 38.75457, -9.11897 38.75682, -9.12155 38.75795)"
b3f335a9-5c23-4eeb-acc0-3d6d9e251e12,e5121482-3929-4d22-a255-accb1a466884,Dott,665b42a3-564b-48a3-819e-5a9b813db014,bicycle,electric_assist,2026-09-28T19:23:12Z,2026-09-28T19:40:46Z,1054,3964,"LINESTRING (-9.16257 38.75381, -9.15892 38.75725, -9.15484 38.76038, -9.15778 38.76421, -9.16255 38.76667, -9.16801 38.76803, -9.17304 38.77016, -9.17839 38.77175, -9.18401 38.77091)"
7f87c70d-e4e7-4ebe-8145-c1b7bf0ee044,f38b2ffc-80a4-4f5a-91c9-bc701e7ea419,Lime,025ff87c-44df-4a13-94f3-98ee4b5c1a95,scooter,electric,2026-09-28T19:37:01Z,2026-09-28T19:44:26Z,445,1634,"LINESTRING (-9.16277 38.75910, -9.15953 38.76061, -9.15576 38.76075, -9.15300 38.75874, -9.14945 38.75773, -9.14595 38.75663)"
1aae856d-72a1-4b27-9ed7-e0850d924066,f3f49249-dc28-4f90-a5ae-c7978306d03b,Bolt,5387d29c-fc2b-432c-9b34-73342063e843,scooter,electric,2026-09-28T19:54:20Z,2026-09-28T19:59:43Z,323,1224,"LINESTRING (-9.15501 38.75833, -9.15704 38.75926, -9.15937 38.75901, -9.16167 38.75860, -9.16398 38.75823, -9.16627 38.75781, -9.16859 38.75747)"
bb71fb11-5665-4151-9298-1d850af4395c,f3f49249-dc28-4f90-a5ae-c7978306d03b,Bolt,d1d503ae-f0e3-4542-8ca1-b5f0ca1d6872,scooter,electric,2026-09-28T20:08:02Z,2026-09-28T20:17:10Z,548,2426,"LINESTRING (-9.14571 38.72366, -9.15131 38.72388, -9.15691 38.72365, -9.16162 38.72602, -9.16722 38.72616, -9.17252 38.72475)"
74196da4-4293-4f11-98dc-20e304c6627c,6bad6be2-8e7a-46e9-9f19-950499dd251d,Voi,a3ea5ba2-6d9b-4805-ae70-8b91685be8e8,scooter,electric,2026-09-28T20:27:35Z,2026-09-28T20:36:49Z,554,2062,"LINESTRING (-9.17770 38.71915, -9.17974 38.71745, -9.18030 38.71517, -9.18255 38.71365, -9.18468 38.71203, -9.18580 38.70988, -9.18635 38.70759, -9.18597 38.70529, -9.18447 38.70329)"
89e2281a-cdba-439d-afca-a51ed5b9acc6,6bad6be2-8e7a-46e9-9f19-950499dd251d,Voi,1c3e16e0-4fb0-44de-83f6-697df3e25f12,scooter,electric,2026-09-28T20:32:01Z,2026-09-28T20:37:35Z,334,1224,"LINESTRING (-9.10393 38.76925, -9.10570 38.77000, -9.10746 38.77078, -9.10938 38.77127, -9.11086 38.77234, -9.11263 38.77311, -9.11465 38.77313, -9.11626 38.77409)"
4d70b2d1-4646-4055-a7b4-7767fa88b42d,f3f49249-dc28-4f90-a5ae-c7978306d03b,Bolt,b4527974-e1df-4fe1-aaee-910c83d6877d,scooter,electric,2026-09-28T21:02:00Z,2026-09-28T21:09:46Z,466,2266,"LINESTRING (-9.13331 38.70799, -9.13053 38.70732, -9.12765 38.70760, -9.12497 38.70848, -9.12248 38.70967, -9.11968 38.70907, -9.11804 38.70719, -9.11542 38.70622, -9.11310 38.70484, -9.11169 38.70286)"
eacf6328-1a2b-4455-968d-5cdfc4c70b42,f38b2ffc-80a4-4f5a-91c9-bc701e7ea419,Lime,bb235be2-8bf6-437b-9f6f-6b2c4c8da302,bicycle,electric_assist,2026-09-28T21:57:32Z,2026-09-28T22:00:56Z,204,809,"LINESTRING (-9.17521 38.74028, -9.17378 38.73935, -9.17244 38.73832, -9.17188 38.73693, -9.17072 38.73579, -9.16996 38.73446)"
b0aedc1a-0148-48a2-87ca-8a63f8156257,e5121482-3929-4d22-a255-accb1a466884,Dott,19fbcf5c-fb59-4cb3-95a6-fd418b9be801,bicycle,electric_assist,2026-09-28T23:06:00Z,2026-09-28T23:13:30Z,450,1755,"LINESTRING (-9.15631 38.74192, -9.15787 38.74065, -9.15924 38.73926, -9.16080 38.73799, -9.16288 38.73731, -9.16444 38.73604, -9.16598 38.73476, -9.16718 38.73327, -9.16816 38.73169, -9.16855 38.72996)"
924b2694-7df7-43c3-a652-7f83a5161b10,e5121482-3929-4d22-a255-accb1a466884,Dott,ff5c37e3-790e-4bc8-a4c2-ce6b9e266b74,scooter,electric,2026-09-29T00:08:22Z,2026-09-29T00:12:52Z,270,1047,"LINESTRING (-9.13990 38.71708, -9.14140 38.71604, -9.14284 38.71493, -9.14390 38.71359, -9.14446 38.71208, -9.14495 38.71056, -9.14623 38.70935)"
7f7cd812-34bc-4b35-81c1-dab86fa8aca3,f3f49249-dc28-4f90-a5ae-c7978306d03b,Bolt,c699d5ef-454b-48f8-9c7e-f9e3caaba2c9,scooter,electric,2026-09-29T00:51:09Z,2026-09-29T00:55:04Z,235,926,"LINESTRING (-9.16327 38.72657, -9.16394 38.72550, -9.16524 38.72487, -9.16675 38.72503, -9.16828 38.72513, -9.16979 38.72532, -9.17126 38.72562, -9.17246 38.72636)"
6c200fb8-b99a-4d70-a633-746742cc1b40,d7a7a3cc-8c3d-4f16-9293-de8fc88b2875,Gira,f2e212ca-ca37-42b2-a3b0-a1de64815ea7,bicycle,electric_assist,2026-09-29T00:56:41Z,2026-09-29T01:10:39Z,838,2573,"LINESTRING (-9.13370 38.73899, -9.12955 38.74232, -9.12421 38.74435, -9.11838 38.74527, -9.11378 38.74820, -9.11178 38.75257)"
2b9f3249-d396-44c2-9034-a971f6dcc547,e5121482-3929-4d22-a255-accb1a466884,Dott,01484051-a017-4756-a22e-9caa61924ddf,scooter,electric,2026-09-29T05:00:27Z,2026-09-29T05:08:58Z,511,2582,"LINESTRING (-9.13689 38.73698, -9.14098 38.73919, -9.14581 38.73827, -9.14815 38.73485, -9.14923 38.73106, -9.14851 38.72723, -9.14754 38.72342)"
d92e0814-1ab1-4ea6-be66-1afb94675a40,d7a7a3cc-8c3d-4f16-9293-de8fc88b2875,Gira,b090385c-12ba-4845-8b23-f006d2fa3fdc,bicycle,electric_assist,2026-09-29T05:03:34Z,2026-09-29T05:16:22Z,768,2840,"LINESTRING (-9.18172 38.75025, -9.18102 38.75340, -9.18135 38.75659, -9.17974 38.75953, -9.18018 38.76271, -9.18066 38.76589, -9.18155 38.76901, -9.18260 38.77210, -9.18309 38.77528)"
5a40642d-59b7-4d60-a735-bc804d874bf2,f38b2ffc-80a4-4f5a-91c9-bc701e7ea419,Lime,28fdb92d-ab26-4981-aaf3-8f6c159d6a38,bicycle,electric_assist,2026-09-29T05:34:58Z,2026-09-29T05:41:38Z,400,1715,"LINESTRING (-9.13657 38.70663, -9.13711 38.70514, -9.13620 38.70377, -9.13480 38.70267, -9.13383 38.70133, -9.13419 38.69981, -9.13493 38.69837, -9.13634 38.69729, -9.13818 38.69672, -9.14015 38.69687, -9.14210 38.69659)"
eca541a4-f4c5-4407-b1ca-f89dffb40239,f38b2ffc-80a4-4f5a-91c9-bc701e7ea419,Lime,47cd07f7-b74c-490a-9eeb-ba4e1c14df92,scooter,electric,2026-09-29T05:36:55Z,2026-09-29T05:45:46Z,531,2048,"LINESTRING (-9.14544 38.76444, -9.14599 38.76810, -9.14757 38.77158, -9.15228 38.77197, -9.15556 38.77463, -9.15686 38.77818)"
0e7c3914-bc6d-433b-9748-f5b9b47a9532,6bad6be2-8e7a-46e9-9f19-950499dd251d,Voi,895bf10a-9cce-402e-ad04-0b1f1a6688ba,scooter,electric,2026-09-29T06:45:58Z,2026-09-29T06:52:08Z,370,1619,"LINESTRING (-9.13817 38.76503, -9.13952 38.76231, -9.13873 38.75946, -9.13624 38.75728, -9.13427 38.75480, -9.13184 38.75258)"
bb4196b8-2fec-4aef-b123-24a649d9d86e,f3f49249-dc28-4f90-a5ae-c7978306d03b,Bolt,b76a1294-8cbb-4091-858f-7eb666426014,scooter,electric,2026-09-29T07:15:40Z,2026-09-29T07:28:40Z,780,2339,"LINESTRING (-9.10563 38.76489, -9.10264 38.76469, -9.09979 38.76395, -9.09689 38.76334, -9.09392 38.76369, -9.09093 38.76353, -9.08800 38.76407, -9.08513 38.76473, -9.08223 38.76412, -9.07945 38.76323)"
e4081440-701d-4640-8836-d8898e56c485,f38b2ffc-80a4-4f5a-91c9-bc701e7ea419,Lime,36de6548-d90e-413a-9835-7aebd0ef5c36,bicycle,electric_assist,2026-09-29T07:18:08Z,2026-09-29T07:28:59Z,651,2969,"LINESTRING (-9.14023 38.75115, -9.14009 38.75412, -9.14192 38.75672, -9.14442 38.75897, -9.14664 38.76139, -9.14856 38.76395, -9.15013 38.76666, -9.15305 38.76857, -9.15561 38.77077, -9.15931 38.77003)"
aad1b10d-c352-4916-887d-583675655952,e5121482-3929-4d22-a255-accb1a466884,Dott,975cd6d2-ae80-48a2-be19-e269154dfd6d,scooter,electric,2026-09-29T07:24:20Z,2026-09-29T07:40:57Z,997,3812,"LINESTRING (-9.16875 38.74842, -9.16664 38.75239, -9.16801 38.75655, -9.16900 38.76077, -9.17201 38.76437, -9.17452 38.76819, -9.17908 38.77059, -9.18425 38.77207, -9.18960 38.77107)"
97ca056e-4ea8-44b1-b0f2-59e6c2e45f2b,e5121482-3929-4d22-a255-accb1a466884,Dott,497254cb-01de-4900-b460-a4424774948c,bicycle,electric_assist,2026-09-29T07:38:30Z,2026-09-29T07:42:46Z,256,955,"LINESTRING (-9.18348 38.71741, -9.18386 38.71622, -9.18400 38.71500, -9.18456 38.71385, -9.18558 38.71291, -9.18654 38.71193, -9.18810 38.71179, -9.18845 38.71059)"
11d67b82-5a6e-439f-9dda-10d30bfaf787,f38b2ffc-80a4-4f5a-91c9-bc701e7ea419,Lime,02ebb8d8-d734-4c4a-a86a-04d10e66c6be,bicycle,electric_assist,2026-09-29T07:41:29Z,2026-09-29T07:52:26Z,657,2167,"LINESTRING (-9.12390 38.73434, -9.12303 38.73704, -9.12118 38.73943, -9.11851 38.74128, -9.11512 38.74217, -9.11166 38.74147, -9.10909 38.73953, -9.10663 38.73751)"
61a6a103-b33b-4815-8c73-11f3fa369ad3,f38b2ffc-80a4-4f5a-91c9-bc701e7ea419,Lime,51a248ee-6aa8-40b5-8494-a9bc4c046460,scooter,electric,2026-09-29T08:16:58Z,2026-09-29T08:26:32Z,574,1576,"LINESTRING (-9.15135 38.70256, -9.15244 38.70142, -9.15410 38.70084, -9.15496 38.69959, -9.15528 38.69819, -9.15392 38.69725, -9.15220 38.69678, -9.15052 38.69624, -9.14919 38.69527, -9.14745 38.69485, -9.14639 38.69600)"
bc3aab03-bf8e-4c84-8a8c-ebe6f4692a63,f38b2ffc-80a4-4f5a-91c9-bc701e7ea419,Lime,db4c9492-bf5f-45e2-b1d0-6d9c18bee074,scooter,electric,2026-09-29T08:28:12Z,2026-09-29T08:38:47Z,635,2979,"LINESTRING (-9.12662 38.74639, -9.12797 38.74204, -9.13314 38.74010, -9.13790 38.73760, -9.14361 38.73722, -9.14925 38.73803, -9.15448 38.73987)"
8b7fd03b-49b5-4c89-82d9-dc01633949ab,e5121482-3929-4d22-a255-accb1a466884,Dott,e8d8235c-e46c-41cf-9f70-b8ba632d5714,bicycle,electric_assist,2026-09-29T08:34:01Z,2026-09-29T08:49:32Z,931,2407,"LINESTRING (-9.12928 38.75290, -9.13196 38.75230, -9.13370 38.75061, -9.13488 38.74865, -9.13391 38.74662, -9.13589 38.74510, -9.13673 38.74303, -9.13758 38.74096, -9.13947 38.73937, -9.14019 38.73728, -9.14139 38.73532)"
30bb58c4-3d09-47ed-bf06-17a33329d17f,e5121482-3929-4d22-a255-accb1a466884,Dott,c051260e-59c9-4139-bd70-1a0dd4e8eabd,scooter,electric,2026-09-29T08:36:19Z,2026-09-29T08:47:12Z,653,2243,"LINESTRING (-9.17947 38.74922, -9.18343 38.75057, -9.18771 38.75009, -9.19043 38.74747, -9.19460 38.74661, -9.19829 38.74485, -9.20253 38.74424)"
dfed73de-8e49-4aa2-acd0-a899d97e039d,e5121482-3929-4d22-a255-accb1a466884,Dott,aa2939cf-b13c-4642-9e1c-fb0a398faf3a,bicycle,electric_assist,2026-09-29T08:46:23Z,2026-09-29T08:50:49Z,266,1034,"LINESTRING (-9.16739 38.72878, -9.16733 38.72745, -9.16798 38.72622, -9.16824 38.72490, -9.16800 38.72358, -9.16745 38.72233, -9.16610 38.72151, -9.16470 38.72075)"
e2132d16-f223-4c2e-826d-b1a16378160d,f38b2ffc-80a4-4f5a-91c9-bc701e7ea419,Lime,843fa185-f899-4660-b690-8f3189faa7fb,bicycle,electric_assist,2026-09-29T08:58:46Z,2026-09-29T09:09:47Z,661,1918,"LINESTRING (-9.15821 38.73577, -9.15380 38.73612, -9.15183 38.73921, -9.15091 38.74259, -9.15254 38.74581, -9.15556 38.74834)"
8a28e827-6ca3-4396-9b1c-c91ef536c6bf,6bad6be2-8e7a-46e9-9f19-950499dd251d,Voi,d2dde7e8-de8f-4d0a-9f64-9a87f9c6a003,scooter,electric,2026-09-29T09:24:58Z,2026-09-29T09:29:43Z,285,1213,"LINESTRING (-9.15002 38.75270, -9.15156 38.75370, -9.15267 38.75500, -9.15318 38.75651, -9.15427 38.75782, -9.15466 38.75935, -9.15562 38.76072, -9.15688 38.76193)"
f38cda61-b30b-4c27-9b15-c7b37e5030b3,e5121482-3929-4d22-a255-accb1a466884,Dott,4d8984a3-8c90-480b-9dcd-a265352991ba,scooter,electric,2026-09-29T09:26:48Z,2026-09-29T09:32:19Z,331,1616,"LINESTRING (-9.16731 38.73821, -9.16484 38.73743, -9.16238 38.73662, -9.15981 38.73607, -9.15721 38.73558, -9.15514 38.73427, -9.15384 38.73246, -9.15323 38.73043)"
d21a32f0-206c-4739-b277-bc8ef865abeb,f3f49249-dc28-4f90-a5ae-c7978306d03b,Bolt,5d396109-83bb-4916-b88f-4c244cf74765,scooter,electric,2026-09-29T09:37:53Z,2026-09-29T09:43:27Z,334,1769,"LINESTRING (-9.09633 38.73834, -9.09576 38.74095, -9.09834 38.74269, -9.09973 38.74512, -9.09870 38.74765, -9.09989 38.75014, -9.10035 38.75277)"
d2764467-1485-4967-934d-a3f6e0382a8e,d7a7a3cc-8c3d-4f16-9293-de8fc88b2875,Gira,349f5a6c-2697-4eea-9f15-b224861beadf,bicycle,electric_assist,2026-09-29T09:55:45Z,2026-09-29T10:03:03Z,438,1583,"LINESTRING (-9.11281 38.71539, -9.11126 38.71641, -9.10923 38.71652, -9.10735 38.71591, -9.10572 38.71496, -9.10382 38.71440, -9.10180 38.71454, -9.09977 38.71465, -9.09860 38.71335, -9.09826 38.71179)"
8051ac63-88fa-4d38-b504-11ae7ebe09e8,6bad6be2-8e7a-46e9-9f19-950499dd251d,Voi,0ec3703b-37e1-4834-b4cc-204400923538,scooter,electric,2026-09-29T10:27:03Z,2026-09-29T10:48:22Z,1279,5168,"LINESTRING (-9.12273 38.71786, -9.12955 38.72185, -9.13654 38.72565, -9.14487 38.72708, -9.15313 38.72872, -9.16131 38.73059, -9.16924 38.73305, -9.17656 38.73646)"
50a9ec62-e30b-47e9-b71c-14c8e8e99c74,f3f49249-dc28-4f90-a5ae-c7978306d03b,Bolt,54eb1e9f-8fc3-4287-819b-0c586ebea6fb,scooter,electric,2026-09-29T10:32:15Z,2026-09-29T10:38:25Z,370,1508,"LINESTRING (-9.13019 38.76752, -9.12956 38.76609, -9.12975 38.76459, -9.13041 38.76317, -9.13020 38.76167, -9.13089 38.76025, -9.13108 38.75875, -9.13203 38.75743, -9.13359 38.75655, -9.13548 38.75619)"
963f883e-18c4-4fb2-aefb-ec274317cae0,f3f49249-dc28-4f90-a5ae-c7978306d03b,Bolt,c699d5ef-454b-48f8-9c7e-f9e3caaba2c9,scooter,electric,2026-09-29T11:07:17Z,2026-09-29T11:24:59Z,1062,5391,"LINESTRING (-9.18335 38.71404, -9.18892 38.70863, -9.19542 38.70389, -9.20111 38.69856, -9.20596 38.69274, -9.21287 38.68838, -9.21762 38.68251, -9.22650 38.68233)"
f58fd736-8da7-4877-ba98-7580a4390431,e5121482-3929-4d22-a255-accb1a466884,Dott,fbe8f16e-39cf-4723-a9fd-7f44d61f7e74,scooter,electric,2026-09-29T11:59:53Z,2026-09-29T12:13:31Z,818,3138,"LINESTRING (-9.17108 38.75877, -9.17404 38.75609, -9.17817 38.75464, -9.18074 38.75173, -9.18214 38.74837, -9.18411 38.74519, -9.18553 38.74183, -9.18759 38.73868, -9.18781 38.73515)"
15244b0f-b534-4688-af6d-67649b93ac0d,f3f49249-dc28-4f90-a5ae-c7978306d03b,Bolt,0987ec0f-4bf8-4505-86af-8c03d0470f5e,scooter,electric,2026-09-29T12:01:12Z,2026-09-29T12:17:53Z,1001,4646,"LINESTRING (-9.17618 38.74495, -9.17764 38.74946, -9.17865 38.75404, -9.17895 38.75869, -9.17813 38.76329, -9.17346 38.76619, -9.17098 38.77042, -9.16582 38.77276, -9.16315 38.77691, -9.16646 38.78078)"
159ab00c-7b3b-41b0-8975-984f593c1fbd,f38b2ffc-80a4-4f5a-91c9-bc701e7ea419,Lime,9b97d72a-50e9-4d6d-a779-082cecbc0534,bicycle,electric_assist,2026-09-29T12:07:25Z,2026-09-29T12:35:35Z,1690,4805,"LINESTRING (-9.13508 38.72542, -9.14605 38.72408, -9.15594 38.72015, -9.16511 38.71527, -9.17358 38.70968, -9.18434 38.70754)"
cd8077b3-2752-40dd-b72b-de15c68c9941,d7a7a3cc-8c3d-4f16-9293-de8fc88b2875,Gira,d8f5f877-585b-47a4-8e2e-b551fd33ff5b,bicycle,electric_assist,2026-09-29T12:12:29Z,2026-09-29T12:27:19Z,890,2483,"LINESTRING (-9.14591 38.73832, -9.15028 38.74122, -9.15291 38.74520, -9.15236 38.74965, -9.15544 38.75343, -9.15637 38.75784)"
4f977a2f-5ec5-4267-bb8a-ef63c9b050e6,f38b2ffc-80a4-4f5a-91c9-bc701e7ea419,Lime,df2986b2-e7f2-4366-bec4-f31ced5eeb81,scooter,electric,2026-09-29T12:19:00Z,2026-09-29T12:45:14Z,1574,7511,"LINESTRING (-9.14584 38.71101, -9.13562 38.70555, -9.12530 38.70020, -9.12108 38.69111, -9.11448 38.68292, -9.11011 38.67388, -9.09853 38.67045, -9.08948 38.66386)"
fac61d63-b146-4c5e-a364-1118e4a56c47,e5121482-3929-4d22-a255-accb1a466884,Dott,ff5c37e3-790e-4bc8-a4c2-ce6b9e266b74,bicycle,electric_assist,2026-09-29T12:36:47Z,2026-09-29T12:55:46Z,1139,4314,"LINESTRING (-9.11635 38.70034, -9.11095 38.70127, -9.10849 38.70514, -9.10456 38.70818, -9.10002 38.71065, -9.09730 38.71441, -9.09453 38.71815, -9.08912 38.71907, -9.08399 38.72070, -9.08051 38.72405)"
8a62638d-f0d4-4271-8ee1-d2f87f5415e5,f38b2ffc-80a4-4f5a-91c9-bc701e7ea419,Lime,2edc49c1-f71b-4135-ac06-43b173f29c6a,scooter,electric,2026-09-29T12:38:24Z,2026-09-29T12:47:26Z,542,2296,"LINESTRING (-9.11922 38.74037, -9.12165 38.73954, -9.12313 38.73782, -9.12352 38.73578, -9.12360 38.73371, -9.12220 38.73195, -9.12021 38.73058, -9.11821 38.72923, -9.11606 38.72801, -9.11384 38.72687, -9.11187 38.72549)"
5d15f75d-c1b6-4f3b-a71c-5d9426822fc3,e5121482-3929-4d22-a255-accb1a466884,Dott,0062c542-2380-4f92-9d88-e6528cd46d02,scooter,electric,2026-09-29T12:46:35Z,2026-09-29T13:05:50Z,1155,4957,"LINESTRING (-9.11817 38.70912, -9.11216 38.71214, -9.10558 38.71434, -9.10145 38.71889, -9.09624 38.72273, -9.09013 38.72563, -9.08321 38.72705, -9.07716 38.73003, -9.07027 38.73155)"
f0a77824-9862-49f7-b616-2aad2ec44267,e5121482-3929-4d22-a255-accb1a466884,Dott,dd9a7e7d-58fe-4057-837e-f300b19037a2,scooter,electric,2026-09-29T13:01:51Z,2026-09-29T13:08:36Z,405,1170,"LINESTRING (-9.18004 38.72025, -9.17952 38.71818, -9.17894 38.71612, -9.17762 38.71428, -9.17687 38.71225, -9.17687 38.71014)"
9042ba1c-3142-469f-94b3-3f3b595c893a,e5121482-3929-4d22-a255-accb1a466884,Dott,1d96bf66-3ced-4681-8096-0cf9a6792560,scooter,electric,2026-09-29T13:10:54Z,2026-09-29T13:18:59Z,485,2436,"LINESTRING (-9.10140 38.72130, -9.10350 38.72276, -9.10631 38.72262, -9.10904 38.72315, -9.11059 38.72498, -9.11185 38.72694, -9.11225 38.72911, -9.11214 38.73131, -9.11037 38.73301, -9.11069 38.73519, -9.11304 38.73641)"
4ce643fa-d65c-4871-9259-d1c0fb63d9e5,6bad6be2-8e7a-46e9-9f19-950499dd251d,Voi,6f456bec-cd31-470e-86a9-5ffa42149a69,scooter,electric,2026-09-29T13:23:53Z,2026-09-29T13:32:09Z,496,1877,"LINESTRING (-9.15667 38.74560, -9.15749 38.74892, -9.15916 38.75204, -9.16308 38.75350, -9.16691 38.75507, -9.17119 38.75566)"
f7014c38-3148-4194-9c65-c25ad5005470,f3f49249-dc28-4f90-a5ae-c7978306d03b,Bolt,29ef7ab1-0730-4359-81ba-d5e1542a6174,scooter,electric,2026-09-29T13:25:34Z,2026-09-29T13:31:12Z,338,1426,"LINESTRING (-9.18036 38.74461, -9.18108 38.74210, -9.18234 38.73972, -9.18206 38.73716, -9.18202 38.73459, -9.18123 38.73210)"
80896075-7bc7-4aca-a7eb-8de31418a36f,f38b2ffc-80a4-4f5a-91c9-bc701e7ea419,Lime,7f9880a6-e73c-49ea-8437-1ff3a60741f3,bicycle,electric_assist,2026-09-29T13:28:37Z,2026-09-29T13:32:04Z,207,897,"LINESTRING (-9.15081 38.73074, -9.14979 38.73088, -9.14900 38.73140, -9.14880 38.73219, -9.14906 38.73298, -9.14943 38.73373, -9.14993 38.73444, -9.15057 38.73507, -9.15158 38.73526, -9.15243 38.73572, -9.15337 38.73606)"
0af6a412-51d8-422f-a586-e7a7fb1f4ac5,e5121482-3929-4d22-a255-accb1a466884,Dott,02af2ef5-8800-4e81-bf1c-02604e8f7fe2,bicycle,electric_assist,2026-09-29T13:39:07Z,2026-09-29T13:48:19Z,552,1433,"LINESTRING (-9.10283 38.72168, -9.10328 38.72010, -9.10394 38.71857, -9.10525 38.71733, -9.10702 38.71649, -9.10905 38.71617, -9.11029 38.71488, -9.11144 38.71354, -9.11329 38.71281)"
14922aee-cd83-4d23-9308-34c38bdf29b4,d7a7a3cc-8c3d-4f16-9293-de8fc88b2875,Gira,699f48c0-92fa-463f-b735-a91f741152c4,bicycle,electric_assist,2026-09-29T14:15:36Z,2026-09-29T14:26:46Z,670,1462,"LINESTRING (-9.16508 38.73118, -9.16701 38.73184, -9.16875 38.73277, -9.16985 38.73418, -9.16997 38.73582, -9.17004 38.73747, -9.17121 38.73884, -9.17239 38.74020, -9.17385 38.74139)"
fde2a6c6-5352-4fd6-9810-c1ad45abfa75,f38b2ffc-80a4-4f5a-91c9-bc701e7ea419,Lime,5814b53f-2fec-4275-8e0e-889662186f4b,bicycle,electric_assist,2026-09-29T14:18:57Z,2026-09-29T14:25:39Z,402,1795,"LINESTRING (-9.14348 38.76293, -9.14620 38.76049, -9.14844 38.75776, -9.15088 38.75514, -9.15137 38.75193, -9.15078 38.74872)"
fa02328e-32d9-40fd-b5f3-fdb30c02b71a,6bad6be2-8e7a-46e9-9f19-950499dd251d,Voi,bc2cc533-dfd7-4fe8-96db-a2c5ffb5a97d,scooter,electric,2026-09-29T14:46:07Z,2026-09-29T14:48:03Z,116,507,"LINESTRING (-9.14044 38.74391, -9.13979 38.74385, -9.13915 38.74375, -9.13856 38.74354, -9.13810 38.74318, -9.13756 38.74290, -9.13698 38.74266, -9.13643 38.74239, -9.13589 38.74211, -9.13527 38.74225)"
b30b9260-16ac-4522-a4b9-406f10697739,f3f49249-dc28-4f90-a5ae-c7978306d03b,Bolt,1d1c91e3-c4cf-4357-b048-4c9f704309dc,scooter,electric,2026-09-29T14:49:32Z,2026-09-29T14:53:41Z,249,1142,"LINESTRING (-9.13493 38.75796, -9.13248 38.75872, -9.13057 38.76014, -9.12801 38.76065, -9.12555 38.75991, -9.12326 38.76093)"
e5faf8d6-b67b-4c5e-9666-de85a25122ab,f38b2ffc-80a4-4f5a-91c9-bc701e7ea419,Lime,2dfbc7b2-078e-4649-8425-0d88b8d3b186,scooter,electric,2026-09-29T14:56:07Z,2026-09-29T15:05:23Z,556,2541,"LINESTRING (-9.12439 38.71043, -9.12545 38.70829, -9.12628 38.70610, -9.12810 38.70430, -9.13048 38.70296, -9.13194 38.70098, -9.13384 38.69923, -9.13657 38.69838, -9.13738 38.69618, -9.13662 38.69397, -9.13581 38.69177)"
26df560a-c473-475d-99af-781599e03a41,e5121482-3929-4d22-a255-accb1a466884,Dott,dcd83b70-911f-4b86-b0b5-b413fb20c517,bicycle,electric_assist,2026-09-29T15:21:04Z,2026-09-29T15:25:45Z,281,1103,"LINESTRING (-9.17892 38.76402, -9.17778 38.76445, -9.17745 38.76541, -9.17747 38.76640, -9.17734 38.76739, -9.17684 38.76831, -9.17767 38.76907, -9.17871 38.76964, -9.17998 38.76967, -9.18116 38.77006, -9.18178 38.77093)"
28d49851-1407-4b29-bba9-fa0570d142f6,f3f49249-dc28-4f90-a5ae-c7978306d03b,Bolt,29ef7ab1-0730-4359-81ba-d5e1542a6174,scooter,electric,2026-09-29T15:43:43Z,2026-09-29T15:48:00Z,257,834,"LINESTRING (-9.15102 38.74589, -9.15015 38.74540, -9.14910 38.74523, -9.14804 38.74511, -9.14730 38.74451, -9.14623 38.74452, -9.14527 38.74416, -9.14436 38.74372, -9.14332 38.74351, -9.14225 38.74344)"
fc7617b9-f300-4f48-9d34-ad67577b08ee,f38b2ffc-80a4-4f5a-91c9-bc701e7ea419,Lime,85c80ede-202c-415a-898d-b8601e47caa6,scooter,electric,2026-09-29T16:02:07Z,2026-09-29T16:06:44Z,277,1208,"LINESTRING (-9.14181 38.71312, -9.14201 38.71192, -9.14291 38.71094, -9.14270 38.70974, -9.14180 38.70875, -9.14157 38.70755, -9.14175 38.70635, -9.14252 38.70530, -9.14344 38.70433, -9.14463 38.70355)"
1d359ab3-a5aa-4da5-8e4d-e609cea856b5,f3f49249-dc28-4f90-a5ae-c7978306d03b,Bolt,2fc32fd3-2b15-4455-b511-3b5c20c3e9d5,scooter,electric,2026-09-29T16:13:40Z,2026-09-29T16:20:15Z,395,1906,"LINESTRING (-9.13271 38.75820, -9.13639 38.76009, -9.14027 38.76172, -9.14269 38.76459, -9.14488 38.76757, -9.14592 38.77091)"
cb51b500-3506-4475-85ec-e3e0cf6a8480,f38b2ffc-80a4-4f5a-91c9-bc701e7ea419,Lime,423674a6-864f-43f3-aab0-6e9b65ed0de4,bicycle,electric_assist,2026-09-29T16:32:55Z,2026-09-29T16:40:55Z,480,1462,"LINESTRING (-9.15213 38.70178, -9.15249 38.70321, -9.15291 38.70464, -9.15428 38.70564, -9.15570 38.70660, -9.15687 38.70774, -9.15851 38.70844, -9.15997 38.70936, -9.16140 38.71032, -9.16267 38.71139)"
f6f10185-a272-4938-9c3f-f41a0f100530,f3f49249-dc28-4f90-a5ae-c7978306d03b,Bolt,2bb0f862-d780-45c8-9546-601d330e3777,scooter,electric,2026-09-29T16:37:16Z,2026-09-29T16:57:23Z,1207,4562,"LINESTRING (-9.13975 38.72380, -9.13112 38.72507, -9.12234 38.72513, -9.11505 38.72131, -9.10783 38.71741, -9.10275 38.71183, -9.09488 38.70879)"
d0ed17d7-2ff5-496d-b94b-8a37a3ab5d2b,f38b2ffc-80a4-4f5a-91c9-bc701e7ea419,Lime,d11ad49d-f272-42ef-8ab8-bd1063989ab9,scooter,electric,2026-09-29T16:55:18Z,2026-09-29T17:06:39Z,681,2516,"LINESTRING (-9.13981 38.75772, -9.14249 38.75912, -9.14462 38.76101, -9.14732 38.76239, -9.15053 38.76211, -9.15376 38.76193, -9.15674 38.76289, -9.15985 38.76220, -9.16299 38.76161, -9.16592 38.76055)"
14dcfe7f-9f9a-4484-9ea3-41de74486b7b,f38b2ffc-80a4-4f5a-91c9-bc701e7ea419,Lime,a3132dd6-7592-41d6-9bee-8f775fee13c8,bicycle,electric_assist,2026-09-29T17:19:26Z,2026-09-29T17:24:11Z,285,1307,"LINESTRING (-9.11136 38.71599, -9.11293 38.71799, -9.11568 38.71898, -9.11778 38.72067, -9.11887 38.72287, -9.12101 38.72453)"
1bfd2807-01c7-4ff3-974e-470361bebecb,e5121482-3929-4d22-a255-accb1a466884,Dott,e9588f94-efcd-43cc-aae9-da1f415e9e83,scooter,electric,2026-09-29T17:57:10Z,2026-09-29T18:00:56Z,226,1020,"LINESTRING (-9.12201 38.72640, -9.12136 38.72743, -9.12064 38.72843, -9.11949 38.72915, -9.11812 38.72957, -9.11665 38.72963, -9.11539 38.73023, -9.11396 38.72995, -9.11252 38.72969)"
1bd8255c-f1c3-4633-9e0a-11c36a936f31,f3f49249-dc28-4f90-a5ae-c7978306d03b,Bolt,ba040a94-d651-4f5a-9fbc-fb2c1b7e243a,scooter,electric,2026-09-29T17:59:39Z,2026-09-29T18:05:16Z,337,1616,"LINESTRING (-9.09631 38.73466, -9.09836 38.73440, -9.10044 38.73446, -9.10243 38.73402, -9.10450 38.73389, -9.10654 38.73359, -9.10790 38.73237, -9.10985 38.73183, -9.11186 38.73222, -9.11394 38.73231)"
1a97c8ff-d22c-48ed-bc59-e605addb7102,e5121482-3929-4d22-a255-accb1a466884,Dott,4d517c7a-8238-4ccc-acf5-e8063e18c088,bicycle,electric_assist,2026-09-29T18:07:01Z,2026-09-29T18:29:48Z,1367,5264,"LINESTRING (-9.09894 38.76544, -9.09311 38.77046, -9.08502 38.77295, -9.07734 38.77611, -9.07550 38.78273, -9.07264 38.78913, -9.07315 38.79589, -9.06985 38.80216)"
18e571c1-2e46-406e-8f23-ab6f48623dc2,e5121482-3929-4d22-a255-accb1a466884,Dott,13737a12-9629-478f-b780-55face4b8b07,bicycle,electric_assist,2026-09-29T18:07:10Z,2026-09-29T18:15:49Z,519,1936,"LINESTRING (-9.16882 38.75026, -9.17058 38.75347, -9.17232 38.75668, -9.17405 38.75990, -9.17599 38.76305, -9.17824 38.76606)"
c0e264b0-dce5-4c7c-9f8c-bab53910c582,f3f49249-dc28-4f90-a5ae-c7978306d03b,Bolt,1ea300b9-8554-417b-9a19-e0d7c0a904a0,scooter,electric,2026-09-29T18:21:50Z,2026-09-29T18:26:55Z,305,1228,"LINESTRING (-9.11149 38.76830, -9.11422 38.76892, -9.11592 38.77069, -9.11666 38.77283, -9.11636 38.77503, -9.11490 38.77693)"
ed214a64-62fb-4fa3-b13d-9a4eb2ed434c,e5121482-3929-4d22-a255-accb1a466884,Dott,2b3e12cb-a7d3-49b9-a569-7c07fbcb36cc,bicycle,electric_assist,2026-09-29T18:33:49Z,2026-09-29T18:46:57Z,788,2710,"LINESTRING (-9.11908 38.75297, -9.11893 38.74949, -9.11815 38.74605, -9.11659 38.74278, -9.11439 38.73974, -9.11175 38.73693, -9.10894 38.73421, -9.10591 38.73165)"
c7595391-6e9b-4c25-a3bd-33e876b087fb,f3f49249-dc28-4f90-a5ae-c7978306d03b,Bolt,059f963d-8a70-4dba-ba87-89509d0413de,scooter,electric,2026-09-29T18:51:47Z,2026-09-29T19:05:29Z,822,3027,"LINESTRING (-9.14644 38.70501, -9.15176 38.70686, -9.15493 38.71068, -9.15884 38.71405, -9.16368 38.71658, -9.16614 38.72070, -9.16642 38.72524)"
f7b13144-7a61-45e7-abc7-f5443ab0cb3d,f3f49249-dc28-4f90-a5ae-c7978306d03b,Bolt,ba040a94-d651-4f5a-9fbc-fb2c1b7e243a,scooter,electric,2026-09-29T19:04:15Z,2026-09-29T19:08:47Z,272,1212,"LINESTRING (-9.16473 38.76021, -9.16660 38.75911, -9.16766 38.75749, -9.16834 38.75575, -9.16885 38.75397, -9.16957 38.75224, -9.17047 38.75056)"
f17e2515-a7e9-44de-b96a-7d016ef74a7b,6bad6be2-8e7a-46e9-9f19-950499dd251d,Voi,7180131f-263e-44fc-bc98-1c1158afbcb8,scooter,electric,2026-09-29T19:13:16Z,2026-09-29T19:23:52Z,636,2133,"LINESTRING (-9.17834 38.73214, -9.17905 38.73529, -9.18005 38.73840, -9.18204 38.74120, -9.18140 38.74436, -9.17902 38.74698, -9.18016 38.75006)"
3940c467-ac4f-4fe7-9a7d-47b6f49e9ef2,f38b2ffc-80a4-4f5a-91c9-bc701e7ea419,Lime,20550db9-9400-4427-acbd-bb71075f0e1d,scooter,electric,2026-09-29T19:16:25Z,2026-09-29T19:24:49Z,504,2302,"LINESTRING (-9.12182 38.72526, -9.12442 38.72687, -9.12673 38.72874, -9.12838 38.73099, -9.12954 38.73342, -9.13135 38.73559, -9.13346 38.73759, -9.13565 38.73954, -9.13669 38.74201)"
dc703c24-d4c9-460f-9cca-484e9ac610e7,d7a7a3cc-8c3d-4f16-9293-de8fc88b2875,Gira,a298ab87-7947-4af8-86ab-5ec5b802e168,bicycle,electric_assist,2026-09-29T19:19:26Z,2026-09-29T19:23:20Z,234,650,"LINESTRING (-9.14925 38.71890, -9.14924 38.71773, -9.14977 38.71663, -9.14953 38.71548, -9.14803 38.71542, -9.14657 38.71567)"
8bb3d3a7-7c68-4d7e-b470-0f7c539db79c,f3f49249-dc28-4f90-a5ae-c7978306d03b,Bolt,08d68e5b-dd8c-4c74-aaa9-27e6cd463d49,scooter,electric,2026-09-29T19:28:46Z,2026-09-29T19:32:31Z,225,1246,"LINESTRING (-9.12839 38.74904, -9.12746 38.75076, -9.12678 38.75256, -9.12648 38.75442, -9.12664 38.75628, -9.12749 38.75803, -9.12618 38.75960)"
30fcf70e-fd82-44f6-be02-c7b129a2c1ca,e5121482-3929-4d22-a255-accb1a466884,Dott,ff5c37e3-790e-4bc8-a4c2-ce6b9e266b74,scooter,electric,2026-09-29T19:40:33Z,2026-09-29T19:54:54Z,861,5484,"LINESTRING (-9.15252 38.70061, -9.14615 38.69404, -9.13818 38.68865, -9.13137 38.68236, -9.12949 38.67426, -9.13534 38.66741, -9.14293 38.66169)"
e76e6c49-56c2-45b8-87de-71cc55bfa2bb,6bad6be2-8e7a-46e9-9f19-950499dd251d,Voi,86235fc0-8b86-4604-b67e-ed924178161d,scooter,electric,2026-09-29T19:44:39Z,2026-09-29T19:48:06Z,207,867,"LINESTRING (-9.14977 38.74571, -9.14796 38.74638, -9.14606 38.74686, -9.14412 38.74725, -9.14252 38.74819, -9.14147 38.74952)"
c7dc3150-abc0-4feb-a749-927a86dd88cf,f38b2ffc-80a4-4f5a-91c9-bc701e7ea419,Lime,44a23f65-9015-47c2-8b71-779491e0b539,bicycle,electric_assist,2026-09-29T19:59:30Z,2026-09-29T20:13:55Z,865,3013,"LINESTRING (-9.10093 38.72772, -9.09840 38.73000, -9.09533 38.73184, -9.09240 38.73380, -9.08897 38.73520, -9.08762 38.73802, -9.08669 38.74095, -9.08530 38.74377, -9.08525 38.74679, -9.08599 38.74975)"
7db4aa5a-2055-43a0-be2f-aae8fb028656,f3f49249-dc28-4f90-a5ae-c7978306d03b,Bolt,914fe82d-1593-4452-8f37-fdfbb49cb061,scooter,electric,2026-09-29T20:40:28Z,2026-09-29T20:42:21Z,113,526,"LINESTRING (-9.14899 38.71797, -9.14857 38.71846, -9.14785 38.71866, -9.14720 38.71896, -9.14649 38.71918, -9.14574 38.71929, -9.14499 38.71935, -9.14434 38.71905, -9.14363 38.71883)"
2b01d791-60da-430b-8bcc-f303cd51ea3c,f38b2ffc-80a4-4f5a-91c9-bc701e7ea419,Lime,66160227-1737-4472-ac16-72297608d942,bicycle,electric_assist,2026-09-29T21:00:53Z,2026-09-29T21:08:31Z,458,2365,"LINESTRING (-9.14904 38.70876, -9.14745 38.70703, -9.14472 38.70699, -9.14241 38.70585, -9.13976 38.70531, -9.13716 38.70468, -9.13443 38.70473, -9.13184 38.70541, -9.12940 38.70638, -9.12697 38.70735, -9.12690 38.70948)"
e07f4998-7b1d-442a-8d06-34162a542962,d7a7a3cc-8c3d-4f16-9293-de8fc88b2875,Gira,317d9a8c-1a61-46b0-a2f4-c4c907f2264c,bicycle,electric_assist,2026-09-29T21:19:25Z,2026-09-29T21:24:25Z,300,1191,"LINESTRING (-9.13095 38.72892, -9.12934 38.72804, -9.12913 38.72652, -9.12867 38.72502, -9.12852 38.72350, -9.12773 38.72209, -9.12774 38.72056, -9.12781 38.71903)"
37f79032-ef0e-461f-bb1f-f145a6e0c9bf,6bad6be2-8e7a-46e9-9f19-950499dd251d,Voi,dd613171-ea1b-48a9-8cce-eb0d62495879,scooter,electric,2026-09-29T22:20:16Z,2026-09-29T22:37:10Z,1014,3498,"LINESTRING (-9.17804 38.75255, -9.17705 38.75699, -9.17668 38.76148, -9.17946 38.76543, -9.17873 38.76989, -9.17799 38.77436, -9.18179 38.77775, -9.18618 38.78067)"
316d8bf5-0f5d-45ef-8942-0ae34140bc7a,e5121482-3929-4d22-a255-accb1a466884,Dott,e1a86f74-fe59-41f2-8413-d5f1a2cbc514,scooter,electric,2026-09-30T00:49:34Z,2026-09-30T00:59:42Z,608,2581,"LINESTRING (-9.13697 38.76640, -9.14293 38.76650, -9.14844 38.76472, -9.15440 38.76453, -9.15984 38.76645, -9.16327 38.77026)"
4c833c3b-792c-42f6-bf77-b21ec6fbe164,e5121482-3929-4d22-a255-accb1a466884,Dott,7515d9ef-1f85-4e07-a5c5-756037a41337,scooter,electric,2026-09-30T00:58:20Z,2026-09-30T01:08:50Z,630,2938,"LINESTRING (-9.16136 38.71470, -9.16487 38.71923, -9.16929 38.72325, -9.17128 38.72831, -9.17191 38.73359, -9.17345 38.73874)"
bbe273b1-59a9-4945-bfb1-3a1fc30bbfc8,f3f49249-dc28-4f90-a5ae-c7978306d03b,Bolt,5e35055f-1048-4dfa-9fe2-fe3ed7879ce4,scooter,electric,2026-09-30T06:43:27Z,2026-09-30T06:51:42Z,495,2572,"LINESTRING (-9.16854 38.72149, -9.16372 38.72235, -9.15881 38.72289, -9.15528 38.72560, -9.15061 38.72689, -9.14574 38.72618, -9.14131 38.72446)"
8be4f057-af38-49f6-bf10-3e9114c76b65,f38b2ffc-80a4-4f5a-91c9-bc701e7ea419,Lime,9924eb8b-7575-4c2b-961f-8bfe9f93693f,bicycle,electric_assist,2026-09-30T07:14:18Z,2026-09-30T07:26:36Z,738,3227,"LINESTRING (-9.18226 38.74161, -9.17983 38.73941, -9.17785 38.73694, -9.17416 38.73653, -9.17045 38.73627, -9.16711 38.73757, -9.16352 38.73833, -9.15982 38.73869, -9.15711 38.74068, -9.15430 38.74260, -9.15059 38.74289)"
e75b80cc-0352-4f8c-bc14-147212d14895,f3f49249-dc28-4f90-a5ae-c7978306d03b,Bolt,7fae0a6b-e8d4-4587-b971-084f59095c12,scooter,electric,2026-09-30T07:30:50Z,2026-09-30T07:34:39Z,229,1020,"LINESTRING (-9.16438 38.71415, -9.16363 38.71486, -9.16328 38.71574, -9.16267 38.71652, -9.16178 38.71712, -9.16060 38.71705, -9.15944 38.71721, -9.15904 38.71807, -9.15848 38.71889, -9.15762 38.71952, -9.15673 38.72012)"
a3900624-c6a8-46be-9ba3-bdd8a7459937,f3f49249-dc28-4f90-a5ae-c7978306d03b,Bolt,5387d29c-fc2b-432c-9b34-73342063e843,scooter,electric,2026-09-30T07:54:00Z,2026-09-30T08:05:13Z,673,3033,"LINESTRING (-9.16611 38.72312, -9.17194 38.72308, -9.17778 38.72302, -9.18356 38.72239, -9.18913 38.72377, -9.19486 38.72461, -9.20006 38.72668)"
8c3b520f-ad38-4c10-b893-8c24af792c4c,6bad6be2-8e7a-46e9-9f19-950499dd251d,Voi,6f456bec-cd31-470e-86a9-5ffa42149a69,scooter,electric,2026-09-30T07:54:05Z,2026-09-30T07:57:58Z,233,789,"LINESTRING (-9.10777 38.72917, -9.10698 38.72981, -9.10621 38.73046, -9.10519 38.73085, -9.10405 38.73077, -9.10297 38.73050, -9.10315 38.72962, -9.10323 38.72874, -9.10284 38.72790)"
cbea2cc0-b683-4e5a-b4ab-d489075d85a8,f3f49249-dc28-4f90-a5ae-c7978306d03b,Bolt,eaed9e29-74b8-446a-90b6-3899aefc1636,scooter,electric,2026-09-30T08:01:22Z,2026-09-30T08:09:38Z,496,1915,"LINESTRING (-9.14997 38.72679, -9.15255 38.72601, -9.15530 38.72578, -9.15756 38.72454, -9.15880 38.72261, -9.16152 38.72222, -9.16418 38.72164, -9.16669 38.72074, -9.16933 38.72009)"
397fece3-8877-4c04-8137-37b17cae3df7,f38b2ffc-80a4-4f5a-91c9-bc701e7ea419,Lime,026b3d02-a13b-487b-bf3b-9167f9e2e7d0,bicycle,electric_assist,2026-09-30T08:03:45Z,2026-09-30T08:11:12Z,447,1253,"LINESTRING (-9.16732 38.71541, -9.16772 38.71419, -9.16817 38.71298, -9.16763 38.71180, -9.16728 38.71058, -9.16648 38.70949, -9.16583 38.70834, -9.16459 38.70754, -9.16298 38.70756, -9.16143 38.70724)"
d19120af-24a7-4ab5-9eaf-638d33424fdc,f3f49249-dc28-4f90-a5ae-c7978306d03b,Bolt,183b60e5-0ee4-4d4c-81ef-c27d7888cb20,scooter,electric,2026-09-30T08:04:24Z,2026-09-30T08:09:34Z,310,1257,"LINESTRING (-9.17752 38.74783, -9.17617 38.74714, -9.17508 38.74621, -9.17384 38.74541, -9.17265 38.74456, -9.17155 38.74364, -9.17012 38.74306, -9.16862 38.74259, -9.16717 38.74205, -9.16574 38.74145)"
c89d62ef-d673-45ee-9d2a-ac329d2152c4,f38b2ffc-80a4-4f5a-91c9-bc701e7ea419,Lime,a5721c6a-58d6-4944-9573-e7bb0d26efa0,scooter,electric,2026-09-30T08:08:40Z,2026-09-30T08:16:37Z,477,2031,"LINESTRING (-9.15974 38.76831, -9.15745 38.76794, -9.15514 38.76760, -9.15310 38.76669, -9.15119 38.76562, -9.14984 38.76413, -9.14953 38.76231, -9.14841 38.76071, -9.14747 38.75903, -9.14686 38.75726, -9.14562 38.75571)"
7efb267d-be99-4e95-a848-aa8b2f9f14cd,e5121482-3929-4d22-a255-accb1a466884,Dott,aa1bc2e3-3e1e-4bd8-98da-990c9704364a,bicycle,electric_assist,2026-09-30T08:27:20Z,2026-09-30T08:49:32Z,1332,4266,"LINESTRING (-9.12113 38.72398, -9.11860 38.71788, -9.12067 38.71168, -9.11768 38.70572, -9.11051 38.70259, -9.10359 38.69915, -9.09854 38.69410)"
072ff95e-89c2-47ea-b98d-ccc6ff758231,d7a7a3cc-8c3d-4f16-9293-de8fc88b2875,Gira,1088a172-7944-4514-9c10-bb61f0248f25,bicycle,electric_assist,2026-09-30T08:40:33Z,2026-09-30T09:00:08Z,1175,5084,"LINESTRING (-9.12872 38.73657, -9.13454 38.73887, -9.13973 38.74195, -9.14316 38.74628, -9.14270 38.75136, -9.14104 38.75628, -9.13964 38.76125, -9.13784 38.76614, -9.13868 38.77119, -9.14259 38.77526)"
810a28b5-6ccc-4732-8b87-b687979d9e98,f38b2ffc-80a4-4f5a-91c9-bc701e7ea419,Lime,9b97d72a-50e9-4d6d-a779-082cecbc0534,bicycle,electric_assist,2026-09-30T08:43:36Z,2026-09-30T09:03:50Z,1214,5051,"LINESTRING (-9.09666 38.72887, -9.09981 38.73270, -9.10099 38.73716, -9.09908 38.74146, -9.09785 38.74591, -9.10102 38.74973, -9.10519 38.75291, -9.11001 38.75548, -9.11536 38.75729, -9.11567 38.76184, -9.11866 38.76575)"
22e00985-426c-43ec-97b5-722bd0a53f0e,f38b2ffc-80a4-4f5a-91c9-bc701e7ea419,Lime,069a306f-f1f0-4f49-8500-29abef3e4144,bicycle,electric_assist,2026-09-30T09:08:08Z,2026-09-30T09:12:28Z,260,975,"LINESTRING (-9.11766 38.76915, -9.11927 38.76915, -9.12056 38.76839, -9.12212 38.76870, -9.12346 38.76940, -9.12498 38.76982, -9.12611 38.77071, -9.12736 38.77151)"
a2799821-ef6d-44b4-a372-c4977e24a7b6,f38b2ffc-80a4-4f5a-91c9-bc701e7ea419,Lime,0397a31d-ea9e-4ab5-b30b-89dc2577c324,scooter,electric,2026-09-30T09:38:14Z,2026-09-30T09:51:54Z,820,3438,"LINESTRING (-9.18144 38.71168, -9.18247 38.71603, -9.18002 38.72002, -9.18148 38.72430, -9.18604 38.72693, -9.18908 38.73066, -9.19300 38.73386, -9.19572 38.73775)"
7f9e4a86-cab5-4762-9951-16dc4196eaa7,6bad6be2-8e7a-46e9-9f19-950499dd251d,Voi,a3ea5ba2-6d9b-4805-ae70-8b91685be8e8,scooter,electric,2026-09-30T09:38:50Z,2026-09-30T09:52:42Z,832,3427,"LINESTRING (-9.10182 38.70837, -9.09980 38.70240, -9.09803 38.69638, -9.09384 38.69114, -9.09128 38.68529, -9.09105 38.67912)"
5b4e0123-cbaa-452c-ad9b-e59ad78b660d,f38b2ffc-80a4-4f5a-91c9-bc701e7ea419,Lime,8eb5140f-16f4-4881-9724-1955b91dddd9,bicycle,electric_assist,2026-09-30T10:01:34Z,2026-09-30T10:08:20Z,406,1834,"LINESTRING (-9.11151 38.71158, -9.11344 38.71053, -9.11565 38.70990, -9.11780 38.70915, -9.12012 38.70887, -9.12217 38.70977, -9.12452 38.70981, -9.12678 38.71034, -9.12886 38.71119, -9.13121 38.71106)"
6a6a3672-8024-4779-ba43-2310471785e6,e5121482-3929-4d22-a255-accb1a466884,Dott,4dc1de06-f181-48d8-bea8-7f15e0aef10b,bicycle,electric_assist,2026-09-30T10:02:29Z,2026-09-30T10:23:11Z,1242,3081,"LINESTRING (-9.17267 38.72553, -9.17512 38.72263, -9.17753 38.71972, -9.17790 38.71626, -9.17960 38.71305, -9.18291 38.71073, -9.18671 38.70893, -9.19063 38.70730, -9.19432 38.70536)"
f6a40ff2-e00d-4077-9fcf-949a23473a15,e5121482-3929-4d22-a255-accb1a466884,Dott,dd729e1e-be3b-4bbf-9d14-62605b31c2c6,bicycle,electric_assist,2026-09-30T10:53:04Z,2026-09-30T10:58:36Z,332,846,"LINESTRING (-9.13559 38.70960, -9.13552 38.71087, -9.13431 38.71173, -9.13311 38.71258, -9.13212 38.71359, -9.13157 38.71478, -9.13213 38.71598)"
47920781-5f3a-4d5b-804a-0dc0f954f912,f38b2ffc-80a4-4f5a-91c9-bc701e7ea419,Lime,51a248ee-6aa8-40b5-8494-a9bc4c046460,bicycle,electric_assist,2026-09-30T11:38:38Z,2026-09-30T11:54:36Z,958,3585,"LINESTRING (-9.10000 38.76973, -9.09512 38.77107, -9.09020 38.77234, -9.08658 38.77523, -9.08198 38.77708, -9.07834 38.77995, -9.07528 38.78321, -9.07237 38.78656, -9.07548 38.78979)"
0dd4fe6d-294a-434c-b9b1-7148eafeeff4,6bad6be2-8e7a-46e9-9f19-950499dd251d,Voi,cad71eb4-59c8-40ea-bc48-ec7262e7825f,scooter,electric,2026-09-30T11:46:37Z,2026-09-30T11:56:56Z,619,2683,"LINESTRING (-9.13040 38.70479, -9.13347 38.70231, -9.13752 38.70091, -9.14181 38.70176, -9.14621 38.70212, -9.14996 38.70396, -9.15352 38.70602, -9.15660 38.70850)"
47d2c016-5bfb-4931-be19-1f0ce33dc6d8,f38b2ffc-80a4-4f5a-91c9-bc701e7ea419,Lime,1f124a78-e9f9-4484-9377-899a733c6676,scooter,electric,2026-09-30T12:14:12Z,2026-09-30T12:22:15Z,483,1595,"LINESTRING (-9.15646 38.70626, -9.15941 38.70694, -9.16222 38.70791, -9.16491 38.70905, -9.16798 38.70915, -9.17103 38.70943, -9.17406 38.70984)"
d89f1e82-8d57-4f6e-bd08-86e7d9ccd09c,f38b2ffc-80a4-4f5a-91c9-bc701e7ea419,Lime,c8fb4456-b76d-40c3-b078-22db703e53cf,bicycle,electric_assist,2026-09-30T12:19:32Z,2026-09-30T12:25:37Z,365,1601,"LINESTRING (-9.11456 38.70054, -9.11256 38.70088, -9.11080 38.70171, -9.10875 38.70182, -9.10680 38.70234, -9.10517 38.70331, -9.10344 38.70417, -9.10139 38.70427, -9.09953 38.70496, -9.09766 38.70562)"
5d105af8-da84-4677-adc3-cc100744e9a5,f3f49249-dc28-4f90-a5ae-c7978306d03b,Bolt,96ccafff-ae5f-464a-8594-bce1b63a6bc0,scooter,electric,2026-09-30T12:27:33Z,2026-09-30T12:31:41Z,248,1213,"LINESTRING (-9.10985 38.72626, -9.10798 38.72683, -9.10666 38.72800, -9.10544 38.72924, -9.10365 38.72993, -9.10165 38.73005, -9.09968 38.73033, -9.09778 38.73083)"
d8b11a51-aac7-46d7-86c9-f3fb6d09f612,f38b2ffc-80a4-4f5a-91c9-bc701e7ea419,Lime,8bed5b65-94a4-429c-b383-d496000e05d0,bicycle,electric_assist,2026-09-30T13:27:41Z,2026-09-30T13:43:01Z,920,3821,"LINESTRING (-9.12067 38.72762, -9.11358 38.73173, -9.10613 38.73542, -9.10074 38.74087, -9.09451 38.74575, -9.08781 38.75023)"
d3587591-9fbd-4ce6-8108-cef6a4273c7b,f38b2ffc-80a4-4f5a-91c9-bc701e7ea419,Lime,328bf8ae-57ad-457d-b4f0-31fc8acaca45,scooter,electric,2026-09-30T13:47:42Z,2026-09-30T13:54:13Z,391,993,"LINESTRING (-9.17295 38.70497, -9.17405 38.70403, -9.17385 38.70276, -9.17275 38.70181, -9.17147 38.70100, -9.17011 38.70029, -9.16902 38.69934, -9.16806 38.69830)"
29c637b5-7972-4385-a334-fbd19027bac8,f3f49249-dc28-4f90-a5ae-c7978306d03b,Bolt,53b87501-e21d-49b4-bd02-487e415e9732,scooter,electric,2026-09-30T14:14:01Z,2026-09-30T14:20:51Z,410,1676,"LINESTRING (-9.10905 38.75405, -9.11095 38.75288, -9.11335 38.75312, -9.11565 38.75371, -9.11697 38.75529, -9.11737 38.75715, -9.11738 38.75904, -9.11638 38.76076, -9.11542 38.76249)"
1a50f7d3-f0ec-4281-b6a9-4fd901f767e5,f3f49249-dc28-4f90-a5ae-c7978306d03b,Bolt,1ea300b9-8554-417b-9a19-e0d7c0a904a0,scooter,electric,2026-09-30T14:16:44Z,2026-09-30T14:27:29Z,645,2579,"LINESTRING (-9.18306 38.74568, -9.18308 38.74278, -9.18230 38.73994, -9.18159 38.73709, -9.18110 38.73421, -9.18244 38.73150, -9.18551 38.72985, -9.18578 38.72695, -9.18625 38.72407)"
9c9dec5d-d2e7-46ea-b21a-96d1aac3544a,f3f49249-dc28-4f90-a5ae-c7978306d03b,Bolt,f9b75d10-c76f-410c-91ac-44be1521f652,scooter,electric,2026-09-30T14:31:22Z,2026-09-30T14:36:38Z,316,1551,"LINESTRING (-9.13222 38.70409, -9.13416 38.70444, -9.13610 38.70478, -9.13804 38.70442, -9.13998 38.70410, -9.14170 38.70489, -9.14353 38.70549, -9.14539 38.70605, -9.14735 38.70575, -9.14916 38.70512)"
24449645-0f47-40ee-80d8-5e4fafac3968,f3f49249-dc28-4f90-a5ae-c7978306d03b,Bolt,cc941d42-62e0-4dd6-9bda-22cf907b12b7,scooter,electric,2026-09-30T14:38:59Z,2026-09-30T14:53:44Z,885,3850,"LINESTRING (-9.11773 38.72205, -9.12247 38.71875, -9.12696 38.71524, -9.12697 38.71028, -9.12745 38.70534, -9.13078 38.70112, -9.13527 38.69762, -9.14013 38.69443)"
d9a029ce-b80f-4205-9b52-295f7d59b062,6bad6be2-8e7a-46e9-9f19-950499dd251d,Voi,6a26b86f-0d12-433e-ae48-569430aef2b6,scooter,electric,2026-09-30T15:04:15Z,2026-09-30T15:09:46Z,331,1578,"LINESTRING (-9.12185 38.72074, -9.11983 38.72058, -9.11799 38.71992, -9.11613 38.71929, -9.11444 38.71842, -9.11470 38.71686, -9.11544 38.71539, -9.11521 38.71382, -9.11383 38.71266, -9.11217 38.71175)"
c397c595-359d-4c2d-a369-e135fbced204,e5121482-3929-4d22-a255-accb1a466884,Dott,aa2939cf-b13c-4642-9e1c-fb0a398faf3a,bicycle,electric_assist,2026-09-30T15:05:39Z,2026-09-30T15:10:27Z,288,1221,"LINESTRING (-9.11277 38.71486, -9.10995 38.71478, -9.10725 38.71416, -9.10443 38.71432, -9.10163 38.71411, -9.09882 38.71431)"
dac4117c-eba8-441b-8c77-fb5c31f4bb6f,e5121482-3929-4d22-a255-accb1a466884,Dott,1c6e5e65-cec8-456f-a7c8-51c77510c361,scooter,electric,2026-09-30T15:10:13Z,2026-09-30T15:14:39Z,266,925,"LINESTRING (-9.11132 38.71365, -9.11282 38.71341, -9.11433 38.71327, -9.11563 38.71391, -9.11713 38.71409, -9.11853 38.71457, -9.12006 38.71460, -9.12151 38.71424)"
656be228-7ecd-449e-b95e-9fb71239e2e4,f3f49249-dc28-4f90-a5ae-c7978306d03b,Bolt,3fccf89c-7d2c-48ec-8a91-9c736b3ae0ee,scooter,electric,2026-09-30T15:10:59Z,2026-09-30T15:20:31Z,572,2601,"LINESTRING (-9.17144 38.72783, -9.17656 38.73027, -9.17737 38.73492, -9.17939 38.73933, -9.17913 38.74402, -9.17952 38.74869)"
9de96b05-336c-4ee6-8356-6c79f68be708,f3f49249-dc28-4f90-a5ae-c7978306d03b,Bolt,e991c589-7d5f-4051-9f6f-c52ba4275452,scooter,electric,2026-09-30T15:13:54Z,2026-09-30T15:23:14Z,560,2909,"LINESTRING (-9.14144 38.70608, -9.14194 38.70933, -9.14261 38.71257, -9.14103 38.71560, -9.14161 38.71885, -9.14304 38.72193, -9.14409 38.72510, -9.14458 38.72836, -9.14510 38.73161)"
9da86cff-6482-41e9-86c5-99211eac4980,f3f49249-dc28-4f90-a5ae-c7978306d03b,Bolt,f064376c-4558-4af0-873e-f4721ba98d07,scooter,electric,2026-09-30T15:51:37Z,2026-09-30T15:59:03Z,446,1745,"LINESTRING (-9.11825 38.76919, -9.12063 38.77104, -9.12399 38.77095, -9.12734 38.77117, -9.13069 38.77135, -9.13405 38.77126, -9.13737 38.77085)"
2fe2daf5-ae99-4ec5-b66c-9a6b1972b14d,e5121482-3929-4d22-a255-accb1a466884,Dott,e8d8235c-e46c-41cf-9f70-b8ba632d5714,bicycle,electric_assist,2026-09-30T15:57:07Z,2026-09-30T15:59:04Z,117,478,"LINESTRING (-9.17414 38.73846, -9.17360 38.73840, -9.17307 38.73852, -9.17252 38.73855, -9.17197 38.73850, -9.17147 38.73832, -9.17092 38.73825, -9.17038 38.73816, -9.16984 38.73808, -9.16930 38.73818, -9.16878 38.73832)"
99b213fd-33fa-4e6c-b0f0-7a30076e46b6,f38b2ffc-80a4-4f5a-91c9-bc701e7ea419,Lime,9924eb8b-7575-4c2b-961f-8bfe9f93693f,bicycle,electric_assist,2026-09-30T16:16:04Z,2026-09-30T16:30:02Z,838,3693,"LINESTRING (-9.09872 38.77065, -9.09612 38.77329, -9.09295 38.77552, -9.09040 38.77819, -9.08747 38.78060, -9.08891 38.78374, -9.09284 38.78503, -9.09550 38.78763, -9.09926 38.78921, -9.10172 38.79193, -9.10457 38.79441)"
901d84eb-a48a-4354-8c01-8c1a545bf767,f38b2ffc-80a4-4f5a-91c9-bc701e7ea419,Lime,d9452ba0-d98d-4098-b795-587b888debe9,scooter,electric,2026-09-30T16:33:55Z,2026-09-30T16:38:35Z,280,979,"LINESTRING (-9.15899 38.70600, -9.16015 38.70563, -9.16138 38.70541, -9.16238 38.70482, -9.16295 38.70394, -9.16396 38.70336, -9.16521 38.70323, -9.16639 38.70291, -9.16763 38.70308, -9.16887 38.70326)"
f139ec9b-15c8-4f57-bb57-780a79d22f88,f3f49249-dc28-4f90-a5ae-c7978306d03b,Bolt,65f71bd5-5d7f-4476-bd37-cd94498079bf,scooter,electric,2026-09-30T16:40:43Z,2026-09-30T16:48:28Z,465,1984,"LINESTRING (-9.09601 38.70022, -9.09220 38.70038, -9.08853 38.69954, -9.08494 38.69854, -9.08112 38.69840, -9.07746 38.69756, -9.07372 38.69815)"
44d46f80-5703-4ee1-b9ff-ecb9788afbad,f38b2ffc-80a4-4f5a-91c9-bc701e7ea419,Lime,4b983f0b-4afc-49d6-a61f-1bf92986a329,bicycle,electric_assist,2026-09-30T16:53:41Z,2026-09-30T17:02:56Z,555,2734,"LINESTRING (-9.11648 38.75755, -9.11388 38.75615, -9.11119 38.75486, -9.10806 38.75454, -9.10492 38.75483, -9.10186 38.75546, -9.09914 38.75670, -9.09604 38.75720, -9.09289 38.75736, -9.09048 38.75895, -9.08794 38.76042)"
acfc87b0-5820-4668-85dd-4e4f86130c83,d7a7a3cc-8c3d-4f16-9293-de8fc88b2875,Gira,d8f5f877-585b-47a4-8e2e-b551fd33ff5b,bicycle,electric_assist,2026-09-30T16:54:40Z,2026-09-30T17:21:40Z,1620,4865,"LINESTRING (-9.14098 38.70485, -9.14111 38.70972, -9.14569 38.71303, -9.14999 38.71657, -9.15381 38.72041, -9.15974 38.72195, -9.16328 38.72596, -9.16702 38.72986, -9.16872 38.73455, -9.17023 38.73927)"
de581c3d-d940-443a-801f-d03246bbb532,e5121482-3929-4d22-a255-accb1a466884,Dott,bc3a3d5d-dd17-46f5-ae84-840cc459318e,bicycle,electric_assist,2026-09-30T16:56:24Z,2026-09-30T16:58:34Z,130,535,"LINESTRING (-9.14383 38.72158, -9.14445 38.72134, -9.14491 38.72094, -9.14489 38.72041, -9.14482 38.71987, -9.14464 38.71935, -9.14486 38.71885, -9.14473 38.71832, -9.14475 38.71778, -9.14439 38.71733)"
ebd8c9ee-7731-4ea5-b4bd-ff783c5c6f9d,f38b2ffc-80a4-4f5a-91c9-bc701e7ea419,Lime,f35031ce-015c-4d5c-a4cf-ed0e7c1f9183,scooter,electric,2026-09-30T16:58:29Z,2026-09-30T17:25:04Z,1595,5002,"LINESTRING (-9.11073 38.71348, -9.11862 38.71538, -9.12665 38.71686, -9.13489 38.71665, -9.14261 38.71894, -9.15066 38.72034, -9.15812 38.72309, -9.16320 38.72817)"
dbe2ea0f-fe97-423a-8519-405753fa29d1,f38b2ffc-80a4-4f5a-91c9-bc701e7ea419,Lime,fcf2c86d-9394-4318-8fa9-60d1af925385,bicycle,electric_assist,2026-09-30T17:06:18Z,2026-09-30T17:17:15Z,657,2830,"LINESTRING (-9.12913 38.74455, -9.13323 38.74736, -9.13646 38.75078, -9.13875 38.75464, -9.14240 38.75779, -9.14765 38.75893, -9.15306 38.75946)"
6357565a-dbfa-41fc-bafd-06892b136744,f3f49249-dc28-4f90-a5ae-c7978306d03b,Bolt,d5ece6d3-5437-4b74-8483-55956e696346,scooter,electric,2026-09-30T17:23:21Z,2026-09-30T17:27:19Z,238,1116,"LINESTRING (-9.17152 38.73319, -9.17244 38.73389, -9.17350 38.73447, -9.17473 38.73477, -9.17595 38.73508, -9.17706 38.73560, -9.17827 38.73593, -9.17953 38.73616, -9.18075 38.73648, -9.18203 38.73658, -9.18331 38.73673)"
5d4d2c09-4369-4a5b-9408-2d137fa6941e,f3f49249-dc28-4f90-a5ae-c7978306d03b,Bolt,f9b75d10-c76f-410c-91ac-44be1521f652,scooter,electric,2026-09-30T17:30:35Z,2026-09-30T17:45:21Z,886,3797,"LINESTRING (-9.14625 38.75957, -9.14896 38.76226, -9.15332 38.76188, -9.15765 38.76245, -9.16184 38.76143, -9.16249 38.75805, -9.16193 38.75466, -9.15911 38.75203, -9.15488 38.75293, -9.15223 38.75566, -9.15147 38.75903)"
083acf1b-180d-4c8f-be2c-912f08f6d115,f38b2ffc-80a4-4f5a-91c9-bc701e7ea419,Lime,6a01977b-8873-4737-ace4-048f45d6ac42,bicycle,electric_assist,2026-09-30T17:46:43Z,2026-09-30T17:50:38Z,235,1040,"LINESTRING (-9.10270 38.72549, -9.10206 38.72400, -9.10108 38.72264, -9.10079 38.72110, -9.10229 38.72007, -9.10366 38.71893, -9.10493 38.71772)"
4d07a991-c7b2-4ba7-bb12-9cae6ee4ab66,f38b2ffc-80a4-4f5a-91c9-bc701e7ea419,Lime,9b97d72a-50e9-4d6d-a779-082cecbc0534,bicycle,electric_assist,2026-09-30T17:53:14Z,2026-09-30T18:13:35Z,1221,2578,"LINESTRING (-9.11992 38.75279, -9.11577 38.75204, -9.11170 38.75300, -9.10899 38.75556, -9.10829 38.75883, -9.10689 38.76197, -9.10493 38.76491, -9.10450 38.76821)"
69559912-627a-4412-9a0e-6c80a9b72b59,e5121482-3929-4d22-a255-accb1a466884,Dott,f4f07584-d4c0-4d4b-aa32-659bcd1259e2,bicycle,electric_assist,2026-09-30T17:53:35Z,2026-09-30T18:01:46Z,491,1613,"LINESTRING (-9.15854 38.75291, -9.15955 38.75413, -9.16132 38.75460, -9.16314 38.75431, -9.16496 38.75465, -9.16672 38.75512, -9.16858 38.75522, -9.17005 38.75611, -9.17176 38.75670, -9.17360 38.75692, -9.17546 38.75678)"
6c2b5370-b40d-40f2-9aed-a516b9dc93e7,6bad6be2-8e7a-46e9-9f19-950499dd251d,Voi,0ec3703b-37e1-4834-b4cc-204400923538,scooter,electric,2026-09-30T17:56:04Z,2026-09-30T18:04:15Z,491,989,"LINESTRING (-9.14542 38.72682, -9.14595 38.72592, -9.14625 38.72496, -9.14643 38.72398, -9.14759 38.72357, -9.14860 38.72297, -9.14950 38.72227, -9.15075 38.72212, -9.15201 38.72197, -9.15289 38.72125)"
c6faab35-3505-4f6b-98fe-c03f82a39f58,f38b2ffc-80a4-4f5a-91c9-bc701e7ea419,Lime,0f7815f2-af3e-4dd9-9b25-28692bd8af21,scooter,electric,2026-09-30T18:34:11Z,2026-09-30T18:43:19Z,548,2739,"LINESTRING (-9.11324 38.71100, -9.11133 38.71420, -9.10919 38.71731, -9.11010 38.72076, -9.10944 38.72425, -9.10824 38.72765, -9.10556 38.73048, -9.10514 38.73400)"
37d4fc42-ee1c-4d0a-af6a-d15cabd59b09,f3f49249-dc28-4f90-a5ae-c7978306d03b,Bolt,2bb0f862-d780-45c8-9546-601d330e3777,scooter,electric,2026-09-30T18:44:40Z,2026-09-30T19:02:18Z,1058,4442,"LINESTRING (-9.15567 38.76957, -9.15066 38.76871, -9.14555 38.76907, -9.14170 38.77172, -9.13751 38.77403, -9.13518 38.77760, -9.13519 38.78160, -9.13491 38.78559, -9.13326 38.78938, -9.13196 38.79326, -9.13181 38.79726)"
e122e744-176b-408d-9105-f0166426f68a,f38b2ffc-80a4-4f5a-91c9-bc701e7ea419,Lime,c129017d-853c-4409-a20c-b7ac5738f7c7,scooter,electric,2026-09-30T19:04:15Z,2026-09-30T19:10:12Z,357,1737,"LINESTRING (-9.15114 38.70619, -9.14925 38.70492, -9.14764 38.70341, -9.14738 38.70147, -9.14553 38.70014, -9.14404 38.69857, -9.14164 38.69913, -9.13934 38.69991, -9.13687 38.70027)"
03b7cbd2-9331-45d1-baa6-ff6928426c9b,f38b2ffc-80a4-4f5a-91c9-bc701e7ea419,Lime,a9f5307c-8ece-48b0-af29-a9f1ced66b44,scooter,electric,2026-09-30T19:06:37Z,2026-09-30T19:11:54Z,317,1835,"LINESTRING (-9.16457 38.76800, -9.16369 38.76995, -9.16379 38.77201, -9.16510 38.77381, -9.16485 38.77587, -9.16497 38.77794, -9.16565 38.77994, -9.16765 38.78129, -9.16861 38.78322)"
5a3a1338-3473-4136-82a4-a5e4819e298e,f3f49249-dc28-4f90-a5ae-c7978306d03b,Bolt,29ef7ab1-0730-4359-81ba-d5e1542a6174,scooter,electric,2026-09-30T19:33:19Z,2026-09-30T19:41:22Z,483,2455,"LINESTRING (-9.16411 38.73188, -9.16694 38.73197, -9.16916 38.73059, -9.17175 38.72968, -9.17457 38.72953, -9.17740 38.72971, -9.18021 38.72939, -9.18283 38.72855, -9.18564 38.72888, -9.18846 38.72869, -9.19120 38.72811)"
0d936049-bcb6-49b3-88ab-d40fe26350c7,f3f49249-dc28-4f90-a5ae-c7978306d03b,Bolt,2bb0f862-d780-45c8-9546-601d330e3777,scooter,electric,2026-09-30T19:39:22Z,2026-09-30T19:57:22Z,1080,3636,"LINESTRING (-9.17872 38.70155, -9.17670 38.69519, -9.16884 38.69290, -9.16044 38.69296, -9.15294 38.69590, -9.14455 38.69594)"
ff6c8e62-b739-4fdf-a678-88e1a732756b,e5121482-3929-4d22-a255-accb1a466884,Dott,3a387293-18a2-4e86-9f19-c99c9656c697,scooter,electric,2026-09-30T19:45:10Z,2026-09-30T19:49:20Z,250,1086,"LINESTRING (-9.14425 38.70665, -9.14294 38.70702, -9.14169 38.70749, -9.14030 38.70755, -9.13902 38.70710, -9.13798 38.70638, -9.13732 38.70543, -9.13661 38.70449, -9.13589 38.70356, -9.13454 38.70329)"
f670b49d-6c0b-40a6-ac88-61d8951a4695,f38b2ffc-80a4-4f5a-91c9-bc701e7ea419,Lime,8c1f6387-11cb-4ea7-b5fc-684aadb21095,bicycle,electric_assist,2026-09-30T20:23:20Z,2026-09-30T20:28:22Z,302,940,"LINESTRING (-9.17503 38.71852, -9.17628 38.71781, -9.17777 38.71748, -9.17925 38.71711, -9.18080 38.71710, -9.18208 38.71778, -9.18268 38.71890, -9.18278 38.72010)"
8cb988a7-ef8f-45db-8804-f3166ca2e5bd,f38b2ffc-80a4-4f5a-91c9-bc701e7ea419,Lime,a55c9c8e-2f7c-4cc7-8d64-a752b8ec796e,scooter,electric,2026-09-30T20:27:19Z,2026-09-30T20:30:05Z,166,692,"LINESTRING (-9.14413 38.70571, -9.14286 38.70603, -9.14293 38.70707, -9.14326 38.70808, -9.14390 38.70899, -9.14444 38.70994, -9.14499 38.71088)"
0043e21e-7424-4d83-96ae-031e43181bf0,f38b2ffc-80a4-4f5a-91c9-bc701e7ea419,Lime,5e6c9992-b5fb-42e0-9909-0b8906555096,scooter,electric,2026-09-30T21:10:52Z,2026-09-30T21:13:18Z,146,618,"LINESTRING (-9.11310 38.70536, -9.11175 38.70500, -9.11033 38.70487, -9.10916 38.70550, -9.10797 38.70613, -9.10779 38.70723)"
