device_id,provider_id,provider_name,vehicle_type,state,battery_pct,last_event_time,location
dd041f9d-b483-4a32-87e3-7f501903c216,a08ff49b-6f77-4632-a16c-43069c43a8c3,Lime,bicycle,available,43,2026-09-30T23:33:31Z,POINT (-9.14856 38.73922)
5d149be9-d564-4ba1-b168-17354952e073,7cf3c256-32b9-4409-93fb-64afebede10d,Bolt,scooter,unknown,44,2026-09-30T22:32:35Z,POINT (-9.20900 38.69892)
7d540652-6ad1-4557-91e7-24e1fca078ee,a08ff49b-6f77-4632-a16c-43069c43a8c3,Lime,scooter,available,27,2026-09-30T21:06:18Z,POINT (-9.15098 38.71638)
8558ba91-a3fd-4d95-80ea-3c279a52c388,aa36434e-f251-4c63-8d4e-86a538cc03aa,Gira,bicycle,available,93,2026-09-30T23:03:41Z,POINT (-9.15051 38.71951)
b8255941-330f-4cb8-89e5-6e4be1deeb35,e8eb2af2-f261-45a8-91cd-424e42a85121,Dott,scooter,non_operational,1,2026-09-30T21:10:10Z,POINT (-9.13968 38.71085)
c5e130d0-468e-4d1e-9a9f-e415817a0999,a08ff49b-6f77-4632-a16c-43069c43a8c3,Lime,scooter,reserved,52,2026-09-30T23:15:36Z,POINT (-9.15053 38.74803)
e2c0453f-353d-4059-bc96-1d4458715c38,7cf3c256-32b9-4409-93fb-64afebede10d,Bolt,scooter,unknown,33,2026-09-30T22:00:47Z,POINT (-9.14016 38.71278)
3565e6e6-ec70-4e35-9d9b-b910aa8d77f1,e8eb2af2-f261-45a8-91cd-424e42a85121,Dott,bicycle,unknown,90,2026-09-30T21:44:51Z,POINT (-9.14109 38.73904)
3eee6b23-ff38-46c7-b105-5c10b1245323,a08ff49b-6f77-4632-a16c-43069c43a8c3,Lime,bicycle,available,50,2026-09-30T23:24:23Z,POINT (-9.13948 38.70853)
fbfddec4-9616-4bd5-8297-13ef7edc9088,7cf3c256-32b9-4409-93fb-64afebede10d,Bolt,scooter,reserved,96,2026-10-01T00:00:00Z,POINT (-9.13452 38.74752)
015f8705-1852-4086-afc8-fb3aa349a3ed,a08ff49b-6f77-4632-a16c-43069c43a8c3,Lime,bicycle,available,57,2026-09-30T22:16:20Z,POINT (-9.15730 38.73446)
193590dd-f2b4-4fe1-a77e-e913a5f88f3a,a08ff49b-6f77-4632-a16c-43069c43a8c3,Lime,scooter,available,33,2026-09-30T22:28:50Z,POINT (-9.14904 38.73109)
c0af3a2b-a92c-4f88-98ac-3ef800698790,7cf3c256-32b9-4409-93fb-64afebede10d,Bolt,scooter,available,91,2026-09-30T21:30:41Z,POINT (-9.13346 38.71771)
b088edce-a905-474f-b4e9-208473251ba9,e8eb2af2-f261-45a8-91cd-424e42a85121,Dott,bicycle,available,45,2026-09-30T22:01:25Z,POINT (-9.13797 38.70671)
34685152-41f4-4bc4-966b-653e0c324155,a08ff49b-6f77-4632-a16c-43069c43a8c3,Lime,bicycle,available,93,2026-09-30T22:33:35Z,POINT (-9.14154 38.70831)
b13cbbdf-d79b-4b0d-9a21-40a7e621430c,a08ff49b-6f77-4632-a16c-43069c43a8c3,Lime,scooter,available,96,2026-09-30T22:46:37Z,POINT (-9.13842 38.70982)
07d790ce-7e12-44dc-8c4c-e603b6a0e11a,a08ff49b-6f77-4632-a16c-43069c43a8c3,Lime,scooter,reserved,72,2026-09-30T22:59:07Z,POINT (-9.15510 38.72581)
a1508c82-a05f-4543-9287-cee28a00ba08,e8eb2af2-f261-45a8-91cd-424e42a85121,Dott,scooter,reserved,53,2026-09-30T22:15:18Z,POINT (-9.14684 38.71311)
2d90ec8e-2a99-40b4-b4f7-3b7a292b665b,e8eb2af2-f261-45a8-91cd-424e42a85121,Dott,scooter,reserved,34,2026-09-30T23:21:03Z,POINT (-9.10058 38.75755)
5ed0d551-3729-417b-aab9-9443b7b314ec,e8eb2af2-f261-45a8-91cd-424e42a85121,Dott,bicycle,unknown,35,2026-09-30T21:03:44Z,POINT (-9.13959 38.73538)
dfba0808-9832-487b-a072-b280e8fbd0f8,e8eb2af2-f261-45a8-91cd-424e42a85121,Dott,bicycle,available,40,2026-09-30T22:52:09Z,POINT (-9.14721 38.70564)
6f7aac08-cc5b-45f1-850d-d86f5351bc64,e8eb2af2-f261-45a8-91cd-424e42a85121,Dott,scooter,available,37,2026-09-30T21:57:13Z,POINT (-9.15421 38.71101)
f49f5a74-3b91-4a05-bd08-2f2efa9bc15c,7cf3c256-32b9-4409-93fb-64afebede10d,Bolt,scooter,available,84,2026-09-30T21:50:42Z,POINT (-9.14391 38.75122)
c746d969-6e32-49b5-a6bc-c17232253d99,a08ff49b-6f77-4632-a16c-43069c43a8c3,Lime,scooter,available,34,2026-09-30T23:18:54Z,POINT (-9.14612 38.71331)
af501777-3f2e-489b-ad24-556d2c376ee6,7cf3c256-32b9-4409-93fb-64afebede10d,Bolt,scooter,available,99,2026-09-30T23:29:46Z,POINT (-9.12772 38.71262)
05c7f0aa-c153-47c1-abe8-f67aaeb82c6e,aa1883c4-ffd0-40f5-bd14-dcc312684e4e,Voi,scooter,available,96,2026-09-30T21:42:07Z,POINT (-9.14261 38.71199)
15ca5fde-f82e-418e-a656-8e551836d51d,e8eb2af2-f261-45a8-91cd-424e42a85121,Dott,bicycle,reserved,88,2026-09-30T23:49:58Z,POINT (-9.21026 38.69714)
b0f1b0cb-0c1d-4229-b59f-9bfaf68b38df,a08ff49b-6f77-4632-a16c-43069c43a8c3,Lime,scooter,available,93,2026-09-30T22:34:09Z,POINT (-9.20080 38.69802)
703242f1-9a13-49b2-bc46-73e792bd0f6a,aa1883c4-ffd0-40f5-bd14-dcc312684e4e,Voi,scooter,available,93,2026-09-30T21:11:48Z,POINT (-9.17390 38.70641)
9792abc5-a088-438b-9b48-70fdf5b2847b,7cf3c256-32b9-4409-93fb-64afebede10d,Bolt,scooter,available,40,2026-09-30T23:16:52Z,POINT (-9.16040 38.72701)
6245460f-bc16-4ee8-a9b8-0c07e11e59fc,7cf3c256-32b9-4409-93fb-64afebede10d,Bolt,scooter,available,46,2026-09-30T23:59:51Z,POINT (-9.14115 38.71319)
3a31c059-ce02-45e2-9c63-4b8ff6aa1a01,a08ff49b-6f77-4632-a16c-43069c43a8c3,Lime,bicycle,reserved,95,2026-09-30T22:30:53Z,POINT (-9.10646 38.73556)
ea28653d-a4b5-4786-8c4e-d5aecaa38b46,a08ff49b-6f77-4632-a16c-43069c43a8c3,Lime,scooter,available,92,2026-09-30T23:13:11Z,POINT (-9.15399 38.72081)
4913022f-3bc4-4dd1-9b45-9c4bbacc8f59,a08ff49b-6f77-4632-a16c-43069c43a8c3,Lime,scooter,available,63,2026-09-30T23:48:59Z,POINT (-9.14306 38.71574)
e5194be2-290a-4ba5-8b9e-c3df98b3ef5b,7cf3c256-32b9-4409-93fb-64afebede10d,Bolt,scooter,available,82,2026-09-30T21:09:41Z,POINT (-9.12835 38.72063)
e8138a03-bf2a-46a3-a761-ddd33179342e,7cf3c256-32b9-4409-93fb-64afebede10d,Bolt,scooter,available,41,2026-09-30T23:41:04Z,POINT (-9.14157 38.71240)
6f1e6448-fb43-4bce-b9d6-b29e87b0ea8d,a08ff49b-6f77-4632-a16c-43069c43a8c3,Lime,bicycle,non_operational,3,2026-09-30T23:44:52Z,POINT (-9.15184 38.73455)
adba319b-26fa-473a-a79e-54ea7f91d622,a08ff49b-6f77-4632-a16c-43069c43a8c3,Lime,bicycle,available,54,2026-09-30T22:05:25Z,POINT (-9.15678 38.73500)
24b6359c-14ff-42bb-a3cf-060dc581a14b,a08ff49b-6f77-4632-a16c-43069c43a8c3,Lime,bicycle,available,85,2026-09-30T22:59:43Z,POINT (-9.14350 38.71610)
6910aa2a-48c6-4f10-9b55-a0670ae43a2f,a08ff49b-6f77-4632-a16c-43069c43a8c3,Lime,bicycle,non_operational,7,2026-09-30T22:33:41Z,POINT (-9.13239 38.75160)
2fcb4e24-2d31-4b8d-a3f1-65759f78478c,7cf3c256-32b9-4409-93fb-64afebede10d,Bolt,scooter,available,96,2026-09-30T22:12:56Z,POINT (-9.14346 38.73330)
54f4e790-ce72-4674-9531-57dc1180dd82,aa1883c4-ffd0-40f5-bd14-dcc312684e4e,Voi,scooter,non_operational,17,2026-09-30T21:01:37Z,POINT (-9.14573 38.71290)
4870720a-3fd5-4b8c-b9a9-4510b5eed0e2,a08ff49b-6f77-4632-a16c-43069c43a8c3,Lime,bicycle,available,44,2026-09-30T23:23:45Z,POINT (-9.14622 38.71154)
84b1b730-d682-4fb0-af2d-2c24bd3ba2b7,aa1883c4-ffd0-40f5-bd14-dcc312684e4e,Voi,scooter,reserved,45,2026-09-30T22:31:20Z,POINT (-9.14222 38.75580)
8df8b56b-b521-45fc-abb8-5742d2949586,7cf3c256-32b9-4409-93fb-64afebede10d,Bolt,scooter,available,49,2026-09-30T23:02:40Z,POINT (-9.15210 38.71620)
376b44b2-06db-4119-ba2a-51597480557b,e8eb2af2-f261-45a8-91cd-424e42a85121,Dott,bicycle,available,34,2026-09-30T23:38:07Z,POINT (-9.15048 38.71824)
43a03bee-56ca-4dbf-addd-93bf3ef15617,aa36434e-f251-4c63-8d4e-86a538cc03aa,Gira,bicycle,available,90,2026-09-30T22:56:33Z,POINT (-9.14901 38.74322)
fece01dd-318e-4add-884d-21896ac977d8,7cf3c256-32b9-4409-93fb-64afebede10d,Bolt,scooter,available,87,2026-09-30T21:49:44Z,POINT (-9.13692 38.70704)
30d4e13c-0d55-43e4-8693-59fd26baec77,aa36434e-f251-4c63-8d4e-86a538cc03aa,Gira,bicycle,non_operational,18,2026-09-30T23:20:45Z,POINT (-9.13325 38.75698)
b3dc12f4-69aa-4591-82ae-6f5c469c3781,a08ff49b-6f77-4632-a16c-43069c43a8c3,Lime,bicycle,non_operational,3,2026-09-30T23:57:09Z,POINT (-9.14524 38.71690)
a29f6ede-9f97-475f-bc63-f1a69245cb53,e8eb2af2-f261-45a8-91cd-424e42a85121,Dott,scooter,available,38,2026-09-30T21:37:35Z,POINT (-9.13274 38.71545)
93e7ec1d-8f6e-40df-9a31-f721fedd2015,e8eb2af2-f261-45a8-91cd-424e42a85121,Dott,bicycle,available,75,2026-09-30T22:24:13Z,POINT (-9.14485 38.71560)
0fcf7854-be8d-4fd4-ae1f-a029b813154e,a08ff49b-6f77-4632-a16c-43069c43a8c3,Lime,scooter,available,83,2026-09-30T23:55:55Z,POINT (-9.14540 38.71168)
98bc486c-9b9e-4ca2-ab0a-4c1f74a7c011,e8eb2af2-f261-45a8-91cd-424e42a85121,Dott,bicycle,removed,71,2026-09-30T22:12:29Z,POINT (-9.12980 38.71000)
acdb4863-e6d8-44d2-8b2c-75839a12e80b,a08ff49b-6f77-4632-a16c-43069c43a8c3,Lime,bicycle,available,53,2026-09-30T21:14:35Z,POINT (-9.14816 38.73047)
5e0ad7c5-9117-4eee-a008-3a127b7bc6d4,e8eb2af2-f261-45a8-91cd-424e42a85121,Dott,bicycle,non_operational,6,2026-09-30T23:32:25Z,POINT (-9.14115 38.74422)
e7d7c9f7-6eb9-43c6-9639-0a5e706e6b54,7cf3c256-32b9-4409-93fb-64afebede10d,Bolt,scooter,available,41,2026-09-30T23:51:28Z,POINT (-9.13152 38.71449)
52ea70dd-4012-4e07-bd88-ee829797838d,7cf3c256-32b9-4409-93fb-64afebede10d,Bolt,scooter,available,75,2026-09-30T22:02:26Z,POINT (-9.14328 38.71600)
38d4c877-9394-46a4-96e2-03f5df0820f4,a08ff49b-6f77-4632-a16c-43069c43a8c3,Lime,bicycle,available,60,2026-09-30T21:29:59Z,POINT (-9.09996 38.76979)
225c02e3-9ce3-4340-b503-d7892ad6d87a,aa36434e-f251-4c63-8d4e-86a538cc03aa,Gira,bicycle,available,58,2026-09-30T21:29:02Z,POINT (-9.12260 38.73970)
0b1c38f7-9c39-4829-850d-2f01ff6d179d,e8eb2af2-f261-45a8-91cd-424e42a85121,Dott,scooter,unknown,47,2026-09-30T21:17:58Z,POINT (-9.13078 38.71925)
d925fa88-2fdb-4bea-9075-32b357278546,e8eb2af2-f261-45a8-91cd-424e42a85121,Dott,scooter,available,86,2026-09-30T21:11:54Z,POINT (-9.13478 38.71763)
1fad15c5-6f2a-490f-ab7f-9f5b0e2acd5d,e8eb2af2-f261-45a8-91cd-424e42a85121,Dott,scooter,available,72,2026-09-30T23:19:49Z,POINT (-9.14500 38.70741)
11c4078a-e57b-451b-a1d8-f12f18fea396,7cf3c256-32b9-4409-93fb-64afebede10d,Bolt,scooter,available,40,2026-09-30T21:07:05Z,POINT (-9.13830 38.74059)
29c2b5b0-2ec7-4e47-855d-56943114defb,e8eb2af2-f261-45a8-91cd-424e42a85121,Dott,bicycle,non_operational,1,2026-09-30T22:19:49Z,POINT (-9.13752 38.71363)
b703e9a3-83b0-4e66-9221-3cdce01b060e,7cf3c256-32b9-4409-93fb-64afebede10d,Bolt,scooter,removed,81,2026-09-30T21:40:35Z,POINT (-9.14360 38.71072)
21019a3f-d18e-4f72-b909-6828131e4f14,a08ff49b-6f77-4632-a16c-43069c43a8c3,Lime,bicycle,reserved,86,2026-09-30T22:17:06Z,POINT (-9.14907 38.75214)
21c1b7cb-29f9-457c-a9cb-366df9202a85,aa1883c4-ffd0-40f5-bd14-dcc312684e4e,Voi,scooter,available,86,2026-09-30T22:56:39Z,POINT (-9.14410 38.71490)
e93b05ac-f171-44af-bf53-96692691ec4f,7cf3c256-32b9-4409-93fb-64afebede10d,Bolt,scooter,available,62,2026-09-30T21:32:04Z,POINT (-9.15117 38.71198)
5cb34cb5-46aa-4e6f-814d-a20cbe284e99,e8eb2af2-f261-45a8-91cd-424e42a85121,Dott,bicycle,available,78,2026-09-30T22:05:57Z,POINT (-9.21732 38.69875)
906bccfa-4e59-412b-bf3e-5a3afbcd80ce,a08ff49b-6f77-4632-a16c-43069c43a8c3,Lime,bicycle,available,33,2026-09-30T21:35:07Z,POINT (-9.14297 38.70587)
a2937299-58b9-4004-b7ff-1854f0e2c720,e8eb2af2-f261-45a8-91cd-424e42a85121,Dott,scooter,available,40,2026-09-30T23:25:03Z,POINT (-9.14028 38.70707)
1a2d48b0-57f2-43f1-a704-31f077925ce0,aa36434e-f251-4c63-8d4e-86a538cc03aa,Gira,bicycle,available,84,2026-09-30T23:10:59Z,POINT (-9.14106 38.71021)
0090b085-5ae6-4ad4-9657-4e639909006f,a08ff49b-6f77-4632-a16c-43069c43a8c3,Lime,scooter,available,53,2026-09-30T22:16:30Z,POINT (-9.09645 38.76964)
fe96c06f-804c-435c-a3f8-b4466d4121b1,aa36434e-f251-4c63-8d4e-86a538cc03aa,Gira,bicycle,reserved,62,2026-09-30T21:53:38Z,POINT (-9.12583 38.71508)
71c38452-c446-4d18-aa62-89a3dce89d40,a08ff49b-6f77-4632-a16c-43069c43a8c3,Lime,bicycle,non_operational,6,2026-09-30T23:18:39Z,POINT (-9.14471 38.73220)
4a17cca1-32d9-4128-98cc-eb943b33dba8,e8eb2af2-f261-45a8-91cd-424e42a85121,Dott,scooter,available,70,2026-09-30T23:14:07Z,POINT (-9.10932 38.75989)
0dc4b869-947e-4f39-b640-1a9c5c01a7ae,e8eb2af2-f261-45a8-91cd-424e42a85121,Dott,bicycle,available,59,2026-09-30T22:57:11Z,POINT (-9.14398 38.71720)
e04e04c9-1fb4-4a57-8608-ddffecca7b73,7cf3c256-32b9-4409-93fb-64afebede10d,Bolt,scooter,non_operational,14,2026-09-30T22:02:55Z,POINT (-9.14261 38.71589)
b95e0081-062f-4c8a-807e-586fb349f0e0,a08ff49b-6f77-4632-a16c-43069c43a8c3,Lime,scooter,non_operational,6,2026-09-30T21:36:07Z,POINT (-9.14349 38.71465)
a435b823-f748-41c2-9d9a-06f4812d010b,e8eb2af2-f261-45a8-91cd-424e42a85121,Dott,scooter,available,85,2026-09-30T23:19:20Z,POINT (-9.14673 38.71366)
6f93e71d-2ed7-4723-a5e0-fde53aaedecb,aa1883c4-ffd0-40f5-bd14-dcc312684e4e,Voi,scooter,available,23,2026-09-30T22:47:12Z,POINT (-9.14676 38.76278)
681bc847-b9fd-455d-a2d2-6f4e5e9c0576,e8eb2af2-f261-45a8-91cd-424e42a85121,Dott,scooter,removed,48,2026-09-30T23:19:38Z,POINT (-9.14393 38.73781)
a05c775f-5c28-421e-90e8-7b327b7595fd,aa1883c4-ffd0-40f5-bd14-dcc312684e4e,Voi,scooter,reserved,51,2026-09-30T22:00:12Z,POINT (-9.14194 38.71018)
809d72fe-63e7-40bc-b7cb-af14c05fb0aa,a08ff49b-6f77-4632-a16c-43069c43a8c3,Lime,scooter,available,21,2026-09-30T23:51:16Z,POINT (-9.18178 38.70429)
799fbe21-66db-43db-8bcb-b4edabea4b99,e8eb2af2-f261-45a8-91cd-424e42a85121,Dott,scooter,removed,99,2026-09-30T23:12:34Z,POINT (-9.16649 38.75633)
d52bbf7e-8b45-43f3-b0fc-fbd68d982fe3,7cf3c256-32b9-4409-93fb-64afebede10d,Bolt,scooter,available,44,2026-09-30T21:20:37Z,POINT (-9.11284 38.76420)
200b2204-b7a6-46af-abc5-18fdef65b66e,e8eb2af2-f261-45a8-91cd-424e42a85121,Dott,scooter,available,84,2026-09-30T21:30:59Z,POINT (-9.09503 38.76966)
4bd3e38c-78df-4f94-a242-3f41c4b7c655,7cf3c256-32b9-4409-93fb-64afebede10d,Bolt,scooter,available,86,2026-09-30T21:51:14Z,POINT (-9.21032 38.69731)
692af19a-9262-4f9b-99de-e82ea79c12a1,e8eb2af2-f261-45a8-91cd-424e42a85121,Dott,bicycle,unknown,27,2026-09-30T21:22:29Z,POINT (-9.13488 38.72099)
36ea4058-b182-416c-bcef-e96848f312c8,a08ff49b-6f77-4632-a16c-43069c43a8c3,Lime,bicycle,available,86,2026-09-30T23:57:05Z,POINT (-9.14907 38.74437)
b4a90cdc-a873-4096-9176-4fdc86f46a68,e8eb2af2-f261-45a8-91cd-424e42a85121,Dott,bicycle,available,76,2026-09-30T23:11:22Z,POINT (-9.14276 38.70651)
f1613aa4-6089-49b1-bd81-8c627e18e129,a08ff49b-6f77-4632-a16c-43069c43a8c3,Lime,bicycle,available,69,2026-09-30T21:31:08Z,POINT (-9.09062 38.76684)
d5655340-800c-4c8f-ad48-a5388ff5e984,a08ff49b-6f77-4632-a16c-43069c43a8c3,Lime,scooter,available,81,2026-09-30T23:49:33Z,POINT (-9.14103 38.71022)
fba5ac38-e8c5-452e-8fff-a4437b5352ac,aa36434e-f251-4c63-8d4e-86a538cc03aa,Gira,bicycle,available,50,2026-09-30T23:11:27Z,POINT (-9.15032 38.70644)
b0128599-8831-4f72-b1b9-10c26ecfec2d,a08ff49b-6f77-4632-a16c-43069c43a8c3,Lime,scooter,available,80,2026-09-30T22:37:10Z,POINT (-9.14814 38.73537)
4479561e-6b0c-49bf-bbec-9dfec31979f8,e8eb2af2-f261-45a8-91cd-424e42a85121,Dott,bicycle,removed,20,2026-09-30T21:42:22Z,POINT (-9.14693 38.70886)
0056cd65-65bb-4aa1-a9ad-f170fe4096f5,aa36434e-f251-4c63-8d4e-86a538cc03aa,Gira,bicycle,removed,47,2026-09-30T22:34:55Z,POINT (-9.14643 38.70889)
b4aa2521-e0ee-479d-951a-5a8f6907bfdb,e8eb2af2-f261-45a8-91cd-424e42a85121,Dott,bicycle,available,64,2026-09-30T23:49:27Z,POINT (-9.20456 38.69512)
1ef0929b-95b8-427c-b03b-8539e82d9060,e8eb2af2-f261-45a8-91cd-424e42a85121,Dott,bicycle,removed,90,2026-09-30T22:07:47Z,POINT (-9.14764 38.73698)
4b8f0e0a-50af-49e2-8f81-6e24da085a55,aa1883c4-ffd0-40f5-bd14-dcc312684e4e,Voi,scooter,available,70,2026-09-30T22:58:14Z,POINT (-9.09367 38.77582)
3f70e4b4-caf2-45e0-8e61-3bc73c13beb7,7cf3c256-32b9-4409-93fb-64afebede10d,Bolt,scooter,reserved,31,2026-09-30T21:43:28Z,POINT (-9.14090 38.71071)
7978d8d2-bfff-4a59-9c46-481d76e20db7,aa36434e-f251-4c63-8d4e-86a538cc03aa,Gira,bicycle,reserved,84,2026-09-30T22:13:44Z,POINT (-9.14155 38.72169)
b8ab243e-b857-4e76-b03d-cf08040af0bc,a08ff49b-6f77-4632-a16c-43069c43a8c3,Lime,bicycle,removed,86,2026-09-30T22:16:33Z,POINT (-9.13709 38.73811)
491d483c-062c-4422-a681-fcbdd38b47f5,7cf3c256-32b9-4409-93fb-64afebede10d,Bolt,scooter,available,59,2026-09-30T22:10:30Z,POINT (-9.13757 38.75775)
5a19cc23-d940-4c8d-a4e2-3b85d153b0df,a08ff49b-6f77-4632-a16c-43069c43a8c3,Lime,bicycle,removed,41,2026-09-30T23:54:43Z,POINT (-9.14035 38.70611)
409b91f5-894f-4a92-934e-b9d9f74ac71d,e8eb2af2-f261-45a8-91cd-424e42a85121,Dott,scooter,non_operational,1,2026-09-30T22:45:16Z,POINT (-9.17427 38.70341)
97fd7b3f-141d-4f4e-ba90-b0ab55a60abb,7cf3c256-32b9-4409-93fb-64afebede10d,Bolt,scooter,available,69,2026-09-30T21:47:39Z,POINT (-9.13842 38.71431)
eeecd7a7-0c26-4a70-870e-565a71b9db33,7cf3c256-32b9-4409-93fb-64afebede10d,Bolt,scooter,reserved,86,2026-09-30T21:32:52Z,POINT (-9.20416 38.69776)
263ffcf0-6146-465b-a04a-d5948cd32f14,7cf3c256-32b9-4409-93fb-64afebede10d,Bolt,scooter,available,39,2026-09-30T21:06:59Z,POINT (-9.15136 38.76604)
153748e7-c5c5-4375-a8d7-52d4d3fba09f,7cf3c256-32b9-4409-93fb-64afebede10d,Bolt,scooter,reserved,29,2026-09-30T23:09:02Z,POINT (-9.12888 38.71106)
ec64cc4c-b49a-4400-bcc6-2bbd6f9de685,a08ff49b-6f77-4632-a16c-43069c43a8c3,Lime,scooter,available,20,2026-09-30T23:35:32Z,POINT (-9.14628 38.71474)
0e9d1db2-2de1-4003-b22e-12377cf576bb,a08ff49b-6f77-4632-a16c-43069c43a8c3,Lime,scooter,available,25,2026-09-30T23:12:29Z,POINT (-9.13779 38.70902)
8120bbc4-7f55-4a9f-b5a6-b9bff14f77b7,a08ff49b-6f77-4632-a16c-43069c43a8c3,Lime,scooter,non_operational,11,2026-09-30T22:20:40Z,POINT (-9.10413 38.73477)
13b5d1ab-8f8e-4cb4-84f8-0d29a0ece46d,aa1883c4-ffd0-40f5-bd14-dcc312684e4e,Voi,scooter,removed,94,2026-09-30T23:29:06Z,POINT (-9.14662 38.70670)
ddcc03c7-322b-4d48-b354-b51d6cfe12d4,e8eb2af2-f261-45a8-91cd-424e42a85121,Dott,bicycle,available,50,2026-09-30T23:39:47Z,POINT (-9.14133 38.71667)
3e43d19d-e6ba-4f14-8e0e-012c05a7fb2d,aa36434e-f251-4c63-8d4e-86a538cc03aa,Gira,bicycle,non_operational,3,2026-09-30T21:15:09Z,POINT (-9.14449 38.71417)
205d06ec-06e3-4e61-9eea-dd0bfef84cdd,aa1883c4-ffd0-40f5-bd14-dcc312684e4e,Voi,scooter,available,39,2026-09-30T23:59:53Z,POINT (-9.13811 38.70846)
46aad32f-0c4d-42a0-8e10-e672cdc6fedc,7cf3c256-32b9-4409-93fb-64afebede10d,Bolt,scooter,unknown,70,2026-09-30T21:45:14Z,POINT (-9.15452 38.73713)
1766c42f-6de4-4a8b-b068-2334ba2ef03f,7cf3c256-32b9-4409-93fb-64afebede10d,Bolt,scooter,available,94,2026-09-30T23:00:30Z,POINT (-9.14326 38.73636)
a97e1c88-6d3d-4ddc-85fa-debc6c9b9a5a,e8eb2af2-f261-45a8-91cd-424e42a85121,Dott,bicycle,available,30,2026-09-30T23:33:02Z,POINT (-9.14217 38.71033)
3f3dc4e4-9469-46fe-9612-13590a077a46,a08ff49b-6f77-4632-a16c-43069c43a8c3,Lime,scooter,removed,29,2026-09-30T21:09:50Z,POINT (-9.15211 38.72620)
4867b3b6-d933-49ab-8586-d948c65909f0,e8eb2af2-f261-45a8-91cd-424e42a85121,Dott,bicycle,reserved,64,2026-09-30T21:41:00Z,POINT (-9.14914 38.70911)
aa8af123-ae69-4bdb-8b24-13f621ae8a9b,7cf3c256-32b9-4409-93fb-64afebede10d,Bolt,scooter,removed,81,2026-09-30T21:48:10Z,POINT (-9.14614 38.71053)
24aab962-6f76-436d-ba8f-967f20c588c4,aa36434e-f251-4c63-8d4e-86a538cc03aa,Gira,bicycle,reserved,44,2026-09-30T22:04:48Z,POINT (-9.13016 38.71217)
428eca47-e20b-4bde-b8f3-71f007c4f407,e8eb2af2-f261-45a8-91cd-424e42a85121,Dott,scooter,unknown,68,2026-09-30T21:57:21Z,POINT (-9.12709 38.75131)
8beb9255-84eb-4164-bac9-8cac2567790a,a08ff49b-6f77-4632-a16c-43069c43a8c3,Lime,bicycle,non_operational,6,2026-09-30T22:33:18Z,POINT (-9.14890 38.73528)
89d2e883-6c33-4e87-8921-e7ccb4a741ac,e8eb2af2-f261-45a8-91cd-424e42a85121,Dott,scooter,reserved,50,2026-09-30T23:19:03Z,POINT (-9.12592 38.71606)
29aaec6a-6819-4a48-9fa9-cc2197ad87d2,e8eb2af2-f261-45a8-91cd-424e42a85121,Dott,scooter,removed,46,2026-09-30T22:04:11Z,POINT (-9.15401 38.74152)
2af30207-989a-4b7b-a431-4a5067e7c38f,aa1883c4-ffd0-40f5-bd14-dcc312684e4e,Voi,scooter,non_operational,2,2026-09-30T22:20:22Z,POINT (-9.15043 38.71247)
9bbf3f70-7955-4e8c-8378-4c71c576471c,aa1883c4-ffd0-40f5-bd14-dcc312684e4e,Voi,scooter,available,39,2026-09-30T21:36:32Z,POINT (-9.09369 38.76339)
e21ce816-5ac3-4012-bef5-5edfc7899e1a,7cf3c256-32b9-4409-93fb-64afebede10d,Bolt,scooter,available,75,2026-09-30T21:53:21Z,POINT (-9.13560 38.72852)
6f0b9e34-fd1d-421b-97a2-9c177d65e86b,7cf3c256-32b9-4409-93fb-64afebede10d,Bolt,scooter,available,80,2026-09-30T21:04:32Z,POINT (-9.14496 38.71068)
2991262b-c90b-46a3-941d-ab9e7a093b71,e8eb2af2-f261-45a8-91cd-424e42a85121,Dott,bicycle,available,61,2026-09-30T23:14:18Z,POINT (-9.16440 38.71315)
4def3581-1d01-4cbd-9b70-313be11b2b06,7cf3c256-32b9-4409-93fb-64afebede10d,Bolt,scooter,non_operational,8,2026-09-30T23:41:49Z,POINT (-9.14462 38.72427)
b91dec17-02cb-4e6f-b42a-d77e43665978,a08ff49b-6f77-4632-a16c-43069c43a8c3,Lime,bicycle,available,25,2026-09-30T21:12:56Z,POINT (-9.15694 38.71885)
a74a08f2-f296-40ea-8296-176f4dd22da8,a08ff49b-6f77-4632-a16c-43069c43a8c3,Lime,bicycle,available,58,2026-09-30T21:56:01Z,POINT (-9.14366 38.70959)
e4cffb69-be19-48f1-955c-8844f9db218d,a08ff49b-6f77-4632-a16c-43069c43a8c3,Lime,bicycle,available,36,2026-09-30T21:49:27Z,POINT (-9.14490 38.71083)
94949b88-4d7e-4134-87da-0f6ce37ec3b7,a08ff49b-6f77-4632-a16c-43069c43a8c3,Lime,bicycle,non_operational,13,2026-09-30T21:48:12Z,POINT (-9.13455 38.71233)
97634576-dcac-4b06-83f7-60838fb590be,7cf3c256-32b9-4409-93fb-64afebede10d,Bolt,scooter,removed,89,2026-09-30T21:10:05Z,POINT (-9.12692 38.74613)
9cb7aaf8-9056-4407-8c29-2f8043bf6bf2,aa36434e-f251-4c63-8d4e-86a538cc03aa,Gira,bicycle,non_operational,16,2026-09-30T23:18:37Z,POINT (-9.13300 38.71526)
5a095be2-dad6-445b-b8ef-313d3409c491,7cf3c256-32b9-4409-93fb-64afebede10d,Bolt,scooter,reserved,89,2026-09-30T22:25:37Z,POINT (-9.15350 38.72717)
d70af82e-6dca-4492-b37e-4ee77934bd87,aa1883c4-ffd0-40f5-bd14-dcc312684e4e,Voi,scooter,available,56,2026-09-30T23:06:20Z,POINT (-9.15973 38.71075)
b2efffe6-b88f-4044-94e9-aa70b125dd5f,7cf3c256-32b9-4409-93fb-64afebede10d,Bolt,scooter,available,83,2026-09-30T21:25:07Z,POINT (-9.16230 38.71482)
2cf4bfed-3e7f-4c21-958f-18dac129eaee,a08ff49b-6f77-4632-a16c-43069c43a8c3,Lime,scooter,available,52,2026-09-30T22:05:47Z,POINT (-9.14783 38.72029)
c76ca63d-000c-4175-827d-063d17553ff3,a08ff49b-6f77-4632-a16c-43069c43a8c3,Lime,scooter,removed,72,2026-09-30T21:45:45Z,POINT (-9.16767 38.71798)
bac60c55-d39f-4a12-a0fa-3ef6ff5d7316,a08ff49b-6f77-4632-a16c-43069c43a8c3,Lime,bicycle,non_operational,9,2026-09-30T22:39:33Z,POINT (-9.14563 38.70976)
1809d000-9dbf-4836-b32c-0e3d5a6e4db1,7cf3c256-32b9-4409-93fb-64afebede10d,Bolt,scooter,available,98,2026-09-30T22:58:16Z,POINT (-9.11638 38.74580)
c2ae8a5e-92e2-41d2-95b3-dd9ea21fa5f9,aa1883c4-ffd0-40f5-bd14-dcc312684e4e,Voi,scooter,available,29,2026-09-30T21:36:31Z,POINT (-9.14113 38.71520)
7af6278b-f3b2-4937-bc2d-809c18cd26dc,a08ff49b-6f77-4632-a16c-43069c43a8c3,Lime,bicycle,available,40,2026-09-30T21:05:08Z,POINT (-9.14800 38.71038)
a32ad71f-09db-416a-a17e-2c403cfb3116,e8eb2af2-f261-45a8-91cd-424e42a85121,Dott,scooter,available,64,2026-09-30T23:02:40Z,POINT (-9.14072 38.70835)
ac0519b1-e406-4501-9bf5-28143ee78be1,a08ff49b-6f77-4632-a16c-43069c43a8c3,Lime,scooter,reserved,39,2026-09-30T21:46:39Z,POINT (-9.18315 38.70630)
e3285185-30d4-44ac-a13e-2a4a920ffa4b,a08ff49b-6f77-4632-a16c-43069c43a8c3,Lime,bicycle,removed,28,2026-09-30T23:05:53Z,POINT (-9.13893 38.73489)
9c3f2948-476b-4486-8dd7-71db43a563da,7cf3c256-32b9-4409-93fb-64afebede10d,Bolt,scooter,removed,20,2026-09-30T23:03:55Z,POINT (-9.13417 38.74829)
a48ea9ff-e835-492f-b114-9d5cff3a47f6,7cf3c256-32b9-4409-93fb-64afebede10d,Bolt,scooter,available,58,2026-09-30T23:43:29Z,POINT (-9.08337 38.78133)
7d84b803-c41f-4ff8-a124-11bde8f0bea0,a08ff49b-6f77-4632-a16c-43069c43a8c3,Lime,bicycle,non_operational,6,2026-09-30T23:00:14Z,POINT (-9.14492 38.73872)
b0d6bd79-9908-4260-8afa-f639a7313133,7cf3c256-32b9-4409-93fb-64afebede10d,Bolt,scooter,available,85,2026-09-30T22:46:52Z,POINT (-9.20391 38.69629)
c4d26a5c-f428-4808-ac80-65f64bf5d105,aa36434e-f251-4c63-8d4e-86a538cc03aa,Gira,bicycle,available,85,2026-09-30T23:35:40Z,POINT (-9.14598 38.73003)
6601ecea-8f7d-4d55-9204-3441338808ea,7cf3c256-32b9-4409-93fb-64afebede10d,Bolt,scooter,available,64,2026-09-30T21:43:42Z,POINT (-9.20647 38.69874)
cf5636de-dcf0-4026-a8c2-e10328fd9e2c,7cf3c256-32b9-4409-93fb-64afebede10d,Bolt,scooter,available,58,2026-09-30T22:54:35Z,POINT (-9.21250 38.70163)
e60ad235-f981-4203-8646-8a39d6887f9f,aa36434e-f251-4c63-8d4e-86a538cc03aa,Gira,bicycle,non_operational,0,2026-09-30T23:57:50Z,POINT (-9.15183 38.72870)
2970e935-7863-469d-aadd-557f40db1bcf,aa1883c4-ffd0-40f5-bd14-dcc312684e4e,Voi,scooter,available,22,2026-09-30T22:06:53Z,POINT (-9.12416 38.73714)
02fc09c9-e8bd-406a-8899-e66f3be645ce,aa1883c4-ffd0-40f5-bd14-dcc312684e4e,Voi,scooter,removed,75,2026-09-30T22:08:31Z,POINT (-9.09381 38.76847)
db2113fa-7c9b-4739-a4b2-7a1472ba8284,e8eb2af2-f261-45a8-91cd-424e42a85121,Dott,bicycle,removed,39,2026-09-30T21:58:58Z,POINT (-9.14195 38.74590)
bedd6eae-b0bf-4e02-b986-7420d2ed92bf,7cf3c256-32b9-4409-93fb-64afebede10d,Bolt,scooter,available,42,2026-09-30T21:56:32Z,POINT (-9.22219 38.70362)
997e34ec-6621-4ecd-bea0-6bb21ff26eaf,a08ff49b-6f77-4632-a16c-43069c43a8c3,Lime,scooter,available,51,2026-09-30T21:59:11Z,POINT (-9.14077 38.71245)
d8c43a3a-c409-417a-bb2d-a98bf7827ffe,aa1883c4-ffd0-40f5-bd14-dcc312684e4e,Voi,scooter,available,20,2026-09-30T22:23:16Z,POINT (-9.14216 38.74606)
e4e8210b-e7cb-4699-bddb-3522ee2ca366,aa36434e-f251-4c63-8d4e-86a538cc03aa,Gira,bicycle,available,75,2026-09-30T23:22:57Z,POINT (-9.14907 38.72182)
5b1305a3-9616-48a5-83c2-d9729503611c,a08ff49b-6f77-4632-a16c-43069c43a8c3,Lime,bicycle,available,95,2026-09-30T23:26:05Z,POINT (-9.14287 38.73806)
bed92556-7b4d-4ffa-9701-4f745dabe1cf,7cf3c256-32b9-4409-93fb-64afebede10d,Bolt,scooter,available,58,2026-09-30T21:19:26Z,POINT (-9.14092 38.70663)
9a372d1d-a58a-489a-8db6-694580fa6e3f,aa36434e-f251-4c63-8d4e-86a538cc03aa,Gira,bicycle,available,75,2026-09-30T21:09:22Z,POINT (-9.13936 38.72539)
65322b9b-aeb1-43ed-b74e-4d8ab11d99e6,a08ff49b-6f77-4632-a16c-43069c43a8c3,Lime,scooter,available,41,2026-09-30T23:44:34Z,POINT (-9.12558 38.71358)
a0634ff5-3f62-4ce6-895d-538474a398a1,e8eb2af2-f261-45a8-91cd-424e42a85121,Dott,bicycle,non_operational,9,2026-09-30T21:07:08Z,POINT (-9.13247 38.71703)
e3af9621-fc0a-4dc3-9342-3adf8f7150b8,a08ff49b-6f77-4632-a16c-43069c43a8c3,Lime,bicycle,available,47,2026-09-30T22:38:12Z,POINT (-9.14061 38.72512)
267f8616-5612-4594-933b-a0a1b9411a66,7cf3c256-32b9-4409-93fb-64afebede10d,Bolt,scooter,available,87,2026-09-30T22:12:22Z,POINT (-9.14385 38.74447)
9e8aaac5-d327-4855-9ebd-0f006bebe984,e8eb2af2-f261-45a8-91cd-424e42a85121,Dott,scooter,available,30,2026-09-30T22:43:48Z,POINT (-9.14089 38.71558)
e29613e5-6c8e-4263-a6f0-0f1f68681845,a08ff49b-6f77-4632-a16c-43069c43a8c3,Lime,bicycle,non_operational,1,2026-09-30T23:07:04Z,POINT (-9.13023 38.71213)
80c0d217-02c7-4ee2-9b52-7f5888d85755,a08ff49b-6f77-4632-a16c-43069c43a8c3,Lime,bicycle,available,58,2026-09-30T22:40:33Z,POINT (-9.09572 38.76198)
52b344c9-7f40-4c55-84b4-74c95fd7b9e4,aa1883c4-ffd0-40f5-bd14-dcc312684e4e,Voi,scooter,available,57,2026-09-30T22:52:01Z,POINT (-9.15012 38.75027)
b7226783-3afb-4e7b-8785-2bdfe737dba6,a08ff49b-6f77-4632-a16c-43069c43a8c3,Lime,scooter,available,32,2026-09-30T21:23:17Z,POINT (-9.14294 38.71375)
d4462f1f-e58c-4dfd-b93c-ec4376e4e1ea,7cf3c256-32b9-4409-93fb-64afebede10d,Bolt,scooter,available,22,2026-09-30T23:34:47Z,POINT (-9.14908 38.74772)
3b18474c-b889-49c5-89a5-9d9c972f03e0,7cf3c256-32b9-4409-93fb-64afebede10d,Bolt,scooter,available,36,2026-09-30T23:46:09Z,POINT (-9.14869 38.70582)
b8fe2052-6a41-45d7-9041-d6ef406baf93,a08ff49b-6f77-4632-a16c-43069c43a8c3,Lime,bicycle,available,82,2026-09-30T23:39:07Z,POINT (-9.14277 38.70578)
3c3cd8b1-2f88-4e73-82fb-920541c42248,a08ff49b-6f77-4632-a16c-43069c43a8c3,Lime,scooter,available,45,2026-09-30T22:15:54Z,POINT (-9.14298 38.71025)
3318281f-6fd5-4666-b95b-4c6e3c75e8e7,7cf3c256-32b9-4409-93fb-64afebede10d,Bolt,scooter,reserved,81,2026-09-30T21:41:43Z,POINT (-9.14518 38.71251)
58fdf045-3f87-435c-a69c-05340c9c249c,7cf3c256-32b9-4409-93fb-64afebede10d,Bolt,scooter,non_operational,14,2026-09-30T21:50:53Z,POINT (-9.14389 38.71704)
c7603b3e-ce6c-4990-8b6f-dc3b34f025e2,aa1883c4-ffd0-40f5-bd14-dcc312684e4e,Voi,scooter,available,79,2026-09-30T23:56:21Z,POINT (-9.14938 38.73150)
a848e8af-b80b-44b7-aae3-69c35b6c6059,7cf3c256-32b9-4409-93fb-64afebede10d,Bolt,scooter,available,63,2026-09-30T21:41:32Z,POINT (-9.13396 38.71195)
11e6adf9-a5ff-4c64-a0c9-78b49e986d62,7cf3c256-32b9-4409-93fb-64afebede10d,Bolt,scooter,available,47,2026-09-30T23:48:34Z,POINT (-9.14811 38.71028)
25c5bc0c-77aa-45cc-8605-7033ef630302,e8eb2af2-f261-45a8-91cd-424e42a85121,Dott,bicycle,non_operational,5,2026-09-30T22:36:54Z,POINT (-9.15116 38.72291)
f2b46b45-d769-4ccb-b55b-01846c104d96,a08ff49b-6f77-4632-a16c-43069c43a8c3,Lime,scooter,available,61,2026-09-30T21:59:33Z,POINT (-9.14339 38.70995)
1edf68ff-5417-4e33-bd65-633b4a7e561a,e8eb2af2-f261-45a8-91cd-424e42a85121,Dott,bicycle,non_operational,4,2026-09-30T22:14:06Z,POINT (-9.10760 38.75795)
8bf12760-f1cf-4b4c-811b-30e8d8143ad2,a08ff49b-6f77-4632-a16c-43069c43a8c3,Lime,bicycle,non_operational,1,2026-09-30T22:36:59Z,POINT (-9.15047 38.73087)
6dd31011-319e-48f9-b144-71b2bea47238,aa36434e-f251-4c63-8d4e-86a538cc03aa,Gira,bicycle,available,82,2026-09-30T21:43:02Z,POINT (-9.14621 38.70706)
2250f104-6b5b-4b6e-ad57-35d794f39492,7cf3c256-32b9-4409-93fb-64afebede10d,Bolt,scooter,available,69,2026-09-30T22:34:41Z,POINT (-9.13814 38.73597)
a6612195-092b-4fde-9e59-bb98b36b465c,7cf3c256-32b9-4409-93fb-64afebede10d,Bolt,scooter,available,74,2026-09-30T22:40:35Z,POINT (-9.14671 38.73558)
389dad00-af44-44c5-8e43-1ce0166f939c,aa36434e-f251-4c63-8d4e-86a538cc03aa,Gira,bicycle,available,78,2026-09-30T21:40:15Z,POINT (-9.14539 38.72525)
767fccf5-4cf6-4b1e-b41f-68bcfba3c208,a08ff49b-6f77-4632-a16c-43069c43a8c3,Lime,scooter,non_operational,1,2026-09-30T23:16:18Z,POINT (-9.15383 38.73512)
7fddcae8-92d4-4f9c-a7dc-52be40233a0c,a08ff49b-6f77-4632-a16c-43069c43a8c3,Lime,scooter,reserved,25,2026-09-30T23:45:02Z,POINT (-9.14745 38.72782)
7b0de142-0cae-41bd-abf5-f12e343d1b1a,7cf3c256-32b9-4409-93fb-64afebede10d,Bolt,scooter,non_operational,7,2026-09-30T21:29:11Z,POINT (-9.15406 38.72149)
34e407f2-4197-4901-aadf-11794147b301,e8eb2af2-f261-45a8-91cd-424e42a85121,Dott,bicycle,available,22,2026-09-30T22:48:52Z,POINT (-9.14938 38.72353)
731f793b-40c8-4841-a7f3-b63e6998073c,7cf3c256-32b9-4409-93fb-64afebede10d,Bolt,scooter,unknown,86,2026-09-30T23:34:05Z,POINT (-9.14912 38.73768)
e3072eb0-d5a9-4f1e-8f79-f11966198e9a,aa36434e-f251-4c63-8d4e-86a538cc03aa,Gira,bicycle,available,75,2026-09-30T23:14:07Z,POINT (-9.13889 38.71448)
6382e6ba-96a7-479d-a2f6-a4287e9d3d25,e8eb2af2-f261-45a8-91cd-424e42a85121,Dott,bicycle,reserved,82,2026-09-30T21:43:04Z,POINT (-9.14127 38.71815)
797a58dd-6d8c-4e2e-a711-38d5b3df4afb,7cf3c256-32b9-4409-93fb-64afebede10d,Bolt,scooter,available,34,2026-09-30T22:12:35Z,POINT (-9.14323 38.70803)
82fe9b37-a23d-4140-ab16-998dafbbabb9,a08ff49b-6f77-4632-a16c-43069c43a8c3,Lime,scooter,available,29,2026-09-30T22:23:16Z,POINT (-9.13065 38.71016)
efd7cef0-3b50-4c49-8dc6-26ac60b473ba,aa36434e-f251-4c63-8d4e-86a538cc03aa,Gira,bicycle,available,100,2026-09-30T21:47:23Z,POINT (-9.21121 38.69428)
abd09216-af50-4420-9ea4-bf28110a0217,a08ff49b-6f77-4632-a16c-43069c43a8c3,Lime,scooter,available,36,2026-09-30T22:43:15Z,POINT (-9.09068 38.76764)
425533d6-5342-4e9a-a0af-0ed5f649381e,a08ff49b-6f77-4632-a16c-43069c43a8c3,Lime,bicycle,reserved,99,2026-09-30T23:40:54Z,POINT (-9.14608 38.70931)
447f6c3f-1c81-4697-a3fc-8791f1c9c130,aa1883c4-ffd0-40f5-bd14-dcc312684e4e,Voi,scooter,available,38,2026-09-30T23:36:23Z,POINT (-9.14222 38.74644)
728de1c7-d986-4f41-be61-9e278770c152,a08ff49b-6f77-4632-a16c-43069c43a8c3,Lime,scooter,removed,33,2026-09-30T21:55:05Z,POINT (-9.12744 38.71702)
3f55615c-1ba8-48e7-8025-ab670181fd64,a08ff49b-6f77-4632-a16c-43069c43a8c3,Lime,scooter,removed,98,2026-09-30T21:49:45Z,POINT (-9.14098 38.70595)
b3b78929-5c43-4fd6-8ebc-b8b7c4bec0bf,e8eb2af2-f261-45a8-91cd-424e42a85121,Dott,scooter,available,73,2026-09-30T23:33:42Z,POINT (-9.15721 38.72198)
88465cd1-230e-4289-b6f5-60291b0c137f,7cf3c256-32b9-4409-93fb-64afebede10d,Bolt,scooter,available,73,2026-09-30T23:57:21Z,POINT (-9.14648 38.70926)
a2ed271c-bcdb-4d61-9046-d896837f2daf,7cf3c256-32b9-4409-93fb-64afebede10d,Bolt,scooter,available,72,2026-09-30T21:00:30Z,POINT (-9.08424 38.77357)
e030a8c3-5a94-4d99-8f82-40335858864b,a08ff49b-6f77-4632-a16c-43069c43a8c3,Lime,bicycle,available,32,2026-09-30T21:28:23Z,POINT (-9.14545 38.74444)
09149f2a-a669-41b7-b501-97dd729d19ee,aa1883c4-ffd0-40f5-bd14-dcc312684e4e,Voi,scooter,available,70,2026-09-30T23:57:21Z,POINT (-9.14290 38.72906)
3269b9fe-bc62-425a-93fc-252f02120782,a08ff49b-6f77-4632-a16c-43069c43a8c3,Lime,scooter,non_operational,12,2026-09-30T21:27:41Z,POINT (-9.14612 38.71127)
6ed38848-6a44-431f-9095-7217118ba760,7cf3c256-32b9-4409-93fb-64afebede10d,Bolt,scooter,non_operational,14,2026-09-30T22:50:34Z,POINT (-9.14386 38.71631)
051fb4fa-bafd-4a9b-900b-33b09d420091,7cf3c256-32b9-4409-93fb-64afebede10d,Bolt,scooter,non_operational,1,2026-09-30T21:45:10Z,POINT (-9.13533 38.71261)
53233532-ec9f-4868-b6df-8d274255d300,a08ff49b-6f77-4632-a16c-43069c43a8c3,Lime,scooter,available,41,2026-09-30T21:05:35Z,POINT (-9.10744 38.72943)
3c470359-80b6-4ece-831c-9c80e2d54343,aa1883c4-ffd0-40f5-bd14-dcc312684e4e,Voi,scooter,available,34,2026-09-30T23:45:01Z,POINT (-9.13117 38.71500)
3daf2eed-92d2-4d96-97d8-601bdc4d674c,7cf3c256-32b9-4409-93fb-64afebede10d,Bolt,scooter,available,63,2026-09-30T22:41:51Z,POINT (-9.13881 38.74820)
1e107508-dfd2-4479-8fff-422e62c5b333,aa1883c4-ffd0-40f5-bd14-dcc312684e4e,Voi,scooter,available,29,2026-09-30T23:27:04Z,POINT (-9.14413 38.72264)
afc50164-15a3-48c4-b747-4ec166df7f03,7cf3c256-32b9-4409-93fb-64afebede10d,Bolt,scooter,available,84,2026-09-30T22:33:45Z,POINT (-9.14665 38.71037)
9dba5ee6-571d-4930-b9d2-149a53d98ec8,aa1883c4-ffd0-40f5-bd14-dcc312684e4e,Voi,scooter,reserved,87,2026-09-30T23:47:33Z,POINT (-9.14212 38.70597)
a9208015-492d-45b1-ae2d-1d73d8b37ee4,7cf3c256-32b9-4409-93fb-64afebede10d,Bolt,scooter,available,65,2026-09-30T22:42:20Z,POINT (-9.20413 38.69711)
2e8296a5-21ba-4264-8547-e3c0c8990611,7cf3c256-32b9-4409-93fb-64afebede10d,Bolt,scooter,available,100,2026-09-30T21:32:31Z,POINT (-9.14297 38.74068)
4d2768bb-7a73-4db4-94f9-f248a3d6c85b,7cf3c256-32b9-4409-93fb-64afebede10d,Bolt,scooter,unknown,34,2026-09-30T23:29:40Z,POINT (-9.12239 38.71643)
e4dd527a-76cf-4c5a-a51e-1b823db4dbfd,e8eb2af2-f261-45a8-91cd-424e42a85121,Dott,scooter,available,43,2026-09-30T22:18:05Z,POINT (-9.14020 38.71198)
036168e0-25cb-487e-a489-4ebec72731b8,a08ff49b-6f77-4632-a16c-43069c43a8c3,Lime,scooter,available,56,2026-09-30T23:07:04Z,POINT (-9.13586 38.74098)
0be3cdaa-57a9-45b1-afac-ade7019aec3a,e8eb2af2-f261-45a8-91cd-424e42a85121,Dott,scooter,available,61,2026-09-30T21:18:52Z,POINT (-9.14865 38.71204)
9de3c95c-0190-4c4e-be36-e8c7a37310e0,7cf3c256-32b9-4409-93fb-64afebede10d,Bolt,scooter,reserved,54,2026-09-30T21:41:25Z,POINT (-9.15029 38.75971)
fbb40db8-ddeb-4802-a248-3d90a9e02b17,e8eb2af2-f261-45a8-91cd-424e42a85121,Dott,bicycle,available,88,2026-09-30T23:43:55Z,POINT (-9.11546 38.71965)
513f379b-267d-45c2-bb48-4c3ced31eb92,e8eb2af2-f261-45a8-91cd-424e42a85121,Dott,bicycle,unknown,35,2026-09-30T21:57:06Z,POINT (-9.09269 38.77093)
a4e306c5-cce8-4bda-a97b-4df8a38da9c3,a08ff49b-6f77-4632-a16c-43069c43a8c3,Lime,bicycle,available,43,2026-09-30T21:51:11Z,POINT (-9.15436 38.73443)
b832430f-921c-4486-b785-2bc79e6b83a3,a08ff49b-6f77-4632-a16c-43069c43a8c3,Lime,bicycle,non_operational,18,2026-09-30T23:49:39Z,POINT (-9.14980 38.70688)
3c0f182e-cbf3-4386-8fed-ace9ba0dffd9,e8eb2af2-f261-45a8-91cd-424e42a85121,Dott,bicycle,reserved,62,2026-09-30T22:22:25Z,POINT (-9.13781 38.71903)
20ba4af9-c37b-48ad-9120-af00fa4edbe8,a08ff49b-6f77-4632-a16c-43069c43a8c3,Lime,scooter,available,74,2026-09-30T21:10:26Z,POINT (-9.17100 38.71293)
5068b5e9-99dc-4582-a148-8bf1192ad2a1,e8eb2af2-f261-45a8-91cd-424e42a85121,Dott,scooter,available,45,2026-09-30T23:11:02Z,POINT (-9.14650 38.70748)
de5d9a1b-71dc-4faf-8233-bd8b79b69c8b,a08ff49b-6f77-4632-a16c-43069c43a8c3,Lime,scooter,available,79,2026-09-30T21:30:12Z,POINT (-9.13939 38.71312)
48a8cfb1-7fef-43dc-b521-36b2982a5e20,7cf3c256-32b9-4409-93fb-64afebede10d,Bolt,scooter,available,35,2026-09-30T21:04:54Z,POINT (-9.13615 38.70990)
91f5f474-4931-442d-8f52-a409286d9e71,7cf3c256-32b9-4409-93fb-64afebede10d,Bolt,scooter,non_operational,1,2026-09-30T23:11:24Z,POINT (-9.14734 38.74561)
f2fd94e1-0ffb-4981-9116-b3eec8834159,a08ff49b-6f77-4632-a16c-43069c43a8c3,Lime,scooter,unknown,41,2026-09-30T23:15:31Z,POINT (-9.14835 38.72437)
37f81120-e1ac-4d3f-aa65-b75149e5e6ae,a08ff49b-6f77-4632-a16c-43069c43a8c3,Lime,bicycle,available,59,2026-09-30T23:29:16Z,POINT (-9.12624 38.71849)
f85f2a00-685f-4ab7-9265-bdba63feb12e,a08ff49b-6f77-4632-a16c-43069c43a8c3,Lime,bicycle,reserved,46,2026-09-30T22:30:48Z,POINT (-9.13418 38.71328)
1b1e77bc-77ec-4ec0-a7c6-d78925b20d66,7cf3c256-32b9-4409-93fb-64afebede10d,Bolt,scooter,available,56,2026-09-30T21:55:45Z,POINT (-9.12207 38.71934)
aa352687-f076-402d-bb85-8ea9dda345c9,e8eb2af2-f261-45a8-91cd-424e42a85121,Dott,scooter,removed,27,2026-09-30T22:04:45Z,POINT (-9.12360 38.71222)
8b924c51-1e3e-4a95-8bfe-b30c12a54f87,aa1883c4-ffd0-40f5-bd14-dcc312684e4e,Voi,scooter,removed,91,2026-09-30T21:36:30Z,POINT (-9.14218 38.72351)
9e305b6b-9b3c-4ff4-9629-291e9ecf0096,a08ff49b-6f77-4632-a16c-43069c43a8c3,Lime,bicycle,removed,22,2026-09-30T23:34:34Z,POINT (-9.14648 38.73294)
3f566cf7-4d38-45da-8de8-fefe69431d4c,aa1883c4-ffd0-40f5-bd14-dcc312684e4e,Voi,scooter,non_operational,0,2026-09-30T21:11:41Z,POINT (-9.13664 38.71391)
b05fb726-daa7-4749-8fa4-4e87e8275919,a08ff49b-6f77-4632-a16c-43069c43a8c3,Lime,scooter,available,50,2026-09-30T23:14:51Z,POINT (-9.14395 38.70839)
a75701b5-0cb6-4662-aa07-21f053fcf9a9,7cf3c256-32b9-4409-93fb-64afebede10d,Bolt,scooter,available,83,2026-09-30T21:22:56Z,POINT (-9.19574 38.69962)
57ac4ef4-a931-4922-9ccb-fd0bf9906296,7cf3c256-32b9-4409-93fb-64afebede10d,Bolt,scooter,available,22,2026-09-30T22:57:36Z,POINT (-9.15289 38.73292)
3272da24-9de6-4f7c-8645-8da96bcd052e,e8eb2af2-f261-45a8-91cd-424e42a85121,Dott,bicycle,available,64,2026-09-30T23:57:27Z,POINT (-9.14104 38.71598)
b28619ae-a4ef-4510-8d96-251cc593647b,7cf3c256-32b9-4409-93fb-64afebede10d,Bolt,scooter,available,55,2026-09-30T22:52:56Z,POINT (-9.09749 38.76247)
1e743943-6b3b-4410-a867-21b45e5e146a,a08ff49b-6f77-4632-a16c-43069c43a8c3,Lime,scooter,available,26,2026-09-30T23:46:57Z,POINT (-9.14570 38.70867)
40619830-6f72-4432-8e16-4d824fd51176,e8eb2af2-f261-45a8-91cd-424e42a85121,Dott,bicycle,available,42,2026-09-30T22:15:53Z,POINT (-9.14487 38.71333)
4a0c76f8-337a-42bc-bdf0-052a10440228,a08ff49b-6f77-4632-a16c-43069c43a8c3,Lime,bicycle,available,81,2026-09-30T21:45:00Z,POINT (-9.14601 38.71006)
80ea31f5-ff93-4738-8ed8-cb10d23f4095,7cf3c256-32b9-4409-93fb-64afebede10d,Bolt,scooter,non_operational,4,2026-09-30T23:36:02Z,POINT (-9.13547 38.73397)
5515f5d3-8981-4fb4-a030-e3f4766dc243,e8eb2af2-f261-45a8-91cd-424e42a85121,Dott,bicycle,unknown,30,2026-09-30T21:36:59Z,POINT (-9.14246 38.70927)
223a040d-b4df-4976-959e-2e4393842b53,e8eb2af2-f261-45a8-91cd-424e42a85121,Dott,scooter,reserved,41,2026-09-30T23:11:52Z,POINT (-9.09470 38.75703)
95970657-d9fc-4288-86d4-6fcd3c116ab8,aa36434e-f251-4c63-8d4e-86a538cc03aa,Gira,bicycle,available,77,2026-09-30T21:39:25Z,POINT (-9.16626 38.71200)
545d4a47-e762-44c5-b460-b4069bc64517,e8eb2af2-f261-45a8-91cd-424e42a85121,Dott,bicycle,reserved,71,2026-09-30T23:44:03Z,POINT (-9.15115 38.70793)
ed1a7ecd-9df5-4e41-9e93-a40c6592dac4,aa1883c4-ffd0-40f5-bd14-dcc312684e4e,Voi,scooter,removed,47,2026-09-30T22:46:19Z,POINT (-9.14777 38.71073)
3b6fdb45-1116-4af7-b458-7ce17cf87162,aa1883c4-ffd0-40f5-bd14-dcc312684e4e,Voi,scooter,reserved,97,2026-09-30T21:36:05Z,POINT (-9.13582 38.72129)
a7be2e83-13b0-43ba-bf7f-3d40f61ea995,7cf3c256-32b9-4409-93fb-64afebede10d,Bolt,scooter,available,77,2026-09-30T21:59:46Z,POINT (-9.13892 38.71252)
98c82cd6-ea9c-4531-b61f-6cee408b2f87,a08ff49b-6f77-4632-a16c-43069c43a8c3,Lime,bicycle,non_operational,1,2026-09-30T23:21:16Z,POINT (-9.17609 38.70348)
27af5c80-9233-4d4b-88e0-ca086b8a76b7,e8eb2af2-f261-45a8-91cd-424e42a85121,Dott,scooter,available,21,2026-09-30T21:35:52Z,POINT (-9.14662 38.73211)
4436ba2e-6129-40b8-a2a7-a4bd6a1791fc,a08ff49b-6f77-4632-a16c-43069c43a8c3,Lime,scooter,available,63,2026-09-30T23:29:55Z,POINT (-9.14535 38.70762)
5f76df02-4e8c-4fe7-8be4-84b5f7f68cae,aa1883c4-ffd0-40f5-bd14-dcc312684e4e,Voi,scooter,non_operational,15,2026-09-30T21:12:33Z,POINT (-9.20794 38.70105)
f84a7d32-9a6c-40de-8877-30489da029cc,e8eb2af2-f261-45a8-91cd-424e42a85121,Dott,scooter,available,22,2026-09-30T22:44:44Z,POINT (-9.15857 38.71165)
9adfe6df-168b-4f02-b8ca-bc69658686f6,7cf3c256-32b9-4409-93fb-64afebede10d,Bolt,scooter,available,99,2026-09-30T21:22:24Z,POINT (-9.14890 38.76011)
870012e8-b85d-4024-98d7-9b5339500972,7cf3c256-32b9-4409-93fb-64afebede10d,Bolt,scooter,available,82,2026-09-30T23:16:22Z,POINT (-9.13882 38.73209)
74d2ace9-e19a-4d63-83d9-62a2fa9acc4e,7cf3c256-32b9-4409-93fb-64afebede10d,Bolt,scooter,available,81,2026-09-30T22:57:25Z,POINT (-9.09522 38.76717)
4473d7bd-dd5f-4a6f-be0e-549e4256b771,aa1883c4-ffd0-40f5-bd14-dcc312684e4e,Voi,scooter,available,53,2026-09-30T21:43:18Z,POINT (-9.14430 38.71042)
c3888bf5-895b-41e1-ada9-251433f7c7f7,aa1883c4-ffd0-40f5-bd14-dcc312684e4e,Voi,scooter,available,37,2026-09-30T21:21:29Z,POINT (-9.14687 38.70984)
93fe60df-8ae4-49fb-9c54-a0cf2d2a0040,a08ff49b-6f77-4632-a16c-43069c43a8c3,Lime,bicycle,removed,24,2026-09-30T22:10:50Z,POINT (-9.10474 38.73288)
adcfe4e7-8435-4395-ab83-b10c7a2abff1,7cf3c256-32b9-4409-93fb-64afebede10d,Bolt,scooter,available,27,2026-09-30T21:45:59Z,POINT (-9.14706 38.73150)
7fdb91ca-b88c-4aef-82dc-4a54882612a5,aa1883c4-ffd0-40f5-bd14-dcc312684e4e,Voi,scooter,available,91,2026-09-30T22:22:36Z,POINT (-9.15130 38.73937)
6faf8dcf-e631-4b36-a6bb-7a337d2515f6,7cf3c256-32b9-4409-93fb-64afebede10d,Bolt,scooter,non_operational,6,2026-09-30T22:28:10Z,POINT (-9.14738 38.74311)
2a688ffe-31bc-4572-b327-b8b497c83808,aa36434e-f251-4c63-8d4e-86a538cc03aa,Gira,bicycle,available,27,2026-09-30T23:02:14Z,POINT (-9.14604 38.73926)
faf2fba4-c777-4cac-8518-5c17beab5619,aa1883c4-ffd0-40f5-bd14-dcc312684e4e,Voi,scooter,available,100,2026-09-30T23:20:15Z,POINT (-9.16836 38.71558)
b1851a3e-08be-42a8-9c3c-9850cc6dbfb5,a08ff49b-6f77-4632-a16c-43069c43a8c3,Lime,bicycle,available,61,2026-09-30T23:58:35Z,POINT (-9.14211 38.70974)
d8b89874-e41f-42a0-bf39-71d2242cdabd,7cf3c256-32b9-4409-93fb-64afebede10d,Bolt,scooter,available,24,2026-09-30T23:00:26Z,POINT (-9.13314 38.71118)
3a1b09a3-10b0-4b6b-8d12-0f4279b6bdaa,a08ff49b-6f77-4632-a16c-43069c43a8c3,Lime,bicycle,available,80,2026-09-30T23:47:58Z,POINT (-9.17134 38.70530)
72975880-3de5-4587-ad86-366f8c9fb71a,e8eb2af2-f261-45a8-91cd-424e42a85121,Dott,scooter,removed,71,2026-09-30T22:39:14Z,POINT (-9.19987 38.69960)
2fedf9d7-aa7a-47d6-bf21-08eebc027d1f,a08ff49b-6f77-4632-a16c-43069c43a8c3,Lime,scooter,available,57,2026-09-30T23:39:57Z,POINT (-9.15747 38.74266)
af42e52e-cce2-4fbd-9892-797ba3ad7820,a08ff49b-6f77-4632-a16c-43069c43a8c3,Lime,bicycle,removed,41,2026-09-30T23:34:21Z,POINT (-9.21300 38.70526)
9dd190cb-2428-40f5-83a2-3ff1065ecffc,a08ff49b-6f77-4632-a16c-43069c43a8c3,Lime,scooter,available,31,2026-09-30T21:46:07Z,POINT (-9.13078 38.75313)
052afd0a-4894-4f98-ac18-b000b5fc0fc7,aa1883c4-ffd0-40f5-bd14-dcc312684e4e,Voi,scooter,available,93,2026-09-30T22:20:08Z,POINT (-9.14730 38.70659)
57a94c69-8411-4d47-bfe1-9bc4e086a5fd,a08ff49b-6f77-4632-a16c-43069c43a8c3,Lime,bicycle,reserved,20,2026-09-30T22:45:45Z,POINT (-9.09686 38.77539)
181f8e72-5c3e-4ce1-a844-7868a2511db2,aa1883c4-ffd0-40f5-bd14-dcc312684e4e,Voi,scooter,available,77,2026-09-30T22:35:22Z,POINT (-9.15140 38.71097)
ff20228e-5eb2-4fa4-9dab-bea22280ce30,e8eb2af2-f261-45a8-91cd-424e42a85121,Dott,bicycle,non_operational,9,2026-09-30T22:15:04Z,POINT (-9.14200 38.70988)
3b906c7f-c899-41b8-9ae7-0e08e48dabcc,e8eb2af2-f261-45a8-91cd-424e42a85121,Dott,bicycle,available,54,2026-09-30T23:32:47Z,POINT (-9.14643 38.71254)
091e7ee9-efd6-4195-bc5d-4f8c6b495ff9,a08ff49b-6f77-4632-a16c-43069c43a8c3,Lime,bicycle,unknown,52,2026-09-30T22:00:41Z,POINT (-9.15502 38.71522)
000924b0-a303-400b-bd54-d47616c98a27,7cf3c256-32b9-4409-93fb-64afebede10d,Bolt,scooter,available,30,2026-09-30T23:46:10Z,POINT (-9.14531 38.70765)
dcaa6c37-5c8c-47a9-9372-374c30bfc58d,a08ff49b-6f77-4632-a16c-43069c43a8c3,Lime,bicycle,available,21,2026-09-30T22:51:42Z,POINT (-9.14009 38.74083)
52baa0b0-0791-43dc-8b8f-e9348172ecf7,7cf3c256-32b9-4409-93fb-64afebede10d,Bolt,scooter,unknown,80,2026-09-30T21:51:57Z,POINT (-9.14228 38.72787)
bb2c8964-d220-4e44-99e8-4de44a311d9a,e8eb2af2-f261-45a8-91cd-424e42a85121,Dott,bicycle,non_operational,2,2026-09-30T21:17:08Z,POINT (-9.15125 38.73410)
b63ea973-b6e6-4262-ac05-0b35d6fe684c,7cf3c256-32b9-4409-93fb-64afebede10d,Bolt,scooter,available,22,2026-09-30T21:05:58Z,POINT (-9.13280 38.71592)
02430f6f-0fa9-486b-af69-038a58d494a3,a08ff49b-6f77-4632-a16c-43069c43a8c3,Lime,bicycle,removed,83,2026-09-30T21:06:24Z,POINT (-9.14688 38.70982)
55832593-8efb-4581-9595-fcd8ac5d9fd2,7cf3c256-32b9-4409-93fb-64afebede10d,Bolt,scooter,available,41,2026-09-30T23:17:08Z,POINT (-9.14636 38.73386)
e790a96d-6845-4f8d-9117-96ebedbbf74f,7cf3c256-32b9-4409-93fb-64afebede10d,Bolt,scooter,non_operational,2,2026-09-30T21:22:36Z,POINT (-9.14582 38.72314)
b49b5e48-cead-40be-8630-689f3d59205b,e8eb2af2-f261-45a8-91cd-424e42a85121,Dott,bicycle,available,95,2026-09-30T21:12:54Z,POINT (-9.14051 38.70712)
da733664-f9e9-4b30-95ef-2c902af0bd14,7cf3c256-32b9-4409-93fb-64afebede10d,Bolt,scooter,non_operational,17,2026-09-30T23:16:37Z,POINT (-9.10672 38.76792)
bea520b6-1201-462e-aef0-632251bd6b5a,aa1883c4-ffd0-40f5-bd14-dcc312684e4e,Voi,scooter,reserved,42,2026-09-30T22:39:09Z,POINT (-9.13205 38.74952)
fccce73e-e0a1-4c2c-9e41-4564732eca6a,aa36434e-f251-4c63-8d4e-86a538cc03aa,Gira,bicycle,non_operational,8,2026-09-30T22:54:31Z,POINT (-9.16916 38.71545)
c7707420-9a5e-422b-b5bf-04df04ed318d,e8eb2af2-f261-45a8-91cd-424e42a85121,Dott,bicycle,non_operational,1,2026-09-30T22:02:23Z,POINT (-9.09633 38.77125)
f3eb101d-e26b-4ffb-98fc-8f273d28cb1b,e8eb2af2-f261-45a8-91cd-424e42a85121,Dott,bicycle,available,28,2026-09-30T22:12:46Z,POINT (-9.14536 38.71338)
5665cf2f-08e7-46e0-9878-b0ce40e9aa3b,7cf3c256-32b9-4409-93fb-64afebede10d,Bolt,scooter,available,25,2026-09-30T23:31:08Z,POINT (-9.12621 38.71421)
f285b630-aa26-4eb5-9d1f-5a18cdf341f2,e8eb2af2-f261-45a8-91cd-424e42a85121,Dott,scooter,available,63,2026-09-30T22:58:32Z,POINT (-9.14449 38.71268)
f34f7487-01d6-493f-8e60-586cb7108abd,a08ff49b-6f77-4632-a16c-43069c43a8c3,Lime,scooter,non_operational,15,2026-09-30T23:43:46Z,POINT (-9.15069 38.71120)
502aaccd-d8ea-4af5-a85a-111400647082,7cf3c256-32b9-4409-93fb-64afebede10d,Bolt,scooter,non_operational,6,2026-09-30T21:27:32Z,POINT (-9.14267 38.75538)
8cac8b95-6afd-4950-8c5c-b27da385aa74,a08ff49b-6f77-4632-a16c-43069c43a8c3,Lime,bicycle,non_operational,5,2026-09-30T23:45:25Z,POINT (-9.12306 38.72382)
1ceff239-b3f2-489f-b838-48009d477a1f,e8eb2af2-f261-45a8-91cd-424e42a85121,Dott,bicycle,non_operational,12,2026-09-30T22:42:36Z,POINT (-9.14780 38.71534)
ee1f423e-028b-4604-87c8-35c3ec49d2e7,7cf3c256-32b9-4409-93fb-64afebede10d,Bolt,scooter,available,66,2026-09-30T23:14:11Z,POINT (-9.12291 38.71681)
d92be320-d806-4052-915b-631fac440834,7cf3c256-32b9-4409-93fb-64afebede10d,Bolt,scooter,available,39,2026-09-30T22:19:34Z,POINT (-9.12614 38.72225)
eda738b1-4a98-4438-8aaf-a8e1a75c749c,aa1883c4-ffd0-40f5-bd14-dcc312684e4e,Voi,scooter,available,89,2026-09-30T22:23:59Z,POINT (-9.10953 38.77128)
52a45970-c20a-477f-81ea-210ca505a5ea,aa36434e-f251-4c63-8d4e-86a538cc03aa,Gira,bicycle,available,97,2026-09-30T23:51:36Z,POINT (-9.14400 38.72140)
41897c14-0766-486e-b1dc-197325b31773,aa36434e-f251-4c63-8d4e-86a538cc03aa,Gira,bicycle,non_operational,8,2026-09-30T22:12:28Z,POINT (-9.14591 38.72524)
0a6edae4-e1e3-43bb-9cf5-b11644f4eeca,e8eb2af2-f261-45a8-91cd-424e42a85121,Dott,scooter,available,35,2026-09-30T22:26:15Z,POINT (-9.14236 38.74650)
a5a174cb-2770-4bb0-9d76-c29e108d93ab,7cf3c256-32b9-4409-93fb-64afebede10d,Bolt,scooter,removed,42,2026-09-30T22:07:24Z,POINT (-9.13670 38.71447)
040a9ab3-6a5b-48d9-9915-c1cab32acf50,aa36434e-f251-4c63-8d4e-86a538cc03aa,Gira,bicycle,available,55,2026-09-30T23:23:01Z,POINT (-9.14365 38.70898)
3f71ad69-d485-4e0c-9dff-0c41737f90a6,a08ff49b-6f77-4632-a16c-43069c43a8c3,Lime,scooter,available,70,2026-09-30T21:09:15Z,POINT (-9.14508 38.73558)
99e38869-a2b3-4246-a213-62c0de24a000,e8eb2af2-f261-45a8-91cd-424e42a85121,Dott,scooter,removed,27,2026-09-30T21:50:44Z,POINT (-9.14755 38.72355)
3ed3a8d1-03fe-4107-bd8a-f7228f0339bd,e8eb2af2-f261-45a8-91cd-424e42a85121,Dott,scooter,non_operational,11,2026-09-30T22:30:40Z,POINT (-9.09377 38.76460)
9c491ed7-6385-40c3-beba-52fdb27ac99a,7cf3c256-32b9-4409-93fb-64afebede10d,Bolt,scooter,non_operational,9,2026-09-30T22:34:38Z,POINT (-9.14735 38.73388)
b12ca71e-c2e1-4145-b730-8492bffec461,7cf3c256-32b9-4409-93fb-64afebede10d,Bolt,scooter,available,33,2026-09-30T23:55:11Z,POINT (-9.14562 38.73811)
33e70e0e-2250-4826-a05a-9430756d3ee2,7cf3c256-32b9-4409-93fb-64afebede10d,Bolt,scooter,non_operational,11,2026-09-30T22:25:41Z,POINT (-9.10990 38.75770)
beb5eb47-b5e6-450d-a6b7-c0443cb31f30,a08ff49b-6f77-4632-a16c-43069c43a8c3,Lime,bicycle,non_operational,6,2026-09-30T21:52:14Z,POINT (-9.14694 38.71412)
92c06127-cf01-4773-9309-c30204a8170f,aa36434e-f251-4c63-8d4e-86a538cc03aa,Gira,bicycle,available,74,2026-09-30T23:46:32Z,POINT (-9.20151 38.69766)
86cb4c38-d53f-46f1-ad0f-15ca1c377fdd,e8eb2af2-f261-45a8-91cd-424e42a85121,Dott,scooter,available,59,2026-09-30T21:57:34Z,POINT (-9.14841 38.70629)
a404f17e-d74d-4b11-882b-06a50881c942,e8eb2af2-f261-45a8-91cd-424e42a85121,Dott,bicycle,non_operational,4,2026-09-30T23:54:19Z,POINT (-9.12686 38.75576)
351e9f75-3912-456c-b700-c5123e1c0a5b,a08ff49b-6f77-4632-a16c-43069c43a8c3,Lime,scooter,reserved,50,2026-09-30T21:18:26Z,POINT (-9.13708 38.73466)
d2688a84-73f4-48a5-9f2d-6916dc77a2ed,e8eb2af2-f261-45a8-91cd-424e42a85121,Dott,scooter,available,20,2026-09-30T21:16:41Z,POINT (-9.14726 38.73188)
bf53cf14-4ec8-41c6-81c7-98abbec0d824,7cf3c256-32b9-4409-93fb-64afebede10d,Bolt,scooter,available,80,2026-09-30T22:00:25Z,POINT (-9.08117 38.77151)
354e1a22-d2e8-418f-8668-46a631dc30c2,7cf3c256-32b9-4409-93fb-64afebede10d,Bolt,scooter,available,65,2026-09-30T23:29:40Z,POINT (-9.14016 38.73484)
770f8734-8c48-4708-a1bd-cdaacdc5493f,7cf3c256-32b9-4409-93fb-64afebede10d,Bolt,scooter,available,54,2026-09-30T22:46:46Z,POINT (-9.16280 38.70730)
5477c3a6-5883-481c-a83f-32767d349a0d,aa36434e-f251-4c63-8d4e-86a538cc03aa,Gira,bicycle,available,23,2026-09-30T23:21:56Z,POINT (-9.14682 38.70566)
0c621b61-ee35-4844-9817-27402ef7bd42,aa36434e-f251-4c63-8d4e-86a538cc03aa,Gira,bicycle,non_operational,9,2026-09-30T21:03:14Z,POINT (-9.13714 38.71640)
5fbd0998-564a-46ea-bd28-95ce54871d46,7cf3c256-32b9-4409-93fb-64afebede10d,Bolt,scooter,non_operational,3,2026-09-30T23:51:33Z,POINT (-9.14170 38.73648)
32fa9c18-b837-4c00-8a44-b921065adf3e,7cf3c256-32b9-4409-93fb-64afebede10d,Bolt,scooter,reserved,74,2026-09-30T21:59:00Z,POINT (-9.10927 38.73422)
5647f954-f971-4890-80bc-bfff89a9f768,aa1883c4-ffd0-40f5-bd14-dcc312684e4e,Voi,scooter,reserved,39,2026-09-30T21:40:05Z,POINT (-9.14765 38.71292)
60787b3f-9958-4111-9a0b-8f511728c6a5,a08ff49b-6f77-4632-a16c-43069c43a8c3,Lime,scooter,reserved,80,2026-09-30T23:37:10Z,POINT (-9.14347 38.71288)
d6a74cd7-8696-453a-885d-56016b6e65a8,a08ff49b-6f77-4632-a16c-43069c43a8c3,Lime,scooter,available,85,2026-09-30T22:57:33Z,POINT (-9.14776 38.70844)
4f3ed77c-1306-4090-b907-5f5a0f4fa77f,e8eb2af2-f261-45a8-91cd-424e42a85121,Dott,scooter,unknown,82,2026-09-30T21:21:19Z,POINT (-9.14952 38.72424)
cb775af2-aaab-4cfc-a8fe-9aa4e77f9f47,e8eb2af2-f261-45a8-91cd-424e42a85121,Dott,bicycle,available,88,2026-09-30T21:58:12Z,POINT (-9.14890 38.72565)
21c8e930-05a0-4b7f-950a-ab09ca6a09a3,aa1883c4-ffd0-40f5-bd14-dcc312684e4e,Voi,scooter,non_operational,16,2026-09-30T23:04:11Z,POINT (-9.13217 38.71368)
24935388-997e-4c07-8ada-7a79eb72c518,e8eb2af2-f261-45a8-91cd-424e42a85121,Dott,scooter,reserved,74,2026-09-30T22:51:08Z,POINT (-9.14889 38.72739)
d9010ad3-bf1a-43ec-a049-540f0561eadb,a08ff49b-6f77-4632-a16c-43069c43a8c3,Lime,bicycle,non_operational,16,2026-09-30T22:26:20Z,POINT (-9.13826 38.75528)
92a20d75-06c9-4111-9d0b-af7cc2ce54d2,a08ff49b-6f77-4632-a16c-43069c43a8c3,Lime,bicycle,available,58,2026-09-30T23:21:48Z,POINT (-9.09513 38.76402)
ca0ec246-01dc-4590-a17e-870bd131c09d,aa36434e-f251-4c63-8d4e-86a538cc03aa,Gira,bicycle,available,48,2026-09-30T22:52:22Z,POINT (-9.14347 38.70857)
1f3e1b0c-12d3-4b71-a2d7-7363f250b023,a08ff49b-6f77-4632-a16c-43069c43a8c3,Lime,scooter,available,54,2026-09-30T23:24:23Z,POINT (-9.15140 38.72665)
3eac3dd8-d547-4ea0-b9b1-2688cdad820e,7cf3c256-32b9-4409-93fb-64afebede10d,Bolt,scooter,reserved,40,2026-09-30T23:35:25Z,POINT (-9.14301 38.75514)
d35885fc-7788-41ef-8ab1-9472fc90bd34,a08ff49b-6f77-4632-a16c-43069c43a8c3,Lime,bicycle,available,35,2026-09-30T22:32:50Z,POINT (-9.15153 38.73801)
b7317335-8fa4-4c1f-87cb-dcb1a3550a17,aa1883c4-ffd0-40f5-bd14-dcc312684e4e,Voi,scooter,available,89,2026-09-30T21:57:31Z,POINT (-9.13751 38.71028)
be221f82-153e-41b4-a9de-8a2622ba17ea,e8eb2af2-f261-45a8-91cd-424e42a85121,Dott,bicycle,available,87,2026-09-30T22:49:45Z,POINT (-9.14080 38.71509)
8fc27329-b035-4f5a-a4e6-5dc50a9b0228,aa1883c4-ffd0-40f5-bd14-dcc312684e4e,Voi,scooter,available,31,2026-09-30T21:30:59Z,POINT (-9.12732 38.74351)
b270b00c-9737-4bc4-9caa-8654abe80790,a08ff49b-6f77-4632-a16c-43069c43a8c3,Lime,scooter,unknown,66,2026-09-30T22:10:42Z,POINT (-9.09567 38.76569)
51498989-1dcc-42c3-b954-ac33c5efe855,7cf3c256-32b9-4409-93fb-64afebede10d,Bolt,scooter,available,42,2026-09-30T23:43:37Z,POINT (-9.14111 38.72708)
2878d2b8-85e1-4a95-a472-42509c42840d,7cf3c256-32b9-4409-93fb-64afebede10d,Bolt,scooter,non_operational,9,2026-09-30T21:02:45Z,POINT (-9.15127 38.72477)
13c847b7-1881-48c7-9136-ecdcb5e41a76,7cf3c256-32b9-4409-93fb-64afebede10d,Bolt,scooter,removed,25,2026-09-30T21:19:55Z,POINT (-9.13281 38.70921)
e725d071-443a-43f0-8baf-1bed598d7fe5,a08ff49b-6f77-4632-a16c-43069c43a8c3,Lime,bicycle,available,38,2026-09-30T23:40:48Z,POINT (-9.15714 38.72206)
2e7d33a7-09d2-41b5-afab-c96adaca3076,a08ff49b-6f77-4632-a16c-43069c43a8c3,Lime,bicycle,available,99,2026-09-30T22:26:08Z,POINT (-9.12591 38.71868)
aa49a015-b8b8-4a51-ad93-cf084797ed84,e8eb2af2-f261-45a8-91cd-424e42a85121,Dott,scooter,removed,64,2026-09-30T21:30:52Z,POINT (-9.14878 38.70926)
d5a2bd54-1954-4e98-8325-7f5d036558d8,a08ff49b-6f77-4632-a16c-43069c43a8c3,Lime,scooter,non_operational,5,2026-09-30T23:30:31Z,POINT (-9.14359 38.70793)
0c3cad60-85c6-48ae-8647-29f3708a03f6,aa1883c4-ffd0-40f5-bd14-dcc312684e4e,Voi,scooter,available,67,2026-09-30T21:46:44Z,POINT (-9.13931 38.71804)
24eb75b1-773e-42f7-a11a-b9fa2bc695e8,a08ff49b-6f77-4632-a16c-43069c43a8c3,Lime,scooter,non_operational,5,2026-09-30T23:22:43Z,POINT (-9.14346 38.72657)
7f4e3458-d79e-46c8-a151-6e30e6416305,a08ff49b-6f77-4632-a16c-43069c43a8c3,Lime,bicycle,removed,53,2026-09-30T22:27:21Z,POINT (-9.12602 38.71566)
fd7d9714-3963-47d2-8bd0-587154f556f5,a08ff49b-6f77-4632-a16c-43069c43a8c3,Lime,bicycle,available,35,2026-09-30T23:17:58Z,POINT (-9.14014 38.73233)
02a2c45f-1eb7-4def-b7a2-2c3e70d797d3,a08ff49b-6f77-4632-a16c-43069c43a8c3,Lime,scooter,available,76,2026-09-30T22:06:15Z,POINT (-9.13149 38.74290)
076b2443-fa85-41f1-908a-3a9ed10ef203,e8eb2af2-f261-45a8-91cd-424e42a85121,Dott,bicycle,non_operational,12,2026-09-30T23:50:34Z,POINT (-9.14871 38.71304)
4da3da47-626b-472f-a10a-3c029ae50faf,7cf3c256-32b9-4409-93fb-64afebede10d,Bolt,scooter,available,44,2026-09-30T22:22:27Z,POINT (-9.14390 38.71082)
ce52ba4b-17b1-4c3e-916a-925aef681a5c,7cf3c256-32b9-4409-93fb-64afebede10d,Bolt,scooter,available,85,2026-09-30T22:58:23Z,POINT (-9.16364 38.70744)
7fc67c34-cdef-410a-8d53-2cdff43f415d,7cf3c256-32b9-4409-93fb-64afebede10d,Bolt,scooter,removed,71,2026-09-30T22:28:46Z,POINT (-9.14104 38.70639)
c492b6fe-3bde-415a-855c-688ac10707ec,aa36434e-f251-4c63-8d4e-86a538cc03aa,Gira,bicycle,available,98,2026-09-30T21:12:05Z,POINT (-9.14814 38.71159)
90ffff20-3240-4cb1-a326-a19229a13a42,a08ff49b-6f77-4632-a16c-43069c43a8c3,Lime,bicycle,available,83,2026-09-30T21:23:26Z,POINT (-9.14421 38.71366)
ef30058d-fc1e-44b5-b16c-7e5fcc98d633,a08ff49b-6f77-4632-a16c-43069c43a8c3,Lime,bicycle,removed,24,2026-09-30T22:57:05Z,POINT (-9.14659 38.73513)
82bf1ed1-2fa7-49ad-a1c6-fb836a74c5ae,7cf3c256-32b9-4409-93fb-64afebede10d,Bolt,scooter,removed,45,2026-09-30T23:22:09Z,POINT (-9.11934 38.71454)
f63c3b62-954d-466c-85bf-2e32d8eb9bdf,e8eb2af2-f261-45a8-91cd-424e42a85121,Dott,scooter,available,30,2026-09-30T21:18:24Z,POINT (-9.14222 38.71336)
71436d82-cedc-46ce-8385-4915209e034f,a08ff49b-6f77-4632-a16c-43069c43a8c3,Lime,scooter,available,68,2026-09-30T23:26:48Z,POINT (-9.13867 38.72471)
3154e4e8-adce-4db6-89d0-700b4e74b55d,aa1883c4-ffd0-40f5-bd14-dcc312684e4e,Voi,scooter,available,82,2026-09-30T21:04:02Z,POINT (-9.17754 38.70335)
f1457863-8214-4268-8ced-259e6ec31450,a08ff49b-6f77-4632-a16c-43069c43a8c3,Lime,scooter,available,97,2026-09-30T23:15:28Z,POINT (-9.13260 38.71283)
cf9c08ed-49e2-455d-9067-cc088809e228,aa1883c4-ffd0-40f5-bd14-dcc312684e4e,Voi,scooter,non_operational,3,2026-09-30T21:21:05Z,POINT (-9.14650 38.71284)
9aac5397-0395-49f4-97b7-6cff20e194d7,7cf3c256-32b9-4409-93fb-64afebede10d,Bolt,scooter,available,94,2026-09-30T21:24:59Z,POINT (-9.14378 38.70694)
fdba70c4-9ce3-4d37-b102-8d8246757287,a08ff49b-6f77-4632-a16c-43069c43a8c3,Lime,scooter,non_operational,9,2026-09-30T22:21:10Z,POINT (-9.14342 38.71353)
5c12cc8b-e2ab-44b1-9db7-5aed9ce02c03,e8eb2af2-f261-45a8-91cd-424e42a85121,Dott,bicycle,available,90,2026-09-30T23:51:08Z,POINT (-9.14433 38.71395)
150b467b-6116-4da8-b3e7-2bfe170847c0,e8eb2af2-f261-45a8-91cd-424e42a85121,Dott,scooter,unknown,66,2026-09-30T22:55:39Z,POINT (-9.14735 38.70980)
9e4ef6cc-cdb1-415e-8e82-b3358575da98,aa36434e-f251-4c63-8d4e-86a538cc03aa,Gira,bicycle,available,67,2026-09-30T22:42:39Z,POINT (-9.13453 38.71841)
c1199244-9b79-457a-98f6-d61cf03fd80c,e8eb2af2-f261-45a8-91cd-424e42a85121,Dott,bicycle,available,21,2026-09-30T23:44:54Z,POINT (-9.14246 38.72785)
34a2481b-775b-4067-a15d-b5f625f74ba5,e8eb2af2-f261-45a8-91cd-424e42a85121,Dott,scooter,removed,61,2026-09-30T22:08:23Z,POINT (-9.14960 38.73794)
e3444421-85e1-456f-a895-1373c2c6a23f,7cf3c256-32b9-4409-93fb-64afebede10d,Bolt,scooter,available,71,2026-09-30T22:40:11Z,POINT (-9.14642 38.71611)
b6d349ec-3dab-458b-a790-c002f162ddaa,a08ff49b-6f77-4632-a16c-43069c43a8c3,Lime,scooter,unknown,61,2026-09-30T22:21:39Z,POINT (-9.15871 38.72202)
2022ef52-6397-4311-a5ca-e9540d4ec8e5,7cf3c256-32b9-4409-93fb-64afebede10d,Bolt,scooter,removed,55,2026-09-30T23:08:17Z,POINT (-9.14905 38.73481)
b022a22c-3314-4d66-88eb-84d78dcdd5bd,a08ff49b-6f77-4632-a16c-43069c43a8c3,Lime,scooter,removed,23,2026-09-30T23:04:13Z,POINT (-9.13692 38.74135)
1b45f295-282a-4bcb-8d04-d61a1d68a151,aa1883c4-ffd0-40f5-bd14-dcc312684e4e,Voi,scooter,available,22,2026-09-30T21:03:24Z,POINT (-9.14675 38.73991)
a94ea943-5a86-4238-982a-a9f95ec42b88,a08ff49b-6f77-4632-a16c-43069c43a8c3,Lime,scooter,non_operational,0,2026-09-30T22:08:46Z,POINT (-9.14398 38.72537)
a273df85-020a-4549-9e0f-4c37e8400624,a08ff49b-6f77-4632-a16c-43069c43a8c3,Lime,scooter,available,38,2026-09-30T21:54:41Z,POINT (-9.15609 38.72250)
2014f475-8aab-4d36-9dec-d90403c7eff6,7cf3c256-32b9-4409-93fb-64afebede10d,Bolt,scooter,removed,52,2026-09-30T21:05:43Z,POINT (-9.16806 38.71163)
9ad3d4b3-3c5d-4875-92fa-5228693caef5,7cf3c256-32b9-4409-93fb-64afebede10d,Bolt,scooter,reserved,86,2026-09-30T23:09:10Z,POINT (-9.13791 38.73961)
cc28d3dc-f913-4630-b543-04779515e44a,aa36434e-f251-4c63-8d4e-86a538cc03aa,Gira,bicycle,non_operational,13,2026-09-30T23:58:41Z,POINT (-9.10296 38.77019)
2bc7be50-04c7-4dc1-b21d-cacbc3038609,7cf3c256-32b9-4409-93fb-64afebede10d,Bolt,scooter,available,20,2026-09-30T21:11:46Z,POINT (-9.14913 38.72570)
1cdc411c-b9e4-487d-861a-3903044fc2fa,a08ff49b-6f77-4632-a16c-43069c43a8c3,Lime,bicycle,available,73,2026-09-30T21:34:51Z,POINT (-9.11764 38.72918)
0066f647-0700-4cab-971c-3060556f2a71,aa36434e-f251-4c63-8d4e-86a538cc03aa,Gira,bicycle,available,57,2026-09-30T21:17:24Z,POINT (-9.14407 38.70695)
9455294d-c3f4-44cd-97df-19724ced43c0,a08ff49b-6f77-4632-a16c-43069c43a8c3,Lime,scooter,non_operational,16,2026-09-30T23:40:39Z,POINT (-9.15127 38.71002)
8497e2f0-aacb-453e-adbe-748d9ce07f4b,aa36434e-f251-4c63-8d4e-86a538cc03aa,Gira,bicycle,available,60,2026-09-30T22:34:50Z,POINT (-9.10734 38.76631)
9795cebc-c09e-4217-ac44-7bef0726710f,e8eb2af2-f261-45a8-91cd-424e42a85121,Dott,scooter,unknown,43,2026-09-30T23:02:54Z,POINT (-9.14461 38.72002)
42e8b7a2-c409-4eff-acbc-0d57924ad3ac,a08ff49b-6f77-4632-a16c-43069c43a8c3,Lime,scooter,available,78,2026-09-30T21:23:48Z,POINT (-9.13608 38.70726)
5bf536ed-fcfc-4a12-aa03-01364cc34c53,e8eb2af2-f261-45a8-91cd-424e42a85121,Dott,bicycle,available,78,2026-09-30T23:26:03Z,POINT (-9.09688 38.76091)
0416cff4-3906-4aea-8fa2-a9b8972d5ca1,aa1883c4-ffd0-40f5-bd14-dcc312684e4e,Voi,scooter,available,82,2026-09-30T22:10:33Z,POINT (-9.14080 38.72805)
6e20a2f0-7c37-4f8e-b2ae-039a82d4dce0,e8eb2af2-f261-45a8-91cd-424e42a85121,Dott,bicycle,available,100,2026-09-30T23:57:58Z,POINT (-9.15143 38.70518)
581b2813-2900-4f31-9b5b-582b460b26fe,e8eb2af2-f261-45a8-91cd-424e42a85121,Dott,scooter,removed,52,2026-09-30T22:53:02Z,POINT (-9.16580 38.70404)
b02f6567-f77e-46c0-9842-64a8b4904ddb,7cf3c256-32b9-4409-93fb-64afebede10d,Bolt,scooter,available,72,2026-09-30T21:35:15Z,POINT (-9.14485 38.71227)
7998dfbe-db83-4020-b2b9-3acdba8d498a,aa1883c4-ffd0-40f5-bd14-dcc312684e4e,Voi,scooter,available,21,2026-09-30T23:24:44Z,POINT (-9.13851 38.72483)
880c9f9f-2835-4728-b110-5e083bfe1d28,e8eb2af2-f261-45a8-91cd-424e42a85121,Dott,scooter,non_operational,14,2026-09-30T23:08:19Z,POINT (-9.13574 38.71457)
a447e5c9-5e60-4e7e-b812-c8b2d845099b,aa1883c4-ffd0-40f5-bd14-dcc312684e4e,Voi,scooter,reserved,54,2026-09-30T23:51:20Z,POINT (-9.14644 38.70807)
b7e9c55c-eacd-4933-8f90-ebe9e2e6f73f,a08ff49b-6f77-4632-a16c-43069c43a8c3,Lime,scooter,removed,27,2026-09-30T22:13:39Z,POINT (-9.15134 38.72763)
0ff3b593-643b-4e79-87f5-0b8a7078e769,a08ff49b-6f77-4632-a16c-43069c43a8c3,Lime,scooter,reserved,61,2026-09-30T23:17:08Z,POINT (-9.14650 38.70624)
be76027b-928d-43a2-9582-45e411ea158b,aa36434e-f251-4c63-8d4e-86a538cc03aa,Gira,bicycle,removed,57,2026-09-30T21:19:05Z,POINT (-9.16649 38.72006)
09e52b14-f504-46d3-969b-5ebef75a677d,e8eb2af2-f261-45a8-91cd-424e42a85121,Dott,scooter,reserved,27,2026-09-30T22:12:59Z,POINT (-9.14239 38.71144)
fbbef9bf-73d5-46a8-9523-84b155d7e9d0,a08ff49b-6f77-4632-a16c-43069c43a8c3,Lime,scooter,available,44,2026-09-30T23:45:26Z,POINT (-9.14342 38.71290)
fdf3538a-1e0c-4dee-940c-22a179b131e4,e8eb2af2-f261-45a8-91cd-424e42a85121,Dott,bicycle,reserved,77,2026-09-30T23:53:16Z,POINT (-9.11498 38.73435)
61c47c44-f6c8-48d2-b461-35581b311d53,a08ff49b-6f77-4632-a16c-43069c43a8c3,Lime,scooter,available,60,2026-09-30T22:28:38Z,POINT (-9.14599 38.74363)
a887b14c-352b-43be-ae4e-2198e1835b56,7cf3c256-32b9-4409-93fb-64afebede10d,Bolt,scooter,available,89,2026-09-30T22:34:49Z,POINT (-9.13067 38.71658)
963644ce-e441-47db-ada9-4766f1c837e1,7cf3c256-32b9-4409-93fb-64afebede10d,Bolt,scooter,available,27,2026-09-30T21:28:25Z,POINT (-9.14273 38.70550)
e756aa51-be61-45c4-9c34-ef23c990da5c,a08ff49b-6f77-4632-a16c-43069c43a8c3,Lime,scooter,removed,23,2026-09-30T23:50:29Z,POINT (-9.14389 38.70831)
f2011f73-92f1-4a0b-8d5b-15bf27b6e955,e8eb2af2-f261-45a8-91cd-424e42a85121,Dott,scooter,removed,52,2026-09-30T21:50:48Z,POINT (-9.15350 38.72647)
ca92fcb4-4a2d-4d16-a78d-5ae2d8f811a3,aa1883c4-ffd0-40f5-bd14-dcc312684e4e,Voi,scooter,available,40,2026-09-30T21:48:47Z,POINT (-9.14040 38.74636)
13ad7dd1-6a5d-4a58-b926-8d11811eb6f8,e8eb2af2-f261-45a8-91cd-424e42a85121,Dott,scooter,removed,27,2026-09-30T23:59:12Z,POINT (-9.13014 38.71556)
6d13e64b-db89-4e1c-a31d-887cc187b2a3,aa1883c4-ffd0-40f5-bd14-dcc312684e4e,Voi,scooter,reserved,20,2026-09-30T22:46:22Z,POINT (-9.09075 38.77086)
58da0529-8182-4e6a-9ca9-54d6c909e8f5,aa1883c4-ffd0-40f5-bd14-dcc312684e4e,Voi,scooter,available,57,2026-09-30T23:18:52Z,POINT (-9.14576 38.71026)
0787b1fa-c2c1-4c26-859c-94e9af3d9dee,7cf3c256-32b9-4409-93fb-64afebede10d,Bolt,scooter,available,37,2026-09-30T22:52:46Z,POINT (-9.14641 38.72409)
93232cc0-9948-4518-853e-9391dfbbb426,aa1883c4-ffd0-40f5-bd14-dcc312684e4e,Voi,scooter,available,74,2026-09-30T21:18:08Z,POINT (-9.14595 38.71568)
f3d399d2-4729-456a-b2ca-6914813a6c58,7cf3c256-32b9-4409-93fb-64afebede10d,Bolt,scooter,available,60,2026-09-30T22:32:59Z,POINT (-9.12609 38.71064)
4ca36d0e-ff87-4549-b6ae-74168446269b,e8eb2af2-f261-45a8-91cd-424e42a85121,Dott,bicycle,available,32,2026-09-30T23:07:49Z,POINT (-9.13390 38.71106)
6f728f20-0d0c-4674-a2d5-7f5b7cf373a1,aa1883c4-ffd0-40f5-bd14-dcc312684e4e,Voi,scooter,non_operational,12,2026-09-30T23:35:36Z,POINT (-9.20610 38.71044)
00b0b62a-1bd0-4076-b11f-c6d17e580175,e8eb2af2-f261-45a8-91cd-424e42a85121,Dott,scooter,available,72,2026-09-30T23:18:46Z,POINT (-9.14677 38.71062)
c02baa90-521e-4184-b410-c3d4d1200714,aa1883c4-ffd0-40f5-bd14-dcc312684e4e,Voi,scooter,removed,97,2026-09-30T23:49:42Z,POINT (-9.12997 38.71644)
6baa6875-991d-4797-a132-cc6e34021d25,aa36434e-f251-4c63-8d4e-86a538cc03aa,Gira,bicycle,non_operational,9,2026-09-30T23:51:29Z,POINT (-9.14844 38.73080)
6de10b61-bfd5-466b-b811-41725aa87787,a08ff49b-6f77-4632-a16c-43069c43a8c3,Lime,bicycle,available,100,2026-09-30T23:56:52Z,POINT (-9.15532 38.72767)
9924f1df-dc1d-4fb0-8160-3df540fce71f,aa36434e-f251-4c63-8d4e-86a538cc03aa,Gira,bicycle,available,48,2026-09-30T21:58:16Z,POINT (-9.13894 38.71303)
b9994e7c-de36-4013-b82e-9b4af83f4da8,7cf3c256-32b9-4409-93fb-64afebede10d,Bolt,scooter,available,34,2026-09-30T22:50:32Z,POINT (-9.14240 38.72119)
530b6683-1aae-49e1-8263-c9b9ed3326ff,7cf3c256-32b9-4409-93fb-64afebede10d,Bolt,scooter,available,57,2026-09-30T22:27:59Z,POINT (-9.14441 38.71102)
902a7419-4b7a-45da-a5b7-24a6586014ad,aa1883c4-ffd0-40f5-bd14-dcc312684e4e,Voi,scooter,available,31,2026-09-30T21:57:28Z,POINT (-9.14531 38.71239)
eb1b3441-a3ad-4b99-b527-b61f05165775,a08ff49b-6f77-4632-a16c-43069c43a8c3,Lime,bicycle,reserved,89,2026-09-30T22:19:39Z,POINT (-9.14513 38.74436)
990823c2-aa0d-49f1-a0eb-53be55f8465e,a08ff49b-6f77-4632-a16c-43069c43a8c3,Lime,bicycle,unknown,92,2026-09-30T23:23:30Z,POINT (-9.13706 38.71561)
b30b5a78-0fb9-4100-b1ec-09c6a444ef2e,e8eb2af2-f261-45a8-91cd-424e42a85121,Dott,scooter,available,53,2026-09-30T22:36:40Z,POINT (-9.15172 38.70771)
a30a39e0-f149-470b-bcca-4247057a59c0,a08ff49b-6f77-4632-a16c-43069c43a8c3,Lime,bicycle,unknown,94,2026-09-30T22:06:34Z,POINT (-9.15323 38.72473)
e60aaf72-30b9-4095-a322-e4a6e081ce76,7cf3c256-32b9-4409-93fb-64afebede10d,Bolt,scooter,unknown,37,2026-09-30T21:50:34Z,POINT (-9.14345 38.71412)
7a620ef7-3d96-4a44-a6d3-dcc4ed5faead,aa1883c4-ffd0-40f5-bd14-dcc312684e4e,Voi,scooter,non_operational,2,2026-09-30T23:14:07Z,POINT (-9.10071 38.76219)
2e63ace5-6d9e-4ea5-b860-6c6472dfe83d,e8eb2af2-f261-45a8-91cd-424e42a85121,Dott,bicycle,available,42,2026-09-30T22:14:14Z,POINT (-9.13833 38.71635)
fcfaa62c-f640-43ae-8adc-b14d8dfc94f9,aa1883c4-ffd0-40f5-bd14-dcc312684e4e,Voi,scooter,unknown,88,2026-09-30T22:19:53Z,POINT (-9.15205 38.70851)
da142f70-a788-40c8-a1ac-960005fb671e,7cf3c256-32b9-4409-93fb-64afebede10d,Bolt,scooter,available,74,2026-09-30T22:40:55Z,POINT (-9.08953 38.76364)
0c344166-1bbd-4634-bb09-a1da2c8ed464,a08ff49b-6f77-4632-a16c-43069c43a8c3,Lime,scooter,available,50,2026-09-30T23:55:34Z,POINT (-9.09798 38.76812)
16153f36-cfd0-4b6f-b6a8-9b7864fed370,e8eb2af2-f261-45a8-91cd-424e42a85121,Dott,bicycle,available,85,2026-09-30T22:12:06Z,POINT (-9.14375 38.71776)
a9c29d66-bb93-4564-b148-6f1f7c2aa001,e8eb2af2-f261-45a8-91cd-424e42a85121,Dott,scooter,non_operational,8,2026-09-30T22:06:20Z,POINT (-9.21255 38.69703)
baa2578e-50fc-4c08-9291-2139aef85a60,e8eb2af2-f261-45a8-91cd-424e42a85121,Dott,scooter,available,100,2026-09-30T23:25:04Z,POINT (-9.14234 38.70873)
ddb861d9-1ddc-4405-8035-25f1942e31f5,a08ff49b-6f77-4632-a16c-43069c43a8c3,Lime,bicycle,available,38,2026-09-30T21:14:57Z,POINT (-9.14717 38.71681)
7cb8892c-20f2-4507-9bda-430f27ed968a,a08ff49b-6f77-4632-a16c-43069c43a8c3,Lime,scooter,available,53,2026-09-30T21:08:43Z,POINT (-9.13893 38.74654)
5b2cfbf3-45ec-4ef7-a640-93d0c62ca6b8,e8eb2af2-f261-45a8-91cd-424e42a85121,Dott,scooter,removed,70,2026-09-30T22:02:11Z,POINT (-9.18564 38.70198)
c50f6758-3171-46aa-a0a5-0b8b1fa1c41f,e8eb2af2-f261-45a8-91cd-424e42a85121,Dott,bicycle,available,28,2026-09-30T23:04:11Z,POINT (-9.14265 38.71058)
137f9004-685b-4549-af90-37ebbcfd670b,a08ff49b-6f77-4632-a16c-43069c43a8c3,Lime,scooter,available,34,2026-09-30T23:01:07Z,POINT (-9.14470 38.72952)
b92b4b69-06bc-4d25-b20b-19a36d89e112,a08ff49b-6f77-4632-a16c-43069c43a8c3,Lime,scooter,available,59,2026-09-30T22:06:47Z,POINT (-9.10363 38.76646)
f28144eb-add7-4604-953f-3fcfe018e96f,7cf3c256-32b9-4409-93fb-64afebede10d,Bolt,scooter,reserved,32,2026-09-30T22:16:02Z,POINT (-9.17358 38.70503)
8cce465a-55eb-46c3-8c6e-0e7824e1deca,aa1883c4-ffd0-40f5-bd14-dcc312684e4e,Voi,scooter,unknown,97,2026-09-30T23:43:46Z,POINT (-9.21126 38.69706)
b5fe9a35-41a4-46d5-8dfa-e27685ea8685,7cf3c256-32b9-4409-93fb-64afebede10d,Bolt,scooter,non_operational,9,2026-09-30T22:02:59Z,POINT (-9.14124 38.71992)
a894b03f-31a2-43de-9606-eb1d8e175c83,a08ff49b-6f77-4632-a16c-43069c43a8c3,Lime,bicycle,available,46,2026-09-30T21:19:22Z,POINT (-9.15684 38.72171)
4196b070-8fa7-47d1-8d0c-7f7994809c28,a08ff49b-6f77-4632-a16c-43069c43a8c3,Lime,scooter,available,33,2026-09-30T22:40:05Z,POINT (-9.13159 38.74503)
9c6b9848-08cb-44b4-9aa2-cf6e965429dd,a08ff49b-6f77-4632-a16c-43069c43a8c3,Lime,scooter,available,45,2026-09-30T22:30:00Z,POINT (-9.14856 38.74382)
b14bc233-7b28-4c87-9629-c6cb72a02899,a08ff49b-6f77-4632-a16c-43069c43a8c3,Lime,bicycle,reserved,69,2026-09-30T22:17:13Z,POINT (-9.15184 38.74743)
e71f104b-0141-42b8-95ba-8e322bf7ebfb,e8eb2af2-f261-45a8-91cd-424e42a85121,Dott,scooter,non_operational,2,2026-09-30T22:11:09Z,POINT (-9.10267 38.77223)
ad98251d-1d8e-4cc0-a3a6-a357881cc72f,e8eb2af2-f261-45a8-91cd-424e42a85121,Dott,scooter,non_operational,5,2026-09-30T22:38:18Z,POINT (-9.14916 38.72872)
027b9791-bd64-4b1a-9b4d-9d0d92c5b70a,7cf3c256-32b9-4409-93fb-64afebede10d,Bolt,scooter,available,70,2026-09-30T22:50:42Z,POINT (-9.15374 38.71647)
ad2e0ef9-ec61-49f1-ae07-aea817e02e24,a08ff49b-6f77-4632-a16c-43069c43a8c3,Lime,bicycle,non_operational,18,2026-09-30T22:25:12Z,POINT (-9.14885 38.72800)
e4c08ef6-9774-4d23-9ddb-3d9c3e6f982a,aa36434e-f251-4c63-8d4e-86a538cc03aa,Gira,bicycle,available,90,2026-09-30T21:14:56Z,POINT (-9.12963 38.71291)
edee3ee6-2355-4023-82cb-e8d4e3b91d36,7cf3c256-32b9-4409-93fb-64afebede10d,Bolt,scooter,removed,72,2026-09-30T22:38:57Z,POINT (-9.12458 38.71254)
0705375e-c535-479e-9bd3-e932f9d5bbeb,a08ff49b-6f77-4632-a16c-43069c43a8c3,Lime,scooter,available,35,2026-09-30T21:01:56Z,POINT (-9.14200 38.73981)
28eef479-7263-40d2-88e4-8a471566eba1,aa36434e-f251-4c63-8d4e-86a538cc03aa,Gira,bicycle,available,47,2026-09-30T21:02:51Z,POINT (-9.14506 38.70590)
72ec5c8b-70ac-4411-80c3-6329a6ebd47a,a08ff49b-6f77-4632-a16c-43069c43a8c3,Lime,bicycle,removed,97,2026-09-30T21:44:00Z,POINT (-9.14003 38.73146)
da9cb897-1acf-4b29-9ce7-eee43d67bb42,aa1883c4-ffd0-40f5-bd14-dcc312684e4e,Voi,scooter,available,47,2026-09-30T21:07:18Z,POINT (-9.21000 38.69957)
cc24443c-c2d2-4923-98bd-c48c5dbceaae,a08ff49b-6f77-4632-a16c-43069c43a8c3,Lime,bicycle,available,57,2026-09-30T22:30:52Z,POINT (-9.15644 38.74988)
d4af2ac2-3433-4689-b9b7-3b26aea9841e,a08ff49b-6f77-4632-a16c-43069c43a8c3,Lime,bicycle,available,20,2026-09-30T22:11:10Z,POINT (-9.14460 38.71324)
efab2219-cda5-46cc-af2a-507c40e4001a,a08ff49b-6f77-4632-a16c-43069c43a8c3,Lime,bicycle,available,48,2026-09-30T21:18:07Z,POINT (-9.13810 38.71998)
76ff8bfb-2879-463a-a881-1840dbc3b606,e8eb2af2-f261-45a8-91cd-424e42a85121,Dott,scooter,available,26,2026-09-30T21:07:30Z,POINT (-9.14673 38.70738)
3896b95c-be86-4d12-a5f2-3b326bf74043,aa1883c4-ffd0-40f5-bd14-dcc312684e4e,Voi,scooter,available,97,2026-09-30T22:03:54Z,POINT (-9.13178 38.71108)
2a7dffda-41bc-4e02-904c-a57b1076661d,aa1883c4-ffd0-40f5-bd14-dcc312684e4e,Voi,scooter,non_operational,5,2026-09-30T22:54:25Z,POINT (-9.14686 38.70865)
431be7d9-d731-4d9c-b125-1f01538d419c,7cf3c256-32b9-4409-93fb-64afebede10d,Bolt,scooter,available,93,2026-09-30T23:47:22Z,POINT (-9.13276 38.72045)
4dc0a3f2-4bfe-49a6-966e-aa767717234c,aa36434e-f251-4c63-8d4e-86a538cc03aa,Gira,bicycle,available,23,2026-09-30T22:40:43Z,POINT (-9.14781 38.70686)
2bf0781a-8647-4995-b1c2-6abfaf46e711,e8eb2af2-f261-45a8-91cd-424e42a85121,Dott,bicycle,available,70,2026-09-30T23:07:13Z,POINT (-9.09577 38.76338)
9efd1444-22d4-4a3c-8958-68de7de25177,a08ff49b-6f77-4632-a16c-43069c43a8c3,Lime,bicycle,available,47,2026-09-30T23:15:54Z,POINT (-9.15476 38.71366)
a5cc370b-455e-4d68-867a-7839efcce6f6,aa36434e-f251-4c63-8d4e-86a538cc03aa,Gira,bicycle,non_operational,4,2026-09-30T22:52:57Z,POINT (-9.14136 38.71021)
6b2ffbde-210b-4650-9aee-b255e463fc25,aa36434e-f251-4c63-8d4e-86a538cc03aa,Gira,bicycle,available,41,2026-09-30T23:55:10Z,POINT (-9.14340 38.74674)
5e130314-5674-4997-a8fe-d15628716975,aa36434e-f251-4c63-8d4e-86a538cc03aa,Gira,bicycle,available,67,2026-09-30T23:40:04Z,POINT (-9.10533 38.73725)
b7903f60-13ef-45bf-96f9-d7bc6e9de9a0,e8eb2af2-f261-45a8-91cd-424e42a85121,Dott,bicycle,available,87,2026-09-30T21:33:19Z,POINT (-9.11680 38.72032)
471d66b8-0b95-4630-8219-4a1fc8c20fd7,aa1883c4-ffd0-40f5-bd14-dcc312684e4e,Voi,scooter,available,34,2026-09-30T22:02:59Z,POINT (-9.21284 38.70202)
03d4204d-9c51-4504-abae-795ab92f3760,a08ff49b-6f77-4632-a16c-43069c43a8c3,Lime,scooter,available,89,2026-09-30T21:32:12Z,POINT (-9.13643 38.73329)
493ea316-78db-42a5-b3d3-57c28c9b386d,aa36434e-f251-4c63-8d4e-86a538cc03aa,Gira,bicycle,available,45,2026-09-30T22:32:19Z,POINT (-9.15301 38.73654)
4a8bcbd7-7e5e-44bc-9e12-3e64a8f30eec,7cf3c256-32b9-4409-93fb-64afebede10d,Bolt,scooter,available,36,2026-09-30T22:28:28Z,POINT (-9.14210 38.71066)
878c0d02-30cc-4119-864a-29bdd242d024,a08ff49b-6f77-4632-a16c-43069c43a8c3,Lime,scooter,available,52,2026-09-30T23:29:15Z,POINT (-9.13746 38.71599)
af23457d-fbc3-4318-aa92-f02cb9e4b41a,7cf3c256-32b9-4409-93fb-64afebede10d,Bolt,scooter,removed,75,2026-09-30T21:26:17Z,POINT (-9.08266 38.77517)
4552911c-dcc0-45ca-b552-0c767e93069b,e8eb2af2-f261-45a8-91cd-424e42a85121,Dott,bicycle,unknown,21,2026-09-30T21:32:34Z,POINT (-9.13700 38.71561)
c23af39f-c9b2-4e0c-b9bf-fd7c7550c589,a08ff49b-6f77-4632-a16c-43069c43a8c3,Lime,bicycle,available,85,2026-09-30T23:43:45Z,POINT (-9.14828 38.71203)
93d2d2e5-9f11-47c8-881e-3a06db930ed6,aa1883c4-ffd0-40f5-bd14-dcc312684e4e,Voi,scooter,available,44,2026-09-30T23:19:14Z,POINT (-9.13488 38.71245)
693beb70-b30f-47a4-b2ee-254260873fa9,7cf3c256-32b9-4409-93fb-64afebede10d,Bolt,scooter,available,98,2026-09-30T22:34:02Z,POINT (-9.12139 38.71425)
dfbab6ec-42e4-4d5c-b26d-724aebdedcc8,7cf3c256-32b9-4409-93fb-64afebede10d,Bolt,scooter,removed,22,2026-09-30T23:06:48Z,POINT (-9.14891 38.71981)
5dfc4f2f-ede4-4e65-bc0b-0c4424ca7be2,aa36434e-f251-4c63-8d4e-86a538cc03aa,Gira,bicycle,available,61,2026-09-30T23:35:54Z,POINT (-9.14517 38.71386)
f2a49c0a-6c8a-4c0a-a596-8a79cfc81ce8,a08ff49b-6f77-4632-a16c-43069c43a8c3,Lime,scooter,available,96,2026-09-30T21:34:59Z,POINT (-9.12335 38.72072)
ea339d8c-661f-46b2-8f8c-327427ad108c,7cf3c256-32b9-4409-93fb-64afebede10d,Bolt,scooter,available,89,2026-09-30T21:58:17Z,POINT (-9.14192 38.70598)
b1a4f72a-4ab4-4422-b534-62d2aa8b6ee0,aa36434e-f251-4c63-8d4e-86a538cc03aa,Gira,bicycle,non_operational,6,2026-09-30T22:32:01Z,POINT (-9.14322 38.70564)
ca892aa6-460f-44c4-9fb6-072e54771939,aa36434e-f251-4c63-8d4e-86a538cc03aa,Gira,bicycle,available,81,2026-09-30T23:22:14Z,POINT (-9.11741 38.71641)
a646fc5c-42f5-4460-a3d2-958e89f7df80,e8eb2af2-f261-45a8-91cd-424e42a85121,Dott,scooter,available,36,2026-09-30T23:14:50Z,POINT (-9.14061 38.71115)
4838a545-de55-48ea-8698-d739668f3989,e8eb2af2-f261-45a8-91cd-424e42a85121,Dott,bicycle,available,20,2026-09-30T21:17:14Z,POINT (-9.18587 38.70098)
3dd71f6f-bbde-418f-9bb1-2fc37d327408,7cf3c256-32b9-4409-93fb-64afebede10d,Bolt,scooter,available,44,2026-09-30T22:39:55Z,POINT (-9.14240 38.72001)
532e4ab1-4669-46fb-b38a-a07ad7b58c1e,a08ff49b-6f77-4632-a16c-43069c43a8c3,Lime,bicycle,available,27,2026-09-30T23:27:55Z,POINT (-9.14741 38.72209)
b1e6766d-73a9-48c5-bef1-e08567ef991f,a08ff49b-6f77-4632-a16c-43069c43a8c3,Lime,bicycle,available,78,2026-09-30T23:18:03Z,POINT (-9.14048 38.73674)
8b7ea268-5930-4105-abcc-8ca68bdd542d,e8eb2af2-f261-45a8-91cd-424e42a85121,Dott,bicycle,removed,47,2026-09-30T23:56:59Z,POINT (-9.14553 38.70853)
e52f49d9-f7a3-4caf-8bf5-80a0519a31a0,aa36434e-f251-4c63-8d4e-86a538cc03aa,Gira,bicycle,non_operational,8,2026-09-30T22:52:32Z,POINT (-9.14838 38.72806)
761d31ea-c611-41e5-aaac-edd733e55e78,a08ff49b-6f77-4632-a16c-43069c43a8c3,Lime,scooter,available,78,2026-09-30T21:37:30Z,POINT (-9.13086 38.70914)
0fbfaff2-1965-46a6-8b12-4cf8ad732f05,7cf3c256-32b9-4409-93fb-64afebede10d,Bolt,scooter,non_operational,7,2026-09-30T23:23:16Z,POINT (-9.13994 38.71459)
2d4b09f5-2235-402c-a3c9-caba5f3a55b1,a08ff49b-6f77-4632-a16c-43069c43a8c3,Lime,scooter,removed,83,2026-09-30T22:25:33Z,POINT (-9.14248 38.70741)
f1d5e36d-fc9c-46e7-b536-ceedeabaa18a,7cf3c256-32b9-4409-93fb-64afebede10d,Bolt,scooter,available,40,2026-09-30T21:14:13Z,POINT (-9.14335 38.70614)
0462ec89-960a-4278-96c7-94291f88eff4,e8eb2af2-f261-45a8-91cd-424e42a85121,Dott,scooter,available,40,2026-09-30T21:33:57Z,POINT (-9.15500 38.76080)
9a3e5500-f42f-4de6-8811-4e8e4dda6701,e8eb2af2-f261-45a8-91cd-424e42a85121,Dott,bicycle,available,93,2026-09-30T23:40:41Z,POINT (-9.20996 38.69442)
bc9cb4f5-e774-435e-a845-c406d225c25d,e8eb2af2-f261-45a8-91cd-424e42a85121,Dott,scooter,available,44,2026-09-30T22:59:15Z,POINT (-9.14809 38.70855)
4c0afafe-e437-4fd3-8973-dd63891c51ae,7cf3c256-32b9-4409-93fb-64afebede10d,Bolt,scooter,available,32,2026-09-30T21:30:44Z,POINT (-9.13327 38.71974)
7db5190b-d612-4d68-a0cc-04bf7ea21ed2,aa36434e-f251-4c63-8d4e-86a538cc03aa,Gira,bicycle,removed,79,2026-09-30T23:06:45Z,POINT (-9.14695 38.70700)
e06461d5-5f9d-43bc-a7e5-84c1a8016ece,a08ff49b-6f77-4632-a16c-43069c43a8c3,Lime,scooter,non_operational,1,2026-09-30T23:04:49Z,POINT (-9.15449 38.72793)
e62d49a9-d17b-4946-b4bc-672c3c1e02d2,a08ff49b-6f77-4632-a16c-43069c43a8c3,Lime,bicycle,non_operational,11,2026-09-30T23:38:35Z,POINT (-9.14470 38.70754)
f50270e5-041e-4fd6-b08c-3949ddbe8c9f,e8eb2af2-f261-45a8-91cd-424e42a85121,Dott,scooter,reserved,42,2026-09-30T22:48:54Z,POINT (-9.09251 38.76632)
39a8893e-06a6-46d1-aa75-46419555ed90,aa1883c4-ffd0-40f5-bd14-dcc312684e4e,Voi,scooter,removed,81,2026-09-30T22:26:04Z,POINT (-9.14534 38.70523)
63705cf3-c4bb-4973-a6e6-765c4a955bb0,7cf3c256-32b9-4409-93fb-64afebede10d,Bolt,scooter,available,22,2026-09-30T22:18:46Z,POINT (-9.13195 38.73745)
5621666d-147f-48f0-8437-4936820897ed,a08ff49b-6f77-4632-a16c-43069c43a8c3,Lime,bicycle,reserved,79,2026-09-30T22:49:22Z,POINT (-9.14220 38.71491)
a7f77386-616d-4bc4-8e0a-cf98b3a47868,aa1883c4-ffd0-40f5-bd14-dcc312684e4e,Voi,scooter,removed,23,2026-09-30T21:00:25Z,POINT (-9.13867 38.75645)
2f177163-87e5-43a2-aba0-dcc86b5718cb,e8eb2af2-f261-45a8-91cd-424e42a85121,Dott,bicycle,non_operational,13,2026-09-30T21:22:52Z,POINT (-9.14881 38.72558)
3204221d-a5c4-40f0-af81-ff608fa32d50,7cf3c256-32b9-4409-93fb-64afebede10d,Bolt,scooter,non_operational,7,2026-09-30T22:05:34Z,POINT (-9.14866 38.70931)
e2fd46e3-1f79-418d-a62e-71f357f82c88,a08ff49b-6f77-4632-a16c-43069c43a8c3,Lime,bicycle,available,86,2026-09-30T21:29:18Z,POINT (-9.12475 38.71175)
e1dd4c98-0360-412a-be01-abdf38cd7962,a08ff49b-6f77-4632-a16c-43069c43a8c3,Lime,scooter,non_operational,15,2026-09-30T23:53:34Z,POINT (-9.13519 38.71440)
7dbdaaf0-27be-49cf-b18b-bb2a3d6275bf,e8eb2af2-f261-45a8-91cd-424e42a85121,Dott,scooter,non_operational,6,2026-09-30T23:04:26Z,POINT (-9.15171 38.70816)
d9635859-c76d-42bf-acbf-b89360df1fa9,a08ff49b-6f77-4632-a16c-43069c43a8c3,Lime,scooter,available,87,2026-09-30T22:43:33Z,POINT (-9.14237 38.72957)
d7ded59e-1e61-4e4a-93fd-d352469c68e7,a08ff49b-6f77-4632-a16c-43069c43a8c3,Lime,bicycle,removed,57,2026-09-30T22:33:50Z,POINT (-9.13641 38.71847)
b5a35e57-c72c-44fc-aa81-81a1ec93a1cb,a08ff49b-6f77-4632-a16c-43069c43a8c3,Lime,bicycle,available,50,2026-09-30T22:11:59Z,POINT (-9.14177 38.72200)
a26843d0-46d1-42ac-b149-fcede87f2f21,a08ff49b-6f77-4632-a16c-43069c43a8c3,Lime,scooter,available,94,2026-09-30T21:30:26Z,POINT (-9.11010 38.72888)
c5291e11-7695-4e12-946c-e19d68f2403f,aa36434e-f251-4c63-8d4e-86a538cc03aa,Gira,bicycle,non_operational,14,2026-09-30T22:54:34Z,POINT (-9.10747 38.73115)
5e6db389-261e-44c8-ac1e-f872a929e823,7cf3c256-32b9-4409-93fb-64afebede10d,Bolt,scooter,non_operational,1,2026-09-30T23:36:33Z,POINT (-9.14661 38.70742)
b92a482d-3ddc-4d71-8a4f-11cffa5d2bee,aa36434e-f251-4c63-8d4e-86a538cc03aa,Gira,bicycle,available,70,2026-09-30T23:24:00Z,POINT (-9.14412 38.71502)
981dffe6-04a3-46e2-b954-335faa9e56e0,a08ff49b-6f77-4632-a16c-43069c43a8c3,Lime,bicycle,available,74,2026-09-30T21:20:13Z,POINT (-9.15738 38.72406)
df3fde6e-0484-4da3-b68f-05d530092d1d,e8eb2af2-f261-45a8-91cd-424e42a85121,Dott,scooter,non_operational,18,2026-09-30T23:35:53Z,POINT (-9.14913 38.73363)
99b67873-0e83-44b5-aee8-4babaab46ad7,a08ff49b-6f77-4632-a16c-43069c43a8c3,Lime,bicycle,non_operational,15,2026-09-30T22:53:16Z,POINT (-9.14120 38.71288)
3ce62eb0-03c3-4e80-8186-142fb33c60ea,a08ff49b-6f77-4632-a16c-43069c43a8c3,Lime,bicycle,available,81,2026-09-30T22:09:02Z,POINT (-9.14457 38.74555)
7277e83b-9a5c-41b2-9a13-532862e3011d,a08ff49b-6f77-4632-a16c-43069c43a8c3,Lime,scooter,available,67,2026-09-30T22:56:22Z,POINT (-9.14542 38.70675)
df8f156b-38cd-4352-9701-51d7a943a3b0,e8eb2af2-f261-45a8-91cd-424e42a85121,Dott,bicycle,available,79,2026-09-30T23:29:59Z,POINT (-9.15273 38.72061)
7483c8bc-2fd9-4b49-8319-b61dabef9ae5,e8eb2af2-f261-45a8-91cd-424e42a85121,Dott,scooter,non_operational,17,2026-09-30T23:29:04Z,POINT (-9.14806 38.71341)
d8aa3feb-9df4-468a-9aa2-4e51151c9d9b,e8eb2af2-f261-45a8-91cd-424e42a85121,Dott,scooter,reserved,58,2026-09-30T22:44:55Z,POINT (-9.14413 38.70845)
9588eced-0f67-44e3-a52c-443acbb3aba6,7cf3c256-32b9-4409-93fb-64afebede10d,Bolt,scooter,available,74,2026-09-30T23:55:51Z,POINT (-9.13697 38.70928)
e8a9080b-8da9-4f79-a8c9-1b693e1b64d7,7cf3c256-32b9-4409-93fb-64afebede10d,Bolt,scooter,removed,57,2026-09-30T21:32:12Z,POINT (-9.14737 38.73991)
553eff42-d766-440d-beef-123c5305ecac,7cf3c256-32b9-4409-93fb-64afebede10d,Bolt,scooter,available,64,2026-09-30T22:16:02Z,POINT (-9.14416 38.70905)
6e140379-193a-4c7e-a82f-6f861399c1b8,a08ff49b-6f77-4632-a16c-43069c43a8c3,Lime,scooter,removed,31,2026-09-30T21:50:09Z,POINT (-9.15087 38.73377)
fb5b727e-af15-4803-b3b7-0afadf9f72fe,e8eb2af2-f261-45a8-91cd-424e42a85121,Dott,bicycle,removed,53,2026-09-30T22:26:05Z,POINT (-9.14559 38.71382)
9e7e62f1-cd72-48f2-a17f-781a8ae76c8e,7cf3c256-32b9-4409-93fb-64afebede10d,Bolt,scooter,available,78,2026-09-30T21:43:14Z,POINT (-9.14187 38.74715)
998feba8-3de2-4fcf-9d26-3ce4c849eb65,e8eb2af2-f261-45a8-91cd-424e42a85121,Dott,scooter,available,85,2026-09-30T21:39:13Z,POINT (-9.09301 38.76444)
59f9e00f-4738-44d1-9c23-cc72626eb829,e8eb2af2-f261-45a8-91cd-424e42a85121,Dott,scooter,removed,51,2026-09-30T23:40:27Z,POINT (-9.13664 38.71614)
87d2b6ef-670d-4cd3-a39d-81be7ff54358,a08ff49b-6f77-4632-a16c-43069c43a8c3,Lime,bicycle,available,51,2026-09-30T23:49:00Z,POINT (-9.15022 38.73466)
e9c43980-ffae-4dd7-ac3f-2c7d078e7854,7cf3c256-32b9-4409-93fb-64afebede10d,Bolt,scooter,removed,22,2026-09-30T23:16:40Z,POINT (-9.14339 38.71269)
f559d378-4a59-44fe-8ff0-bbc67678a078,a08ff49b-6f77-4632-a16c-43069c43a8c3,Lime,bicycle,available,40,2026-09-30T22:06:46Z,POINT (-9.13559 38.71140)
d7dd0354-6a46-4998-ba26-8114aa35203f,7cf3c256-32b9-4409-93fb-64afebede10d,Bolt,scooter,available,49,2026-09-30T23:43:05Z,POINT (-9.13430 38.71554)
f7b5309e-40c2-4e00-9071-11df50b7303d,a08ff49b-6f77-4632-a16c-43069c43a8c3,Lime,bicycle,available,73,2026-09-30T23:04:59Z,POINT (-9.14523 38.74125)
d96b186e-a685-4b52-b823-4af1555464dc,a08ff49b-6f77-4632-a16c-43069c43a8c3,Lime,bicycle,available,87,2026-09-30T21:41:24Z,POINT (-9.14825 38.72765)
4b358331-39b3-417b-8a4f-e725131a168c,aa36434e-f251-4c63-8d4e-86a538cc03aa,Gira,bicycle,reserved,98,2026-09-30T21:47:16Z,POINT (-9.14616 38.73340)
eeb7cada-ba35-41f9-84ab-05f8872e7cae,a08ff49b-6f77-4632-a16c-43069c43a8c3,Lime,bicycle,available,100,2026-09-30T23:43:03Z,POINT (-9.14211 38.75661)
074ee0ff-73fa-434b-a185-d0fde1780feb,7cf3c256-32b9-4409-93fb-64afebede10d,Bolt,scooter,reserved,71,2026-09-30T22:53:09Z,POINT (-9.15042 38.72788)
bd84d939-9b59-4359-aa63-902aeb12f13a,7cf3c256-32b9-4409-93fb-64afebede10d,Bolt,scooter,non_operational,3,2026-09-30T23:00:52Z,POINT (-9.11889 38.71477)
e6598179-7a83-46cf-8e11-88163eeb0290,a08ff49b-6f77-4632-a16c-43069c43a8c3,Lime,bicycle,available,61,2026-09-30T23:13:39Z,POINT (-9.13870 38.73325)
c5910080-20d4-4d18-93f7-e2fbe8b70252,e8eb2af2-f261-45a8-91cd-424e42a85121,Dott,scooter,available,20,2026-09-30T23:06:53Z,POINT (-9.10186 38.76143)
41f38e6e-a922-4a42-99b4-0afc196ae248,a08ff49b-6f77-4632-a16c-43069c43a8c3,Lime,scooter,available,50,2026-09-30T23:39:10Z,POINT (-9.10018 38.77379)
a12be463-c9c8-4505-916b-f3b2d0493984,e8eb2af2-f261-45a8-91cd-424e42a85121,Dott,bicycle,available,98,2026-09-30T21:30:08Z,POINT (-9.20048 38.69632)
c32b493c-1084-4a5d-8d8b-e0af857a2a3e,e8eb2af2-f261-45a8-91cd-424e42a85121,Dott,bicycle,available,46,2026-09-30T22:35:00Z,POINT (-9.13505 38.70983)
46e07f53-6531-4d6f-ac3e-da170d8ff65d,7cf3c256-32b9-4409-93fb-64afebede10d,Bolt,scooter,available,68,2026-09-30T21:35:16Z,POINT (-9.15115 38.72102)
f91e8e2f-3224-44e5-87d2-a6b4b0b78856,e8eb2af2-f261-45a8-91cd-424e42a85121,Dott,bicycle,available,41,2026-09-30T22:05:13Z,POINT (-9.14356 38.74196)
48d888df-9900-431b-8bab-552173b7e11d,e8eb2af2-f261-45a8-91cd-424e42a85121,Dott,scooter,available,85,2026-09-30T21:49:29Z,POINT (-9.15023 38.70939)
edf5658c-ec4a-4aae-9acc-d2fb612a2d61,e8eb2af2-f261-45a8-91cd-424e42a85121,Dott,scooter,available,38,2026-09-30T22:37:02Z,POINT (-9.14785 38.71445)
45b808af-453a-459d-bec1-f35b38b2b34a,a08ff49b-6f77-4632-a16c-43069c43a8c3,Lime,bicycle,available,61,2026-09-30T23:31:53Z,POINT (-9.12628 38.71462)
5176f776-a2ac-495f-a569-5d4f4e7539bc,a08ff49b-6f77-4632-a16c-43069c43a8c3,Lime,scooter,available,70,2026-09-30T21:16:46Z,POINT (-9.12930 38.71107)
146ef48a-461b-4d41-a472-a9803b6e2480,e8eb2af2-f261-45a8-91cd-424e42a85121,Dott,scooter,available,24,2026-09-30T22:16:44Z,POINT (-9.15066 38.70684)
276bf7d2-fdc5-4173-b3c8-38403ae531ec,e8eb2af2-f261-45a8-91cd-424e42a85121,Dott,bicycle,available,90,2026-09-30T21:21:47Z,POINT (-9.14318 38.70620)
07a59b12-03d6-48de-86c0-99c401da6efd,a08ff49b-6f77-4632-a16c-43069c43a8c3,Lime,scooter,removed,22,2026-09-30T23:51:15Z,POINT (-9.13958 38.73863)
8584a966-0407-424d-bc80-9317911b5e90,e8eb2af2-f261-45a8-91cd-424e42a85121,Dott,bicycle,available,43,2026-09-30T22:17:04Z,POINT (-9.11042 38.77107)
e652722d-6712-4fea-9c3d-25b3057e8346,7cf3c256-32b9-4409-93fb-64afebede10d,Bolt,scooter,removed,42,2026-09-30T22:16:35Z,POINT (-9.15914 38.71902)
f54220c6-148d-4e52-b7c3-cf927ff086e5,e8eb2af2-f261-45a8-91cd-424e42a85121,Dott,bicycle,reserved,32,2026-09-30T22:19:39Z,POINT (-9.15090 38.70806)
6c60f94b-a01d-470e-bddb-22d3a186e1b1,a08ff49b-6f77-4632-a16c-43069c43a8c3,Lime,scooter,available,97,2026-09-30T23:24:02Z,POINT (-9.14007 38.73922)
d90c20be-9c2e-4d96-a08d-a7d5716b4050,a08ff49b-6f77-4632-a16c-43069c43a8c3,Lime,bicycle,non_operational,4,2026-09-30T21:11:31Z,POINT (-9.14602 38.71077)
6d3c7ae5-88a8-492c-9bd7-00410cd63057,aa36434e-f251-4c63-8d4e-86a538cc03aa,Gira,bicycle,available,49,2026-09-30T21:16:02Z,POINT (-9.13785 38.70887)
9a67d4b2-a3eb-487f-a3f5-7ddeb84d9d7d,aa1883c4-ffd0-40f5-bd14-dcc312684e4e,Voi,scooter,available,55,2026-09-30T23:21:18Z,POINT (-9.13850 38.70954)
a97f7134-fc62-41e3-9ad2-46aec1ab7034,a08ff49b-6f77-4632-a16c-43069c43a8c3,Lime,scooter,non_operational,16,2026-09-30T21:36:38Z,POINT (-9.14533 38.71662)
7f00030e-d0c9-43b6-8295-31edafeb3b7d,7cf3c256-32b9-4409-93fb-64afebede10d,Bolt,scooter,available,22,2026-09-30T23:30:03Z,POINT (-9.20899 38.70136)
9193e905-2f4e-4601-bfca-948bca53e709,7cf3c256-32b9-4409-93fb-64afebede10d,Bolt,scooter,available,54,2026-09-30T21:52:19Z,POINT (-9.12646 38.71605)
91333395-0c3b-4e4a-934b-44e8bf7a1b3c,7cf3c256-32b9-4409-93fb-64afebede10d,Bolt,scooter,removed,83,2026-09-30T21:06:03Z,POINT (-9.14686 38.74058)
c7347029-af3f-4d74-8336-5feb3971d11c,7cf3c256-32b9-4409-93fb-64afebede10d,Bolt,scooter,removed,26,2026-09-30T22:23:38Z,POINT (-9.09709 38.77784)
47336f7b-310d-44dc-a076-82fde8e0006f,7cf3c256-32b9-4409-93fb-64afebede10d,Bolt,scooter,available,89,2026-09-30T22:42:29Z,POINT (-9.14855 38.74632)
f3a485fe-e871-4965-94d5-44a1eabe0179,a08ff49b-6f77-4632-a16c-43069c43a8c3,Lime,bicycle,available,44,2026-09-30T21:41:22Z,POINT (-9.14592 38.73887)
ca20f2e7-edb6-4106-a599-ac73a3540d41,a08ff49b-6f77-4632-a16c-43069c43a8c3,Lime,bicycle,non_operational,8,2026-09-30T21:12:11Z,POINT (-9.12911 38.74521)
89bf7c4d-a91a-43ae-9e8b-d68672094e7a,7cf3c256-32b9-4409-93fb-64afebede10d,Bolt,scooter,available,22,2026-09-30T22:55:49Z,POINT (-9.15689 38.70890)
96f056f7-1742-496f-b825-220041e48a5d,7cf3c256-32b9-4409-93fb-64afebede10d,Bolt,scooter,available,46,2026-09-30T23:10:01Z,POINT (-9.14431 38.71436)
9db44411-40a5-4c10-8057-d1e84f792987,a08ff49b-6f77-4632-a16c-43069c43a8c3,Lime,bicycle,reserved,75,2026-09-30T22:44:38Z,POINT (-9.18135 38.70366)
35203799-c74c-41fa-a86f-6dc274fdad68,e8eb2af2-f261-45a8-91cd-424e42a85121,Dott,scooter,available,72,2026-09-30T23:08:40Z,POINT (-9.14645 38.72995)
a5c04e08-7191-43e2-85ca-0370013f7d0c,a08ff49b-6f77-4632-a16c-43069c43a8c3,Lime,scooter,non_operational,4,2026-09-30T22:18:25Z,POINT (-9.14588 38.74304)
5e8b7cb9-fa31-4d17-8bd2-2f11d083b464,e8eb2af2-f261-45a8-91cd-424e42a85121,Dott,scooter,reserved,54,2026-09-30T21:21:02Z,POINT (-9.12731 38.71396)
fd7a670c-b8e9-4aef-8781-fd01196fa894,e8eb2af2-f261-45a8-91cd-424e42a85121,Dott,bicycle,reserved,64,2026-09-30T22:50:45Z,POINT (-9.14344 38.71021)
6afb863b-e249-4b59-b606-c9df4e1b1c30,aa36434e-f251-4c63-8d4e-86a538cc03aa,Gira,bicycle,available,68,2026-09-30T23:55:12Z,POINT (-9.20683 38.69693)
fa409891-9666-4ab2-8b48-98fc9758f39a,aa1883c4-ffd0-40f5-bd14-dcc312684e4e,Voi,scooter,reserved,25,2026-09-30T22:26:36Z,POINT (-9.10919 38.76679)
3f571e19-0c2c-4948-9ec5-1f8c798e0705,aa36434e-f251-4c63-8d4e-86a538cc03aa,Gira,bicycle,removed,94,2026-09-30T21:41:19Z,POINT (-9.14832 38.70866)
49cb0cab-2e09-421b-9b1f-e49df1925d1d,7cf3c256-32b9-4409-93fb-64afebede10d,Bolt,scooter,non_operational,9,2026-09-30T23:13:02Z,POINT (-9.14342 38.70681)
d575cdf6-6c4c-46a1-a7b0-87c620efabfa,a08ff49b-6f77-4632-a16c-43069c43a8c3,Lime,scooter,available,92,2026-09-30T22:05:23Z,POINT (-9.11837 38.71600)
1e049691-9843-4e5b-831e-d7462cda2887,a08ff49b-6f77-4632-a16c-43069c43a8c3,Lime,bicycle,non_operational,12,2026-09-30T22:32:55Z,POINT (-9.15996 38.76133)
75bd85a7-e62c-47ac-92b6-29f6abdbe806,e8eb2af2-f261-45a8-91cd-424e42a85121,Dott,scooter,available,45,2026-09-30T21:31:24Z,POINT (-9.14648 38.70559)
55f696dc-1081-4ef7-aa6b-fd1856ab5705,a08ff49b-6f77-4632-a16c-43069c43a8c3,Lime,bicycle,removed,80,2026-09-30T21:35:16Z,POINT (-9.15100 38.72598)
2b78b0e6-9128-4b40-8fda-c33f05c91c4e,e8eb2af2-f261-45a8-91cd-424e42a85121,Dott,scooter,available,53,2026-09-30T22:42:05Z,POINT (-9.13828 38.73829)
6b81b82d-0abe-4844-8579-ea5f4e490028,aa36434e-f251-4c63-8d4e-86a538cc03aa,Gira,bicycle,available,67,2026-09-30T23:25:57Z,POINT (-9.13653 38.75230)
6f4bd788-0920-4918-be12-9433c8f2be66,aa1883c4-ffd0-40f5-bd14-dcc312684e4e,Voi,scooter,available,58,2026-09-30T23:53:44Z,POINT (-9.14408 38.70900)
52fa62a6-7c5d-4cdf-9b5b-7fe71ef0a401,a08ff49b-6f77-4632-a16c-43069c43a8c3,Lime,scooter,non_operational,10,2026-09-30T21:57:17Z,POINT (-9.14087 38.73643)
732c86e3-294a-4aba-961a-aea8cc6c1915,aa1883c4-ffd0-40f5-bd14-dcc312684e4e,Voi,scooter,available,65,2026-09-30T21:25:26Z,POINT (-9.17384 38.70348)
5dc80646-a9d6-427a-9d34-e60ffd44e9a8,e8eb2af2-f261-45a8-91cd-424e42a85121,Dott,bicycle,available,87,2026-09-30T23:04:04Z,POINT (-9.19672 38.69817)
fd4c2126-61b3-4a9f-8f90-4b39f1bf02fc,a08ff49b-6f77-4632-a16c-43069c43a8c3,Lime,bicycle,non_operational,3,2026-09-30T23:15:42Z,POINT (-9.14656 38.73988)
5fc8ad32-0196-4505-b2bd-a89dd33cfbe0,e8eb2af2-f261-45a8-91cd-424e42a85121,Dott,scooter,available,86,2026-09-30T23:24:31Z,POINT (-9.09132 38.77194)
eec78f73-0459-4626-bbc7-22fea9b91575,a08ff49b-6f77-4632-a16c-43069c43a8c3,Lime,scooter,available,37,2026-09-30T22:38:43Z,POINT (-9.15661 38.74486)
b0a6f978-242b-45f7-b329-1d89a426b500,aa1883c4-ffd0-40f5-bd14-dcc312684e4e,Voi,scooter,non_operational,3,2026-09-30T22:56:03Z,POINT (-9.13927 38.73286)
c5071a52-6756-4c37-a157-9841594cabda,e8eb2af2-f261-45a8-91cd-424e42a85121,Dott,bicycle,available,31,2026-09-30T21:23:06Z,POINT (-9.14073 38.71571)
3297bc3b-4a78-4d9f-b252-a18f7fb44ce9,aa36434e-f251-4c63-8d4e-86a538cc03aa,Gira,bicycle,reserved,27,2026-09-30T23:04:02Z,POINT (-9.14911 38.71260)
596b2037-3fe7-4cee-b91c-a0790ad427b5,7cf3c256-32b9-4409-93fb-64afebede10d,Bolt,scooter,available,23,2026-09-30T23:59:45Z,POINT (-9.13412 38.71617)
28af01ea-f0da-4cce-93bd-0adfac61a097,a08ff49b-6f77-4632-a16c-43069c43a8c3,Lime,scooter,available,66,2026-09-30T21:07:40Z,POINT (-9.13721 38.73962)
c219b2a4-1c4e-4cb1-93c0-608c8af51538,e8eb2af2-f261-45a8-91cd-424e42a85121,Dott,bicycle,available,45,2026-09-30T22:29:08Z,POINT (-9.15002 38.75160)
2bb39bea-8c7d-4915-a98e-d52287b6c052,a08ff49b-6f77-4632-a16c-43069c43a8c3,Lime,scooter,available,29,2026-09-30T22:13:42Z,POINT (-9.09615 38.76832)
62b45249-e057-4816-a161-b22c11e740e2,e8eb2af2-f261-45a8-91cd-424e42a85121,Dott,bicycle,available,31,2026-09-30T21:26:16Z,POINT (-9.14951 38.71634)
1f7c4bb6-dc76-47b9-8caa-a8f06cd2f461,a08ff49b-6f77-4632-a16c-43069c43a8c3,Lime,scooter,removed,79,2026-09-30T21:48:38Z,POINT (-9.14208 38.71412)
eee78ebb-3e7d-442c-98cf-b424f6c29063,e8eb2af2-f261-45a8-91cd-424e42a85121,Dott,bicycle,available,66,2026-09-30T22:56:55Z,POINT (-9.11896 38.71560)
7c7de22d-83ea-4b03-b1f3-a6c79fcd97d7,aa1883c4-ffd0-40f5-bd14-dcc312684e4e,Voi,scooter,removed,85,2026-09-30T21:53:13Z,POINT (-9.20244 38.69883)
ad4ef3d3-899f-43a0-87cb-368a3013d22d,e8eb2af2-f261-45a8-91cd-424e42a85121,Dott,bicycle,available,89,2026-09-30T23:16:41Z,POINT (-9.14391 38.70875)
5e717745-5825-4b11-97c4-c8a88f0aa8de,e8eb2af2-f261-45a8-91cd-424e42a85121,Dott,scooter,available,51,2026-09-30T22:46:09Z,POINT (-9.15996 38.70859)
79cda528-e045-47e4-a982-1bf8d90556c4,a08ff49b-6f77-4632-a16c-43069c43a8c3,Lime,scooter,available,84,2026-09-30T22:07:23Z,POINT (-9.14234 38.71437)
3d86d1a1-1bbe-4db5-8b4d-8f1c37c62b9b,e8eb2af2-f261-45a8-91cd-424e42a85121,Dott,bicycle,available,62,2026-09-30T23:14:07Z,POINT (-9.14671 38.70960)
69e6ac08-3bb2-4d38-9f7d-1920b70b5639,aa1883c4-ffd0-40f5-bd14-dcc312684e4e,Voi,scooter,reserved,26,2026-09-30T23:31:15Z,POINT (-9.12169 38.71691)
30b7f721-87ab-434b-a740-6e6cbb7c048c,aa36434e-f251-4c63-8d4e-86a538cc03aa,Gira,bicycle,available,59,2026-09-30T21:44:23Z,POINT (-9.14431 38.73254)
948aca1e-339e-4947-84b1-8836c55f0903,a08ff49b-6f77-4632-a16c-43069c43a8c3,Lime,bicycle,available,44,2026-09-30T21:45:46Z,POINT (-9.15326 38.71501)
52bcc679-0d8a-42cd-9b50-406f04689982,e8eb2af2-f261-45a8-91cd-424e42a85121,Dott,bicycle,available,34,2026-09-30T23:52:46Z,POINT (-9.13549 38.71491)
b5440bbd-4ad5-4a73-81e8-74f4d964edcb,7cf3c256-32b9-4409-93fb-64afebede10d,Bolt,scooter,available,55,2026-09-30T23:56:13Z,POINT (-9.14524 38.70563)
ce96ef78-a1e9-4cb9-a870-961b11a2fe74,aa36434e-f251-4c63-8d4e-86a538cc03aa,Gira,bicycle,non_operational,14,2026-09-30T23:46:32Z,POINT (-9.15464 38.71001)
e5cd5c6c-e203-4701-bc3a-c010a2442f5b,7cf3c256-32b9-4409-93fb-64afebede10d,Bolt,scooter,available,63,2026-09-30T22:29:20Z,POINT (-9.17716 38.70305)
27d0a7e4-ba94-4f0e-aa48-e49c35844bf9,7cf3c256-32b9-4409-93fb-64afebede10d,Bolt,scooter,available,34,2026-09-30T23:49:42Z,POINT (-9.16065 38.70631)
99de3d73-939b-4856-96b6-c5a690acdbb7,a08ff49b-6f77-4632-a16c-43069c43a8c3,Lime,scooter,non_operational,0,2026-09-30T22:52:50Z,POINT (-9.14433 38.70885)
ab9ba18a-3741-4488-9919-cbddb115ec1a,aa1883c4-ffd0-40f5-bd14-dcc312684e4e,Voi,scooter,available,62,2026-09-30T23:34:26Z,POINT (-9.14243 38.70663)
5af26c02-e628-4ad3-9d49-57dfb2494695,7cf3c256-32b9-4409-93fb-64afebede10d,Bolt,scooter,available,42,2026-09-30T23:04:41Z,POINT (-9.12860 38.74378)
418e2c20-83bf-4148-b4dd-2e1198ccb805,7cf3c256-32b9-4409-93fb-64afebede10d,Bolt,scooter,available,50,2026-09-30T23:32:01Z,POINT (-9.13661 38.71559)
f8a5170c-8a88-4d66-bc2b-cd5e7b97d9d5,e8eb2af2-f261-45a8-91cd-424e42a85121,Dott,bicycle,available,87,2026-09-30T22:12:20Z,POINT (-9.12223 38.71432)
62e728c9-7c6d-4fcb-a86b-1ba3679864bd,e8eb2af2-f261-45a8-91cd-424e42a85121,Dott,scooter,non_operational,14,2026-09-30T22:54:42Z,POINT (-9.15407 38.70915)
cf9b3895-967f-47e5-ba89-cbfd4bb2a5bb,aa1883c4-ffd0-40f5-bd14-dcc312684e4e,Voi,scooter,available,75,2026-09-30T21:50:37Z,POINT (-9.09383 38.76371)
3d837b53-951a-4ddf-8954-c999e48574b3,a08ff49b-6f77-4632-a16c-43069c43a8c3,Lime,scooter,available,54,2026-09-30T21:17:03Z,POINT (-9.14617 38.70838)
bc564e21-81fb-41b9-b018-005cd1c94575,aa36434e-f251-4c63-8d4e-86a538cc03aa,Gira,bicycle,available,67,2026-09-30T23:24:37Z,POINT (-9.14776 38.71377)
18d471c2-1a2f-4021-aa9b-b660c1d193e9,aa36434e-f251-4c63-8d4e-86a538cc03aa,Gira,bicycle,available,67,2026-09-30T22:07:36Z,POINT (-9.14011 38.70978)
5be0f578-8283-4140-8aa1-c020f811dabd,aa1883c4-ffd0-40f5-bd14-dcc312684e4e,Voi,scooter,non_operational,15,2026-09-30T22:44:35Z,POINT (-9.21158 38.69713)
e8dd2dbe-537c-417e-b3b8-aeccd4762292,e8eb2af2-f261-45a8-91cd-424e42a85121,Dott,bicycle,unknown,21,2026-09-30T23:42:22Z,POINT (-9.14618 38.73404)
5ee2424e-11fd-46f4-a5b6-7f1894c6a3ed,aa36434e-f251-4c63-8d4e-86a538cc03aa,Gira,bicycle,available,40,2026-09-30T23:31:17Z,POINT (-9.14280 38.72174)
1265d6e4-c851-4b15-a8f2-a69f945bc127,7cf3c256-32b9-4409-93fb-64afebede10d,Bolt,scooter,available,98,2026-09-30T22:13:28Z,POINT (-9.15457 38.74360)
bf6b04c1-32b9-435e-98a0-8f91ac2aaf09,a08ff49b-6f77-4632-a16c-43069c43a8c3,Lime,scooter,non_operational,7,2026-09-30T22:35:35Z,POINT (-9.15209 38.74875)
2dc7b052-5e01-4678-8dab-0aae1f4bcd32,aa36434e-f251-4c63-8d4e-86a538cc03aa,Gira,bicycle,reserved,82,2026-09-30T21:00:23Z,POINT (-9.15473 38.71585)
eb2ee0c5-8d63-44ba-a660-a898d318e325,e8eb2af2-f261-45a8-91cd-424e42a85121,Dott,bicycle,available,43,2026-09-30T21:45:49Z,POINT (-9.14897 38.72674)
dc8e35aa-6b40-4459-b246-34dad6c3e98f,e8eb2af2-f261-45a8-91cd-424e42a85121,Dott,scooter,reserved,28,2026-09-30T23:38:49Z,POINT (-9.18237 38.70144)
78670501-dd86-4fe6-9683-a370d39158f6,a08ff49b-6f77-4632-a16c-43069c43a8c3,Lime,bicycle,reserved,65,2026-09-30T22:46:40Z,POINT (-9.15744 38.72636)
b8f76378-c338-4c11-a4e6-f3db28ddfd8a,e8eb2af2-f261-45a8-91cd-424e42a85121,Dott,scooter,available,64,2026-09-30T22:09:19Z,POINT (-9.14056 38.70662)
81779aa6-1cf4-4988-8eb9-c1def1fd9630,e8eb2af2-f261-45a8-91cd-424e42a85121,Dott,bicycle,available,50,2026-09-30T21:04:37Z,POINT (-9.14946 38.73238)
9d59383d-8625-49f7-8dda-1c7e64f51037,aa36434e-f251-4c63-8d4e-86a538cc03aa,Gira,bicycle,removed,55,2026-09-30T21:30:21Z,POINT (-9.15541 38.76857)
414b95f7-f1fd-408c-800e-7f994501f467,aa1883c4-ffd0-40f5-bd14-dcc312684e4e,Voi,scooter,available,78,2026-09-30T21:01:20Z,POINT (-9.14145 38.71443)
bc74787e-bef4-4d11-acea-b10b3b446780,a08ff49b-6f77-4632-a16c-43069c43a8c3,Lime,scooter,available,22,2026-09-30T22:12:52Z,POINT (-9.14199 38.71228)
78eafb23-3867-4202-9127-01e07510d27c,a08ff49b-6f77-4632-a16c-43069c43a8c3,Lime,scooter,available,71,2026-09-30T21:26:28Z,POINT (-9.09696 38.76922)
e152de6b-2234-4a1e-af2c-a08b2006ef19,aa36434e-f251-4c63-8d4e-86a538cc03aa,Gira,bicycle,removed,61,2026-09-30T23:56:14Z,POINT (-9.15532 38.73218)
c2a0d4d8-1156-4320-b0ec-e43540cc9981,aa1883c4-ffd0-40f5-bd14-dcc312684e4e,Voi,scooter,removed,100,2026-09-30T23:49:11Z,POINT (-9.10889 38.73363)
ba4645c4-c5df-46d4-83bd-a308bd54409b,a08ff49b-6f77-4632-a16c-43069c43a8c3,Lime,bicycle,available,42,2026-09-30T21:56:27Z,POINT (-9.09855 38.75762)
6376739a-0ef5-40a0-bf7b-8ac30925be6a,7cf3c256-32b9-4409-93fb-64afebede10d,Bolt,scooter,non_operational,0,2026-09-30T23:49:44Z,POINT (-9.09446 38.76439)
a13b2d68-7dbc-44cb-99ab-40f0cbaf3ab3,7cf3c256-32b9-4409-93fb-64afebede10d,Bolt,scooter,reserved,77,2026-09-30T22:10:56Z,POINT (-9.14413 38.70741)
db749e9b-c600-4bb5-9f04-305ceae23c53,a08ff49b-6f77-4632-a16c-43069c43a8c3,Lime,scooter,removed,76,2026-09-30T23:25:22Z,POINT (-9.14289 38.75274)
49c41a9a-a145-4709-aabb-0536aac288bc,7cf3c256-32b9-4409-93fb-64afebede10d,Bolt,scooter,available,42,2026-09-30T22:53:17Z,POINT (-9.08618 38.76767)
ea13132a-40d3-4e4d-be03-bed23ae8c572,7cf3c256-32b9-4409-93fb-64afebede10d,Bolt,scooter,available,83,2026-09-30T22:43:38Z,POINT (-9.21358 38.69607)
5080433c-bc68-4170-ba3d-f28cd9c8d7d3,a08ff49b-6f77-4632-a16c-43069c43a8c3,Lime,scooter,removed,95,2026-09-30T22:13:43Z,POINT (-9.13835 38.70836)
a0563353-1526-47db-b3a4-4dbf179571ec,e8eb2af2-f261-45a8-91cd-424e42a85121,Dott,scooter,removed,32,2026-09-30T21:25:04Z,POINT (-9.15565 38.72188)
153497b2-0cfd-4479-8c6e-642dcce09635,a08ff49b-6f77-4632-a16c-43069c43a8c3,Lime,scooter,available,43,2026-09-30T21:33:10Z,POINT (-9.14715 38.74362)
50118b1f-fe79-4458-ac5d-fac3c333a8bb,e8eb2af2-f261-45a8-91cd-424e42a85121,Dott,bicycle,non_operational,16,2026-09-30T21:04:52Z,POINT (-9.10231 38.76705)
2c37040b-a219-4c30-b9ea-a76324871008,e8eb2af2-f261-45a8-91cd-424e42a85121,Dott,bicycle,non_operational,2,2026-09-30T22:25:30Z,POINT (-9.14946 38.73117)
faa73c04-95a0-4f0a-944e-79aee43a290a,7cf3c256-32b9-4409-93fb-64afebede10d,Bolt,scooter,unknown,30,2026-09-30T22:43:10Z,POINT (-9.13289 38.71259)
ad29ab26-569b-4113-920b-403c4078ee28,aa1883c4-ffd0-40f5-bd14-dcc312684e4e,Voi,scooter,available,29,2026-09-30T21:24:46Z,POINT (-9.14228 38.73804)
60a4d8a6-d34f-4c87-b43c-782cd94cdc09,e8eb2af2-f261-45a8-91cd-424e42a85121,Dott,scooter,non_operational,3,2026-09-30T23:55:50Z,POINT (-9.14490 38.71250)
2125dbad-6708-47de-95df-37e17da8565d,a08ff49b-6f77-4632-a16c-43069c43a8c3,Lime,bicycle,available,100,2026-09-30T22:12:25Z,POINT (-9.09566 38.75776)
734f3b4e-ff0e-437f-81bc-23777bc1e846,a08ff49b-6f77-4632-a16c-43069c43a8c3,Lime,bicycle,available,22,2026-09-30T22:24:34Z,POINT (-9.14160 38.71507)
ecef70f9-1aa1-406e-a3c1-3438b01be12c,e8eb2af2-f261-45a8-91cd-424e42a85121,Dott,bicycle,available,66,2026-09-30T21:31:33Z,POINT (-9.13441 38.71445)
af715d58-1090-4f4d-9678-8fcaffe1d1ee,a08ff49b-6f77-4632-a16c-43069c43a8c3,Lime,bicycle,available,61,2026-09-30T21:23:56Z,POINT (-9.15383 38.70859)
fbb77f19-fe65-4cdf-b974-a1cf3f8e733f,e8eb2af2-f261-45a8-91cd-424e42a85121,Dott,bicycle,non_operational,15,2026-09-30T22:07:56Z,POINT (-9.12615 38.71286)
15341204-4d4a-418a-bb4a-c86eb269eb18,aa1883c4-ffd0-40f5-bd14-dcc312684e4e,Voi,scooter,available,38,2026-09-30T22:40:16Z,POINT (-9.14187 38.71366)
e9c7e640-2559-44f2-9c89-c08fa4d82259,aa1883c4-ffd0-40f5-bd14-dcc312684e4e,Voi,scooter,available,51,2026-09-30T23:32:07Z,POINT (-9.14620 38.72240)
5e825dd6-7a0f-4778-ae69-2d0b68fc81cd,e8eb2af2-f261-45a8-91cd-424e42a85121,Dott,scooter,available,98,2026-09-30T22:22:21Z,POINT (-9.15096 38.72389)
260fae5f-95de-4b96-95e9-d7523c2b16e4,e8eb2af2-f261-45a8-91cd-424e42a85121,Dott,bicycle,available,61,2026-09-30T21:16:26Z,POINT (-9.14386 38.70977)
e37cc944-493d-4d2f-a95f-7c46f846d129,aa1883c4-ffd0-40f5-bd14-dcc312684e4e,Voi,scooter,available,62,2026-09-30T21:52:09Z,POINT (-9.14691 38.73630)
fb9f99dd-aac3-4800-88e1-0647345b7030,7cf3c256-32b9-4409-93fb-64afebede10d,Bolt,scooter,reserved,99,2026-09-30T23:54:59Z,POINT (-9.14066 38.70994)
07e6e687-65e0-49a4-9694-271a65c3f9e9,a08ff49b-6f77-4632-a16c-43069c43a8c3,Lime,bicycle,available,62,2026-09-30T21:52:30Z,POINT (-9.15001 38.70814)
ef9bace0-acc3-4cbb-b381-e3706e7c71fa,e8eb2af2-f261-45a8-91cd-424e42a85121,Dott,scooter,available,84,2026-09-30T22:42:13Z,POINT (-9.14528 38.74535)
992dd273-68f8-4265-8cca-ef09a140aecf,e8eb2af2-f261-45a8-91cd-424e42a85121,Dott,bicycle,available,52,2026-09-30T22:48:19Z,POINT (-9.14719 38.70706)
97dd5064-2506-4957-859d-54680a350241,e8eb2af2-f261-45a8-91cd-424e42a85121,Dott,scooter,available,66,2026-09-30T23:27:22Z,POINT (-9.15012 38.72370)
f12439ee-9ca8-4416-928a-580e501e092d,a08ff49b-6f77-4632-a16c-43069c43a8c3,Lime,bicycle,available,69,2026-09-30T22:44:58Z,POINT (-9.12190 38.71475)
a430a0d2-a3e0-4b4f-81e7-e857766e7f8f,aa1883c4-ffd0-40f5-bd14-dcc312684e4e,Voi,scooter,non_operational,4,2026-09-30T21:51:52Z,POINT (-9.13322 38.71559)
e53d854a-f34a-4356-9c27-15894c29b100,e8eb2af2-f261-45a8-91cd-424e42a85121,Dott,bicycle,removed,34,2026-09-30T21:56:34Z,POINT (-9.15433 38.72467)
5fb3de08-ce70-467a-bd77-9f12d9b1de3a,7cf3c256-32b9-4409-93fb-64afebede10d,Bolt,scooter,available,71,2026-09-30T23:49:11Z,POINT (-9.14362 38.71488)
b0c52d2c-3412-44ce-84fa-821114b2ae4f,aa36434e-f251-4c63-8d4e-86a538cc03aa,Gira,bicycle,reserved,29,2026-09-30T21:17:49Z,POINT (-9.14674 38.73849)
a548d8f2-5cf9-4db5-9144-ea293ae23212,a08ff49b-6f77-4632-a16c-43069c43a8c3,Lime,scooter,available,68,2026-09-30T22:14:49Z,POINT (-9.14328 38.71449)
f6965fbd-0b79-43d1-9d90-ea0ace712cd7,a08ff49b-6f77-4632-a16c-43069c43a8c3,Lime,bicycle,available,33,2026-09-30T21:05:19Z,POINT (-9.09196 38.76441)
735021b7-2a34-43cb-9498-0099803f3220,7cf3c256-32b9-4409-93fb-64afebede10d,Bolt,scooter,available,57,2026-09-30T21:07:59Z,POINT (-9.14724 38.71006)
6750b3c3-14b4-4650-a09d-802bf4b3f29e,aa36434e-f251-4c63-8d4e-86a538cc03aa,Gira,bicycle,unknown,75,2026-09-30T22:33:19Z,POINT (-9.13852 38.71105)
4fefb5d5-491c-40e0-9974-6419802215fd,7cf3c256-32b9-4409-93fb-64afebede10d,Bolt,scooter,available,48,2026-09-30T23:08:50Z,POINT (-9.14368 38.70792)
de07539a-1c04-4cbd-ada3-8f921fe971e1,aa36434e-f251-4c63-8d4e-86a538cc03aa,Gira,bicycle,non_operational,2,2026-09-30T22:39:05Z,POINT (-9.09288 38.77399)
0d7e735f-1d71-4488-a9b2-ee0d03d666a2,a08ff49b-6f77-4632-a16c-43069c43a8c3,Lime,bicycle,available,68,2026-09-30T23:41:03Z,POINT (-9.11715 38.72840)
cdb37923-ef11-4613-a8fc-5b3985bc92fb,e8eb2af2-f261-45a8-91cd-424e42a85121,Dott,scooter,available,46,2026-09-30T21:57:59Z,POINT (-9.12311 38.71717)
2e73387a-e590-4e1f-98c8-7ebdacb6cf89,7cf3c256-32b9-4409-93fb-64afebede10d,Bolt,scooter,unknown,75,2026-09-30T21:11:14Z,POINT (-9.14157 38.71519)
3c92fc18-2fb4-4479-b8ed-34dc21d3c61a,7cf3c256-32b9-4409-93fb-64afebede10d,Bolt,scooter,available,52,2026-09-30T21:44:41Z,POINT (-9.16744 38.71486)
330c5a84-c7eb-4e64-8fc0-58efae7c0ecf,aa1883c4-ffd0-40f5-bd14-dcc312684e4e,Voi,scooter,unknown,29,2026-09-30T23:58:56Z,POINT (-9.14117 38.71594)
93228bc5-083e-4e04-8bc6-b15c5f4657ab,a08ff49b-6f77-4632-a16c-43069c43a8c3,Lime,scooter,available,61,2026-09-30T21:11:44Z,POINT (-9.14426 38.71408)
6f63cdd5-987b-4768-b4e5-464b351241ab,aa36434e-f251-4c63-8d4e-86a538cc03aa,Gira,bicycle,available,94,2026-09-30T21:29:47Z,POINT (-9.11262 38.74037)
03989a13-1365-45a4-8690-cc097a53eed0,e8eb2af2-f261-45a8-91cd-424e42a85121,Dott,bicycle,available,35,2026-09-30T21:24:40Z,POINT (-9.14429 38.70594)
30954be1-02b5-4ef5-a5d6-0eebd5a79670,a08ff49b-6f77-4632-a16c-43069c43a8c3,Lime,scooter,available,100,2026-09-30T23:18:28Z,POINT (-9.12169 38.71273)
e0ce0a75-5646-4041-a97f-2a33b133f86c,7cf3c256-32b9-4409-93fb-64afebede10d,Bolt,scooter,available,42,2026-09-30T23:17:30Z,POINT (-9.13925 38.70933)
326c40a7-21cb-4059-93eb-815127b2ba98,aa36434e-f251-4c63-8d4e-86a538cc03aa,Gira,bicycle,available,25,2026-09-30T22:02:12Z,POINT (-9.14468 38.72155)
fed0ecdb-d7f6-4d70-b56e-1c7630f433c4,a08ff49b-6f77-4632-a16c-43069c43a8c3,Lime,scooter,removed,53,2026-09-30T22:08:59Z,POINT (-9.14398 38.73429)
7b07dad1-c267-47b8-8217-f95517f41e45,7cf3c256-32b9-4409-93fb-64afebede10d,Bolt,scooter,available,55,2026-09-30T22:30:16Z,POINT (-9.14440 38.74635)
6211ad37-094c-48a1-ac5d-efe488d3433a,a08ff49b-6f77-4632-a16c-43069c43a8c3,Lime,bicycle,available,50,2026-09-30T21:51:40Z,POINT (-9.13410 38.71184)
1e679bb0-a4ce-4188-89e0-9400264653fa,aa1883c4-ffd0-40f5-bd14-dcc312684e4e,Voi,scooter,available,86,2026-09-30T21:23:47Z,POINT (-9.15322 38.72823)
bcba6d1b-100e-472d-9cac-048e3de236e0,aa36434e-f251-4c63-8d4e-86a538cc03aa,Gira,bicycle,available,62,2026-09-30T23:23:26Z,POINT (-9.14316 38.73829)
4d4ff8d3-65b8-42d5-8a11-52bd7b635fff,7cf3c256-32b9-4409-93fb-64afebede10d,Bolt,scooter,available,91,2026-09-30T22:56:23Z,POINT (-9.09697 38.75264)
adcece25-5156-4615-9426-5d91315a0e42,a08ff49b-6f77-4632-a16c-43069c43a8c3,Lime,bicycle,available,44,2026-09-30T23:59:37Z,POINT (-9.13302 38.71534)
548b96da-2f22-4e5f-add7-f48e187bb39e,e8eb2af2-f261-45a8-91cd-424e42a85121,Dott,bicycle,available,85,2026-09-30T22:52:11Z,POINT (-9.15558 38.72678)
536143e0-d441-433c-958b-fed5587efa98,aa1883c4-ffd0-40f5-bd14-dcc312684e4e,Voi,scooter,available,34,2026-09-30T21:53:59Z,POINT (-9.14448 38.72342)
3c71308c-2d7a-4919-9bb6-cb42febdfea8,a08ff49b-6f77-4632-a16c-43069c43a8c3,Lime,scooter,available,51,2026-09-30T22:17:06Z,POINT (-9.13686 38.71088)
c6db6dd6-38d7-4ade-bddc-dde8e2d7923f,7cf3c256-32b9-4409-93fb-64afebede10d,Bolt,scooter,available,72,2026-09-30T23:18:01Z,POINT (-9.12961 38.74203)
ebcdb7b5-b14c-4109-a6e3-d305a9765bea,e8eb2af2-f261-45a8-91cd-424e42a85121,Dott,bicycle,non_operational,10,2026-09-30T21:06:37Z,POINT (-9.14076 38.71408)
db83d1a3-b4aa-480f-94fc-d3ce42c85203,a08ff49b-6f77-4632-a16c-43069c43a8c3,Lime,scooter,reserved,87,2026-09-30T21:59:30Z,POINT (-9.12562 38.71510)
186b98ae-e619-4877-ac26-e5d28c543bbc,7cf3c256-32b9-4409-93fb-64afebede10d,Bolt,scooter,removed,76,2026-09-30T21:05:11Z,POINT (-9.12599 38.71553)
33db4177-623a-451f-ab18-5e6f8d2ec485,e8eb2af2-f261-45a8-91cd-424e42a85121,Dott,bicycle,available,89,2026-09-30T23:31:05Z,POINT (-9.14999 38.71114)
6a3aa942-8cc3-42b5-b7ec-8b89730225a6,a08ff49b-6f77-4632-a16c-43069c43a8c3,Lime,scooter,removed,83,2026-09-30T22:25:23Z,POINT (-9.14648 38.71321)
bf51e0a3-b0b8-4baa-b5ef-29f3557f7eac,7cf3c256-32b9-4409-93fb-64afebede10d,Bolt,scooter,available,90,2026-09-30T23:26:33Z,POINT (-9.13790 38.71922)
b7bfaee3-6dd4-4d49-9f96-dcf085180fdc,e8eb2af2-f261-45a8-91cd-424e42a85121,Dott,scooter,available,88,2026-09-30T21:56:01Z,POINT (-9.13945 38.71037)
062074e4-9efe-40d8-9697-c41831c20e58,e8eb2af2-f261-45a8-91cd-424e42a85121,Dott,scooter,available,70,2026-09-30T23:13:37Z,POINT (-9.14966 38.71174)
3d1d3623-eaea-4189-b223-2fc5e99de671,a08ff49b-6f77-4632-a16c-43069c43a8c3,Lime,bicycle,available,60,2026-09-30T22:00:33Z,POINT (-9.15926 38.77039)
5cf36921-ce93-49a0-8a48-51714ca33cbe,aa1883c4-ffd0-40f5-bd14-dcc312684e4e,Voi,scooter,available,65,2026-09-30T23:00:00Z,POINT (-9.13898 38.70724)
278df201-e121-4314-917b-ac2fc5d0c855,7cf3c256-32b9-4409-93fb-64afebede10d,Bolt,scooter,available,26,2026-09-30T23:15:25Z,POINT (-9.14093 38.74871)
56e4da4f-c9ef-438f-809b-61c8f539b989,e8eb2af2-f261-45a8-91cd-424e42a85121,Dott,bicycle,available,87,2026-09-30T21:44:33Z,POINT (-9.15322 38.71137)
2c1cc017-726e-41b8-bff4-b143c7efbafa,7cf3c256-32b9-4409-93fb-64afebede10d,Bolt,scooter,reserved,33,2026-09-30T23:41:21Z,POINT (-9.15272 38.71704)
9e1a8651-b605-4a88-b242-c34c0a15ac5c,7cf3c256-32b9-4409-93fb-64afebede10d,Bolt,scooter,available,37,2026-09-30T21:20:09Z,POINT (-9.17066 38.70214)
e6100949-39f1-42b2-b26c-43f7b533b6fd,a08ff49b-6f77-4632-a16c-43069c43a8c3,Lime,scooter,removed,36,2026-09-30T22:56:20Z,POINT (-9.15906 38.72743)
e25ed3f2-1be0-411f-9d00-3df9c0ec3858,7cf3c256-32b9-4409-93fb-64afebede10d,Bolt,scooter,available,22,2026-09-30T22:37:41Z,POINT (-9.14431 38.70596)
82239f96-ab37-4c28-a182-61016a1ed44b,aa36434e-f251-4c63-8d4e-86a538cc03aa,Gira,bicycle,available,55,2026-09-30T21:52:57Z,POINT (-9.12400 38.71258)
60fdebce-6e66-40d5-8035-4d39f3e929b2,7cf3c256-32b9-4409-93fb-64afebede10d,Bolt,scooter,available,57,2026-09-30T21:27:14Z,POINT (-9.14230 38.71276)
2feb7c8c-c45f-456a-b92d-9f88cccc677f,e8eb2af2-f261-45a8-91cd-424e42a85121,Dott,scooter,available,70,2026-09-30T22:31:13Z,POINT (-9.14041 38.72862)
f77d3f8a-10ea-469b-9e62-d3ce0fd51982,aa36434e-f251-4c63-8d4e-86a538cc03aa,Gira,bicycle,available,66,2026-09-30T22:48:22Z,POINT (-9.14219 38.70656)
8fa7a946-60cf-47c3-b0ed-207d612ff072,e8eb2af2-f261-45a8-91cd-424e42a85121,Dott,bicycle,reserved,42,2026-09-30T21:15:21Z,POINT (-9.16313 38.71530)
50baf3b2-ebd8-43bd-8bf4-3aea8f93e586,7cf3c256-32b9-4409-93fb-64afebede10d,Bolt,scooter,available,21,2026-09-30T22:47:04Z,POINT (-9.11347 38.74103)
01272409-c1dd-4357-87d3-baf0ea8b36e3,7cf3c256-32b9-4409-93fb-64afebede10d,Bolt,scooter,available,72,2026-09-30T23:04:25Z,POINT (-9.13605 38.73496)
5969b498-51d0-4a70-9d63-e3db0e36c121,aa1883c4-ffd0-40f5-bd14-dcc312684e4e,Voi,scooter,non_operational,17,2026-09-30T22:13:29Z,POINT (-9.15173 38.74098)
d636852d-642a-4e24-bed6-6e292bedfa5c,a08ff49b-6f77-4632-a16c-43069c43a8c3,Lime,bicycle,available,42,2026-09-30T21:24:30Z,POINT (-9.12599 38.73197)
81dbb519-f04a-41fe-953a-3c972d41344e,aa1883c4-ffd0-40f5-bd14-dcc312684e4e,Voi,scooter,available,33,2026-09-30T21:06:06Z,POINT (-9.15610 38.72861)
8677032c-b232-4de8-b292-0876be84379b,7cf3c256-32b9-4409-93fb-64afebede10d,Bolt,scooter,available,41,2026-09-30T22:00:53Z,POINT (-9.14359 38.71002)
ac33a648-b742-4153-962f-86e7c5620f9a,7cf3c256-32b9-4409-93fb-64afebede10d,Bolt,scooter,available,21,2026-09-30T21:12:12Z,POINT (-9.15154 38.70837)
f4351158-248e-4e1c-9cdb-5f2f3a62b1a8,7cf3c256-32b9-4409-93fb-64afebede10d,Bolt,scooter,removed,65,2026-09-30T21:24:34Z,POINT (-9.12402 38.71268)
54918f6c-54d9-46f6-b359-247885a58a8c,7cf3c256-32b9-4409-93fb-64afebede10d,Bolt,scooter,removed,63,2026-09-30T23:49:49Z,POINT (-9.13500 38.71650)
73421e38-e6f3-44aa-82ac-b3870585ef0f,a08ff49b-6f77-4632-a16c-43069c43a8c3,Lime,bicycle,available,36,2026-09-30T22:22:25Z,POINT (-9.15477 38.73622)
c71ae82d-1fb3-49f3-a099-7def0fdc633a,e8eb2af2-f261-45a8-91cd-424e42a85121,Dott,bicycle,available,39,2026-09-30T22:02:52Z,POINT (-9.13248 38.71122)
87b073c3-95b9-49db-b74c-a3c4b107e4c1,aa1883c4-ffd0-40f5-bd14-dcc312684e4e,Voi,scooter,available,74,2026-09-30T23:22:46Z,POINT (-9.14920 38.71071)
532eafb0-1fa2-4850-a4b9-1cf769fccfc3,aa36434e-f251-4c63-8d4e-86a538cc03aa,Gira,bicycle,available,47,2026-09-30T22:45:14Z,POINT (-9.13680 38.74221)
202eb1b7-cde2-4210-932b-d9b39ba938d1,e8eb2af2-f261-45a8-91cd-424e42a85121,Dott,scooter,available,27,2026-09-30T22:50:40Z,POINT (-9.18076 38.70495)
64ae911b-5bf8-402f-8b0d-e4fc6a3f4c1a,a08ff49b-6f77-4632-a16c-43069c43a8c3,Lime,bicycle,available,25,2026-09-30T23:55:51Z,POINT (-9.10390 38.74022)
99c700d8-099b-428f-a4ae-bd412aa56347,a08ff49b-6f77-4632-a16c-43069c43a8c3,Lime,bicycle,available,95,2026-09-30T21:20:17Z,POINT (-9.14270 38.72751)
2009f001-3cb0-4d7a-8701-b73a863b9bfe,a08ff49b-6f77-4632-a16c-43069c43a8c3,Lime,bicycle,available,23,2026-09-30T21:34:42Z,POINT (-9.15121 38.73763)
7363e723-5a73-4574-b98f-827e2a2499e4,7cf3c256-32b9-4409-93fb-64afebede10d,Bolt,scooter,available,94,2026-09-30T21:35:07Z,POINT (-9.13260 38.71405)
0faf00ab-d2f2-44d8-9a06-f8ab761e79fc,a08ff49b-6f77-4632-a16c-43069c43a8c3,Lime,scooter,available,58,2026-09-30T21:38:47Z,POINT (-9.13052 38.70865)
73341f93-b310-43b0-af85-99f9647ef67f,e8eb2af2-f261-45a8-91cd-424e42a85121,Dott,scooter,available,79,2026-09-30T22:46:15Z,POINT (-9.13957 38.74767)
09683274-eb66-4858-8b45-486f4338f9f5,a08ff49b-6f77-4632-a16c-43069c43a8c3,Lime,bicycle,available,71,2026-09-30T23:38:55Z,POINT (-9.14780 38.74864)
499dc4c2-3194-4d93-a696-4c2c5b8623bf,a08ff49b-6f77-4632-a16c-43069c43a8c3,Lime,scooter,available,73,2026-09-30T21:56:35Z,POINT (-9.14939 38.71349)
cef533ab-04df-405e-aaae-9b8ed18462f0,a08ff49b-6f77-4632-a16c-43069c43a8c3,Lime,bicycle,available,98,2026-09-30T21:58:28Z,POINT (-9.14749 38.70856)
52458314-efd0-404e-b5cf-9e815470f27d,a08ff49b-6f77-4632-a16c-43069c43a8c3,Lime,bicycle,available,46,2026-09-30T21:03:22Z,POINT (-9.13706 38.70797)
1affebbd-9478-485c-a035-c8c899cdb9e9,aa1883c4-ffd0-40f5-bd14-dcc312684e4e,Voi,scooter,non_operational,10,2026-09-30T23:08:17Z,POINT (-9.13664 38.70737)
7792dfbb-35f9-4dbc-84d5-126b1f790e16,e8eb2af2-f261-45a8-91cd-424e42a85121,Dott,scooter,unknown,23,2026-09-30T23:08:17Z,POINT (-9.13681 38.71983)
d9a4dfe4-ff21-4501-b5e9-5f8ff49eafa5,7cf3c256-32b9-4409-93fb-64afebede10d,Bolt,scooter,available,34,2026-09-30T23:26:13Z,POINT (-9.14706 38.71075)
79d6a4fc-83bd-499f-82cb-8ff7d49290ba,a08ff49b-6f77-4632-a16c-43069c43a8c3,Lime,scooter,non_operational,14,2026-09-30T22:48:01Z,POINT (-9.14506 38.70633)
3d8bf716-3bf4-4172-9940-2982f9a70fa8,e8eb2af2-f261-45a8-91cd-424e42a85121,Dott,bicycle,reserved,23,2026-09-30T21:38:34Z,POINT (-9.15129 38.73828)
d055ea69-ea6f-4a15-8be1-da3756822c54,e8eb2af2-f261-45a8-91cd-424e42a85121,Dott,bicycle,available,86,2026-09-30T22:38:17Z,POINT (-9.15634 38.72069)
77f96496-0a52-4da0-bcac-60d6a608b2e1,aa1883c4-ffd0-40f5-bd14-dcc312684e4e,Voi,scooter,available,59,2026-09-30T21:48:34Z,POINT (-9.14108 38.71827)
12a5c2c4-0fd7-43e5-9925-d35f37e62844,aa1883c4-ffd0-40f5-bd14-dcc312684e4e,Voi,scooter,available,92,2026-09-30T22:19:35Z,POINT (-9.15282 38.71198)
286a0749-4b31-4c76-b572-5cc7a2ef7822,aa1883c4-ffd0-40f5-bd14-dcc312684e4e,Voi,scooter,unknown,36,2026-09-30T23:30:01Z,POINT (-9.12798 38.71418)
28f4a0d7-4e6c-403c-9f08-4c39b68dd1d4,7cf3c256-32b9-4409-93fb-64afebede10d,Bolt,scooter,reserved,75,2026-09-30T21:17:16Z,POINT (-9.13175 38.72471)
a54afa47-b7d0-4338-b36e-f84be14d32fc,aa36434e-f251-4c63-8d4e-86a538cc03aa,Gira,bicycle,available,47,2026-09-30T22:31:03Z,POINT (-9.16521 38.76540)
865e9c1e-e84e-4e28-b4f8-be86a1eb1055,a08ff49b-6f77-4632-a16c-43069c43a8c3,Lime,bicycle,non_operational,16,2026-09-30T22:55:07Z,POINT (-9.14906 38.71003)
824e56a5-fd31-40d9-abce-e9cccc3a327d,a08ff49b-6f77-4632-a16c-43069c43a8c3,Lime,bicycle,available,69,2026-09-30T23:32:50Z,POINT (-9.15477 38.73213)
a431017c-13f7-4c54-84ee-3966b73bdace,aa1883c4-ffd0-40f5-bd14-dcc312684e4e,Voi,scooter,available,58,2026-09-30T22:59:29Z,POINT (-9.09196 38.76665)
62dc3912-5fd2-4c52-908e-76e052dc6f80,aa36434e-f251-4c63-8d4e-86a538cc03aa,Gira,bicycle,reserved,53,2026-09-30T21:16:37Z,POINT (-9.14376 38.71282)
40b5eb5e-b155-4447-b84b-8c5e7149f5d7,a08ff49b-6f77-4632-a16c-43069c43a8c3,Lime,scooter,removed,30,2026-09-30T22:17:31Z,POINT (-9.09121 38.76615)
07f9707f-5050-458e-a33d-839a5cef7bea,a08ff49b-6f77-4632-a16c-43069c43a8c3,Lime,scooter,reserved,50,2026-09-30T23:47:43Z,POINT (-9.13772 38.71401)
b7b382cf-cfd0-45e1-92c3-8856d129ad91,7cf3c256-32b9-4409-93fb-64afebede10d,Bolt,scooter,reserved,49,2026-09-30T23:54:12Z,POINT (-9.09705 38.76070)
eb44dfe7-e2d5-42ae-9bde-3a7ffaf2c16d,7cf3c256-32b9-4409-93fb-64afebede10d,Bolt,scooter,available,79,2026-09-30T22:04:29Z,POINT (-9.14443 38.70800)
01a42d15-7efb-4cf1-bc7c-4ef65d948bb1,e8eb2af2-f261-45a8-91cd-424e42a85121,Dott,bicycle,available,40,2026-09-30T21:28:42Z,POINT (-9.15082 38.71198)
924211ec-5619-4247-ac0a-9008210b1344,aa36434e-f251-4c63-8d4e-86a538cc03aa,Gira,bicycle,available,47,2026-09-30T23:31:40Z,POINT (-9.14908 38.74539)
303da4f8-7ac5-4e50-b3a9-6c34275f3b02,a08ff49b-6f77-4632-a16c-43069c43a8c3,Lime,bicycle,available,58,2026-09-30T21:45:07Z,POINT (-9.14516 38.72549)
1db3350a-f545-4db5-8ee8-d2365969ccdb,a08ff49b-6f77-4632-a16c-43069c43a8c3,Lime,scooter,removed,58,2026-09-30T22:42:30Z,POINT (-9.14532 38.70719)
95ed505a-4bb3-4570-b349-74bce1550b05,aa1883c4-ffd0-40f5-bd14-dcc312684e4e,Voi,scooter,non_operational,10,2026-09-30T23:16:16Z,POINT (-9.14358 38.71694)
85f67628-2063-45f7-b039-e357a4ab4d87,a08ff49b-6f77-4632-a16c-43069c43a8c3,Lime,scooter,available,74,2026-09-30T22:57:38Z,POINT (-9.13799 38.74520)
081fd0ac-7919-4e62-9ccd-539bcf35ec2f,7cf3c256-32b9-4409-93fb-64afebede10d,Bolt,scooter,removed,43,2026-09-30T22:06:28Z,POINT (-9.17593 38.70141)
3a07708e-94b3-41a7-9245-7ea0e038c4fc,7cf3c256-32b9-4409-93fb-64afebede10d,Bolt,scooter,available,36,2026-09-30T23:05:43Z,POINT (-9.14653 38.71886)
af6b16e4-abeb-4438-82f9-bc2d88c038ca,a08ff49b-6f77-4632-a16c-43069c43a8c3,Lime,bicycle,available,28,2026-09-30T22:48:32Z,POINT (-9.14135 38.71794)
1fa1e885-9ec3-4993-b46d-7c2a8052b418,7cf3c256-32b9-4409-93fb-64afebede10d,Bolt,scooter,unknown,23,2026-09-30T22:40:05Z,POINT (-9.14036 38.72589)
1c88b956-33f3-4d0a-a23e-528b272d5f28,7cf3c256-32b9-4409-93fb-64afebede10d,Bolt,scooter,available,84,2026-09-30T22:23:23Z,POINT (-9.14057 38.71480)
1c24411f-0575-4d2e-a49e-4047df36cf97,a08ff49b-6f77-4632-a16c-43069c43a8c3,Lime,scooter,removed,35,2026-09-30T21:45:57Z,POINT (-9.14504 38.71151)
dcf4be75-066e-46dd-9d6b-fefeb602b7a5,7cf3c256-32b9-4409-93fb-64afebede10d,Bolt,scooter,available,29,2026-09-30T22:08:49Z,POINT (-9.14377 38.70973)
a671ca80-80f8-48a4-bbcd-9cddc05e0be2,aa36434e-f251-4c63-8d4e-86a538cc03aa,Gira,bicycle,reserved,33,2026-09-30T21:05:58Z,POINT (-9.15368 38.72168)
42e12de8-2c14-475a-aa1e-64f6315ba3d2,a08ff49b-6f77-4632-a16c-43069c43a8c3,Lime,bicycle,available,76,2026-09-30T21:25:06Z,POINT (-9.14249 38.76184)
b67a292b-8d5c-4f42-bf93-d50366611738,a08ff49b-6f77-4632-a16c-43069c43a8c3,Lime,bicycle,removed,51,2026-09-30T22:22:19Z,POINT (-9.15029 38.73652)
2c600de4-30ed-423a-be80-24da83b3ac27,7cf3c256-32b9-4409-93fb-64afebede10d,Bolt,scooter,available,80,2026-09-30T23:53:38Z,POINT (-9.11749 38.73485)
96273f07-6450-49f5-949b-9a075e51348d,7cf3c256-32b9-4409-93fb-64afebede10d,Bolt,scooter,available,74,2026-09-30T23:36:31Z,POINT (-9.14046 38.71181)
82eef04e-eb53-4f8c-9b74-ed03b34b46bf,e8eb2af2-f261-45a8-91cd-424e42a85121,Dott,scooter,available,96,2026-09-30T22:57:05Z,POINT (-9.14964 38.72033)
4faec8b9-6305-4a4d-827b-5fbddc098a81,7cf3c256-32b9-4409-93fb-64afebede10d,Bolt,scooter,available,86,2026-09-30T22:21:08Z,POINT (-9.10324 38.77263)
961316e8-6245-4715-b7cb-c2bd9c341e6a,aa1883c4-ffd0-40f5-bd14-dcc312684e4e,Voi,scooter,non_operational,16,2026-09-30T22:40:45Z,POINT (-9.10455 38.75459)
7ee154eb-ee90-46ac-9d46-d03fe085943a,7cf3c256-32b9-4409-93fb-64afebede10d,Bolt,scooter,available,51,2026-09-30T22:17:12Z,POINT (-9.13976 38.73255)
d43a5133-8a6c-45f0-8f75-4d957073a1bf,7cf3c256-32b9-4409-93fb-64afebede10d,Bolt,scooter,available,97,2026-09-30T21:20:17Z,POINT (-9.15904 38.70761)
6c81e8b3-f8f0-4054-a33a-2485da359cee,e8eb2af2-f261-45a8-91cd-424e42a85121,Dott,bicycle,available,64,2026-09-30T22:29:47Z,POINT (-9.13824 38.71400)
29ea039a-3023-4d69-8b0a-90da0d2ecb64,aa1883c4-ffd0-40f5-bd14-dcc312684e4e,Voi,scooter,available,67,2026-09-30T21:41:06Z,POINT (-9.14775 38.73301)
3fb236ba-4e6e-451b-aaf4-1d46302d98ac,a08ff49b-6f77-4632-a16c-43069c43a8c3,Lime,bicycle,available,78,2026-09-30T21:40:55Z,POINT (-9.16044 38.72167)
9599968a-3afb-463e-9cf4-52611cbcfa46,aa1883c4-ffd0-40f5-bd14-dcc312684e4e,Voi,scooter,removed,93,2026-09-30T22:17:16Z,POINT (-9.14923 38.71144)
1418abb9-4d8a-46a7-b7fb-3ed42d30a132,7cf3c256-32b9-4409-93fb-64afebede10d,Bolt,scooter,available,76,2026-09-30T23:59:31Z,POINT (-9.15015 38.71016)
56cd4222-4573-48d2-829a-b87aa1b57fe5,7cf3c256-32b9-4409-93fb-64afebede10d,Bolt,scooter,non_operational,3,2026-09-30T21:24:54Z,POINT (-9.14367 38.70638)
f741f2f1-6163-4f41-a065-ed35d59e6331,7cf3c256-32b9-4409-93fb-64afebede10d,Bolt,scooter,reserved,82,2026-09-30T21:05:17Z,POINT (-9.14700 38.70917)
8294463f-008a-4b4a-8c88-2cc3008c0658,7cf3c256-32b9-4409-93fb-64afebede10d,Bolt,scooter,available,95,2026-09-30T22:23:41Z,POINT (-9.14833 38.70984)
9340dc6c-00c2-4e05-885f-6b34736e12ce,a08ff49b-6f77-4632-a16c-43069c43a8c3,Lime,scooter,available,32,2026-09-30T21:21:59Z,POINT (-9.13998 38.70628)
d14615ef-8743-4657-9a40-c2b2e07f52a2,aa36434e-f251-4c63-8d4e-86a538cc03aa,Gira,bicycle,available,69,2026-09-30T21:48:41Z,POINT (-9.14557 38.70544)
5552addd-dbee-412e-aa45-6ac94be23533,e8eb2af2-f261-45a8-91cd-424e42a85121,Dott,scooter,available,47,2026-09-30T22:03:28Z,POINT (-9.14718 38.70997)
8c5ffe0e-0539-4ca4-a969-ce65eb5a192f,e8eb2af2-f261-45a8-91cd-424e42a85121,Dott,bicycle,removed,75,2026-09-30T23:55:57Z,POINT (-9.14966 38.71932)
60a79b5e-183d-44bc-84cf-0ac12dfa6190,7cf3c256-32b9-4409-93fb-64afebede10d,Bolt,scooter,available,89,2026-09-30T23:33:13Z,POINT (-9.13841 38.70951)
2a814acb-9e1e-4d66-a2e4-6198201e7d74,a08ff49b-6f77-4632-a16c-43069c43a8c3,Lime,bicycle,available,49,2026-09-30T22:10:22Z,POINT (-9.14340 38.71250)
0e2fa732-e2d3-4e6e-8299-7c187094bac1,a08ff49b-6f77-4632-a16c-43069c43a8c3,Lime,scooter,non_operational,11,2026-09-30T23:47:57Z,POINT (-9.09644 38.75450)
ded888d8-dca9-44da-85c8-3eeae6d8985a,7cf3c256-32b9-4409-93fb-64afebede10d,Bolt,scooter,available,63,2026-09-30T23:10:52Z,POINT (-9.15323 38.72610)
86585e24-6dc0-4423-85c0-85eae10c8c57,a08ff49b-6f77-4632-a16c-43069c43a8c3,Lime,bicycle,available,97,2026-09-30T21:56:20Z,POINT (-9.14730 38.70617)
d6f06b2e-89c8-4e37-a098-bb2a198c6adc,e8eb2af2-f261-45a8-91cd-424e42a85121,Dott,bicycle,available,83,2026-09-30T22:10:03Z,POINT (-9.15345 38.73354)
88bec2de-0ed5-44c1-b414-2653e99b0722,a08ff49b-6f77-4632-a16c-43069c43a8c3,Lime,scooter,available,62,2026-09-30T22:04:19Z,POINT (-9.13229 38.74440)
4a87bedf-9a60-4185-a09f-6fb35bdf758b,7cf3c256-32b9-4409-93fb-64afebede10d,Bolt,scooter,reserved,100,2026-09-30T21:13:30Z,POINT (-9.14749 38.70790)
da0704c9-5a27-4c4a-8313-0be531ac6af3,e8eb2af2-f261-45a8-91cd-424e42a85121,Dott,scooter,non_operational,10,2026-09-30T23:00:54Z,POINT (-9.14650 38.71085)
3d6c95f6-84f0-4782-bd36-60ec42c599cd,7cf3c256-32b9-4409-93fb-64afebede10d,Bolt,scooter,non_operational,7,2026-09-30T21:59:03Z,POINT (-9.13210 38.71382)
d37529c6-d10a-4051-8e54-f6bcfa024d92,a08ff49b-6f77-4632-a16c-43069c43a8c3,Lime,scooter,removed,34,2026-09-30T21:41:32Z,POINT (-9.20753 38.69645)
1dcb647f-e566-494c-a4dc-a7559ee7f0b8,aa36434e-f251-4c63-8d4e-86a538cc03aa,Gira,bicycle,available,33,2026-09-30T23:52:42Z,POINT (-9.14240 38.70617)
21bfd0ca-b347-40b4-9fc8-bc09bae812ea,7cf3c256-32b9-4409-93fb-64afebede10d,Bolt,scooter,non_operational,9,2026-09-30T21:41:36Z,POINT (-9.13619 38.71118)
6d6482bb-7a18-4619-9528-770c7863114f,aa1883c4-ffd0-40f5-bd14-dcc312684e4e,Voi,scooter,available,32,2026-09-30T21:07:04Z,POINT (-9.13313 38.71549)
dd8670c6-b356-4f93-ae41-76cad3b78b5f,7cf3c256-32b9-4409-93fb-64afebede10d,Bolt,scooter,unknown,26,2026-09-30T22:42:27Z,POINT (-9.14572 38.71432)
ee51549c-59ac-4f7a-a240-8ff69c3954c1,a08ff49b-6f77-4632-a16c-43069c43a8c3,Lime,scooter,unknown,100,2026-09-30T21:48:08Z,POINT (-9.15375 38.71357)
acd1e694-c71b-46c9-b437-b1c5bd8a58e9,a08ff49b-6f77-4632-a16c-43069c43a8c3,Lime,scooter,available,35,2026-09-30T22:48:19Z,POINT (-9.14724 38.72191)
2d6f52f3-e926-43c7-97f2-6c781f6ef900,7cf3c256-32b9-4409-93fb-64afebede10d,Bolt,scooter,available,66,2026-09-30T21:46:16Z,POINT (-9.15990 38.71117)
87be6052-fab9-4a90-a5ee-9697409f7d89,a08ff49b-6f77-4632-a16c-43069c43a8c3,Lime,scooter,available,95,2026-09-30T22:09:27Z,POINT (-9.20104 38.70180)
13b9d7af-28f5-46db-bbc6-f8ebd2cd8347,aa1883c4-ffd0-40f5-bd14-dcc312684e4e,Voi,scooter,available,33,2026-09-30T23:15:32Z,POINT (-9.12776 38.71314)
4394486b-df86-48a9-abc2-df4cde8e6183,7cf3c256-32b9-4409-93fb-64afebede10d,Bolt,scooter,available,36,2026-09-30T21:48:41Z,POINT (-9.14005 38.71099)
756f688a-cafb-49ae-86b0-7b319c277768,a08ff49b-6f77-4632-a16c-43069c43a8c3,Lime,bicycle,available,34,2026-09-30T22:09:04Z,POINT (-9.14794 38.72113)
aef3ec8c-22bb-4672-bbed-fe76f9d55466,aa1883c4-ffd0-40f5-bd14-dcc312684e4e,Voi,scooter,available,63,2026-09-30T22:07:26Z,POINT (-9.13994 38.71075)
7648b6d9-93a8-4250-8878-6f300d9c47e0,a08ff49b-6f77-4632-a16c-43069c43a8c3,Lime,bicycle,available,25,2026-09-30T21:02:33Z,POINT (-9.14728 38.72550)
e1e12cb3-e9de-46a2-aa1d-6f99b0a10538,aa1883c4-ffd0-40f5-bd14-dcc312684e4e,Voi,scooter,removed,100,2026-09-30T22:46:29Z,POINT (-9.14650 38.71396)
24dc767a-f3bc-44cd-a296-7be119188ff9,e8eb2af2-f261-45a8-91cd-424e42a85121,Dott,scooter,available,87,2026-09-30T22:50:10Z,POINT (-9.14644 38.70781)
f37276be-61ab-47b2-8006-4024d1e38218,a08ff49b-6f77-4632-a16c-43069c43a8c3,Lime,scooter,available,23,2026-09-30T23:08:35Z,POINT (-9.20124 38.70196)
c4a79c3d-af94-441a-814b-5d387c2b0aaf,7cf3c256-32b9-4409-93fb-64afebede10d,Bolt,scooter,available,92,2026-09-30T23:18:25Z,POINT (-9.13931 38.71589)
b7ffc0ab-ddcd-4a43-9699-b5d830787769,7cf3c256-32b9-4409-93fb-64afebede10d,Bolt,scooter,available,27,2026-09-30T22:14:06Z,POINT (-9.13810 38.73560)
82e24f09-3d0b-45b6-8390-4dc7ab60d457,aa1883c4-ffd0-40f5-bd14-dcc312684e4e,Voi,scooter,available,89,2026-09-30T23:16:33Z,POINT (-9.14914 38.72561)
41510edc-6724-4f92-ae95-404f37bd6924,7cf3c256-32b9-4409-93fb-64afebede10d,Bolt,scooter,available,48,2026-09-30T23:55:17Z,POINT (-9.13641 38.73862)
2b5aa54a-8a6e-4fa9-887d-bc971276403d,a08ff49b-6f77-4632-a16c-43069c43a8c3,Lime,bicycle,available,32,2026-09-30T22:29:22Z,POINT (-9.14871 38.73962)
31028c31-57fb-4c94-9691-e5c6fbdd4452,a08ff49b-6f77-4632-a16c-43069c43a8c3,Lime,bicycle,available,25,2026-09-30T21:58:50Z,POINT (-9.15528 38.72182)
14766d04-3823-4a8e-930f-44b251e464de,a08ff49b-6f77-4632-a16c-43069c43a8c3,Lime,bicycle,available,87,2026-09-30T22:25:56Z,POINT (-9.20129 38.69794)
78cedbd5-fe33-43ce-b5b1-e6814da0f597,aa1883c4-ffd0-40f5-bd14-dcc312684e4e,Voi,scooter,available,87,2026-09-30T22:16:04Z,POINT (-9.13351 38.71484)
c14ff6fc-3945-40ff-9ae3-0bbfca101185,a08ff49b-6f77-4632-a16c-43069c43a8c3,Lime,bicycle,available,50,2026-09-30T23:42:11Z,POINT (-9.15663 38.72456)
9de58bba-0478-46ce-9578-20f4e639030d,e8eb2af2-f261-45a8-91cd-424e42a85121,Dott,scooter,non_operational,14,2026-09-30T23:49:37Z,POINT (-9.13626 38.71268)
899d6415-2a56-44e7-aef0-84a7f77786e9,aa1883c4-ffd0-40f5-bd14-dcc312684e4e,Voi,scooter,available,46,2026-09-30T23:22:39Z,POINT (-9.13336 38.71704)
d46e42d0-a464-4c41-8ad2-8690bbb090f8,7cf3c256-32b9-4409-93fb-64afebede10d,Bolt,scooter,available,91,2026-09-30T22:56:07Z,POINT (-9.20608 38.69924)
f2c47adb-b495-4f53-8af2-9b1d78bebbc7,a08ff49b-6f77-4632-a16c-43069c43a8c3,Lime,scooter,available,78,2026-09-30T23:50:14Z,POINT (-9.14637 38.73182)
4774e3e3-b19a-41e6-bcec-b12da11ac13e,e8eb2af2-f261-45a8-91cd-424e42a85121,Dott,bicycle,available,53,2026-09-30T21:14:21Z,POINT (-9.13867 38.73987)
0bcd1f27-68c5-46ed-9c5f-7533956b724e,a08ff49b-6f77-4632-a16c-43069c43a8c3,Lime,bicycle,reserved,71,2026-09-30T21:32:29Z,POINT (-9.14070 38.70972)
4035d871-52c1-45ab-b012-54fad37515fe,e8eb2af2-f261-45a8-91cd-424e42a85121,Dott,bicycle,available,91,2026-09-30T22:46:28Z,POINT (-9.15272 38.71370)
529d30e3-0933-4da0-9098-5386411bead8,7cf3c256-32b9-4409-93fb-64afebede10d,Bolt,scooter,reserved,50,2026-09-30T22:18:24Z,POINT (-9.14871 38.73065)
bd56baad-5d0b-432a-9a39-b0ed01ef8e13,7cf3c256-32b9-4409-93fb-64afebede10d,Bolt,scooter,available,100,2026-09-30T22:14:14Z,POINT (-9.14866 38.72655)
6bef5996-4ff0-4fd4-af3c-f352459c9aa3,7cf3c256-32b9-4409-93fb-64afebede10d,Bolt,scooter,available,61,2026-09-30T23:51:25Z,POINT (-9.14074 38.70776)
3561b6cd-e94b-4717-81e6-5113ef80ec6f,7cf3c256-32b9-4409-93fb-64afebede10d,Bolt,scooter,available,42,2026-09-30T22:39:40Z,POINT (-9.20847 38.69424)
b4ccd12d-5978-4e6e-81db-7598a2780cd6,e8eb2af2-f261-45a8-91cd-424e42a85121,Dott,scooter,available,72,2026-09-30T21:04:27Z,POINT (-9.13828 38.71191)
91da713b-6782-459f-af34-9a3ae411ebb0,a08ff49b-6f77-4632-a16c-43069c43a8c3,Lime,bicycle,available,76,2026-09-30T21:58:02Z,POINT (-9.13842 38.71696)
44c40433-053c-44ac-9f19-62b0b6b45d0d,7cf3c256-32b9-4409-93fb-64afebede10d,Bolt,scooter,available,61,2026-09-30T21:33:59Z,POINT (-9.12599 38.71716)
186f6736-9cdd-401b-9766-aedaedb6c6c0,aa36434e-f251-4c63-8d4e-86a538cc03aa,Gira,bicycle,removed,43,2026-09-30T23:29:01Z,POINT (-9.20580 38.69806)
43fdb19f-f7b8-4b7f-be0f-b35a88f96b74,e8eb2af2-f261-45a8-91cd-424e42a85121,Dott,scooter,removed,99,2026-09-30T22:41:48Z,POINT (-9.14354 38.72155)
eb4c453c-d384-443c-a281-ddde8b380d27,e8eb2af2-f261-45a8-91cd-424e42a85121,Dott,bicycle,available,47,2026-09-30T23:20:56Z,POINT (-9.13720 38.71002)
7abac66a-98d1-4ef6-b9f9-6bb775dc965e,a08ff49b-6f77-4632-a16c-43069c43a8c3,Lime,bicycle,available,35,2026-09-30T23:38:17Z,POINT (-9.13593 38.72619)
1da3f3b2-4825-4415-ab79-bc30143ce6ef,7cf3c256-32b9-4409-93fb-64afebede10d,Bolt,scooter,available,45,2026-09-30T22:24:04Z,POINT (-9.15012 38.73595)
230c7470-103f-40b2-9af2-c1a4c77178c9,a08ff49b-6f77-4632-a16c-43069c43a8c3,Lime,scooter,reserved,32,2026-09-30T21:55:54Z,POINT (-9.14656 38.70619)
f6b52898-2114-4c32-8e74-e9ccd466efa3,7cf3c256-32b9-4409-93fb-64afebede10d,Bolt,scooter,available,67,2026-09-30T22:19:23Z,POINT (-9.12835 38.74378)
497633e9-f292-4467-86a5-b8325beac2c4,a08ff49b-6f77-4632-a16c-43069c43a8c3,Lime,scooter,available,95,2026-09-30T22:26:14Z,POINT (-9.11016 38.73704)
04efd551-a6a2-46f7-b181-22829f9ac7bc,e8eb2af2-f261-45a8-91cd-424e42a85121,Dott,scooter,non_operational,9,2026-09-30T21:34:17Z,POINT (-9.13970 38.71155)
c5da92ab-78fd-4134-b296-38f15feedd19,e8eb2af2-f261-45a8-91cd-424e42a85121,Dott,scooter,reserved,97,2026-09-30T23:19:42Z,POINT (-9.13417 38.71712)
12bc298d-ecd8-4a12-88e4-70efae40780b,a08ff49b-6f77-4632-a16c-43069c43a8c3,Lime,bicycle,non_operational,0,2026-09-30T23:52:17Z,POINT (-9.15428 38.73661)
8ab11d02-2a0f-4da3-b0aa-bd8470dbcf59,e8eb2af2-f261-45a8-91cd-424e42a85121,Dott,scooter,non_operational,13,2026-09-30T21:41:06Z,POINT (-9.10060 38.75904)
903d1432-2532-4de0-9404-8176a7c22055,a08ff49b-6f77-4632-a16c-43069c43a8c3,Lime,bicycle,non_operational,7,2026-09-30T22:39:35Z,POINT (-9.15753 38.71585)
c1eecf80-12e5-4924-a022-ab488364e86d,7cf3c256-32b9-4409-93fb-64afebede10d,Bolt,scooter,available,27,2026-09-30T21:29:21Z,POINT (-9.14490 38.71036)
a314d792-3b14-4a5c-a7c5-ab9beb9d1d41,aa1883c4-ffd0-40f5-bd14-dcc312684e4e,Voi,scooter,available,96,2026-09-30T22:12:47Z,POINT (-9.13965 38.73950)
4ac1f79d-71de-4b60-b49d-d23ae46b5914,a08ff49b-6f77-4632-a16c-43069c43a8c3,Lime,scooter,unknown,36,2026-09-30T23:22:55Z,POINT (-9.14865 38.73982)
f9beaa82-f4ef-4997-a55e-03bb645f5714,a08ff49b-6f77-4632-a16c-43069c43a8c3,Lime,bicycle,available,84,2026-09-30T21:53:39Z,POINT (-9.14244 38.71558)
219eb659-7d41-434d-b232-f9a20d752e63,7cf3c256-32b9-4409-93fb-64afebede10d,Bolt,scooter,available,75,2026-09-30T23:01:42Z,POINT (-9.14469 38.71689)
cf8f7d2f-2508-40fa-978f-0611e95d553f,a08ff49b-6f77-4632-a16c-43069c43a8c3,Lime,scooter,removed,30,2026-09-30T21:29:15Z,POINT (-9.13744 38.73232)
26902d7b-0adb-4ed8-939a-099952533980,7cf3c256-32b9-4409-93fb-64afebede10d,Bolt,scooter,reserved,25,2026-09-30T21:37:59Z,POINT (-9.13633 38.75104)
19997c88-d99d-49c0-ab9d-1947dddb1e5a,a08ff49b-6f77-4632-a16c-43069c43a8c3,Lime,bicycle,available,78,2026-09-30T22:35:25Z,POINT (-9.14401 38.71321)
cad6aa55-1de6-4777-8297-d6ddb52236ac,e8eb2af2-f261-45a8-91cd-424e42a85121,Dott,bicycle,unknown,55,2026-09-30T21:51:00Z,POINT (-9.14078 38.71071)
6823bc78-41b3-4d98-a92c-f89efee4f92b,a08ff49b-6f77-4632-a16c-43069c43a8c3,Lime,bicycle,non_operational,17,2026-09-30T23:53:56Z,POINT (-9.15625 38.71191)
d279f03a-a016-4ad9-9a23-e682285f3310,a08ff49b-6f77-4632-a16c-43069c43a8c3,Lime,bicycle,available,43,2026-09-30T22:49:45Z,POINT (-9.14108 38.71126)
5175e7d0-01e2-4eb0-8499-179e40e931c8,a08ff49b-6f77-4632-a16c-43069c43a8c3,Lime,bicycle,available,45,2026-09-30T21:26:58Z,POINT (-9.13883 38.73827)
555f7544-80c2-4b34-8365-03d542ee288e,aa1883c4-ffd0-40f5-bd14-dcc312684e4e,Voi,scooter,available,57,2026-09-30T21:11:33Z,POINT (-9.13329 38.71423)
cca4ef02-2079-414c-babc-dc5e5054dbac,a08ff49b-6f77-4632-a16c-43069c43a8c3,Lime,bicycle,available,93,2026-09-30T21:46:50Z,POINT (-9.14748 38.73651)
0716af68-49ce-4798-be1c-59bd7facae10,7cf3c256-32b9-4409-93fb-64afebede10d,Bolt,scooter,available,71,2026-09-30T22:02:04Z,POINT (-9.10736 38.76119)
8a24e4fd-9fa1-4b2a-a3b5-117291e43997,e8eb2af2-f261-45a8-91cd-424e42a85121,Dott,bicycle,available,82,2026-09-30T23:38:49Z,POINT (-9.14648 38.73656)
8fc3305f-99fa-4be1-8118-86812633a697,aa36434e-f251-4c63-8d4e-86a538cc03aa,Gira,bicycle,available,37,2026-09-30T22:26:23Z,POINT (-9.14086 38.73296)
45adf2c0-b6e7-4bc7-8b72-4b0d09a1b03b,e8eb2af2-f261-45a8-91cd-424e42a85121,Dott,bicycle,non_operational,13,2026-09-30T23:49:52Z,POINT (-9.14003 38.74192)
a8351fed-d1d6-4b3f-b6d6-640fa70ed9b4,e8eb2af2-f261-45a8-91cd-424e42a85121,Dott,scooter,non_operational,6,2026-09-30T21:07:24Z,POINT (-9.14277 38.73175)
5639f95f-2455-496b-97f5-f1179a617717,a08ff49b-6f77-4632-a16c-43069c43a8c3,Lime,bicycle,available,89,2026-09-30T23:32:52Z,POINT (-9.15050 38.71485)
22e5c1dc-5b97-4f47-bb6d-e0a386cf4f2d,e8eb2af2-f261-45a8-91cd-424e42a85121,Dott,bicycle,available,56,2026-09-30T21:35:58Z,POINT (-9.14990 38.70812)
6d4daa34-040f-4e87-ab6e-2502aaa319de,7cf3c256-32b9-4409-93fb-64afebede10d,Bolt,scooter,available,81,2026-09-30T22:38:37Z,POINT (-9.12745 38.71529)
2dbbca64-91c8-4fd6-80ca-46333b0b5e8a,a08ff49b-6f77-4632-a16c-43069c43a8c3,Lime,scooter,available,40,2026-09-30T22:56:13Z,POINT (-9.13117 38.71323)
16b1a006-16a7-45cc-a707-4a107773503b,a08ff49b-6f77-4632-a16c-43069c43a8c3,Lime,scooter,available,74,2026-09-30T23:46:33Z,POINT (-9.14467 38.71038)
61ac12b7-cd7e-4d78-83ac-3f17658353e9,a08ff49b-6f77-4632-a16c-43069c43a8c3,Lime,scooter,non_operational,0,2026-09-30T23:21:29Z,POINT (-9.14010 38.71453)
42f8f68e-6b61-43f4-9266-d07fcfd57eec,aa1883c4-ffd0-40f5-bd14-dcc312684e4e,Voi,scooter,reserved,29,2026-09-30T23:09:49Z,POINT (-9.14138 38.71594)
473322af-17cc-43bb-9548-0c2fc1695640,7cf3c256-32b9-4409-93fb-64afebede10d,Bolt,scooter,available,35,2026-09-30T21:19:46Z,POINT (-9.10016 38.76433)
c91188e8-48f6-4154-9ae4-829d9f973671,a08ff49b-6f77-4632-a16c-43069c43a8c3,Lime,bicycle,available,84,2026-09-30T22:32:22Z,POINT (-9.09296 38.76715)
95d3de77-4182-498b-9463-6f0187dc6cfc,7cf3c256-32b9-4409-93fb-64afebede10d,Bolt,scooter,removed,78,2026-09-30T21:28:36Z,POINT (-9.16312 38.71128)
d89657c8-153a-42d6-abfb-d10ce823e6db,7cf3c256-32b9-4409-93fb-64afebede10d,Bolt,scooter,available,85,2026-09-30T21:21:00Z,POINT (-9.14401 38.73415)
d7595b03-3980-4751-a3fa-736c02c7fc02,7cf3c256-32b9-4409-93fb-64afebede10d,Bolt,scooter,available,58,2026-09-30T21:16:32Z,POINT (-9.13136 38.75074)
a430923f-f668-43bc-b8a6-00294f997941,e8eb2af2-f261-45a8-91cd-424e42a85121,Dott,scooter,non_operational,14,2026-09-30T22:26:01Z,POINT (-9.13643 38.71024)
140cb4a9-abf3-4a8a-b700-9f4673aaf23d,aa36434e-f251-4c63-8d4e-86a538cc03aa,Gira,bicycle,removed,79,2026-09-30T22:18:21Z,POINT (-9.14038 38.71198)
d5178cad-4bbc-4c3d-9f0f-05b513aba436,aa1883c4-ffd0-40f5-bd14-dcc312684e4e,Voi,scooter,removed,70,2026-09-30T22:27:59Z,POINT (-9.15305 38.73944)
be89dfd0-5822-40a4-9f22-62c717cb6704,e8eb2af2-f261-45a8-91cd-424e42a85121,Dott,bicycle,non_operational,2,2026-09-30T23:33:46Z,POINT (-9.14457 38.71459)
9a376a8a-0b39-4f5d-9ab8-031e81bd55eb,a08ff49b-6f77-4632-a16c-43069c43a8c3,Lime,scooter,available,79,2026-09-30T22:02:13Z,POINT (-9.14343 38.73489)
0b685842-0355-4b3c-b0e1-a57b34f34250,a08ff49b-6f77-4632-a16c-43069c43a8c3,Lime,bicycle,available,42,2026-09-30T21:06:58Z,POINT (-9.20932 38.69759)
6c6e78a3-fb5b-4be2-9ab4-851a332ac223,7cf3c256-32b9-4409-93fb-64afebede10d,Bolt,scooter,non_operational,1,2026-09-30T21:19:53Z,POINT (-9.13893 38.70679)
37b9f50d-50c0-4c4c-8ed6-22635004a35c,aa1883c4-ffd0-40f5-bd14-dcc312684e4e,Voi,scooter,available,37,2026-09-30T21:53:37Z,POINT (-9.13945 38.71291)
bbc29f2d-9b61-46b4-8530-af3e865c7069,a08ff49b-6f77-4632-a16c-43069c43a8c3,Lime,bicycle,available,86,2026-09-30T21:22:35Z,POINT (-9.14863 38.70856)
10accedc-3f23-4db9-95fa-8b2e88701380,e8eb2af2-f261-45a8-91cd-424e42a85121,Dott,bicycle,non_operational,15,2026-09-30T21:47:56Z,POINT (-9.15568 38.72609)
bed1a6fe-7ac4-400a-b7e5-4725610d7d68,7cf3c256-32b9-4409-93fb-64afebede10d,Bolt,scooter,available,22,2026-09-30T23:53:19Z,POINT (-9.13938 38.72912)
82f543ac-0820-483a-a5e4-eea20b0f0431,a08ff49b-6f77-4632-a16c-43069c43a8c3,Lime,bicycle,non_operational,12,2026-09-30T21:30:23Z,POINT (-9.14260 38.71511)
34c526bb-3a05-44ba-8510-a8936eea4269,a08ff49b-6f77-4632-a16c-43069c43a8c3,Lime,bicycle,reserved,97,2026-09-30T21:43:19Z,POINT (-9.14611 38.71102)
6abd1ffd-56d2-4906-abf1-d7534820b4df,a08ff49b-6f77-4632-a16c-43069c43a8c3,Lime,bicycle,non_operational,13,2026-09-30T22:44:53Z,POINT (-9.20077 38.70430)
69a5fa16-026a-4fd2-b7da-cb8c34d2274f,a08ff49b-6f77-4632-a16c-43069c43a8c3,Lime,bicycle,available,38,2026-09-30T21:47:06Z,POINT (-9.15294 38.71030)
26c0cdfd-8a39-4330-bc87-ad7baf9ce1cd,aa1883c4-ffd0-40f5-bd14-dcc312684e4e,Voi,scooter,available,66,2026-09-30T22:22:06Z,POINT (-9.13886 38.70881)
3726475d-bcab-4b2b-8a6d-9f0969d54c19,7cf3c256-32b9-4409-93fb-64afebede10d,Bolt,scooter,available,28,2026-09-30T22:14:22Z,POINT (-9.14010 38.73323)
08b031a1-4b65-4d67-90b5-79a8e126ae55,e8eb2af2-f261-45a8-91cd-424e42a85121,Dott,scooter,available,91,2026-09-30T21:55:48Z,POINT (-9.14956 38.73757)
6c2e2ce4-8354-4f47-9842-753f6e3843b0,7cf3c256-32b9-4409-93fb-64afebede10d,Bolt,scooter,non_operational,11,2026-09-30T23:24:53Z,POINT (-9.20657 38.69951)
2825aa3b-099e-435a-9fac-a2ebbd523342,a08ff49b-6f77-4632-a16c-43069c43a8c3,Lime,bicycle,reserved,43,2026-09-30T21:51:33Z,POINT (-9.13537 38.71496)
6556224a-2e45-4ebd-899c-f5a86837099f,7cf3c256-32b9-4409-93fb-64afebede10d,Bolt,scooter,reserved,40,2026-09-30T23:12:04Z,POINT (-9.14929 38.72827)
32040c61-a131-4e71-b7f9-0cf8a76e8f42,e8eb2af2-f261-45a8-91cd-424e42a85121,Dott,bicycle,available,37,2026-09-30T21:21:47Z,POINT (-9.14958 38.71860)
9bd86e60-7dcf-44bf-b735-809b5576e04b,a08ff49b-6f77-4632-a16c-43069c43a8c3,Lime,scooter,available,67,2026-09-30T21:30:42Z,POINT (-9.14112 38.70800)
4c1185e7-9acf-4354-ac45-b58d099f52ca,aa1883c4-ffd0-40f5-bd14-dcc312684e4e,Voi,scooter,available,39,2026-09-30T23:36:55Z,POINT (-9.13496 38.71106)
db2b3179-1365-4c41-96cd-ec626d77f4c5,a08ff49b-6f77-4632-a16c-43069c43a8c3,Lime,scooter,available,97,2026-09-30T23:22:51Z,POINT (-9.13711 38.71137)
a4254f23-14f4-41cc-a4a4-2f3c804c9ad1,7cf3c256-32b9-4409-93fb-64afebede10d,Bolt,scooter,reserved,53,2026-09-30T21:29:19Z,POINT (-9.18051 38.70173)
1bc0676e-5c08-44e2-ad4b-f33e3447b167,e8eb2af2-f261-45a8-91cd-424e42a85121,Dott,bicycle,available,93,2026-09-30T22:34:16Z,POINT (-9.16000 38.72307)
0d36f40e-c8ac-4af6-8817-fbbf3a813a9d,7cf3c256-32b9-4409-93fb-64afebede10d,Bolt,scooter,available,93,2026-09-30T21:39:12Z,POINT (-9.14550 38.73071)
1d2001ad-ebca-4903-9725-8c0b5827f876,7cf3c256-32b9-4409-93fb-64afebede10d,Bolt,scooter,available,99,2026-09-30T22:01:06Z,POINT (-9.13483 38.74524)
b7492ea7-d6ae-47a0-984e-fc310a6cf1b2,7cf3c256-32b9-4409-93fb-64afebede10d,Bolt,scooter,non_operational,9,2026-09-30T23:42:12Z,POINT (-9.12821 38.71503)
bbd29c36-90c8-4dfe-8c5c-a7560e194af2,7cf3c256-32b9-4409-93fb-64afebede10d,Bolt,scooter,removed,67,2026-09-30T23:27:47Z,POINT (-9.14409 38.71624)
e97c3c7b-2f92-4343-8b6e-7fe431cceb61,aa36434e-f251-4c63-8d4e-86a538cc03aa,Gira,bicycle,non_operational,18,2026-09-30T23:30:37Z,POINT (-9.14277 38.70915)
185e0fbb-28f8-41c9-95ef-43dfa3df2386,e8eb2af2-f261-45a8-91cd-424e42a85121,Dott,bicycle,non_operational,2,2026-09-30T23:23:59Z,POINT (-9.14754 38.70767)
9363fc3c-6e60-42c8-b71c-e0fd0f01a990,a08ff49b-6f77-4632-a16c-43069c43a8c3,Lime,scooter,available,80,2026-09-30T22:11:51Z,POINT (-9.14615 38.70832)
0cda579d-7603-4919-8ef2-4ecbf8b68c86,7cf3c256-32b9-4409-93fb-64afebede10d,Bolt,scooter,removed,46,2026-09-30T21:54:17Z,POINT (-9.13787 38.71263)
1f8cc82a-90e1-4d16-8d7b-cc2fec21170f,e8eb2af2-f261-45a8-91cd-424e42a85121,Dott,scooter,available,20,2026-09-30T22:03:26Z,POINT (-9.10021 38.76815)
88d23152-6056-41ed-bedd-35e2ec60267d,e8eb2af2-f261-45a8-91cd-424e42a85121,Dott,bicycle,non_operational,13,2026-09-30T22:14:30Z,POINT (-9.11776 38.71694)
8be37bb6-d29a-47bb-9bd6-a3ade0785c9b,7cf3c256-32b9-4409-93fb-64afebede10d,Bolt,scooter,reserved,62,2026-09-30T21:58:46Z,POINT (-9.15612 38.72828)
d6596699-628b-495e-830b-2c490341cca9,a08ff49b-6f77-4632-a16c-43069c43a8c3,Lime,bicycle,available,100,2026-09-30T22:48:11Z,POINT (-9.14501 38.73155)
2e744425-8127-432a-bdfa-7a656b610796,7cf3c256-32b9-4409-93fb-64afebede10d,Bolt,scooter,available,26,2026-09-30T22:53:07Z,POINT (-9.14459 38.74626)
0ca31933-1503-49ee-974b-6e5c60412ff9,aa36434e-f251-4c63-8d4e-86a538cc03aa,Gira,bicycle,available,63,2026-09-30T21:26:18Z,POINT (-9.17850 38.70543)
b95d0de1-a905-45d6-9673-3469477612b7,a08ff49b-6f77-4632-a16c-43069c43a8c3,Lime,bicycle,available,27,2026-09-30T21:37:19Z,POINT (-9.13846 38.73291)
559ff9b4-e61d-4e81-905f-8c06b1b10e36,7cf3c256-32b9-4409-93fb-64afebede10d,Bolt,scooter,available,35,2026-09-30T21:13:17Z,POINT (-9.14736 38.72143)
09997c69-fa80-4e4f-baab-547a499dbc21,e8eb2af2-f261-45a8-91cd-424e42a85121,Dott,bicycle,reserved,84,2026-09-30T23:21:45Z,POINT (-9.10227 38.76720)
bdd73f47-ad66-4756-9de2-e5f8ef485aaa,7cf3c256-32b9-4409-93fb-64afebede10d,Bolt,scooter,non_operational,10,2026-09-30T21:08:08Z,POINT (-9.13038 38.71658)
3f027474-1942-4089-9836-f78c8b5c3219,7cf3c256-32b9-4409-93fb-64afebede10d,Bolt,scooter,available,82,2026-09-30T21:16:48Z,POINT (-9.14905 38.72730)
7ba2232c-4c80-489e-8b12-8e496eb18f39,aa36434e-f251-4c63-8d4e-86a538cc03aa,Gira,bicycle,available,38,2026-09-30T23:19:55Z,POINT (-9.20655 38.69799)
a1a3d784-a2df-4460-b644-9587d204bf3b,e8eb2af2-f261-45a8-91cd-424e42a85121,Dott,scooter,removed,81,2026-09-30T22:17:30Z,POINT (-9.12608 38.71606)
7e1a6153-00b6-4ed5-ae04-0a0494baf237,a08ff49b-6f77-4632-a16c-43069c43a8c3,Lime,bicycle,non_operational,12,2026-09-30T22:41:42Z,POINT (-9.20643 38.69458)
3dd51e57-36b5-498b-b428-3ee396804269,aa36434e-f251-4c63-8d4e-86a538cc03aa,Gira,bicycle,non_operational,16,2026-09-30T23:14:52Z,POINT (-9.11972 38.71638)
711ca4b2-f806-48f8-8736-33b2bb1db76a,7cf3c256-32b9-4409-93fb-64afebede10d,Bolt,scooter,removed,60,2026-09-30T21:46:22Z,POINT (-9.15706 38.76674)
5cf731ea-c3da-4db3-9e56-2042f6e0761c,a08ff49b-6f77-4632-a16c-43069c43a8c3,Lime,bicycle,non_operational,8,2026-09-30T22:52:18Z,POINT (-9.14185 38.72923)
f6c31e17-9d9d-47b0-89fc-7ca1f4b33ee8,a08ff49b-6f77-4632-a16c-43069c43a8c3,Lime,scooter,available,78,2026-09-30T21:10:35Z,POINT (-9.14195 38.71174)
11155fb6-2966-4c6f-a58b-5af977bc2cb3,a08ff49b-6f77-4632-a16c-43069c43a8c3,Lime,bicycle,available,84,2026-09-30T21:22:29Z,POINT (-9.14155 38.73295)
ae5e6ede-5b17-4bb5-b126-e8bee02c23aa,aa1883c4-ffd0-40f5-bd14-dcc312684e4e,Voi,scooter,available,74,2026-09-30T23:31:20Z,POINT (-9.14594 38.73233)
01499e8b-dd2c-4152-8339-b585c0a881ba,e8eb2af2-f261-45a8-91cd-424e42a85121,Dott,scooter,unknown,25,2026-09-30T23:33:24Z,POINT (-9.15669 38.72661)
c1692bc7-49e3-474c-9fa8-352c12c67524,aa1883c4-ffd0-40f5-bd14-dcc312684e4e,Voi,scooter,available,93,2026-09-30T23:24:18Z,POINT (-9.12856 38.71374)
a20bb4eb-55bd-4c57-a6e8-c319cd27dfc9,e8eb2af2-f261-45a8-91cd-424e42a85121,Dott,scooter,non_operational,1,2026-09-30T22:34:45Z,POINT (-9.16016 38.72333)
9403f71c-85fb-49df-8e3a-e2920a39767c,7cf3c256-32b9-4409-93fb-64afebede10d,Bolt,scooter,available,32,2026-09-30T23:50:05Z,POINT (-9.13784 38.71568)
a946a812-fc90-4146-a79b-160076131164,7cf3c256-32b9-4409-93fb-64afebede10d,Bolt,scooter,removed,96,2026-09-30T22:18:27Z,POINT (-9.12885 38.74703)
98d3cab7-500e-4ac8-a9f4-5600366c1510,aa1883c4-ffd0-40f5-bd14-dcc312684e4e,Voi,scooter,available,37,2026-09-30T22:07:11Z,POINT (-9.14153 38.75473)
03c68ff8-c34b-4202-801e-18a03a9e4a98,a08ff49b-6f77-4632-a16c-43069c43a8c3,Lime,scooter,unknown,72,2026-09-30T21:32:09Z,POINT (-9.14423 38.73770)
ad1328c7-66d1-49cd-8068-29f80577f6c1,e8eb2af2-f261-45a8-91cd-424e42a85121,Dott,bicycle,available,54,2026-09-30T23:41:04Z,POINT (-9.09334 38.76104)
e7c7853a-c384-4f3c-9b94-892da988d2d5,7cf3c256-32b9-4409-93fb-64afebede10d,Bolt,scooter,available,94,2026-09-30T23:33:25Z,POINT (-9.14807 38.70667)
adc00fd6-da1b-4281-88da-1f033e0b62fc,aa1883c4-ffd0-40f5-bd14-dcc312684e4e,Voi,scooter,available,73,2026-09-30T22:46:24Z,POINT (-9.14415 38.72480)
5f375f19-8489-4585-ba4c-b0c016c452ac,e8eb2af2-f261-45a8-91cd-424e42a85121,Dott,scooter,available,59,2026-09-30T23:39:06Z,POINT (-9.15209 38.70562)
61ad6279-1ec3-437a-b904-f6fd58e00a35,7cf3c256-32b9-4409-93fb-64afebede10d,Bolt,scooter,available,50,2026-09-30T22:31:08Z,POINT (-9.14769 38.72378)
9689ff75-b517-4930-bd59-bd6d5ad452ee,e8eb2af2-f261-45a8-91cd-424e42a85121,Dott,bicycle,available,48,2026-09-30T21:09:03Z,POINT (-9.13861 38.72987)
33840797-3d53-4cc7-bf0f-1ee61a3409c1,e8eb2af2-f261-45a8-91cd-424e42a85121,Dott,bicycle,available,77,2026-09-30T23:48:23Z,POINT (-9.13092 38.71957)
71e1c234-a5c7-49fe-a90e-950265c62e0a,aa1883c4-ffd0-40f5-bd14-dcc312684e4e,Voi,scooter,reserved,70,2026-09-30T23:20:24Z,POINT (-9.15176 38.71798)
d5e2c95b-0b78-4e80-8ece-c0de3671936e,a08ff49b-6f77-4632-a16c-43069c43a8c3,Lime,scooter,reserved,20,2026-09-30T23:01:19Z,POINT (-9.15123 38.72460)
711c1d40-af52-4afe-a183-f95835a80eca,aa36434e-f251-4c63-8d4e-86a538cc03aa,Gira,bicycle,non_operational,10,2026-09-30T22:54:48Z,POINT (-9.14657 38.72457)
2e1a62ff-4ccf-49ac-aaef-540928b24231,aa1883c4-ffd0-40f5-bd14-dcc312684e4e,Voi,scooter,available,90,2026-09-30T23:46:38Z,POINT (-9.13462 38.71318)
8727d36c-3564-4e36-a0d8-661dc6e7e2c9,7cf3c256-32b9-4409-93fb-64afebede10d,Bolt,scooter,non_operational,2,2026-09-30T22:03:41Z,POINT (-9.13733 38.71303)
703f077c-c538-4502-8df9-53cb3804b459,e8eb2af2-f261-45a8-91cd-424e42a85121,Dott,scooter,available,71,2026-09-30T23:47:32Z,POINT (-9.14313 38.70829)
3d2bb4b5-352f-4812-9271-b33fb859d5b7,7cf3c256-32b9-4409-93fb-64afebede10d,Bolt,scooter,available,91,2026-09-30T21:29:41Z,POINT (-9.17721 38.70401)
9a13eb36-6e58-4338-b64c-4bdcb153e4f5,e8eb2af2-f261-45a8-91cd-424e42a85121,Dott,scooter,available,48,2026-09-30T21:19:03Z,POINT (-9.15328 38.75338)
f6d20d5c-e575-4014-a907-2e72fdf1ee5a,7cf3c256-32b9-4409-93fb-64afebede10d,Bolt,scooter,non_operational,18,2026-09-30T22:10:00Z,POINT (-9.14318 38.71210)
4260b51f-7d71-49d6-9efe-f0ceb0ccee9b,7cf3c256-32b9-4409-93fb-64afebede10d,Bolt,scooter,available,75,2026-09-30T22:37:27Z,POINT (-9.16883 38.71279)
244f927a-63c3-42c4-975a-80f01dcb905d,a08ff49b-6f77-4632-a16c-43069c43a8c3,Lime,bicycle,non_operational,7,2026-09-30T21:29:39Z,POINT (-9.14685 38.74439)
4a4499fe-f76b-4afc-9ff6-1bd39eadb3cd,a08ff49b-6f77-4632-a16c-43069c43a8c3,Lime,bicycle,available,41,2026-09-30T21:10:44Z,POINT (-9.17643 38.70052)
f2c8e040-f7a0-4216-8185-534b654180bd,a08ff49b-6f77-4632-a16c-43069c43a8c3,Lime,bicycle,available,30,2026-09-30T23:33:31Z,POINT (-9.14644 38.71673)
ddc0c252-3db9-4a6f-8c08-e6daf6111e61,a08ff49b-6f77-4632-a16c-43069c43a8c3,Lime,scooter,available,53,2026-09-30T22:45:57Z,POINT (-9.15742 38.71011)
74ad9e86-3f81-46d5-bc57-4766373064e6,7cf3c256-32b9-4409-93fb-64afebede10d,Bolt,scooter,available,22,2026-09-30T21:18:34Z,POINT (-9.14551 38.70904)
e88cc59e-675c-4c8b-9ecc-281f259cb5ff,7cf3c256-32b9-4409-93fb-64afebede10d,Bolt,scooter,non_operational,4,2026-09-30T21:59:30Z,POINT (-9.14513 38.72629)
995e0fcd-d691-403f-8b81-b7fbb9d87643,7cf3c256-32b9-4409-93fb-64afebede10d,Bolt,scooter,reserved,74,2026-09-30T22:55:22Z,POINT (-9.14207 38.71270)
f15a293f-856c-410d-9ef9-3ce514182445,aa1883c4-ffd0-40f5-bd14-dcc312684e4e,Voi,scooter,available,66,2026-09-30T23:28:21Z,POINT (-9.14418 38.73260)
ddb6e6e2-b2d3-483f-930f-e0d2eb522183,e8eb2af2-f261-45a8-91cd-424e42a85121,Dott,scooter,available,53,2026-09-30T23:46:27Z,POINT (-9.11434 38.76673)
a9cbc83d-93ec-47f7-902c-23c494345a7a,a08ff49b-6f77-4632-a16c-43069c43a8c3,Lime,scooter,non_operational,10,2026-09-30T21:59:46Z,POINT (-9.14310 38.73133)
96c74170-35e0-44f5-81a2-110b93113a24,e8eb2af2-f261-45a8-91cd-424e42a85121,Dott,bicycle,available,43,2026-09-30T23:08:19Z,POINT (-9.14391 38.72829)
89e48b19-40d0-4814-952d-a0bdaee07309,a08ff49b-6f77-4632-a16c-43069c43a8c3,Lime,scooter,non_operational,17,2026-09-30T23:50:30Z,POINT (-9.13826 38.74316)
80d8c2a2-3721-4c98-b2c4-b5bab65884dd,e8eb2af2-f261-45a8-91cd-424e42a85121,Dott,bicycle,available,79,2026-09-30T23:01:32Z,POINT (-9.14348 38.71060)
19ff300f-8794-41a1-94fb-28425cf182bf,7cf3c256-32b9-4409-93fb-64afebede10d,Bolt,scooter,removed,54,2026-09-30T22:01:48Z,POINT (-9.15383 38.72214)
ebfdb271-9731-4001-860c-a745ca5c86b2,a08ff49b-6f77-4632-a16c-43069c43a8c3,Lime,scooter,available,61,2026-09-30T21:54:23Z,POINT (-9.14887 38.73403)
d952427e-c820-4fdd-bf68-e1d588c2fb1d,e8eb2af2-f261-45a8-91cd-424e42a85121,Dott,bicycle,available,34,2026-09-30T22:24:31Z,POINT (-9.12847 38.75901)
46be95c5-d8c3-4bed-a290-21e51d7c0000,e8eb2af2-f261-45a8-91cd-424e42a85121,Dott,bicycle,available,38,2026-09-30T23:46:19Z,POINT (-9.12933 38.71268)
67d93c8e-a6d8-4ae7-8b7f-73f4b79668ed,aa1883c4-ffd0-40f5-bd14-dcc312684e4e,Voi,scooter,reserved,68,2026-09-30T21:23:03Z,POINT (-9.13031 38.71017)
f3225feb-a068-4657-bd62-40e9457c0367,7cf3c256-32b9-4409-93fb-64afebede10d,Bolt,scooter,available,76,2026-09-30T23:07:22Z,POINT (-9.14600 38.71143)
5fd6d3e2-d5e5-43d2-9403-22759d896227,a08ff49b-6f77-4632-a16c-43069c43a8c3,Lime,bicycle,non_operational,16,2026-09-30T22:38:17Z,POINT (-9.12668 38.71624)
65b78d7b-8b46-4024-91a8-76cc1e9bd939,a08ff49b-6f77-4632-a16c-43069c43a8c3,Lime,bicycle,available,29,2026-09-30T22:48:59Z,POINT (-9.14219 38.70989)
e1cfd087-e55c-4b13-a335-9371951dca26,7cf3c256-32b9-4409-93fb-64afebede10d,Bolt,scooter,available,71,2026-09-30T21:21:48Z,POINT (-9.14390 38.71229)
e541d15d-1b16-4318-af2a-403036513043,7cf3c256-32b9-4409-93fb-64afebede10d,Bolt,scooter,available,89,2026-09-30T23:02:44Z,POINT (-9.10853 38.76586)
6d1083fb-f85e-4967-b2ba-d25721d11d6f,e8eb2af2-f261-45a8-91cd-424e42a85121,Dott,bicycle,unknown,40,2026-09-30T21:10:00Z,POINT (-9.14415 38.74002)
03b53c24-4d5a-4875-ac0b-3505c819b407,7cf3c256-32b9-4409-93fb-64afebede10d,Bolt,scooter,available,72,2026-09-30T22:30:49Z,POINT (-9.12394 38.72032)
0da25db3-1e94-402b-84ca-bcce25a77203,e8eb2af2-f261-45a8-91cd-424e42a85121,Dott,bicycle,available,24,2026-09-30T23:26:24Z,POINT (-9.14178 38.72252)
47dd0b43-83b2-48fe-a0dc-471ab433a23a,7cf3c256-32b9-4409-93fb-64afebede10d,Bolt,scooter,available,90,2026-09-30T22:19:19Z,POINT (-9.14774 38.73945)
5bbfd72e-fe86-4876-aa43-ce425811276e,7cf3c256-32b9-4409-93fb-64afebede10d,Bolt,scooter,available,81,2026-09-30T21:03:46Z,POINT (-9.16490 38.71738)
f14d6723-7204-4591-9e2d-a5eba767f8f1,a08ff49b-6f77-4632-a16c-43069c43a8c3,Lime,bicycle,reserved,86,2026-09-30T21:36:52Z,POINT (-9.14575 38.73124)
d3648eec-55b1-422f-abed-0d486ec8ea3e,7cf3c256-32b9-4409-93fb-64afebede10d,Bolt,scooter,available,76,2026-09-30T23:46:17Z,POINT (-9.14137 38.71585)
8646203d-5057-42c0-9561-e4413f7129f3,e8eb2af2-f261-45a8-91cd-424e42a85121,Dott,scooter,available,97,2026-09-30T22:59:26Z,POINT (-9.19962 38.70005)
f933c476-0776-400f-89d2-0ada2790a47d,e8eb2af2-f261-45a8-91cd-424e42a85121,Dott,bicycle,available,56,2026-09-30T22:55:31Z,POINT (-9.10157 38.75398)
e69fdc60-3e4d-4bac-a71a-96ea432b70fc,e8eb2af2-f261-45a8-91cd-424e42a85121,Dott,scooter,unknown,55,2026-09-30T22:20:01Z,POINT (-9.13881 38.73420)
cd71c0e7-0fdc-4446-adf6-48fc7f69f398,aa1883c4-ffd0-40f5-bd14-dcc312684e4e,Voi,scooter,available,53,2026-09-30T22:42:06Z,POINT (-9.10349 38.76447)
cd9b44bb-f94a-48eb-9f75-b3b1b8e4f872,a08ff49b-6f77-4632-a16c-43069c43a8c3,Lime,bicycle,non_operational,4,2026-09-30T22:39:08Z,POINT (-9.13810 38.71836)
588ba948-d510-43e0-bfba-b0c33f979f1d,7cf3c256-32b9-4409-93fb-64afebede10d,Bolt,scooter,available,61,2026-09-30T22:46:02Z,POINT (-9.14543 38.72406)
a95cef3b-a9f2-4746-b035-e3ae15f4286a,7cf3c256-32b9-4409-93fb-64afebede10d,Bolt,scooter,non_operational,13,2026-09-30T23:11:45Z,POINT (-9.14057 38.72989)
39b36b63-99e9-4788-a153-a6102014847d,e8eb2af2-f261-45a8-91cd-424e42a85121,Dott,bicycle,available,91,2026-09-30T22:12:09Z,POINT (-9.14850 38.70719)
6e20579c-f820-4ad1-b540-5ae7330e57c7,e8eb2af2-f261-45a8-91cd-424e42a85121,Dott,bicycle,available,58,2026-09-30T22:44:59Z,POINT (-9.15022 38.73597)
d3c1b4c0-627d-404a-a5d4-95998be51feb,aa1883c4-ffd0-40f5-bd14-dcc312684e4e,Voi,scooter,available,28,2026-09-30T21:54:38Z,POINT (-9.14262 38.70672)
33f76112-1096-47a6-a92c-7d424d2c74c3,a08ff49b-6f77-4632-a16c-43069c43a8c3,Lime,bicycle,available,100,2026-09-30T23:28:40Z,POINT (-9.14301 38.73612)
35e6741e-98b8-4e20-a18c-e74d5c250cd5,a08ff49b-6f77-4632-a16c-43069c43a8c3,Lime,scooter,available,62,2026-09-30T21:04:13Z,POINT (-9.13480 38.74334)
d9a25932-17e0-4fab-9ad2-ccce5c5e5669,7cf3c256-32b9-4409-93fb-64afebede10d,Bolt,scooter,removed,85,2026-09-30T23:02:44Z,POINT (-9.13972 38.71209)
87537829-6065-4df6-8d50-d96505902ac2,e8eb2af2-f261-45a8-91cd-424e42a85121,Dott,bicycle,available,66,2026-09-30T22:54:57Z,POINT (-9.14567 38.70549)
44af00da-aa77-4578-91f0-86457a16c0a9,a08ff49b-6f77-4632-a16c-43069c43a8c3,Lime,scooter,available,86,2026-09-30T23:29:26Z,POINT (-9.13789 38.71613)
96ac2b0a-64f1-485c-a7f8-98daa977fabd,a08ff49b-6f77-4632-a16c-43069c43a8c3,Lime,scooter,non_operational,3,2026-09-30T23:01:40Z,POINT (-9.14668 38.71414)
280aaf37-9eb6-4937-8e6f-59c2178c58aa,a08ff49b-6f77-4632-a16c-43069c43a8c3,Lime,scooter,available,60,2026-09-30T22:06:23Z,POINT (-9.14441 38.71507)
90da2268-9faa-4737-89b2-2092675a5140,e8eb2af2-f261-45a8-91cd-424e42a85121,Dott,bicycle,available,95,2026-09-30T23:17:53Z,POINT (-9.15090 38.71131)
b3fd2bde-dda3-45cc-b311-46aca9231385,a08ff49b-6f77-4632-a16c-43069c43a8c3,Lime,scooter,non_operational,6,2026-09-30T21:33:00Z,POINT (-9.14534 38.73429)
3c0dec0e-9be4-4948-b2b7-83885f0f23a9,e8eb2af2-f261-45a8-91cd-424e42a85121,Dott,bicycle,removed,63,2026-09-30T23:39:04Z,POINT (-9.13039 38.71861)
60c31ee9-d66a-4790-8f88-fef39c5cf68d,e8eb2af2-f261-45a8-91cd-424e42a85121,Dott,bicycle,available,92,2026-09-30T21:18:36Z,POINT (-9.13993 38.73991)
78c086bd-6422-46f6-8257-e2e968972889,a08ff49b-6f77-4632-a16c-43069c43a8c3,Lime,bicycle,non_operational,2,2026-09-30T22:35:24Z,POINT (-9.14991 38.70792)
90f90834-3737-488c-947f-03f66e393d7b,e8eb2af2-f261-45a8-91cd-424e42a85121,Dott,scooter,non_operational,10,2026-09-30T23:30:16Z,POINT (-9.15120 38.75194)
a4bfac76-62e8-44df-b0a4-29e6f8be4d70,7cf3c256-32b9-4409-93fb-64afebede10d,Bolt,scooter,available,32,2026-09-30T23:34:18Z,POINT (-9.13521 38.71329)
ac9b5a3d-0fb0-4863-9483-869a99b4b3c7,aa1883c4-ffd0-40f5-bd14-dcc312684e4e,Voi,scooter,available,60,2026-09-30T23:17:55Z,POINT (-9.14328 38.70979)
2007fb71-5327-43ce-94b9-5c3b17722254,e8eb2af2-f261-45a8-91cd-424e42a85121,Dott,scooter,removed,86,2026-09-30T22:41:08Z,POINT (-9.09808 38.77479)
436411df-ed2c-4917-8348-bcddbcc58a21,7cf3c256-32b9-4409-93fb-64afebede10d,Bolt,scooter,reserved,88,2026-09-30T23:25:58Z,POINT (-9.13439 38.70808)
d0dc2b65-6548-48ef-a1e2-be0fc3711b82,a08ff49b-6f77-4632-a16c-43069c43a8c3,Lime,scooter,available,23,2026-09-30T21:47:04Z,POINT (-9.14288 38.74481)
05779f69-fcc4-4136-acff-33f979f132ad,7cf3c256-32b9-4409-93fb-64afebede10d,Bolt,scooter,non_operational,3,2026-09-30T21:38:07Z,POINT (-9.13386 38.71859)
65ee4cfb-aa7d-4426-a5a7-75916a02895b,aa36434e-f251-4c63-8d4e-86a538cc03aa,Gira,bicycle,available,80,2026-09-30T21:17:57Z,POINT (-9.16273 38.71612)
dbb0ff2e-4c42-47b9-b17d-8d2226bc5e9b,aa1883c4-ffd0-40f5-bd14-dcc312684e4e,Voi,scooter,available,69,2026-09-30T23:58:48Z,POINT (-9.14298 38.70834)
72c55bac-0369-42e7-b4e4-66039b437479,a08ff49b-6f77-4632-a16c-43069c43a8c3,Lime,scooter,non_operational,16,2026-09-30T21:53:32Z,POINT (-9.13982 38.71356)
dfc2c711-a79f-4ee2-9e5f-56e922582d12,a08ff49b-6f77-4632-a16c-43069c43a8c3,Lime,scooter,available,93,2026-09-30T22:29:41Z,POINT (-9.13435 38.71629)
dfd82f94-475c-4d04-8eeb-466981d75693,a08ff49b-6f77-4632-a16c-43069c43a8c3,Lime,bicycle,non_operational,2,2026-09-30T22:09:32Z,POINT (-9.14986 38.70623)
d9827d8f-9907-42c8-a446-b6d12abd3acd,a08ff49b-6f77-4632-a16c-43069c43a8c3,Lime,scooter,available,74,2026-09-30T22:39:32Z,POINT (-9.13313 38.71983)
a469e001-73b8-4b9e-87ee-467e9a096629,aa1883c4-ffd0-40f5-bd14-dcc312684e4e,Voi,scooter,available,88,2026-09-30T22:33:09Z,POINT (-9.14166 38.70746)
205eb6c5-303e-4134-9db3-cf66cce35717,a08ff49b-6f77-4632-a16c-43069c43a8c3,Lime,scooter,available,56,2026-09-30T23:39:32Z,POINT (-9.15340 38.72176)
4b0bf910-7eff-43f8-a364-c7dfd734fa6e,aa36434e-f251-4c63-8d4e-86a538cc03aa,Gira,bicycle,unknown,25,2026-09-30T21:09:18Z,POINT (-9.14756 38.74292)
1bdb6156-6355-45f6-9794-09c47a96966c,7cf3c256-32b9-4409-93fb-64afebede10d,Bolt,scooter,available,95,2026-09-30T22:15:48Z,POINT (-9.14765 38.70662)
a95408c9-181b-477c-9abb-25e9d16c8540,aa1883c4-ffd0-40f5-bd14-dcc312684e4e,Voi,scooter,reserved,74,2026-09-30T23:30:58Z,POINT (-9.13926 38.71035)
9a26c8ff-29c2-4aac-a1b7-adf86414a229,e8eb2af2-f261-45a8-91cd-424e42a85121,Dott,bicycle,non_operational,1,2026-09-30T21:28:32Z,POINT (-9.15010 38.72311)
6bb965b9-3954-4944-9ed7-b3e73efcf1e0,7cf3c256-32b9-4409-93fb-64afebede10d,Bolt,scooter,available,86,2026-09-30T23:18:07Z,POINT (-9.13093 38.73659)
4c4d7199-9b5f-43e4-b3d5-3c0bebf5d431,7cf3c256-32b9-4409-93fb-64afebede10d,Bolt,scooter,available,22,2026-09-30T23:20:17Z,POINT (-9.14926 38.72988)
8974232c-ca18-4890-9141-b3be43961a05,aa1883c4-ffd0-40f5-bd14-dcc312684e4e,Voi,scooter,available,23,2026-09-30T21:02:43Z,POINT (-9.14441 38.73880)
a1378673-5e1a-40ee-8cc3-4e68de04d1cb,aa1883c4-ffd0-40f5-bd14-dcc312684e4e,Voi,scooter,available,48,2026-09-30T21:21:29Z,POINT (-9.13024 38.71652)
42b85145-5202-481f-bbca-364e86ca6ebb,e8eb2af2-f261-45a8-91cd-424e42a85121,Dott,bicycle,removed,61,2026-09-30T21:56:19Z,POINT (-9.14484 38.71190)
b7340076-2618-4de4-9800-06026d7ef0dd,a08ff49b-6f77-4632-a16c-43069c43a8c3,Lime,bicycle,available,71,2026-09-30T23:25:23Z,POINT (-9.14849 38.71000)
d65f8446-ffea-4501-b892-447c87d56319,7cf3c256-32b9-4409-93fb-64afebede10d,Bolt,scooter,available,48,2026-09-30T22:15:54Z,POINT (-9.15595 38.72797)
da77e8b8-5ea9-4d1a-bf29-35bedabaf6c8,7cf3c256-32b9-4409-93fb-64afebede10d,Bolt,scooter,reserved,34,2026-09-30T23:11:38Z,POINT (-9.14723 38.73604)
588eaab7-58a4-4612-aa5e-6ac4ed2dab57,aa1883c4-ffd0-40f5-bd14-dcc312684e4e,Voi,scooter,available,46,2026-09-30T22:47:30Z,POINT (-9.13661 38.71816)
b535fbec-7f4a-4a8c-bbaa-d8aba616c93c,e8eb2af2-f261-45a8-91cd-424e42a85121,Dott,scooter,available,56,2026-09-30T21:41:35Z,POINT (-9.14793 38.73049)
bd14fcfe-21d6-4e0e-b914-16502d96c915,aa36434e-f251-4c63-8d4e-86a538cc03aa,Gira,bicycle,available,85,2026-09-30T23:28:29Z,POINT (-9.11273 38.77130)
4cf3a6e2-cd3d-4440-8ae6-94137dfce8d4,e8eb2af2-f261-45a8-91cd-424e42a85121,Dott,bicycle,available,88,2026-09-30T23:15:48Z,POINT (-9.14576 38.71519)
8370cb42-d070-4e95-898b-472cd835ab39,a08ff49b-6f77-4632-a16c-43069c43a8c3,Lime,scooter,available,44,2026-09-30T21:28:45Z,POINT (-9.15855 38.73068)
3fb52b95-ce99-4b95-bc2d-8be4cf06432b,a08ff49b-6f77-4632-a16c-43069c43a8c3,Lime,bicycle,non_operational,1,2026-09-30T22:45:48Z,POINT (-9.20715 38.69757)
194b1e05-4d17-4e3e-83ba-77daa2f4f6d9,a08ff49b-6f77-4632-a16c-43069c43a8c3,Lime,scooter,available,56,2026-09-30T21:00:18Z,POINT (-9.15131 38.71887)
2f90a236-2ebb-4dc9-a90c-525e46d30e75,aa1883c4-ffd0-40f5-bd14-dcc312684e4e,Voi,scooter,available,65,2026-09-30T21:57:07Z,POINT (-9.15383 38.71613)
b707e869-f8ee-4165-b0aa-458adc1adc9d,e8eb2af2-f261-45a8-91cd-424e42a85121,Dott,bicycle,available,74,2026-09-30T21:00:28Z,POINT (-9.13827 38.75006)
dbe63561-86d7-4d19-9616-79b097f4ee52,7cf3c256-32b9-4409-93fb-64afebede10d,Bolt,scooter,available,67,2026-09-30T22:59:24Z,POINT (-9.13908 38.73602)
ae4b9c15-8c66-4cd0-b1d1-0a03d219b225,e8eb2af2-f261-45a8-91cd-424e42a85121,Dott,scooter,available,92,2026-09-30T21:09:02Z,POINT (-9.10451 38.76680)
ffc73dea-5033-470d-983d-e3fa50fd4815,aa1883c4-ffd0-40f5-bd14-dcc312684e4e,Voi,scooter,reserved,35,2026-09-30T23:27:16Z,POINT (-9.14651 38.70634)
e97192ef-ae12-44b6-942f-f3906a8a226e,a08ff49b-6f77-4632-a16c-43069c43a8c3,Lime,bicycle,available,34,2026-09-30T22:47:44Z,POINT (-9.14464 38.70655)
a2c2866e-5c57-4164-b608-92754429ebe0,a08ff49b-6f77-4632-a16c-43069c43a8c3,Lime,bicycle,non_operational,0,2026-09-30T22:19:11Z,POINT (-9.14426 38.71294)
94fb6831-25c1-4114-87af-208920a77529,7cf3c256-32b9-4409-93fb-64afebede10d,Bolt,scooter,removed,57,2026-09-30T22:24:49Z,POINT (-9.13957 38.70803)
16a89778-286e-4dab-a91e-c92b41cdfe68,aa36434e-f251-4c63-8d4e-86a538cc03aa,Gira,bicycle,reserved,90,2026-09-30T21:12:39Z,POINT (-9.14345 38.73174)
4db17cf4-19c8-431d-9bab-1a48359faf4e,e8eb2af2-f261-45a8-91cd-424e42a85121,Dott,bicycle,removed,76,2026-09-30T23:42:47Z,POINT (-9.13920 38.73311)
50858efc-210c-4173-a450-9186bbbf47a2,aa36434e-f251-4c63-8d4e-86a538cc03aa,Gira,bicycle,available,48,2026-09-30T23:06:24Z,POINT (-9.13807 38.73012)
60100a5b-dd89-4fa6-8a6f-106511a5f445,e8eb2af2-f261-45a8-91cd-424e42a85121,Dott,scooter,removed,82,2026-09-30T23:42:03Z,POINT (-9.12884 38.72904)
6baa824a-259d-404c-9d0f-ad691198e3fe,a08ff49b-6f77-4632-a16c-43069c43a8c3,Lime,scooter,available,83,2026-09-30T21:04:46Z,POINT (-9.14030 38.70815)
3088e49d-e09f-4ff9-af25-fd1c1f88425b,7cf3c256-32b9-4409-93fb-64afebede10d,Bolt,scooter,available,72,2026-09-30T21:05:53Z,POINT (-9.15641 38.77006)
d3ab2471-61a4-46d2-bf04-0ec0fd4a9e06,a08ff49b-6f77-4632-a16c-43069c43a8c3,Lime,scooter,available,33,2026-09-30T21:55:10Z,POINT (-9.13536 38.70882)
108808b7-bd22-4c8e-8fec-035c1e1fc9bf,aa36434e-f251-4c63-8d4e-86a538cc03aa,Gira,bicycle,non_operational,9,2026-09-30T23:07:37Z,POINT (-9.14586 38.70957)
3664c560-bd40-4eea-82c4-97dfafcb1641,a08ff49b-6f77-4632-a16c-43069c43a8c3,Lime,scooter,available,90,2026-09-30T21:49:08Z,POINT (-9.14767 38.71342)
c9206d9a-9031-4c03-ab53-d163921ece27,e8eb2af2-f261-45a8-91cd-424e42a85121,Dott,scooter,reserved,44,2026-09-30T22:00:05Z,POINT (-9.14169 38.71383)
923bd76e-a287-4883-8429-55687378cd27,e8eb2af2-f261-45a8-91cd-424e42a85121,Dott,scooter,non_operational,17,2026-09-30T21:21:09Z,POINT (-9.15167 38.71816)
76dd98f9-300a-4733-b714-7e2a23e63b9f,7cf3c256-32b9-4409-93fb-64afebede10d,Bolt,scooter,available,77,2026-09-30T23:04:40Z,POINT (-9.14602 38.71915)
289c58d1-16a3-44bd-ae7f-a9f85206c61e,e8eb2af2-f261-45a8-91cd-424e42a85121,Dott,bicycle,non_operational,15,2026-09-30T22:38:20Z,POINT (-9.17807 38.70062)
4efd5227-8706-4a1d-aac8-b16de9f53291,7cf3c256-32b9-4409-93fb-64afebede10d,Bolt,scooter,reserved,22,2026-09-30T22:21:23Z,POINT (-9.14361 38.71063)
ce586a2c-827b-432d-900c-d5d3420af0b0,a08ff49b-6f77-4632-a16c-43069c43a8c3,Lime,scooter,available,96,2026-09-30T22:28:48Z,POINT (-9.20357 38.69681)
06a50534-3ddd-4807-82ac-ef28a0cbe62c,a08ff49b-6f77-4632-a16c-43069c43a8c3,Lime,scooter,non_operational,15,2026-09-30T21:23:52Z,POINT (-9.14170 38.73970)
70192e53-12ca-4305-b39e-3575207afc3c,a08ff49b-6f77-4632-a16c-43069c43a8c3,Lime,bicycle,available,27,2026-09-30T21:20:24Z,POINT (-9.17765 38.70277)
ac9ad221-1434-48d9-adb2-c66b1716c319,aa36434e-f251-4c63-8d4e-86a538cc03aa,Gira,bicycle,available,47,2026-09-30T21:59:09Z,POINT (-9.14876 38.75190)
76299047-add7-4d0a-b33b-8afe57818920,a08ff49b-6f77-4632-a16c-43069c43a8c3,Lime,bicycle,non_operational,6,2026-09-30T23:11:22Z,POINT (-9.13756 38.74103)
f23b90f9-a55a-470b-a8f0-ac9ef59ce340,a08ff49b-6f77-4632-a16c-43069c43a8c3,Lime,bicycle,available,20,2026-09-30T23:59:28Z,POINT (-9.15145 38.71813)
4d76095f-4230-46bf-93f3-6af94b891073,aa1883c4-ffd0-40f5-bd14-dcc312684e4e,Voi,scooter,available,64,2026-09-30T22:33:34Z,POINT (-9.11978 38.71826)
20597166-6738-49e0-b8c4-e7b5b8c6b66b,7cf3c256-32b9-4409-93fb-64afebede10d,Bolt,scooter,available,34,2026-09-30T22:46:59Z,POINT (-9.14597 38.71257)
7cfe4c9a-fcca-41ab-ac33-491fee227953,7cf3c256-32b9-4409-93fb-64afebede10d,Bolt,scooter,available,24,2026-09-30T23:23:57Z,POINT (-9.15682 38.71515)
54055eb4-6be1-4163-8b01-a6cb00f4c3b1,a08ff49b-6f77-4632-a16c-43069c43a8c3,Lime,bicycle,removed,50,2026-09-30T23:08:38Z,POINT (-9.13781 38.73454)
f972eb08-9c5c-44c1-b3aa-e07964d51b33,7cf3c256-32b9-4409-93fb-64afebede10d,Bolt,scooter,available,53,2026-09-30T21:09:41Z,POINT (-9.09635 38.77182)
e86bdb99-aef4-4b1e-b214-c816f028e196,a08ff49b-6f77-4632-a16c-43069c43a8c3,Lime,scooter,available,95,2026-09-30T22:39:07Z,POINT (-9.09649 38.76465)
5146b8fe-9d7d-424b-b4f7-bb701a869b90,7cf3c256-32b9-4409-93fb-64afebede10d,Bolt,scooter,reserved,74,2026-09-30T23:29:40Z,POINT (-9.15480 38.73253)
56465352-bb70-4416-9884-f2131741dd7a,7cf3c256-32b9-4409-93fb-64afebede10d,Bolt,scooter,available,89,2026-09-30T23:32:22Z,POINT (-9.20243 38.70036)
f77301d0-5cf0-465c-933b-9e3ed45e84b8,7cf3c256-32b9-4409-93fb-64afebede10d,Bolt,scooter,available,87,2026-09-30T22:49:06Z,POINT (-9.09983 38.76281)
74e28660-1765-4638-b3f3-684601d159e3,7cf3c256-32b9-4409-93fb-64afebede10d,Bolt,scooter,available,39,2026-09-30T22:25:45Z,POINT (-9.15338 38.71362)
c7e1236d-563b-4143-9325-9c1660132cdc,a08ff49b-6f77-4632-a16c-43069c43a8c3,Lime,scooter,available,67,2026-09-30T23:29:21Z,POINT (-9.14775 38.72599)
5b296389-f61f-414d-93a5-a01d7a0211a8,a08ff49b-6f77-4632-a16c-43069c43a8c3,Lime,bicycle,available,72,2026-09-30T22:36:11Z,POINT (-9.13147 38.71834)
85cd3edd-584e-4af3-a8bd-db5d1ca0d919,7cf3c256-32b9-4409-93fb-64afebede10d,Bolt,scooter,removed,96,2026-09-30T23:50:38Z,POINT (-9.10521 38.76305)
2b3bbc16-6162-48a3-ac8f-bc5e11cfc782,e8eb2af2-f261-45a8-91cd-424e42a85121,Dott,bicycle,available,37,2026-09-30T21:44:16Z,POINT (-9.15096 38.72868)
34645100-ef87-4974-b581-c59da94ce272,a08ff49b-6f77-4632-a16c-43069c43a8c3,Lime,scooter,reserved,70,2026-09-30T21:21:51Z,POINT (-9.19340 38.69722)
a4eea9de-83db-42db-b39c-a9e6dbf838eb,e8eb2af2-f261-45a8-91cd-424e42a85121,Dott,bicycle,available,85,2026-09-30T22:30:32Z,POINT (-9.14920 38.70562)
65ff38d9-d6b4-4fa2-99cd-61b42c197318,7cf3c256-32b9-4409-93fb-64afebede10d,Bolt,scooter,reserved,76,2026-09-30T23:06:44Z,POINT (-9.14096 38.70592)
67eadd9c-bab0-45d9-bc52-0572dc067e58,7cf3c256-32b9-4409-93fb-64afebede10d,Bolt,scooter,removed,70,2026-09-30T21:01:02Z,POINT (-9.14473 38.70565)
d14fdd10-fb9d-497d-81db-419aa0a3dacd,a08ff49b-6f77-4632-a16c-43069c43a8c3,Lime,bicycle,available,84,2026-09-30T23:11:27Z,POINT (-9.14547 38.71573)
1d18b4e1-3946-4af8-ac1f-354780eec297,a08ff49b-6f77-4632-a16c-43069c43a8c3,Lime,bicycle,reserved,61,2026-09-30T23:26:06Z,POINT (-9.14128 38.71304)
a956e153-8bf5-45e7-a14f-11b66ba8669a,e8eb2af2-f261-45a8-91cd-424e42a85121,Dott,bicycle,available,95,2026-09-30T23:34:30Z,POINT (-9.15644 38.71845)
5e12fac8-93bb-4354-896b-cb2831cbba06,7cf3c256-32b9-4409-93fb-64afebede10d,Bolt,scooter,unknown,20,2026-09-30T21:50:49Z,POINT (-9.15105 38.70832)
5f93a0ee-3b98-439c-9ebc-5db91ef65a99,a08ff49b-6f77-4632-a16c-43069c43a8c3,Lime,scooter,available,46,2026-09-30T23:43:35Z,POINT (-9.14232 38.72058)
516eea83-7eb0-4386-94fb-f7c45d8696fc,7cf3c256-32b9-4409-93fb-64afebede10d,Bolt,scooter,available,87,2026-09-30T21:44:06Z,POINT (-9.14207 38.71283)
1b3db53c-f635-4105-bbca-30001ca7936d,a08ff49b-6f77-4632-a16c-43069c43a8c3,Lime,bicycle,available,65,2026-09-30T23:19:57Z,POINT (-9.15417 38.71955)
2da3d054-38f8-4a00-b7b4-e6665e595897,a08ff49b-6f77-4632-a16c-43069c43a8c3,Lime,bicycle,available,26,2026-09-30T22:14:07Z,POINT (-9.13344 38.70822)
40cece57-7832-4f03-bedf-3f68043fe922,7cf3c256-32b9-4409-93fb-64afebede10d,Bolt,scooter,available,69,2026-09-30T23:28:50Z,POINT (-9.14665 38.71005)
73bcede4-9913-46e7-862a-6845b3e495c9,a08ff49b-6f77-4632-a16c-43069c43a8c3,Lime,scooter,available,23,2026-09-30T21:34:33Z,POINT (-9.14437 38.74229)
89f3e35e-0689-4925-83bf-2b562c51e49a,aa1883c4-ffd0-40f5-bd14-dcc312684e4e,Voi,scooter,available,90,2026-09-30T22:29:45Z,POINT (-9.14730 38.73095)
6e507511-709d-4f0e-adae-dfe297689ac2,7cf3c256-32b9-4409-93fb-64afebede10d,Bolt,scooter,available,77,2026-09-30T21:15:17Z,POINT (-9.14361 38.70753)
9fe3260f-8f95-4154-9517-758aeef56a61,a08ff49b-6f77-4632-a16c-43069c43a8c3,Lime,scooter,removed,52,2026-09-30T22:38:05Z,POINT (-9.14132 38.71135)
25286d18-1751-4cc5-bc35-36f87f34b649,7cf3c256-32b9-4409-93fb-64afebede10d,Bolt,scooter,non_operational,10,2026-09-30T23:48:03Z,POINT (-9.16366 38.71112)
907c5d89-9e65-46bf-96b2-5884b7a80250,7cf3c256-32b9-4409-93fb-64afebede10d,Bolt,scooter,available,34,2026-09-30T22:37:14Z,POINT (-9.15125 38.70714)
b5b3663e-5b7f-4ab3-aa0d-112259d53ce5,aa1883c4-ffd0-40f5-bd14-dcc312684e4e,Voi,scooter,unknown,88,2026-09-30T22:36:34Z,POINT (-9.14845 38.72359)
95aa0049-1159-47b2-9b8c-8b695fca41e3,e8eb2af2-f261-45a8-91cd-424e42a85121,Dott,scooter,reserved,61,2026-09-30T22:17:49Z,POINT (-9.14061 38.70692)
ab73196f-87b4-4bcb-867c-a1d1ba552559,a08ff49b-6f77-4632-a16c-43069c43a8c3,Lime,scooter,available,84,2026-09-30T21:09:48Z,POINT (-9.14755 38.73323)
904e7e1b-d87f-4925-9d12-01c0ca1839e0,e8eb2af2-f261-45a8-91cd-424e42a85121,Dott,scooter,available,58,2026-09-30T21:22:54Z,POINT (-9.09338 38.75892)
4fa8a0ff-59ab-4667-8f59-0eb373c682e4,aa1883c4-ffd0-40f5-bd14-dcc312684e4e,Voi,scooter,available,83,2026-09-30T23:15:26Z,POINT (-9.12469 38.71373)
9cc269b7-e97a-4926-83b6-f193434cf5ea,aa1883c4-ffd0-40f5-bd14-dcc312684e4e,Voi,scooter,available,74,2026-09-30T23:05:40Z,POINT (-9.14457 38.70850)
2c6793e5-be9a-4443-a846-96d9eec38907,e8eb2af2-f261-45a8-91cd-424e42a85121,Dott,bicycle,available,93,2026-09-30T22:15:06Z,POINT (-9.14554 38.70982)
e79cc1b3-5ac3-4b66-903c-b03c4d82e47d,a08ff49b-6f77-4632-a16c-43069c43a8c3,Lime,bicycle,available,23,2026-09-30T23:04:05Z,POINT (-9.13552 38.74122)
5fd49abd-fa96-496c-9429-b9201c3e9414,7cf3c256-32b9-4409-93fb-64afebede10d,Bolt,scooter,removed,86,2026-09-30T22:22:34Z,POINT (-9.14706 38.73441)
8c42d966-5d5e-4d3d-8454-228e864f48e1,aa36434e-f251-4c63-8d4e-86a538cc03aa,Gira,bicycle,available,41,2026-09-30T21:52:27Z,POINT (-9.16186 38.71556)
469522f2-fc45-4424-9477-ae43d5344762,e8eb2af2-f261-45a8-91cd-424e42a85121,Dott,scooter,available,30,2026-09-30T21:01:29Z,POINT (-9.14991 38.73446)
48819791-0308-4bbf-aa3c-5292cebdd5cc,7cf3c256-32b9-4409-93fb-64afebede10d,Bolt,scooter,non_operational,14,2026-09-30T21:56:30Z,POINT (-9.14780 38.71740)
a65fdee1-c03f-431f-908c-e3aebdd5a13c,a08ff49b-6f77-4632-a16c-43069c43a8c3,Lime,bicycle,available,78,2026-09-30T22:51:54Z,POINT (-9.15107 38.71318)
cf248821-55e2-41e1-b5ce-3884d3700be6,e8eb2af2-f261-45a8-91cd-424e42a85121,Dott,bicycle,available,29,2026-09-30T23:53:45Z,POINT (-9.11994 38.71430)
bf86788e-c4c0-43d6-81b1-25d095012765,aa1883c4-ffd0-40f5-bd14-dcc312684e4e,Voi,scooter,non_operational,16,2026-09-30T22:47:29Z,POINT (-9.14445 38.73857)
44b15248-d6af-4c07-946e-443450f3419b,7cf3c256-32b9-4409-93fb-64afebede10d,Bolt,scooter,available,74,2026-09-30T21:45:15Z,POINT (-9.15134 38.70871)
c807ba0f-268c-41ec-9a6f-cf6dbe29dec7,7cf3c256-32b9-4409-93fb-64afebede10d,Bolt,scooter,available,20,2026-09-30T22:48:13Z,POINT (-9.14189 38.71108)
2fe9a789-ce52-4cd6-a21d-42bad2eb16c3,aa36434e-f251-4c63-8d4e-86a538cc03aa,Gira,bicycle,available,42,2026-09-30T21:52:45Z,POINT (-9.20652 38.70345)
41790421-90c5-43f9-808d-abd0d1ab70f1,a08ff49b-6f77-4632-a16c-43069c43a8c3,Lime,scooter,reserved,21,2026-09-30T22:22:11Z,POINT (-9.14788 38.75110)
a755c2b1-9745-4e08-88fd-9e85e6b0ac95,7cf3c256-32b9-4409-93fb-64afebede10d,Bolt,scooter,available,67,2026-09-30T22:39:23Z,POINT (-9.13862 38.72952)
9fda9b6f-8df5-464d-8ec4-167f9ad654ae,a08ff49b-6f77-4632-a16c-43069c43a8c3,Lime,scooter,removed,70,2026-09-30T22:09:56Z,POINT (-9.14293 38.75575)
84d96c94-8a71-4e2c-96be-af0bb3ecad8a,a08ff49b-6f77-4632-a16c-43069c43a8c3,Lime,bicycle,available,51,2026-09-30T21:52:40Z,POINT (-9.14222 38.71244)
c02507ef-16bf-4fdc-a987-11ca87a624f2,a08ff49b-6f77-4632-a16c-43069c43a8c3,Lime,bicycle,available,52,2026-09-30T21:44:05Z,POINT (-9.19058 38.69770)
b37a9662-d9d6-46e9-8d37-61e78f000716,e8eb2af2-f261-45a8-91cd-424e42a85121,Dott,scooter,available,29,2026-09-30T22:04:18Z,POINT (-9.13306 38.75357)
1b12e314-655e-4d4f-9acd-302514ac5780,aa36434e-f251-4c63-8d4e-86a538cc03aa,Gira,bicycle,unknown,34,2026-09-30T22:29:01Z,POINT (-9.14238 38.70920)
325c40bf-f21c-4b07-a56f-16d1737784e8,e8eb2af2-f261-45a8-91cd-424e42a85121,Dott,bicycle,removed,42,2026-09-30T22:06:45Z,POINT (-9.12873 38.71040)
743d90ab-5577-4591-a6e8-521963f63243,7cf3c256-32b9-4409-93fb-64afebede10d,Bolt,scooter,removed,49,2026-09-30T21:41:13Z,POINT (-9.10202 38.76841)
cbf77ce0-9ffb-469e-b622-3f62552c4431,aa36434e-f251-4c63-8d4e-86a538cc03aa,Gira,bicycle,non_operational,3,2026-09-30T22:52:25Z,POINT (-9.09657 38.76226)
a20ae3fc-bd83-4194-92cc-0a98aae005df,e8eb2af2-f261-45a8-91cd-424e42a85121,Dott,scooter,available,74,2026-09-30T21:59:52Z,POINT (-9.13534 38.71144)
6d503bcc-b9cc-4540-af3f-ee1f128e4028,e8eb2af2-f261-45a8-91cd-424e42a85121,Dott,scooter,reserved,53,2026-09-30T22:44:21Z,POINT (-9.14530 38.73002)
bdc065af-7d36-4e0a-a765-93fe3604d90b,a08ff49b-6f77-4632-a16c-43069c43a8c3,Lime,scooter,non_operational,16,2026-09-30T22:03:05Z,POINT (-9.14754 38.70903)
70999675-a355-4e90-ad44-daebfc7fd3d2,e8eb2af2-f261-45a8-91cd-424e42a85121,Dott,bicycle,removed,70,2026-09-30T22:50:07Z,POINT (-9.13824 38.71243)
b1c960e5-0e3b-4857-ba92-d8c9f736fa32,a08ff49b-6f77-4632-a16c-43069c43a8c3,Lime,scooter,available,99,2026-09-30T23:47:37Z,POINT (-9.14381 38.70859)
62e0e8c9-3cd7-4b89-9651-b77cbab2ee58,7cf3c256-32b9-4409-93fb-64afebede10d,Bolt,scooter,available,22,2026-09-30T21:26:28Z,POINT (-9.15011 38.73755)
e4f6879c-0805-4f1a-b871-c683b0c0bf6e,7cf3c256-32b9-4409-93fb-64afebede10d,Bolt,scooter,available,90,2026-09-30T23:38:10Z,POINT (-9.15612 38.71041)
11489ae1-bffb-4416-b68b-4c3719f43c90,7cf3c256-32b9-4409-93fb-64afebede10d,Bolt,scooter,available,79,2026-09-30T22:08:16Z,POINT (-9.15037 38.72789)
39986e70-656f-4327-900e-773e3b4c615a,7cf3c256-32b9-4409-93fb-64afebede10d,Bolt,scooter,available,27,2026-09-30T21:40:30Z,POINT (-9.14992 38.75244)
be79d96f-f50a-4601-9260-416db05b781c,aa1883c4-ffd0-40f5-bd14-dcc312684e4e,Voi,scooter,unknown,76,2026-09-30T21:15:38Z,POINT (-9.14666 38.73930)
432b5b9b-977a-4f1b-8f6e-4cfc0a05eebd,e8eb2af2-f261-45a8-91cd-424e42a85121,Dott,bicycle,available,51,2026-09-30T21:40:43Z,POINT (-9.13815 38.75750)
ecc945d2-aa8b-4d35-b666-98470eaadf30,e8eb2af2-f261-45a8-91cd-424e42a85121,Dott,scooter,available,47,2026-09-30T22:07:59Z,POINT (-9.14409 38.72888)
4d0fbf0f-fb28-465a-8f98-3d3a7ddbdd60,7cf3c256-32b9-4409-93fb-64afebede10d,Bolt,scooter,reserved,46,2026-09-30T22:39:45Z,POINT (-9.14245 38.71313)
93be0f64-6f5b-477d-86b5-a62612aa89ac,e8eb2af2-f261-45a8-91cd-424e42a85121,Dott,scooter,available,22,2026-09-30T22:16:55Z,POINT (-9.12218 38.71482)
7197f9f8-c785-4506-8643-abbe22041928,7cf3c256-32b9-4409-93fb-64afebede10d,Bolt,scooter,available,97,2026-09-30T23:04:47Z,POINT (-9.14104 38.75767)
03e527c6-2204-4891-9ee3-1a997f8b0338,7cf3c256-32b9-4409-93fb-64afebede10d,Bolt,scooter,non_operational,13,2026-09-30T23:11:24Z,POINT (-9.17931 38.70209)
a15a9936-7c97-4678-b8fd-e2f85b86973a,aa36434e-f251-4c63-8d4e-86a538cc03aa,Gira,bicycle,available,25,2026-09-30T23:49:38Z,POINT (-9.11594 38.76908)
a1985f4e-8f36-484b-a6f1-c12d74518947,aa36434e-f251-4c63-8d4e-86a538cc03aa,Gira,bicycle,available,58,2026-09-30T21:45:16Z,POINT (-9.13770 38.74661)
8842be91-5d0f-454e-9346-52dca5e70d1e,a08ff49b-6f77-4632-a16c-43069c43a8c3,Lime,bicycle,available,93,2026-09-30T22:50:44Z,POINT (-9.13457 38.74085)
0002f919-df0e-421f-a1df-becd70a67583,a08ff49b-6f77-4632-a16c-43069c43a8c3,Lime,scooter,available,87,2026-09-30T21:23:53Z,POINT (-9.09120 38.77013)
fdae4689-a037-4d81-a209-8aba26bc70ce,7cf3c256-32b9-4409-93fb-64afebede10d,Bolt,scooter,available,54,2026-09-30T23:44:37Z,POINT (-9.14525 38.73277)
75052c38-dadd-4480-87ee-681dc68b47b3,a08ff49b-6f77-4632-a16c-43069c43a8c3,Lime,scooter,available,41,2026-09-30T23:01:20Z,POINT (-9.12432 38.71466)
cb5972dd-10dc-4615-8d64-9d1446ece7e5,e8eb2af2-f261-45a8-91cd-424e42a85121,Dott,bicycle,available,81,2026-09-30T22:58:37Z,POINT (-9.15115 38.72705)
3af6f838-abfa-4669-9f44-dbdbb45fae8f,e8eb2af2-f261-45a8-91cd-424e42a85121,Dott,bicycle,available,72,2026-09-30T22:15:17Z,POINT (-9.14649 38.71308)
0c3e6e50-7e52-4d2f-aed9-a5a76a6f0180,a08ff49b-6f77-4632-a16c-43069c43a8c3,Lime,bicycle,removed,88,2026-09-30T22:02:49Z,POINT (-9.14433 38.70617)
21170389-1a20-46c1-961a-2abfb413743f,7cf3c256-32b9-4409-93fb-64afebede10d,Bolt,scooter,available,37,2026-09-30T23:47:31Z,POINT (-9.09902 38.76344)
09e5c67f-0035-477d-9f06-54c987d6d06a,a08ff49b-6f77-4632-a16c-43069c43a8c3,Lime,bicycle,non_operational,15,2026-09-30T21:26:33Z,POINT (-9.11030 38.74209)
102eeff2-d937-47db-903c-1448c9ccc7c6,e8eb2af2-f261-45a8-91cd-424e42a85121,Dott,scooter,available,94,2026-09-30T23:33:22Z,POINT (-9.15613 38.72289)
0f10afa3-c73d-41cb-993c-afc0661bbbdb,7cf3c256-32b9-4409-93fb-64afebede10d,Bolt,scooter,reserved,74,2026-09-30T21:17:57Z,POINT (-9.15926 38.72405)
de1f9ddf-9ed0-4a85-84f7-2ffcfe4ea0cc,a08ff49b-6f77-4632-a16c-43069c43a8c3,Lime,scooter,available,67,2026-09-30T22:46:37Z,POINT (-9.11491 38.73219)
680231a1-e3f3-40cb-aa78-84274499621c,7cf3c256-32b9-4409-93fb-64afebede10d,Bolt,scooter,non_operational,1,2026-09-30T21:04:17Z,POINT (-9.15521 38.72374)
689a7ec5-46a4-4707-b364-242750abc956,7cf3c256-32b9-4409-93fb-64afebede10d,Bolt,scooter,non_operational,18,2026-09-30T23:03:36Z,POINT (-9.15002 38.74069)
301118a6-5865-4e98-ada7-565d75d48023,aa1883c4-ffd0-40f5-bd14-dcc312684e4e,Voi,scooter,non_operational,17,2026-09-30T23:31:33Z,POINT (-9.14445 38.73442)
db473516-fc4b-47a0-809a-cdfc39112d44,a08ff49b-6f77-4632-a16c-43069c43a8c3,Lime,scooter,available,48,2026-09-30T23:03:00Z,POINT (-9.12629 38.71480)
d46d1237-930b-41c3-a415-79156a9c652c,aa1883c4-ffd0-40f5-bd14-dcc312684e4e,Voi,scooter,reserved,37,2026-09-30T23:11:11Z,POINT (-9.09686 38.77060)
ce5babd2-1eec-43b7-8b56-d5b5655ea45c,aa1883c4-ffd0-40f5-bd14-dcc312684e4e,Voi,scooter,available,40,2026-09-30T22:38:32Z,POINT (-9.15106 38.71402)
4fa46591-1b24-428e-b531-9c9e7a597d79,e8eb2af2-f261-45a8-91cd-424e42a85121,Dott,scooter,non_operational,17,2026-09-30T23:21:45Z,POINT (-9.14014 38.70668)
377dcea7-8370-4d40-8fd5-3c64cae2b90e,aa1883c4-ffd0-40f5-bd14-dcc312684e4e,Voi,scooter,available,32,2026-09-30T22:40:19Z,POINT (-9.14255 38.71544)
47934ff7-1ac5-4028-8e04-1400da37a7f1,a08ff49b-6f77-4632-a16c-43069c43a8c3,Lime,bicycle,available,21,2026-09-30T21:55:02Z,POINT (-9.13954 38.72131)
e9486b1c-4f5f-4aa5-bae2-866ab5944eb1,e8eb2af2-f261-45a8-91cd-424e42a85121,Dott,bicycle,unknown,99,2026-09-30T22:20:42Z,POINT (-9.15287 38.74160)
d7294032-5c03-40c4-b939-2aa4d20751a7,e8eb2af2-f261-45a8-91cd-424e42a85121,Dott,scooter,removed,78,2026-09-30T23:32:46Z,POINT (-9.21095 38.69535)
85e5f34a-516a-48a2-9328-5cb20fe01316,e8eb2af2-f261-45a8-91cd-424e42a85121,Dott,bicycle,non_operational,12,2026-09-30T21:37:20Z,POINT (-9.14417 38.71887)
21284734-8379-4dc0-b9c0-961ccb82724e,7cf3c256-32b9-4409-93fb-64afebede10d,Bolt,scooter,available,42,2026-09-30T22:11:51Z,POINT (-9.14605 38.70854)
14f6692e-f509-48b2-add4-24b1051e6c73,a08ff49b-6f77-4632-a16c-43069c43a8c3,Lime,scooter,available,79,2026-09-30T21:46:54Z,POINT (-9.14742 38.70943)
d8b098af-f9a0-457f-b929-23ccb5199416,e8eb2af2-f261-45a8-91cd-424e42a85121,Dott,bicycle,available,48,2026-09-30T22:52:56Z,POINT (-9.14866 38.70998)
2a0640a1-1365-4cab-9907-5eb36809304b,a08ff49b-6f77-4632-a16c-43069c43a8c3,Lime,bicycle,available,76,2026-09-30T23:34:35Z,POINT (-9.10469 38.77027)
780bc100-93bb-4021-a247-ecaeaad49dae,7cf3c256-32b9-4409-93fb-64afebede10d,Bolt,scooter,available,31,2026-09-30T22:39:04Z,POINT (-9.14575 38.70895)
ea87b0b4-ec68-45af-b03b-acd9955168bd,aa1883c4-ffd0-40f5-bd14-dcc312684e4e,Voi,scooter,available,49,2026-09-30T21:22:44Z,POINT (-9.14759 38.70830)
47ce70d7-f1f5-47d0-8093-b8efd182da83,a08ff49b-6f77-4632-a16c-43069c43a8c3,Lime,scooter,available,40,2026-09-30T22:22:32Z,POINT (-9.13989 38.73836)
453a1c35-e8fc-494a-9e29-3732b5589a40,e8eb2af2-f261-45a8-91cd-424e42a85121,Dott,scooter,available,86,2026-09-30T23:50:41Z,POINT (-9.14921 38.72406)
8c796677-a005-4dec-a6f5-71d60a94011a,e8eb2af2-f261-45a8-91cd-424e42a85121,Dott,scooter,reserved,95,2026-09-30T21:51:47Z,POINT (-9.14165 38.72565)
270101b3-2235-4112-9ae2-c43b2b531894,7cf3c256-32b9-4409-93fb-64afebede10d,Bolt,scooter,available,53,2026-09-30T22:35:18Z,POINT (-9.14063 38.71367)
9319f1dc-a874-414c-a5a3-d5a53bdcaf2d,e8eb2af2-f261-45a8-91cd-424e42a85121,Dott,scooter,available,76,2026-09-30T21:04:44Z,POINT (-9.15459 38.73149)
fc33a8e5-accb-4445-90af-4fb575ae2af9,aa1883c4-ffd0-40f5-bd14-dcc312684e4e,Voi,scooter,reserved,20,2026-09-30T21:26:46Z,POINT (-9.14946 38.70772)
cddcbe58-f39a-481c-90d4-8a7e66451113,7cf3c256-32b9-4409-93fb-64afebede10d,Bolt,scooter,removed,98,2026-09-30T21:57:51Z,POINT (-9.13233 38.71987)
ca4f344f-9a6a-46e4-99a0-f7efa149472b,a08ff49b-6f77-4632-a16c-43069c43a8c3,Lime,bicycle,removed,38,2026-09-30T22:51:59Z,POINT (-9.17568 38.70477)
9fc17ee8-1046-4997-9526-964510db31c6,aa1883c4-ffd0-40f5-bd14-dcc312684e4e,Voi,scooter,non_operational,4,2026-09-30T22:49:43Z,POINT (-9.10044 38.75926)
56d1e1eb-e7e7-4783-86ce-75b95329bc5b,e8eb2af2-f261-45a8-91cd-424e42a85121,Dott,bicycle,available,64,2026-09-30T23:28:20Z,POINT (-9.12737 38.71906)
c57b5182-312c-49ff-8dda-38efd65483b6,7cf3c256-32b9-4409-93fb-64afebede10d,Bolt,scooter,non_operational,5,2026-09-30T23:45:18Z,POINT (-9.20728 38.70122)
2f013e67-6ca7-4337-af0d-9197f5bbbe07,a08ff49b-6f77-4632-a16c-43069c43a8c3,Lime,bicycle,unknown,84,2026-09-30T21:53:27Z,POINT (-9.13726 38.71694)
b41a2e52-2751-4f01-a474-37dcc78919ab,7cf3c256-32b9-4409-93fb-64afebede10d,Bolt,scooter,available,20,2026-09-30T21:49:31Z,POINT (-9.16889 38.75966)
ec1ea4cf-39e6-4ce8-9a31-81a0545ad3f3,e8eb2af2-f261-45a8-91cd-424e42a85121,Dott,bicycle,available,27,2026-09-30T23:50:27Z,POINT (-9.13792 38.71344)
1f0f98cf-eb14-46ed-aa41-371703563865,a08ff49b-6f77-4632-a16c-43069c43a8c3,Lime,bicycle,available,39,2026-09-30T22:18:59Z,POINT (-9.14610 38.71316)
65f0f5b3-f5d8-4085-95da-ed4ff6474077,a08ff49b-6f77-4632-a16c-43069c43a8c3,Lime,scooter,available,81,2026-09-30T22:21:19Z,POINT (-9.13170 38.74391)
c9ca891a-840d-4925-a7a0-f01a84b17bbe,a08ff49b-6f77-4632-a16c-43069c43a8c3,Lime,bicycle,available,54,2026-09-30T22:18:08Z,POINT (-9.20667 38.69846)
42a7f533-5e04-46f8-a963-c107c4d26ac0,7cf3c256-32b9-4409-93fb-64afebede10d,Bolt,scooter,available,57,2026-09-30T22:22:39Z,POINT (-9.20354 38.70269)
b4d2f6de-50b2-4b03-b537-9c0752f10fd9,aa1883c4-ffd0-40f5-bd14-dcc312684e4e,Voi,scooter,available,87,2026-09-30T21:48:59Z,POINT (-9.14464 38.70675)
c8538e41-6abb-4f28-a7a2-2fa1fd638226,aa1883c4-ffd0-40f5-bd14-dcc312684e4e,Voi,scooter,non_operational,15,2026-09-30T21:08:43Z,POINT (-9.13077 38.71043)
76eec96a-7473-4176-b11f-da9a2f4a0abf,e8eb2af2-f261-45a8-91cd-424e42a85121,Dott,bicycle,available,80,2026-09-30T21:41:02Z,POINT (-9.12650 38.71281)
353d9fd7-7d9b-46b3-bbdd-094ce249b2b6,7cf3c256-32b9-4409-93fb-64afebede10d,Bolt,scooter,available,89,2026-09-30T21:57:51Z,POINT (-9.13843 38.74198)
b878aad9-051e-4260-8758-33643cad4033,a08ff49b-6f77-4632-a16c-43069c43a8c3,Lime,bicycle,available,98,2026-09-30T22:12:09Z,POINT (-9.14909 38.72295)
3468ce11-a27c-4ca3-8cd2-31feb3138244,7cf3c256-32b9-4409-93fb-64afebede10d,Bolt,scooter,removed,56,2026-09-30T21:23:51Z,POINT (-9.14329 38.70864)
fc7da49c-f8c9-41c5-9685-4bd12cfd600d,a08ff49b-6f77-4632-a16c-43069c43a8c3,Lime,bicycle,available,53,2026-09-30T22:12:04Z,POINT (-9.14580 38.71260)
8be16b9c-6424-4371-b464-fc054281152b,a08ff49b-6f77-4632-a16c-43069c43a8c3,Lime,scooter,non_operational,8,2026-09-30T21:18:30Z,POINT (-9.15609 38.74563)
77526b2f-10ff-400a-8503-c6092c8ae668,a08ff49b-6f77-4632-a16c-43069c43a8c3,Lime,bicycle,available,66,2026-09-30T21:21:56Z,POINT (-9.14837 38.71895)
60e15a42-512a-4158-b6fb-8d6479762019,a08ff49b-6f77-4632-a16c-43069c43a8c3,Lime,scooter,removed,93,2026-09-30T23:55:12Z,POINT (-9.13504 38.71156)
e1571996-cc39-4392-818f-c567bfea9867,aa36434e-f251-4c63-8d4e-86a538cc03aa,Gira,bicycle,available,45,2026-09-30T23:16:04Z,POINT (-9.14665 38.71503)
7a48b7f8-0182-40a8-9351-8bb84d1a590b,e8eb2af2-f261-45a8-91cd-424e42a85121,Dott,bicycle,available,44,2026-09-30T22:42:07Z,POINT (-9.12546 38.71680)
1a6fba3b-130e-4050-9ff7-2c5d4035a1c4,a08ff49b-6f77-4632-a16c-43069c43a8c3,Lime,scooter,available,67,2026-09-30T22:28:37Z,POINT (-9.14208 38.71052)
613190e7-cc88-4fcf-908d-9c922055c4a1,7cf3c256-32b9-4409-93fb-64afebede10d,Bolt,scooter,available,67,2026-09-30T22:56:29Z,POINT (-9.14177 38.74345)
3b6699af-6438-4efe-9906-d9f843cfe31c,7cf3c256-32b9-4409-93fb-64afebede10d,Bolt,scooter,available,46,2026-09-30T23:56:12Z,POINT (-9.15367 38.73752)
443f3788-fe87-4813-8dd8-4f3754581219,7cf3c256-32b9-4409-93fb-64afebede10d,Bolt,scooter,available,41,2026-09-30T21:20:18Z,POINT (-9.14673 38.70776)
ccb03002-264b-4d51-a3c4-1961f48cbc1c,7cf3c256-32b9-4409-93fb-64afebede10d,Bolt,scooter,available,67,2026-09-30T21:13:43Z,POINT (-9.09782 38.76933)
26ae465a-5585-433e-ad5e-1932a31aed9d,e8eb2af2-f261-45a8-91cd-424e42a85121,Dott,scooter,available,63,2026-09-30T21:11:20Z,POINT (-9.13998 38.70880)
3267d403-dcd5-467f-8c28-86ef19c5c595,e8eb2af2-f261-45a8-91cd-424e42a85121,Dott,bicycle,available,38,2026-09-30T23:00:55Z,POINT (-9.13731 38.73432)
744eea88-9a5d-44cd-8b45-85ee1e8caefa,a08ff49b-6f77-4632-a16c-43069c43a8c3,Lime,scooter,reserved,90,2026-09-30T21:40:16Z,POINT (-9.14390 38.71641)
2dd6eab1-bfe9-443d-9915-412d6947e169,aa36434e-f251-4c63-8d4e-86a538cc03aa,Gira,bicycle,reserved,54,2026-09-30T23:18:58Z,POINT (-9.14513 38.73618)
8495c055-8315-4057-bbaf-96bf08a89a0d,e8eb2af2-f261-45a8-91cd-424e42a85121,Dott,scooter,non_operational,12,2026-09-30T21:06:52Z,POINT (-9.12307 38.71282)
113c4750-62d8-4f87-bbd4-85b42f3e3d56,aa1883c4-ffd0-40f5-bd14-dcc312684e4e,Voi,scooter,available,76,2026-09-30T21:42:08Z,POINT (-9.20873 38.69833)
c1ad21cc-9ee0-4343-9c2d-a11232876022,7cf3c256-32b9-4409-93fb-64afebede10d,Bolt,scooter,removed,68,2026-09-30T21:27:52Z,POINT (-9.15318 38.72327)
34e2c3d5-0f6d-4a36-ad8a-dc662b7cf335,e8eb2af2-f261-45a8-91cd-424e42a85121,Dott,bicycle,unknown,25,2026-09-30T23:59:40Z,POINT (-9.14896 38.72771)
cb62b199-b2f8-4913-b5d0-9f1a9a2c33a8,7cf3c256-32b9-4409-93fb-64afebede10d,Bolt,scooter,available,26,2026-09-30T23:25:47Z,POINT (-9.14070 38.71369)
68b22f5f-be92-4450-ab7c-cb9dd39e6571,aa1883c4-ffd0-40f5-bd14-dcc312684e4e,Voi,scooter,non_operational,9,2026-09-30T23:26:00Z,POINT (-9.14856 38.72277)
ec5bd7b3-cdbb-4a77-b62a-170c9650b977,aa36434e-f251-4c63-8d4e-86a538cc03aa,Gira,bicycle,non_operational,8,2026-09-30T22:14:53Z,POINT (-9.10868 38.76034)
b29bc66a-583f-43b4-823a-2ccdb92ea763,aa1883c4-ffd0-40f5-bd14-dcc312684e4e,Voi,scooter,non_operational,11,2026-09-30T23:14:57Z,POINT (-9.16055 38.76275)
5878af9a-2d7c-4132-806e-cb6e30fbfd27,aa1883c4-ffd0-40f5-bd14-dcc312684e4e,Voi,scooter,removed,79,2026-09-30T22:58:32Z,POINT (-9.13877 38.73693)
470e41b8-44ff-4d3b-85cb-60f7d30b07da,e8eb2af2-f261-45a8-91cd-424e42a85121,Dott,scooter,removed,31,2026-09-30T21:06:51Z,POINT (-9.15078 38.72023)
20890c6c-1a09-4951-8888-1a35955ec7e2,aa36434e-f251-4c63-8d4e-86a538cc03aa,Gira,bicycle,non_operational,7,2026-09-30T21:40:15Z,POINT (-9.14029 38.74573)
aa1e2720-09ab-4a9d-9f37-7633b5a6f656,7cf3c256-32b9-4409-93fb-64afebede10d,Bolt,scooter,available,54,2026-09-30T22:30:50Z,POINT (-9.15168 38.75543)
1354a7fe-9fa5-454c-b656-7c6dbe4db419,aa1883c4-ffd0-40f5-bd14-dcc312684e4e,Voi,scooter,available,49,2026-09-30T23:17:25Z,POINT (-9.13681 38.73810)
1ef6b95e-855d-401d-b603-0077d0808986,7cf3c256-32b9-4409-93fb-64afebede10d,Bolt,scooter,available,42,2026-09-30T22:26:08Z,POINT (-9.16974 38.70553)
3450cfa4-c5f3-4161-bc83-b8ba89039dba,a08ff49b-6f77-4632-a16c-43069c43a8c3,Lime,bicycle,available,76,2026-09-30T23:34:28Z,POINT (-9.13057 38.71670)
7743de1a-3741-4aeb-b87a-a200b3ca0685,aa36434e-f251-4c63-8d4e-86a538cc03aa,Gira,bicycle,available,38,2026-09-30T21:05:19Z,POINT (-9.13353 38.74126)
5b1cab8c-6e53-4e80-8a6e-25c118c759ca,a08ff49b-6f77-4632-a16c-43069c43a8c3,Lime,bicycle,available,74,2026-09-30T23:50:10Z,POINT (-9.14738 38.73419)
363e19f4-3078-4c15-a82e-0106bba20de0,a08ff49b-6f77-4632-a16c-43069c43a8c3,Lime,bicycle,available,77,2026-09-30T21:03:47Z,POINT (-9.12312 38.71797)
dfac428e-4c7d-4afb-afe4-f1e1d6de91a5,aa1883c4-ffd0-40f5-bd14-dcc312684e4e,Voi,scooter,removed,58,2026-09-30T22:23:36Z,POINT (-9.14587 38.71090)
b11c1d43-e66e-4266-be88-a66b226bcaa7,aa1883c4-ffd0-40f5-bd14-dcc312684e4e,Voi,scooter,available,32,2026-09-30T23:33:59Z,POINT (-9.15178 38.70845)
3a0d314e-b256-4cb5-b97e-2c13bb8a4f1e,aa1883c4-ffd0-40f5-bd14-dcc312684e4e,Voi,scooter,removed,90,2026-09-30T22:56:52Z,POINT (-9.10187 38.76507)
9a5c9a6b-9292-4fa6-bd06-7b83926a8fee,aa1883c4-ffd0-40f5-bd14-dcc312684e4e,Voi,scooter,non_operational,16,2026-09-30T21:54:55Z,POINT (-9.15202 38.72017)
f49d6196-6e45-4123-bc41-adce4c739f9d,7cf3c256-32b9-4409-93fb-64afebede10d,Bolt,scooter,removed,73,2026-09-30T23:17:20Z,POINT (-9.13572 38.71727)
cf1dd3f3-42bc-4065-9c67-14a8a6b4ef17,7cf3c256-32b9-4409-93fb-64afebede10d,Bolt,scooter,available,64,2026-09-30T23:19:56Z,POINT (-9.14845 38.71502)
e6478ea2-9ec8-4650-a098-a95da7e80a3a,aa36434e-f251-4c63-8d4e-86a538cc03aa,Gira,bicycle,available,95,2026-09-30T22:57:31Z,POINT (-9.14500 38.71133)
3cd171bf-b91f-47ac-a5b9-d67a93306d4d,7cf3c256-32b9-4409-93fb-64afebede10d,Bolt,scooter,available,81,2026-09-30T21:30:44Z,POINT (-9.13923 38.71412)
ac77fa5e-197a-4d1f-b2ee-d021d4d00b28,7cf3c256-32b9-4409-93fb-64afebede10d,Bolt,scooter,available,24,2026-09-30T21:53:55Z,POINT (-9.13692 38.74544)
0ce6f3c8-5dd9-43e9-a5ea-ef8699ac1267,e8eb2af2-f261-45a8-91cd-424e42a85121,Dott,bicycle,available,52,2026-09-30T22:33:14Z,POINT (-9.14258 38.71050)
61894f29-4295-482d-bf75-fd42841f9899,a08ff49b-6f77-4632-a16c-43069c43a8c3,Lime,scooter,non_operational,18,2026-09-30T23:52:15Z,POINT (-9.13675 38.73595)
201f06b4-1ca6-4058-8baf-abc8cc11dda8,a08ff49b-6f77-4632-a16c-43069c43a8c3,Lime,scooter,available,27,2026-09-30T22:09:49Z,POINT (-9.11086 38.76784)
c59af243-c8a8-46a9-98d7-7d883d4c0237,aa36434e-f251-4c63-8d4e-86a538cc03aa,Gira,bicycle,available,69,2026-09-30T23:30:20Z,POINT (-9.16196 38.72445)
a86f9fa0-e180-4103-b60d-5822cde87138,a08ff49b-6f77-4632-a16c-43069c43a8c3,Lime,bicycle,available,70,2026-09-30T23:11:31Z,POINT (-9.13897 38.73930)
f7b61a6e-5926-4ec0-9d8a-5d8715d8412f,e8eb2af2-f261-45a8-91cd-424e42a85121,Dott,bicycle,unknown,29,2026-09-30T22:35:05Z,POINT (-9.20204 38.69798)
aaef2b4f-3a19-42ac-b263-af8c7db90857,aa36434e-f251-4c63-8d4e-86a538cc03aa,Gira,bicycle,removed,66,2026-09-30T23:55:56Z,POINT (-9.14235 38.71064)
c2ad432c-8867-473b-b208-0162841f951c,e8eb2af2-f261-45a8-91cd-424e42a85121,Dott,bicycle,reserved,65,2026-09-30T21:02:36Z,POINT (-9.14251 38.75298)
552827cd-a0fa-40b8-b4f8-cbeb4e72cb8d,7cf3c256-32b9-4409-93fb-64afebede10d,Bolt,scooter,removed,43,2026-09-30T21:46:51Z,POINT (-9.14179 38.73724)
79eeb72c-1b2b-4a79-b93b-00082cd77202,e8eb2af2-f261-45a8-91cd-424e42a85121,Dott,scooter,available,61,2026-09-30T22:26:37Z,POINT (-9.15869 38.72694)
888eecbc-08ce-4fd9-94f8-7973d16fb849,e8eb2af2-f261-45a8-91cd-424e42a85121,Dott,bicycle,available,45,2026-09-30T21:03:39Z,POINT (-9.21120 38.70071)
b030311f-e8d3-4625-a8b9-3fc071ea6c5e,e8eb2af2-f261-45a8-91cd-424e42a85121,Dott,bicycle,non_operational,1,2026-09-30T21:21:36Z,POINT (-9.14439 38.72875)
90f632d5-eb93-4e16-a033-4934399b48cf,aa1883c4-ffd0-40f5-bd14-dcc312684e4e,Voi,scooter,reserved,96,2026-09-30T21:35:51Z,POINT (-9.10823 38.73586)
70abe7e1-9074-41c5-befc-0021e2a95e13,a08ff49b-6f77-4632-a16c-43069c43a8c3,Lime,scooter,removed,52,2026-09-30T21:36:39Z,POINT (-9.17560 38.70174)
8317d985-d52d-4e0d-b685-874e007ba385,e8eb2af2-f261-45a8-91cd-424e42a85121,Dott,scooter,available,66,2026-09-30T21:32:27Z,POINT (-9.11226 38.72908)
e6d44743-1927-4d52-8403-568b15d194ac,aa36434e-f251-4c63-8d4e-86a538cc03aa,Gira,bicycle,available,64,2026-09-30T21:16:50Z,POINT (-9.10567 38.76299)
5fdd8239-e18d-4263-ae20-533bf463bf2e,e8eb2af2-f261-45a8-91cd-424e42a85121,Dott,bicycle,available,78,2026-09-30T23:59:06Z,POINT (-9.16012 38.71513)
e64d578e-d062-43f7-a99c-2a530d3eb070,e8eb2af2-f261-45a8-91cd-424e42a85121,Dott,scooter,available,92,2026-09-30T21:27:24Z,POINT (-9.14433 38.71424)
05d25ca0-17f5-4747-9f44-275f275b9464,a08ff49b-6f77-4632-a16c-43069c43a8c3,Lime,scooter,non_operational,15,2026-09-30T23:21:05Z,POINT (-9.15053 38.74171)
e3fec911-3c1e-464e-a1f0-c6c4923075d4,a08ff49b-6f77-4632-a16c-43069c43a8c3,Lime,bicycle,non_operational,15,2026-09-30T21:53:09Z,POINT (-9.09787 38.76693)
4763eeb3-35d4-4640-8de2-70157acb0d78,aa36434e-f251-4c63-8d4e-86a538cc03aa,Gira,bicycle,removed,72,2026-09-30T21:08:59Z,POINT (-9.12493 38.71438)
3245a150-7f4f-48bc-9654-d7cdceb3f62e,7cf3c256-32b9-4409-93fb-64afebede10d,Bolt,scooter,unknown,83,2026-09-30T21:28:53Z,POINT (-9.14944 38.74277)
176e8e50-e282-44e0-8dfb-5a276c8137be,aa36434e-f251-4c63-8d4e-86a538cc03aa,Gira,bicycle,available,42,2026-09-30T22:42:55Z,POINT (-9.14753 38.70546)
011442c3-0954-491d-8c9b-e1f18b1db5ae,a08ff49b-6f77-4632-a16c-43069c43a8c3,Lime,bicycle,removed,81,2026-09-30T22:29:55Z,POINT (-9.11786 38.71553)
4bea2780-f466-4333-87bc-c2099306feae,7cf3c256-32b9-4409-93fb-64afebede10d,Bolt,scooter,available,88,2026-09-30T21:30:24Z,POINT (-9.14765 38.71082)
83bc55bf-9d86-47f0-8a14-53a58e2bf7e4,e8eb2af2-f261-45a8-91cd-424e42a85121,Dott,bicycle,available,39,2026-09-30T23:50:41Z,POINT (-9.14762 38.70836)
bb8ac6bf-a7ac-4116-808b-d9370223dd7d,a08ff49b-6f77-4632-a16c-43069c43a8c3,Lime,bicycle,available,21,2026-09-30T22:51:57Z,POINT (-9.13919 38.71790)
7fe6dddc-4f9c-4fd7-a9c5-6516135d6cbd,a08ff49b-6f77-4632-a16c-43069c43a8c3,Lime,bicycle,available,69,2026-09-30T22:51:41Z,POINT (-9.13859 38.71628)
9a97a057-69ca-42b4-840f-5f8e0643f472,e8eb2af2-f261-45a8-91cd-424e42a85121,Dott,scooter,available,79,2026-09-30T21:33:33Z,POINT (-9.19852 38.70138)
b7862ade-8d80-4db1-8cce-d7eb2f4066a0,7cf3c256-32b9-4409-93fb-64afebede10d,Bolt,scooter,reserved,80,2026-09-30T23:23:30Z,POINT (-9.13675 38.73472)
2fc6c773-b1e7-4424-94cc-1735354602b0,a08ff49b-6f77-4632-a16c-43069c43a8c3,Lime,scooter,available,53,2026-09-30T23:53:46Z,POINT (-9.13703 38.73731)
b64facbe-c74a-4fdd-8fab-df02d0874b54,aa1883c4-ffd0-40f5-bd14-dcc312684e4e,Voi,scooter,available,76,2026-09-30T22:08:15Z,POINT (-9.10670 38.76942)
d0a5f6a2-2a85-4b38-b0df-497d4a7a2041,a08ff49b-6f77-4632-a16c-43069c43a8c3,Lime,scooter,available,32,2026-09-30T22:54:57Z,POINT (-9.14934 38.70906)
e9c7f341-61a3-4f32-ba62-16480a0e97cb,aa1883c4-ffd0-40f5-bd14-dcc312684e4e,Voi,scooter,available,49,2026-09-30T22:55:09Z,POINT (-9.14333 38.73994)
af925395-0950-46d0-bd3f-c1c1ca4b11c5,aa1883c4-ffd0-40f5-bd14-dcc312684e4e,Voi,scooter,available,39,2026-09-30T22:35:20Z,POINT (-9.13319 38.75377)
cfd5eb7e-d600-43d0-9450-a0c5f1f776a6,aa1883c4-ffd0-40f5-bd14-dcc312684e4e,Voi,scooter,non_operational,14,2026-09-30T21:03:18Z,POINT (-9.13247 38.70950)
997c1ed7-843f-4060-ac81-5464914b561f,aa36434e-f251-4c63-8d4e-86a538cc03aa,Gira,bicycle,available,81,2026-09-30T21:39:39Z,POINT (-9.14040 38.75892)
362c9042-a114-49f7-8499-3ac7e28fd681,aa1883c4-ffd0-40f5-bd14-dcc312684e4e,Voi,scooter,available,37,2026-09-30T21:36:44Z,POINT (-9.20685 38.69756)
0404d184-952a-4dd9-ac3d-e7ecc13edfd9,aa1883c4-ffd0-40f5-bd14-dcc312684e4e,Voi,scooter,available,22,2026-09-30T21:19:40Z,POINT (-9.14365 38.73060)
0a61b585-ff00-40bf-9f14-cb3121bdb291,7cf3c256-32b9-4409-93fb-64afebede10d,Bolt,scooter,available,65,2026-09-30T23:47:25Z,POINT (-9.14048 38.71220)
cd175813-6b84-4bf6-96b6-05a42afd7e8a,a08ff49b-6f77-4632-a16c-43069c43a8c3,Lime,bicycle,non_operational,14,2026-09-30T23:18:59Z,POINT (-9.13386 38.71343)
cda231d7-5da8-46c5-a1ed-8ccd7846d293,a08ff49b-6f77-4632-a16c-43069c43a8c3,Lime,scooter,available,75,2026-09-30T23:04:00Z,POINT (-9.15145 38.71635)
0aec08ad-3ded-430f-b6e4-1f9af775c8fc,a08ff49b-6f77-4632-a16c-43069c43a8c3,Lime,bicycle,non_operational,6,2026-09-30T23:34:24Z,POINT (-9.20400 38.70040)
d86857c2-e843-4c04-b0d0-33c97ff4be9b,a08ff49b-6f77-4632-a16c-43069c43a8c3,Lime,bicycle,available,69,2026-09-30T23:29:43Z,POINT (-9.14046 38.71378)
5739b136-7edc-412b-b88a-8c5a3877a5e0,e8eb2af2-f261-45a8-91cd-424e42a85121,Dott,scooter,non_operational,7,2026-09-30T23:57:12Z,POINT (-9.13822 38.71528)
a99f0856-a85b-4f08-ac7f-8c7eeed9bf01,a08ff49b-6f77-4632-a16c-43069c43a8c3,Lime,bicycle,available,96,2026-09-30T23:50:55Z,POINT (-9.20966 38.70011)
14a6d852-e29d-4ae4-920f-1ceb2a8feaa5,7cf3c256-32b9-4409-93fb-64afebede10d,Bolt,scooter,available,86,2026-09-30T23:39:20Z,POINT (-9.14771 38.70844)
f2103ae2-8f54-4641-b81e-b4449aafefc0,aa36434e-f251-4c63-8d4e-86a538cc03aa,Gira,bicycle,removed,22,2026-09-30T23:04:57Z,POINT (-9.14554 38.71236)
3966313d-bc37-4210-8031-e0b5f8670e16,e8eb2af2-f261-45a8-91cd-424e42a85121,Dott,scooter,available,49,2026-09-30T23:14:08Z,POINT (-9.14466 38.72696)
f7344b74-7149-4134-9501-32f046943ace,a08ff49b-6f77-4632-a16c-43069c43a8c3,Lime,scooter,non_operational,17,2026-09-30T21:09:54Z,POINT (-9.14275 38.74342)
2b0aa779-c3c9-4a46-b9df-cc0ccca25f4e,aa36434e-f251-4c63-8d4e-86a538cc03aa,Gira,bicycle,available,23,2026-09-30T21:07:04Z,POINT (-9.13408 38.73200)
8a25aeea-033b-402e-839d-75bf03595f0c,a08ff49b-6f77-4632-a16c-43069c43a8c3,Lime,scooter,available,92,2026-09-30T22:26:38Z,POINT (-9.14614 38.70856)
f6664d6a-946c-4e15-a176-12960b56e45a,aa1883c4-ffd0-40f5-bd14-dcc312684e4e,Voi,scooter,available,34,2026-09-30T22:19:33Z,POINT (-9.17764 38.70317)
03388160-d3e7-49fc-b1c7-e2e9375f8b6c,a08ff49b-6f77-4632-a16c-43069c43a8c3,Lime,scooter,available,54,2026-09-30T22:17:16Z,POINT (-9.14759 38.71157)
3598ddbd-586b-4172-86f8-85f29e279427,a08ff49b-6f77-4632-a16c-43069c43a8c3,Lime,bicycle,available,50,2026-09-30T21:10:13Z,POINT (-9.14977 38.71175)
29cd28c1-29dd-43d8-a57c-8b3d973855f9,a08ff49b-6f77-4632-a16c-43069c43a8c3,Lime,scooter,non_operational,12,2026-09-30T21:57:11Z,POINT (-9.16346 38.76404)
29e9d7fd-c0ae-4813-998d-9a7529d2fde3,e8eb2af2-f261-45a8-91cd-424e42a85121,Dott,scooter,available,66,2026-09-30T22:14:52Z,POINT (-9.14978 38.73776)
69b9bac1-c8e0-405c-86e8-9fb636204857,7cf3c256-32b9-4409-93fb-64afebede10d,Bolt,scooter,available,47,2026-09-30T23:40:31Z,POINT (-9.09230 38.77206)
74b3beb3-7d99-4d2f-858d-2e153f1409c7,7cf3c256-32b9-4409-93fb-64afebede10d,Bolt,scooter,available,42,2026-09-30T22:14:15Z,POINT (-9.13769 38.74888)
838a3c31-47e8-4b91-a65d-c715ac838d53,aa1883c4-ffd0-40f5-bd14-dcc312684e4e,Voi,scooter,available,69,2026-09-30T21:50:51Z,POINT (-9.14678 38.71459)
e9c484f9-3830-4eb2-9112-64e0d85b8623,aa1883c4-ffd0-40f5-bd14-dcc312684e4e,Voi,scooter,available,58,2026-09-30T23:33:20Z,POINT (-9.14156 38.75483)
b19c9818-3d6a-43df-b4ce-fdb262a1cf02,a08ff49b-6f77-4632-a16c-43069c43a8c3,Lime,scooter,available,51,2026-09-30T23:40:32Z,POINT (-9.14314 38.71037)
7d58b998-9b4c-4eb3-bcaa-bfbffcce1813,7cf3c256-32b9-4409-93fb-64afebede10d,Bolt,scooter,removed,22,2026-09-30T23:58:33Z,POINT (-9.08742 38.76821)
d0e635e4-e4cd-4f94-8db1-e72a126eb5bc,a08ff49b-6f77-4632-a16c-43069c43a8c3,Lime,scooter,reserved,58,2026-09-30T22:52:21Z,POINT (-9.14866 38.72813)
d0386c8b-6ced-43bd-b797-4ce86dab7a9f,7cf3c256-32b9-4409-93fb-64afebede10d,Bolt,scooter,non_operational,13,2026-09-30T21:21:46Z,POINT (-9.15214 38.73262)
3fb781cd-f4c6-4d0d-89b0-d68d197a7421,a08ff49b-6f77-4632-a16c-43069c43a8c3,Lime,bicycle,non_operational,5,2026-09-30T22:11:42Z,POINT (-9.19526 38.69824)
af5af862-5383-4922-864f-d097c013a593,e8eb2af2-f261-45a8-91cd-424e42a85121,Dott,scooter,available,39,2026-09-30T21:55:06Z,POINT (-9.15905 38.73812)
3175f9da-5c8f-4fc0-9b3e-85308e887360,e8eb2af2-f261-45a8-91cd-424e42a85121,Dott,scooter,available,52,2026-09-30T21:05:37Z,POINT (-9.14620 38.70628)
b55951f2-ac21-4b98-b414-e0174341176b,7cf3c256-32b9-4409-93fb-64afebede10d,Bolt,scooter,available,35,2026-09-30T21:33:21Z,POINT (-9.12756 38.75108)
f113c020-055e-4df2-bb89-11dcb133809a,7cf3c256-32b9-4409-93fb-64afebede10d,Bolt,scooter,available,78,2026-09-30T22:37:56Z,POINT (-9.15813 38.71297)
f8d66643-a492-42c1-ab25-c4314d463678,e8eb2af2-f261-45a8-91cd-424e42a85121,Dott,bicycle,available,45,2026-09-30T21:39:22Z,POINT (-9.15111 38.72353)
ee3c6c12-8b5c-4a7e-9b42-eb5a8fe6720e,7cf3c256-32b9-4409-93fb-64afebede10d,Bolt,scooter,available,83,2026-09-30T23:39:40Z,POINT (-9.14797 38.74114)
dab49fe3-de7d-4eab-b865-c865cc6ed020,7cf3c256-32b9-4409-93fb-64afebede10d,Bolt,scooter,available,81,2026-09-30T21:05:09Z,POINT (-9.12630 38.71646)
f41a3f54-ffcb-4a2b-a973-30575408be1a,7cf3c256-32b9-4409-93fb-64afebede10d,Bolt,scooter,non_operational,7,2026-09-30T23:54:25Z,POINT (-9.15362 38.71765)
7e432d55-2426-4593-a108-fe74d460024f,aa1883c4-ffd0-40f5-bd14-dcc312684e4e,Voi,scooter,removed,56,2026-09-30T23:48:50Z,POINT (-9.14647 38.70784)
bc1ad01f-2552-433b-8c41-79e7f41ad758,a08ff49b-6f77-4632-a16c-43069c43a8c3,Lime,bicycle,available,45,2026-09-30T23:51:15Z,POINT (-9.12888 38.73918)
b02a5e1c-fe0d-41cf-a0c4-a63b45b52d04,aa1883c4-ffd0-40f5-bd14-dcc312684e4e,Voi,scooter,available,22,2026-09-30T23:04:05Z,POINT (-9.14133 38.73509)
4329b2e8-f1dc-4c48-9eff-1914b104b361,7cf3c256-32b9-4409-93fb-64afebede10d,Bolt,scooter,available,74,2026-09-30T23:10:24Z,POINT (-9.14807 38.73721)
aa6c60a4-7b3f-4e10-9baf-71721e3acf95,e8eb2af2-f261-45a8-91cd-424e42a85121,Dott,bicycle,non_operational,6,2026-09-30T22:33:30Z,POINT (-9.14493 38.73852)
d33b2eb0-8097-4ead-81be-88bfd0394a0b,e8eb2af2-f261-45a8-91cd-424e42a85121,Dott,bicycle,available,98,2026-09-30T22:12:14Z,POINT (-9.13575 38.71339)
0c9959ca-cc46-4f64-b67d-5038967cd16e,a08ff49b-6f77-4632-a16c-43069c43a8c3,Lime,scooter,available,25,2026-09-30T22:19:51Z,POINT (-9.13563 38.70734)
dff31aa3-e9c7-4a19-8f20-21575c0558e0,a08ff49b-6f77-4632-a16c-43069c43a8c3,Lime,bicycle,available,76,2026-09-30T22:16:11Z,POINT (-9.13953 38.70765)
9a705362-e0f9-4d82-a572-c438c8350058,a08ff49b-6f77-4632-a16c-43069c43a8c3,Lime,bicycle,available,89,2026-09-30T23:20:33Z,POINT (-9.10065 38.75992)
154dd3d4-2ac2-47be-a74d-b2fcb464d07f,aa36434e-f251-4c63-8d4e-86a538cc03aa,Gira,bicycle,removed,77,2026-09-30T23:21:02Z,POINT (-9.09390 38.75749)
377467c6-c1fb-4539-9969-ca19299bc9b1,7cf3c256-32b9-4409-93fb-64afebede10d,Bolt,scooter,removed,27,2026-09-30T21:54:42Z,POINT (-9.14317 38.71274)
889e3d63-9d37-4d4a-b47a-e2588b3b8e8f,7cf3c256-32b9-4409-93fb-64afebede10d,Bolt,scooter,available,36,2026-09-30T23:40:24Z,POINT (-9.12463 38.71368)
9bd56e4c-8b3f-4bac-91f2-854ea601b2de,a08ff49b-6f77-4632-a16c-43069c43a8c3,Lime,scooter,available,87,2026-09-30T23:44:27Z,POINT (-9.15990 38.75186)
15eae694-9211-49ce-90ac-5df0d4db8e53,a08ff49b-6f77-4632-a16c-43069c43a8c3,Lime,bicycle,available,97,2026-09-30T22:54:38Z,POINT (-9.07838 38.77247)
c9a2a692-dc4b-493d-ba64-9cd4d55d801b,e8eb2af2-f261-45a8-91cd-424e42a85121,Dott,scooter,reserved,71,2026-09-30T21:51:50Z,POINT (-9.10105 38.77789)
491eb62e-9317-40ff-b559-d2697ec93b51,a08ff49b-6f77-4632-a16c-43069c43a8c3,Lime,bicycle,reserved,87,2026-09-30T22:56:38Z,POINT (-9.14310 38.70842)
a59f6da2-dd46-48ec-b016-cb4687baddfc,aa36434e-f251-4c63-8d4e-86a538cc03aa,Gira,bicycle,available,27,2026-09-30T23:05:15Z,POINT (-9.14179 38.73650)
eb6fb2f9-ec57-4a6a-8586-ee74bf1a5fe7,e8eb2af2-f261-45a8-91cd-424e42a85121,Dott,bicycle,available,32,2026-09-30T21:08:25Z,POINT (-9.18089 38.70270)
29363761-bc8a-4ab0-9158-3fc56e5f10f9,a08ff49b-6f77-4632-a16c-43069c43a8c3,Lime,bicycle,available,29,2026-09-30T23:18:50Z,POINT (-9.12328 38.71478)
fed25054-d1c2-4d5c-9610-484482966dbc,7cf3c256-32b9-4409-93fb-64afebede10d,Bolt,scooter,available,62,2026-09-30T23:20:12Z,POINT (-9.11111 38.76626)
b6905aa0-baf1-4929-bb71-f00e32d4d36c,7cf3c256-32b9-4409-93fb-64afebede10d,Bolt,scooter,available,75,2026-09-30T22:29:22Z,POINT (-9.10308 38.76444)
3ff1436c-41e3-44a0-b1ff-0d5715b91aa1,a08ff49b-6f77-4632-a16c-43069c43a8c3,Lime,scooter,available,33,2026-09-30T22:43:59Z,POINT (-9.14047 38.72861)
b9cee7cc-1864-4d01-a617-6a7c84b326e6,a08ff49b-6f77-4632-a16c-43069c43a8c3,Lime,bicycle,available,55,2026-09-30T21:52:22Z,POINT (-9.14493 38.71977)
d7038735-05d0-4eac-9c36-ac6cb711a1d5,a08ff49b-6f77-4632-a16c-43069c43a8c3,Lime,scooter,removed,61,2026-09-30T22:55:05Z,POINT (-9.14428 38.71560)
40e3b694-6c7c-45e3-b1d7-d808d43521a5,a08ff49b-6f77-4632-a16c-43069c43a8c3,Lime,bicycle,available,26,2026-09-30T23:32:17Z,POINT (-9.14197 38.70606)
2e3c4ba1-6e85-4d2c-a356-5053419bee9a,a08ff49b-6f77-4632-a16c-43069c43a8c3,Lime,bicycle,available,39,2026-09-30T21:00:33Z,POINT (-9.14035 38.72857)
56554ac8-0618-4254-bcc0-fc33382225e2,a08ff49b-6f77-4632-a16c-43069c43a8c3,Lime,bicycle,non_operational,2,2026-09-30T22:19:47Z,POINT (-9.13322 38.73596)
cb45063d-633c-45db-b12f-1c0203b67ac9,7cf3c256-32b9-4409-93fb-64afebede10d,Bolt,scooter,removed,52,2026-09-30T22:58:42Z,POINT (-9.14292 38.74289)
6b81062f-91ad-410b-9614-0307e838dd06,a08ff49b-6f77-4632-a16c-43069c43a8c3,Lime,bicycle,reserved,48,2026-09-30T22:23:02Z,POINT (-9.14287 38.71787)
224195ed-cc11-4eb8-873d-10f5aa3edad6,e8eb2af2-f261-45a8-91cd-424e42a85121,Dott,scooter,non_operational,3,2026-09-30T23:51:56Z,POINT (-9.13933 38.73941)
e78d02b8-d1ad-4123-83d7-306de93c1ab4,a08ff49b-6f77-4632-a16c-43069c43a8c3,Lime,scooter,non_operational,4,2026-09-30T22:43:44Z,POINT (-9.15561 38.72726)
55f12f70-657b-42cf-82ab-fc2d85e2adb6,7cf3c256-32b9-4409-93fb-64afebede10d,Bolt,scooter,available,90,2026-09-30T22:01:09Z,POINT (-9.11958 38.71681)
a82f708e-714b-49e8-856a-7aa13a25ddd6,7cf3c256-32b9-4409-93fb-64afebede10d,Bolt,scooter,reserved,58,2026-09-30T21:50:58Z,POINT (-9.14596 38.71394)
d9b47bcf-eb48-4ac5-b37e-7087f2f11c5c,a08ff49b-6f77-4632-a16c-43069c43a8c3,Lime,bicycle,available,100,2026-09-30T23:12:17Z,POINT (-9.17688 38.70699)
effa4a90-662f-4e3b-a8b9-fc3be8728d32,7cf3c256-32b9-4409-93fb-64afebede10d,Bolt,scooter,available,96,2026-09-30T23:24:10Z,POINT (-9.14346 38.70939)
9d471d53-77c9-4a5c-a720-ba1328919d31,aa36434e-f251-4c63-8d4e-86a538cc03aa,Gira,bicycle,available,68,2026-09-30T23:30:45Z,POINT (-9.17836 38.70675)
0dbc5940-4ec9-4f42-b85f-f964965220f0,aa1883c4-ffd0-40f5-bd14-dcc312684e4e,Voi,scooter,non_operational,8,2026-09-30T21:21:28Z,POINT (-9.12328 38.71688)
59c0b01b-c912-454d-8f59-2918f0338fb0,7cf3c256-32b9-4409-93fb-64afebede10d,Bolt,scooter,available,67,2026-09-30T21:19:12Z,POINT (-9.10166 38.75296)
b558a9d8-8fb0-4933-a59d-d7a33dc74645,7cf3c256-32b9-4409-93fb-64afebede10d,Bolt,scooter,available,78,2026-09-30T23:56:25Z,POINT (-9.14489 38.73845)
f20136e1-1935-4bf1-b8f6-68844b5fcd7b,e8eb2af2-f261-45a8-91cd-424e42a85121,Dott,scooter,non_operational,4,2026-09-30T23:14:46Z,POINT (-9.15438 38.70967)
7317e7e5-2f78-4e82-8854-399dff1d356b,7cf3c256-32b9-4409-93fb-64afebede10d,Bolt,scooter,removed,83,2026-09-30T22:35:13Z,POINT (-9.14694 38.71261)
7b80dfb2-98c6-4dfa-8e85-26485feb79a7,7cf3c256-32b9-4409-93fb-64afebede10d,Bolt,scooter,available,93,2026-09-30T22:15:07Z,POINT (-9.14218 38.70759)
1c216ca1-ae65-4c3b-ba94-0a4b24506ef4,a08ff49b-6f77-4632-a16c-43069c43a8c3,Lime,bicycle,removed,52,2026-09-30T22:21:58Z,POINT (-9.09338 38.77391)
62634b46-139d-4524-bf0e-de3fe823c066,aa1883c4-ffd0-40f5-bd14-dcc312684e4e,Voi,scooter,non_operational,13,2026-09-30T22:52:50Z,POINT (-9.14122 38.71621)
3995268a-d09d-448f-8487-2e6bb7dafc2a,e8eb2af2-f261-45a8-91cd-424e42a85121,Dott,scooter,available,21,2026-09-30T22:07:00Z,POINT (-9.14178 38.71668)
1ca169ac-855f-4585-8db7-795d1f90dceb,a08ff49b-6f77-4632-a16c-43069c43a8c3,Lime,scooter,available,36,2026-09-30T21:55:07Z,POINT (-9.15151 38.73010)
9c434260-483e-45c4-ab12-2506e6da8b42,e8eb2af2-f261-45a8-91cd-424e42a85121,Dott,scooter,removed,80,2026-09-30T23:32:54Z,POINT (-9.20306 38.70006)
fd687b72-2d3e-45cd-be83-b1a9657eaac5,7cf3c256-32b9-4409-93fb-64afebede10d,Bolt,scooter,available,76,2026-09-30T22:19:55Z,POINT (-9.14524 38.74805)
cf29ffa3-b686-45b1-a76b-bb723d9b554a,7cf3c256-32b9-4409-93fb-64afebede10d,Bolt,scooter,non_operational,12,2026-09-30T23:30:05Z,POINT (-9.14581 38.73906)
1276d8a9-2a55-4a1b-9114-2ed4ed5f57f4,a08ff49b-6f77-4632-a16c-43069c43a8c3,Lime,scooter,available,66,2026-09-30T22:44:35Z,POINT (-9.15027 38.73270)
0ac62d11-f78a-4269-ab0f-8eb350da1bab,e8eb2af2-f261-45a8-91cd-424e42a85121,Dott,bicycle,available,28,2026-09-30T21:12:57Z,POINT (-9.14529 38.70601)
d927b09e-8ded-4086-a303-044782f193d7,e8eb2af2-f261-45a8-91cd-424e42a85121,Dott,scooter,available,53,2026-09-30T21:53:46Z,POINT (-9.09299 38.76104)
c2ef0e37-0631-4706-83bf-f020a3076ccf,a08ff49b-6f77-4632-a16c-43069c43a8c3,Lime,bicycle,available,79,2026-09-30T21:27:24Z,POINT (-9.14734 38.74299)
6d5bf6f8-04ca-4b77-911e-8ec1a9c10381,e8eb2af2-f261-45a8-91cd-424e42a85121,Dott,bicycle,non_operational,11,2026-09-30T23:51:38Z,POINT (-9.17564 38.70200)
9abe70f5-b912-4035-8974-bf095d948c48,aa1883c4-ffd0-40f5-bd14-dcc312684e4e,Voi,scooter,available,47,2026-09-30T21:43:18Z,POINT (-9.10308 38.76060)
4f772112-024e-432a-b4a7-ab74e460cdbe,aa36434e-f251-4c63-8d4e-86a538cc03aa,Gira,bicycle,available,46,2026-09-30T22:43:46Z,POINT (-9.14915 38.74188)
f0355df3-d7bf-4749-9a87-6b4eeb00abf5,a08ff49b-6f77-4632-a16c-43069c43a8c3,Lime,bicycle,available,43,2026-09-30T22:09:36Z,POINT (-9.14994 38.74019)
17fb9ab8-fc27-4cd1-8f27-580bd35e490e,e8eb2af2-f261-45a8-91cd-424e42a85121,Dott,bicycle,removed,55,2026-09-30T21:10:03Z,POINT (-9.14019 38.71039)
0d8291dd-9f3c-454a-824c-2bdaaccdf051,aa1883c4-ffd0-40f5-bd14-dcc312684e4e,Voi,scooter,available,66,2026-09-30T21:46:58Z,POINT (-9.14107 38.70789)
a354c675-8844-40d5-9a85-fc33f35fa456,e8eb2af2-f261-45a8-91cd-424e42a85121,Dott,scooter,reserved,82,2026-09-30T22:14:38Z,POINT (-9.20640 38.70227)
428de154-1a65-4539-b4e5-8391c0b07a20,aa1883c4-ffd0-40f5-bd14-dcc312684e4e,Voi,scooter,available,82,2026-09-30T22:09:20Z,POINT (-9.14687 38.73727)
b554c658-031a-46b7-8e40-b3009bbcbae4,a08ff49b-6f77-4632-a16c-43069c43a8c3,Lime,scooter,non_operational,6,2026-09-30T21:21:55Z,POINT (-9.15238 38.73582)
56959457-e508-4cf6-9066-40ab98d0b5d1,7cf3c256-32b9-4409-93fb-64afebede10d,Bolt,scooter,removed,62,2026-09-30T21:53:34Z,POINT (-9.15257 38.73186)
9df6c632-28df-440c-9688-7f8ca9aa9937,e8eb2af2-f261-45a8-91cd-424e42a85121,Dott,scooter,reserved,77,2026-09-30T23:47:44Z,POINT (-9.15205 38.73251)
73ecde4e-19a5-4eae-98eb-f74dee60c13e,aa1883c4-ffd0-40f5-bd14-dcc312684e4e,Voi,scooter,removed,68,2026-09-30T22:56:50Z,POINT (-9.17787 38.70132)
6f20867a-4c09-4674-9a07-af880e914383,aa1883c4-ffd0-40f5-bd14-dcc312684e4e,Voi,scooter,available,25,2026-09-30T22:22:50Z,POINT (-9.20814 38.69708)
5577c4a6-bfb8-46f7-be53-a8918d0be2de,a08ff49b-6f77-4632-a16c-43069c43a8c3,Lime,bicycle,available,32,2026-09-30T22:20:45Z,POINT (-9.14018 38.70688)
21552b85-72b3-4a7d-b791-4488e78a2380,7cf3c256-32b9-4409-93fb-64afebede10d,Bolt,scooter,available,30,2026-09-30T21:43:53Z,POINT (-9.20251 38.69586)
0e787675-d49d-4540-b133-5d19eea72f2f,7cf3c256-32b9-4409-93fb-64afebede10d,Bolt,scooter,available,62,2026-09-30T21:31:35Z,POINT (-9.14953 38.73021)
bf223c2d-bb45-4e4c-8968-f976133c91e0,a08ff49b-6f77-4632-a16c-43069c43a8c3,Lime,bicycle,available,51,2026-09-30T21:05:35Z,POINT (-9.08406 38.78098)
bc058d17-451b-48c6-9f24-5068e7205fa2,a08ff49b-6f77-4632-a16c-43069c43a8c3,Lime,bicycle,removed,44,2026-09-30T22:45:17Z,POINT (-9.11846 38.76079)
dc6fd209-9593-4f81-9610-a9901d61049f,e8eb2af2-f261-45a8-91cd-424e42a85121,Dott,bicycle,non_operational,8,2026-09-30T22:48:45Z,POINT (-9.14694 38.73710)
54ad2988-f219-4495-823a-846f3f74bd4a,a08ff49b-6f77-4632-a16c-43069c43a8c3,Lime,scooter,available,36,2026-09-30T22:16:32Z,POINT (-9.10317 38.75968)
7fced099-e458-43a8-9d44-1c47edbf5c4e,aa1883c4-ffd0-40f5-bd14-dcc312684e4e,Voi,scooter,available,42,2026-09-30T22:22:01Z,POINT (-9.14076 38.72374)
6610beed-b05a-4dbd-9cef-a3db6788e3d8,e8eb2af2-f261-45a8-91cd-424e42a85121,Dott,bicycle,available,55,2026-09-30T22:57:49Z,POINT (-9.14325 38.70666)
294f26d5-581a-409e-a5da-6ce7e1459cf7,7cf3c256-32b9-4409-93fb-64afebede10d,Bolt,scooter,available,73,2026-09-30T21:14:30Z,POINT (-9.09844 38.76979)
392a6c15-fc26-4a06-93e5-989707acb9b4,e8eb2af2-f261-45a8-91cd-424e42a85121,Dott,bicycle,available,98,2026-09-30T23:16:23Z,POINT (-9.17201 38.70448)
782b945c-09e8-4f42-baab-5ab5345996ba,e8eb2af2-f261-45a8-91cd-424e42a85121,Dott,bicycle,available,76,2026-09-30T21:48:33Z,POINT (-9.14442 38.71434)
8080c010-2ff2-4f97-9ea2-d66fae1bfc1f,7cf3c256-32b9-4409-93fb-64afebede10d,Bolt,scooter,available,68,2026-09-30T22:52:32Z,POINT (-9.14658 38.71576)
75bc040f-ba43-4e2a-8298-fe09719025c7,7cf3c256-32b9-4409-93fb-64afebede10d,Bolt,scooter,available,100,2026-09-30T22:36:35Z,POINT (-9.12939 38.71270)
23947620-b745-4062-805c-9283a174b1b4,aa36434e-f251-4c63-8d4e-86a538cc03aa,Gira,bicycle,available,80,2026-09-30T22:34:25Z,POINT (-9.14258 38.71507)
5a520bb6-525b-4262-9af4-0a6ad4f17e84,a08ff49b-6f77-4632-a16c-43069c43a8c3,Lime,scooter,available,80,2026-09-30T23:23:38Z,POINT (-9.15508 38.72141)
0e400a62-dedb-4549-a0d2-ecb82a43443b,e8eb2af2-f261-45a8-91cd-424e42a85121,Dott,bicycle,available,64,2026-09-30T23:28:04Z,POINT (-9.19826 38.70358)
da55eefe-c965-4dbe-a449-1c316424f77e,e8eb2af2-f261-45a8-91cd-424e42a85121,Dott,scooter,available,45,2026-09-30T21:22:57Z,POINT (-9.15561 38.72952)
78878cbb-dbb9-42b7-878e-0013e90511fb,a08ff49b-6f77-4632-a16c-43069c43a8c3,Lime,scooter,removed,32,2026-09-30T22:48:55Z,POINT (-9.16736 38.71180)
8f41785e-e45c-4e5f-8e5c-8a1a16d81508,e8eb2af2-f261-45a8-91cd-424e42a85121,Dott,bicycle,available,85,2026-09-30T21:50:51Z,POINT (-9.11344 38.73556)
7704dfda-8518-4738-b818-39fde7788658,a08ff49b-6f77-4632-a16c-43069c43a8c3,Lime,bicycle,non_operational,18,2026-09-30T22:24:08Z,POINT (-9.12985 38.74894)
659cb2d4-e45b-4430-82f9-30f6cbb46638,7cf3c256-32b9-4409-93fb-64afebede10d,Bolt,scooter,available,62,2026-09-30T21:25:06Z,POINT (-9.15477 38.70942)
156995cc-24c0-4582-840e-1c4ea6ca43ee,a08ff49b-6f77-4632-a16c-43069c43a8c3,Lime,bicycle,unknown,98,2026-09-30T21:46:09Z,POINT (-9.09298 38.76671)
79b1a3c0-847f-4956-831f-0c4302710643,a08ff49b-6f77-4632-a16c-43069c43a8c3,Lime,bicycle,non_operational,18,2026-09-30T21:23:33Z,POINT (-9.13552 38.70812)
e3dfe122-ed64-49ee-8271-f2af0433c71a,aa1883c4-ffd0-40f5-bd14-dcc312684e4e,Voi,scooter,available,35,2026-09-30T23:18:28Z,POINT (-9.14829 38.73324)
70e897df-ec4f-4298-9023-ebdcbfe1b39f,7cf3c256-32b9-4409-93fb-64afebede10d,Bolt,scooter,available,60,2026-09-30T23:22:42Z,POINT (-9.15015 38.70752)
be4966c8-ab9f-4683-88b0-7b56afe2797f,a08ff49b-6f77-4632-a16c-43069c43a8c3,Lime,bicycle,available,44,2026-09-30T21:48:48Z,POINT (-9.14772 38.70720)
0b6cfa92-e9aa-40cc-9e98-b48f4395ad27,e8eb2af2-f261-45a8-91cd-424e42a85121,Dott,bicycle,available,90,2026-09-30T21:23:02Z,POINT (-9.13878 38.71305)
cfb20ef7-849d-4de2-b333-b10773c46d8d,a08ff49b-6f77-4632-a16c-43069c43a8c3,Lime,bicycle,non_operational,10,2026-09-30T23:43:10Z,POINT (-9.13387 38.73693)
392bc209-6e10-4d77-b44c-a3c3aec3c66e,a08ff49b-6f77-4632-a16c-43069c43a8c3,Lime,scooter,available,79,2026-09-30T23:36:51Z,POINT (-9.12908 38.73824)
14198696-3aeb-4387-871d-9b2e7536eea8,a08ff49b-6f77-4632-a16c-43069c43a8c3,Lime,scooter,available,54,2026-09-30T21:26:15Z,POINT (-9.19282 38.70176)
c9f5ca42-0929-4c36-8b6f-ccf50ed0c99f,7cf3c256-32b9-4409-93fb-64afebede10d,Bolt,scooter,available,44,2026-09-30T21:58:08Z,POINT (-9.14005 38.71434)
9eb31ffe-561f-427e-8dba-fb5d2abbba05,a08ff49b-6f77-4632-a16c-43069c43a8c3,Lime,bicycle,available,64,2026-09-30T21:26:31Z,POINT (-9.14072 38.71477)
5e28965d-7473-49a0-9cea-c0d14923c118,e8eb2af2-f261-45a8-91cd-424e42a85121,Dott,scooter,removed,64,2026-09-30T21:37:19Z,POINT (-9.14331 38.70916)
2d4ed0e6-8721-47a9-b25d-7a7cbb57e3d9,7cf3c256-32b9-4409-93fb-64afebede10d,Bolt,scooter,available,58,2026-09-30T23:03:45Z,POINT (-9.15192 38.70830)
bcf7a5aa-8e4c-4d8a-b126-437b82545714,7cf3c256-32b9-4409-93fb-64afebede10d,Bolt,scooter,available,44,2026-09-30T21:02:33Z,POINT (-9.15044 38.75034)
fc12c094-3a5a-4a1e-89e9-05c62be2f566,a08ff49b-6f77-4632-a16c-43069c43a8c3,Lime,bicycle,available,49,2026-09-30T22:31:27Z,POINT (-9.13773 38.74726)
5bbe3416-4480-4209-be39-4e36e1fb18b2,a08ff49b-6f77-4632-a16c-43069c43a8c3,Lime,scooter,available,94,2026-09-30T21:51:21Z,POINT (-9.14554 38.70693)
d516e7f2-163e-4cb7-9cf9-028d24a346b6,a08ff49b-6f77-4632-a16c-43069c43a8c3,Lime,bicycle,available,87,2026-09-30T22:04:02Z,POINT (-9.20052 38.69836)
d4011394-2f29-4fa2-8c84-5b79334939d2,a08ff49b-6f77-4632-a16c-43069c43a8c3,Lime,scooter,available,90,2026-09-30T22:35:47Z,POINT (-9.14488 38.70999)
224f705b-c749-46a9-b336-994814b8e55a,a08ff49b-6f77-4632-a16c-43069c43a8c3,Lime,scooter,available,36,2026-09-30T21:04:17Z,POINT (-9.15039 38.75399)
a8410543-efc8-4335-9151-0b687e0d582a,aa36434e-f251-4c63-8d4e-86a538cc03aa,Gira,bicycle,available,92,2026-09-30T23:45:54Z,POINT (-9.10541 38.76444)
b00761ea-d8ad-4001-859a-7caf9a05d5a7,e8eb2af2-f261-45a8-91cd-424e42a85121,Dott,scooter,available,60,2026-09-30T22:34:17Z,POINT (-9.14558 38.70538)
e582801d-fa02-47c7-94d4-d6f5c9b0861e,7cf3c256-32b9-4409-93fb-64afebede10d,Bolt,scooter,available,51,2026-09-30T23:14:59Z,POINT (-9.14491 38.71483)
51d0b7cf-2a3a-46b0-ad89-5fa3899df17d,a08ff49b-6f77-4632-a16c-43069c43a8c3,Lime,bicycle,non_operational,16,2026-09-30T22:45:21Z,POINT (-9.15535 38.72378)
8990994e-5969-48f7-ad62-28c138368591,a08ff49b-6f77-4632-a16c-43069c43a8c3,Lime,scooter,available,77,2026-09-30T21:50:47Z,POINT (-9.10411 38.77212)
7f7e9d08-b76a-4ad3-9af2-ff68c3b397ff,aa36434e-f251-4c63-8d4e-86a538cc03aa,Gira,bicycle,available,61,2026-09-30T23:00:48Z,POINT (-9.14533 38.71203)
8ece0568-f65e-4ba0-b4e3-8b439078104d,7cf3c256-32b9-4409-93fb-64afebede10d,Bolt,scooter,available,27,2026-09-30T22:01:55Z,POINT (-9.12599 38.71610)
c1a5bdfb-7d94-4fcc-9054-604d57abb87b,a08ff49b-6f77-4632-a16c-43069c43a8c3,Lime,bicycle,removed,67,2026-09-30T21:16:28Z,POINT (-9.14208 38.70660)
ec2b2285-ee41-4660-b617-17118dd8f161,aa1883c4-ffd0-40f5-bd14-dcc312684e4e,Voi,scooter,non_operational,0,2026-09-30T22:09:39Z,POINT (-9.15274 38.72845)
33fc161a-188d-499d-80ed-509da5f3dee5,7cf3c256-32b9-4409-93fb-64afebede10d,Bolt,scooter,available,33,2026-09-30T22:57:02Z,POINT (-9.14222 38.71297)
6bceb296-f193-4354-b3d3-7165883229b5,a08ff49b-6f77-4632-a16c-43069c43a8c3,Lime,scooter,available,47,2026-09-30T22:57:27Z,POINT (-9.14760 38.72624)
eaf0c592-696b-4b90-aa7c-4ad5e647f9c5,e8eb2af2-f261-45a8-91cd-424e42a85121,Dott,bicycle,available,58,2026-09-30T22:48:18Z,POINT (-9.14438 38.70916)
3ae9bae0-b5ed-428a-bd0f-dda9c5e789dd,a08ff49b-6f77-4632-a16c-43069c43a8c3,Lime,bicycle,reserved,37,2026-09-30T22:34:21Z,POINT (-9.15082 38.73930)
5a6e7946-704b-4f3a-a404-62e60fef3e2f,aa36434e-f251-4c63-8d4e-86a538cc03aa,Gira,bicycle,available,87,2026-09-30T21:11:00Z,POINT (-9.12853 38.71428)
f720997c-125a-411d-8818-26b7505a1fcf,a08ff49b-6f77-4632-a16c-43069c43a8c3,Lime,scooter,non_operational,2,2026-09-30T22:42:00Z,POINT (-9.14639 38.71166)
a6420973-d980-4a0e-bec5-4f1f6a91b9a0,e8eb2af2-f261-45a8-91cd-424e42a85121,Dott,bicycle,available,75,2026-09-30T23:10:15Z,POINT (-9.14086 38.74464)
890a2071-b654-426e-858f-0433a06d33c6,7cf3c256-32b9-4409-93fb-64afebede10d,Bolt,scooter,available,70,2026-09-30T21:52:00Z,POINT (-9.14526 38.74273)
862d74ec-7a54-4776-955c-a15999711ab1,e8eb2af2-f261-45a8-91cd-424e42a85121,Dott,scooter,unknown,93,2026-09-30T21:33:37Z,POINT (-9.15054 38.70797)
db471980-dcc2-4b6e-adb9-90bedb81a236,a08ff49b-6f77-4632-a16c-43069c43a8c3,Lime,scooter,removed,42,2026-09-30T23:20:39Z,POINT (-9.14863 38.72517)
af12fd20-1898-43f0-b7c9-dff1f1e17ad6,aa1883c4-ffd0-40f5-bd14-dcc312684e4e,Voi,scooter,available,93,2026-09-30T21:01:32Z,POINT (-9.11209 38.75903)
11fd8fd3-7d70-4e21-84e5-a658a6321663,7cf3c256-32b9-4409-93fb-64afebede10d,Bolt,scooter,available,67,2026-09-30T22:15:00Z,POINT (-9.16457 38.71294)
