event_id,provider_id,provider_name,device_id,vehicle_type,event_type,battery_pct,event_time,location
5b4e14c6-0447-42c8-980b-cd6c40ccab36,a08ff49b-6f77-4632-a16c-43069c43a8c3,Lime,a2abc323-5295-46c9-8cd2-00f8bf1bfbf2,scooter,reserve,83,2026-09-01T00:48:50Z,POINT (-9.13860 38.71951)
b68f3322-5033-478e-bc57-664481450949,a08ff49b-6f77-4632-a16c-43069c43a8c3,Lime,1763b74c-d9a8-4694-92cc-a109bb1ee938,scooter,trip_start,73,2026-09-01T01:43:55Z,POINT (-9.11198 38.74065)
71c46340-eb54-4d08-8428-c8d350efe4dd,e8eb2af2-f261-45a8-91cd-424e42a85121,Dott,4ccaf013-fccc-4adc-8fa2-a03e02e38281,scooter,reserve,33,2026-09-01T02:07:05Z,POINT (-9.14082 38.71208)
ec7122a7-5dff-4c37-b072-43588fcf3cf5,a08ff49b-6f77-4632-a16c-43069c43a8c3,Lime,416cda3a-b625-4353-96b7-c5bdbeabdfb0,scooter,provider_pick_up,49,2026-09-01T02:46:21Z,POINT (-9.14503 38.70507)
83d607df-8bde-467a-84d1-a6b0f97356bd,7cf3c256-32b9-4409-93fb-64afebede10d,Bolt,882ff6da-9925-4fce-8790-159c37bf5c35,scooter,trip_end,99,2026-09-01T03:27:49Z,POINT (-9.12955 38.74348)
122bfd4c-7917-4b36-9242-fcbf364da42a,a08ff49b-6f77-4632-a16c-43069c43a8c3,Lime,0203f6b9-5b86-448e-aa1b-5587bab5e0d0,bicycle,trip_start,82,2026-09-01T03:53:09Z,POINT (-9.13658 38.71369)
f913e53f-197b-4d78-8ce7-bf10bd3d2aeb,7cf3c256-32b9-4409-93fb-64afebede10d,Bolt,ccf0b5f3-3d5e-4dbb-86e6-742ac1c321f4,scooter,trip_start,59,2026-09-01T04:06:01Z,POINT (-9.14224 38.71538)
56de43dc-9b74-48ee-94de-82aab761084b,aa1883c4-ffd0-40f5-bd14-dcc312684e4e,Voi,5f8fc6cc-d771-44d9-b2e3-53c25a80cf03,scooter,trip_start,44,2026-09-01T05:10:07Z,POINT (-9.14757 38.70980)
6b0f1e7b-4018-4f99-b73d-072b2afa5ed6,aa1883c4-ffd0-40f5-bd14-dcc312684e4e,Voi,2d9f1172-5161-4dbc-8c2e-450f677fcf26,scooter,trip_end,72,2026-09-01T05:15:22Z,POINT (-9.14516 38.70813)
b259d511-98e4-4528-8427-7803f454658c,7cf3c256-32b9-4409-93fb-64afebede10d,Bolt,cca80457-1f1f-4cfd-b3cb-c6f5c10b0b5b,scooter,trip_end,79,2026-09-01T07:12:07Z,POINT (-9.13704 38.71647)
95d55ae9-69ef-4e44-91c4-e9a9795ef49f,e8eb2af2-f261-45a8-91cd-424e42a85121,Dott,8d89eb23-13b3-4a30-b1bd-4d3e9e3a72a8,bicycle,provider_drop_off,86,2026-09-01T07:22:48Z,POINT (-9.14988 38.73266)
33814f38-e9d9-4106-822b-3442088b6ab4,a08ff49b-6f77-4632-a16c-43069c43a8c3,Lime,9a2e8ee3-b378-4d87-ae27-ec72c79dc27e,bicycle,provider_drop_off,44,2026-09-01T07:36:20Z,POINT (-9.13222 38.73601)
99f1a946-6edf-47b1-8124-8827f4d0822c,e8eb2af2-f261-45a8-91cd-424e42a85121,Dott,25fa4c2a-eb2d-4633-a7b0-46a722782600,bicycle,trip_start,76,2026-09-01T07:43:01Z,POINT (-9.13963 38.75430)
313359e3-57fa-46b7-8f11-405c475b6a88,7cf3c256-32b9-4409-93fb-64afebede10d,Bolt,5f0e7639-f185-4751-ad9b-93a5677999af,scooter,trip_end,61,2026-09-01T07:43:40Z,POINT (-9.14641 38.72761)
aefd3948-4e61-4c27-9721-50832a735990,aa1883c4-ffd0-40f5-bd14-dcc312684e4e,Voi,61645813-df32-4479-84c0-c246c8cd2a9c,scooter,trip_end,61,2026-09-01T08:09:23Z,POINT (-9.14823 38.70991)
12bbcf9a-0cb5-4ce1-82db-0cd70e56be9e,e8eb2af2-f261-45a8-91cd-424e42a85121,Dott,3fe87991-bb3d-43c5-8092-d6b2ae3eb390,scooter,trip_end,80,2026-09-01T08:15:56Z,POINT (-9.14990 38.72784)
c7326b23-bdb7-4c68-b1be-30af045ee4f8,a08ff49b-6f77-4632-a16c-43069c43a8c3,Lime,ff41662a-417b-46de-aaa8-5d628452cc0b,bicycle,rebalance_drop_off,29,2026-09-01T08:35:12Z,POINT (-9.14489 38.74582)
73e5dcb3-e615-49c5-bdb3-db856f388af4,7cf3c256-32b9-4409-93fb-64afebede10d,Bolt,636fb7a8-389c-421b-8e87-e1365bfae7e3,scooter,rebalance_drop_off,73,2026-09-01T08:37:30Z,POINT (-9.13725 38.73595)
e63a0a5e-88a6-4bf1-a646-29bbebbdcf39,a08ff49b-6f77-4632-a16c-43069c43a8c3,Lime,4f7570ac-31ab-4042-bf48-92c1fb887892,bicycle,rebalance_pick_up,56,2026-09-01T08:57:41Z,POINT (-9.15060 38.74608)
9caced56-35ad-4df9-80fc-267cfdfc114e,aa36434e-f251-4c63-8d4e-86a538cc03aa,Gira,a38c4ef5-cb53-4d52-83c4-ab5bbe4fcd85,bicycle,provider_drop_off,89,2026-09-01T09:00:53Z,POINT (-9.13780 38.74664)
3846157b-81e1-430d-aff7-e4e814a78fb1,7cf3c256-32b9-4409-93fb-64afebede10d,Bolt,44b66dfb-0781-4543-9727-1a380cbfe8db,scooter,rebalance_pick_up,78,2026-09-01T09:06:57Z,POINT (-9.14686 38.73660)
1ccac873-87ff-4fca-8c06-6f8913b01811,7cf3c256-32b9-4409-93fb-64afebede10d,Bolt,71f5e946-02a0-44be-b04f-9ddd9505ddc7,scooter,trip_start,59,2026-09-01T09:12:48Z,POINT (-9.14223 38.70645)
6e5eb328-ed81-4ad6-8b92-74c495201eee,e8eb2af2-f261-45a8-91cd-424e42a85121,Dott,a4d95b93-754f-4b9a-bdd2-305dc5ee94be,bicycle,trip_start,31,2026-09-01T09:12:52Z,POINT (-9.09792 38.75725)
73794e7b-2ae1-41ec-b2f2-43ac66f29174,a08ff49b-6f77-4632-a16c-43069c43a8c3,Lime,7a67d56b-f640-4a48-9f5e-97f2ecd20944,scooter,provider_pick_up,86,2026-09-01T09:16:32Z,POINT (-9.14061 38.74547)
7b03c5ec-eae8-495c-8fc9-3a82f06aa9ff,e8eb2af2-f261-45a8-91cd-424e42a85121,Dott,7416e9c3-e357-4151-ac45-5f41bb36074f,bicycle,trip_start,40,2026-09-01T09:18:38Z,POINT (-9.14578 38.70962)
9dd12a94-6082-4c2b-be76-7d79788ef3cc,a08ff49b-6f77-4632-a16c-43069c43a8c3,Lime,5e09d096-b3a1-496a-af9b-ccfbaa0c4548,scooter,trip_end,38,2026-09-01T09:18:49Z,POINT (-9.14092 38.72217)
a8b27246-c282-4e83-93ad-9462e1c44361,aa1883c4-ffd0-40f5-bd14-dcc312684e4e,Voi,2d047af4-19db-4404-895a-09f23d185cf8,scooter,cancel_reservation,43,2026-09-01T09:18:56Z,POINT (-9.11831 38.71673)
85791fd5-c65e-423f-b03f-36a253b437c9,a08ff49b-6f77-4632-a16c-43069c43a8c3,Lime,7a67d56b-f640-4a48-9f5e-97f2ecd20944,scooter,trip_end,42,2026-09-01T09:26:25Z,POINT (-9.14106 38.71385)
ae14b3f6-080b-4d43-8281-7f429226cb60,a08ff49b-6f77-4632-a16c-43069c43a8c3,Lime,ad8e9f0e-dc8d-4000-bac7-95829e261bbd,bicycle,trip_end,51,2026-09-01T09:28:14Z,POINT (-9.15004 38.73085)
d32650cc-663b-4ed6-a9d1-42950d71df94,a08ff49b-6f77-4632-a16c-43069c43a8c3,Lime,9a2e8ee3-b378-4d87-ae27-ec72c79dc27e,scooter,reserve,76,2026-09-01T09:28:46Z,POINT (-9.14881 38.73040)
1f31eb3b-c470-4219-aba1-ea0526d3ff70,7cf3c256-32b9-4409-93fb-64afebede10d,Bolt,3e5350ed-dc4e-4868-8250-32b3aee70442,scooter,reserve,99,2026-09-01T09:34:15Z,POINT (-9.10285 38.75534)
433580ee-0c40-455d-9fa8-c7fdb836fe03,7cf3c256-32b9-4409-93fb-64afebede10d,Bolt,4d6fc572-dba1-4eb2-b0d5-a3a726ffa388,scooter,trip_end,82,2026-09-01T09:42:56Z,POINT (-9.12986 38.71829)
3222907a-062d-4db0-b217-8404dcea0213,a08ff49b-6f77-4632-a16c-43069c43a8c3,Lime,239eebd0-357a-4935-8b7f-8689585bbae2,bicycle,trip_end,48,2026-09-01T09:43:04Z,POINT (-9.15885 38.70972)
796a2df5-d5ca-4050-8f49-62d2237a134a,a08ff49b-6f77-4632-a16c-43069c43a8c3,Lime,ff41662a-417b-46de-aaa8-5d628452cc0b,bicycle,trip_start,95,2026-09-01T09:48:28Z,POINT (-9.14060 38.72280)
35480d6c-eda3-43b5-929e-d03c0c6d9b41,7cf3c256-32b9-4409-93fb-64afebede10d,Bolt,44dd210c-4a51-43f4-b216-b977461759b7,scooter,trip_start,54,2026-09-01T10:00:35Z,POINT (-9.18180 38.70370)
44f9f726-f104-4551-8acf-1fa8fcaea1f9,a08ff49b-6f77-4632-a16c-43069c43a8c3,Lime,8bbe518e-5a77-471e-925b-80e13a69be26,scooter,provider_drop_off,47,2026-09-01T10:18:06Z,POINT (-9.15015 38.73901)
8440a934-0ef3-4699-b993-b67a97fca337,aa36434e-f251-4c63-8d4e-86a538cc03aa,Gira,620f47f4-d470-45b5-b61a-350f07136ed4,bicycle,trip_end,88,2026-09-01T10:22:37Z,POINT (-9.14040 38.70765)
8141d997-2e8f-4f68-9164-e722adfe0fb0,e8eb2af2-f261-45a8-91cd-424e42a85121,Dott,30978901-c050-4aac-9fbb-a7910ecc9670,bicycle,low_battery,4,2026-09-01T10:24:42Z,POINT (-9.14674 38.71359)
8ef6eeaa-00a2-4c85-9aa5-487dd2a0bf66,aa1883c4-ffd0-40f5-bd14-dcc312684e4e,Voi,03fb9fd8-ea75-45f7-b003-228d335ad55f,scooter,provider_pick_up,62,2026-09-01T10:25:45Z,POINT (-9.15948 38.72436)
1c1a089b-1f03-4ccd-8436-2f3ba93b4db1,a08ff49b-6f77-4632-a16c-43069c43a8c3,Lime,bb4e65a3-8848-43ee-bf99-c1f53591af0e,scooter,reserve,39,2026-09-01T10:34:10Z,POINT (-9.18018 38.70412)
c8cc597a-564e-48e9-b5ed-7d4ace3a3e73,e8eb2af2-f261-45a8-91cd-424e42a85121,Dott,ae9cdd57-7328-4d05-9eb2-50f9d0ea9f6d,bicycle,reserve,45,2026-09-01T10:42:27Z,POINT (-9.14653 38.70710)
2060b401-93b0-4e16-8841-cbdc56de04e2,a08ff49b-6f77-4632-a16c-43069c43a8c3,Lime,971c13bc-5841-4fb1-9f6d-0f973a83e40b,scooter,trip_end,82,2026-09-01T10:57:49Z,POINT (-9.14063 38.73309)
d2ca8e70-1dfe-48f7-a4cd-867241cf195c,aa1883c4-ffd0-40f5-bd14-dcc312684e4e,Voi,61645813-df32-4479-84c0-c246c8cd2a9c,scooter,trip_start,27,2026-09-01T11:27:55Z,POINT (-9.13520 38.71062)
dfb81b48-70ce-4671-8104-61c697fec83a,7cf3c256-32b9-4409-93fb-64afebede10d,Bolt,8d943767-66fa-4329-a57e-d3f3dd2514c2,scooter,trip_start,65,2026-09-01T12:07:18Z,POINT (-9.16499 38.72204)
5dc0eb59-43b9-48e0-ab2a-2749699ff778,e8eb2af2-f261-45a8-91cd-424e42a85121,Dott,7416e9c3-e357-4151-ac45-5f41bb36074f,bicycle,trip_end,43,2026-09-01T12:43:18Z,POINT (-9.17893 38.70370)
00901a29-44f9-4573-bbac-765d315ee7d7,e8eb2af2-f261-45a8-91cd-424e42a85121,Dott,92f9069a-1c20-4840-ad50-1cc91fce52b7,bicycle,rebalance_drop_off,29,2026-09-01T13:08:46Z,POINT (-9.14846 38.72026)
096214b0-3afc-44d5-aabf-8c9d1b939352,7cf3c256-32b9-4409-93fb-64afebede10d,Bolt,e2c7ed96-80cb-431e-9231-b957ec2f20e8,scooter,low_battery,7,2026-09-01T13:20:03Z,POINT (-9.14445 38.70694)
74a2c0a4-1a94-47b4-87b1-868ab99bbeaa,7cf3c256-32b9-4409-93fb-64afebede10d,Bolt,df5b2828-58cd-432d-bc55-aa2c8420c3ec,scooter,reserve,95,2026-09-01T13:40:46Z,POINT (-9.13068 38.71641)
d0b5c6ca-46d3-4c97-b791-9966d7dcc271,aa36434e-f251-4c63-8d4e-86a538cc03aa,Gira,91f180be-cb45-4118-8807-8fffc5daa84a,bicycle,trip_end,52,2026-09-01T13:41:54Z,POINT (-9.14967 38.72118)
9d9f13e0-d3e7-41b3-adc3-0685f757facb,e8eb2af2-f261-45a8-91cd-424e42a85121,Dott,cc7fcba9-3dfa-4e6b-9c53-67705dddb6b5,scooter,low_battery,6,2026-09-01T13:56:35Z,POINT (-9.14954 38.73605)
cc8ac004-5547-43e4-b913-9003de3e1d22,aa1883c4-ffd0-40f5-bd14-dcc312684e4e,Voi,267dc7ae-e1a5-4be4-ae51-3d0d83bfc304,scooter,trip_end,39,2026-09-01T14:02:41Z,POINT (-9.16928 38.71827)
b7ae03f3-039c-4575-a602-5f5f555c4027,aa36434e-f251-4c63-8d4e-86a538cc03aa,Gira,1351061c-525f-4b98-8fcd-88f869dd1092,bicycle,trip_end,67,2026-09-01T14:28:05Z,POINT (-9.13786 38.71395)
e5c56d94-f33b-4839-b290-55479ae46a5a,e8eb2af2-f261-45a8-91cd-424e42a85121,Dott,feb976b5-da66-45a8-b57b-7aec4713ec63,bicycle,rebalance_drop_off,58,2026-09-01T14:44:59Z,POINT (-9.21199 38.70131)
a26e79d2-b4b1-4675-a026-07692d74c30d,e8eb2af2-f261-45a8-91cd-424e42a85121,Dott,9c83caf4-9979-4772-b945-176d481e86d4,scooter,maintenance,70,2026-09-01T14:54:07Z,POINT (-9.13292 38.72131)
d6c8747a-471e-44ab-a824-00e20f091cb8,e8eb2af2-f261-45a8-91cd-424e42a85121,Dott,32a1fa1a-60cc-48ce-843c-1184c183d813,scooter,reserve,60,2026-09-01T14:55:00Z,POINT (-9.13776 38.71935)
24ff7478-b724-4310-bf70-bf12900c94ac,7cf3c256-32b9-4409-93fb-64afebede10d,Bolt,5f0e7639-f185-4751-ad9b-93a5677999af,scooter,trip_start,92,2026-09-01T15:38:46Z,POINT (-9.14196 38.74750)
4ac24d24-3b16-43e3-a2c6-1b3571765a9d,a08ff49b-6f77-4632-a16c-43069c43a8c3,Lime,fbc42510-806e-4fae-a3f3-44f79f21b705,bicycle,trip_end,91,2026-09-01T15:45:45Z,POINT (-9.14691 38.72656)
a515fd12-7fc2-4ba7-a13e-8349f193bdcd,a08ff49b-6f77-4632-a16c-43069c43a8c3,Lime,4a779d01-94aa-4255-b9b4-482e3ffccb37,scooter,trip_start,63,2026-09-01T16:10:38Z,POINT (-9.19754 38.69771)
66085d8f-4e62-45d6-82ce-def980bd8ea2,aa36434e-f251-4c63-8d4e-86a538cc03aa,Gira,1e614fce-aaa1-4b1e-ab31-9e10939c78e9,bicycle,provider_pick_up,30,2026-09-01T16:27:13Z,POINT (-9.13902 38.71387)
dee19ed3-a147-4925-bf05-0646a5b95a41,e8eb2af2-f261-45a8-91cd-424e42a85121,Dott,c3b7c263-5617-4661-817f-6bb666ec1d21,bicycle,rebalance_drop_off,79,2026-09-01T16:42:29Z,POINT (-9.14737 38.72975)
a66487cd-3243-4447-9bb6-8bf0a0d1862d,aa36434e-f251-4c63-8d4e-86a538cc03aa,Gira,f6e0627d-f4ae-4f89-9284-db32da88fc30,bicycle,trip_start,71,2026-09-01T16:43:48Z,POINT (-9.14950 38.72776)
8851c4fa-aefe-4439-afa4-24473db98027,e8eb2af2-f261-45a8-91cd-424e42a85121,Dott,8569a374-0749-4780-bfc0-60b51059896d,bicycle,rebalance_pick_up,87,2026-09-01T17:04:50Z,POINT (-9.14927 38.74217)
727b3912-78f2-4a75-982b-e6f7df62275d,a08ff49b-6f77-4632-a16c-43069c43a8c3,Lime,78580c6d-d884-45fb-a8b4-ae764a97f441,scooter,trip_start,30,2026-09-01T17:13:24Z,POINT (-9.15176 38.71903)
d920a4ad-b12e-4cca-b4d6-f508fafb4cb5,a08ff49b-6f77-4632-a16c-43069c43a8c3,Lime,ff41662a-417b-46de-aaa8-5d628452cc0b,bicycle,trip_end,83,2026-09-01T17:16:30Z,POINT (-9.17751 38.70051)
07a5b478-9abc-4345-8043-2135ec1a9b7b,aa36434e-f251-4c63-8d4e-86a538cc03aa,Gira,6e8d4d8b-8616-4adb-b3dd-3f52e5f94016,bicycle,trip_start,98,2026-09-01T17:33:55Z,POINT (-9.13235 38.73282)
4f14f372-3095-4042-9dab-fb93d1abe490,7cf3c256-32b9-4409-93fb-64afebede10d,Bolt,a7f0654d-3632-4b53-993e-3cf492c91d44,scooter,trip_start,27,2026-09-01T17:46:49Z,POINT (-9.14448 38.73422)
1f41b072-de6d-4af8-9d09-28d9ce38e58f,e8eb2af2-f261-45a8-91cd-424e42a85121,Dott,caf5d69a-3f09-4a2f-9792-d225524e7d95,scooter,trip_start,89,2026-09-01T17:58:20Z,POINT (-9.14224 38.74698)
66e69c26-20de-41bf-b395-b111791af974,7cf3c256-32b9-4409-93fb-64afebede10d,Bolt,c31308a1-4399-4af1-a41a-dc897614bcf9,scooter,reserve,96,2026-09-01T18:13:22Z,POINT (-9.13618 38.72598)
abba55ba-bdc9-4f61-851d-50e17ef7ddec,7cf3c256-32b9-4409-93fb-64afebede10d,Bolt,b807201b-8215-41d2-8166-e192a2c75b24,scooter,trip_end,27,2026-09-01T18:20:28Z,POINT (-9.09900 38.76977)
da68c6dd-9607-43c6-8722-3fe329eb9fc2,a08ff49b-6f77-4632-a16c-43069c43a8c3,Lime,e3e4cb2d-5976-46ea-916f-6e5ef3ba3e32,bicycle,trip_start,63,2026-09-01T18:42:46Z,POINT (-9.18652 38.70317)
fbb737f3-2263-498f-b4e7-544a7943ecfb,a08ff49b-6f77-4632-a16c-43069c43a8c3,Lime,4a40e713-fa23-4b8d-b574-acee683adece,scooter,rebalance_drop_off,76,2026-09-01T19:04:09Z,POINT (-9.14207 38.74039)
db0742f7-7803-46ed-886f-f984434f4cdc,a08ff49b-6f77-4632-a16c-43069c43a8c3,Lime,e36bfe2e-9595-4bc4-afe7-def3d608355f,bicycle,trip_start,66,2026-09-01T19:08:38Z,POINT (-9.14147 38.73006)
54b89999-f97f-4b1e-8fda-918d1cc86460,7cf3c256-32b9-4409-93fb-64afebede10d,Bolt,393cd7a7-04a8-4dbb-b2f7-f26ba543bb20,scooter,trip_end,63,2026-09-01T19:11:33Z,POINT (-9.16389 38.70803)
3c2a6395-c103-4262-a8a9-e851cc815d95,7cf3c256-32b9-4409-93fb-64afebede10d,Bolt,c61537dd-d2bc-4b1a-a12f-e284c331508d,scooter,rebalance_pick_up,62,2026-09-01T19:18:02Z,POINT (-9.12348 38.71579)
6ddf3732-ca27-45de-bd27-a4d8affa87a5,7cf3c256-32b9-4409-93fb-64afebede10d,Bolt,ededfc18-5e00-4782-895f-363c777a79d6,scooter,trip_start,61,2026-09-01T19:23:17Z,POINT (-9.12212 38.71760)
85e41ff1-78d1-4c7d-8ae3-0e389792e8ae,e8eb2af2-f261-45a8-91cd-424e42a85121,Dott,7416e9c3-e357-4151-ac45-5f41bb36074f,bicycle,provider_drop_off,52,2026-09-01T19:25:22Z,POINT (-9.18305 38.70483)
3d501967-1a5c-4b16-a9e4-56e6aa88f5b7,a08ff49b-6f77-4632-a16c-43069c43a8c3,Lime,6316b14d-87cf-4770-bd5a-959dfcebdbf5,bicycle,trip_end,25,2026-09-01T19:26:38Z,POINT (-9.14741 38.73704)
405f961f-c9d3-4109-b8c2-8735d6735f85,e8eb2af2-f261-45a8-91cd-424e42a85121,Dott,399fbf3c-7833-423a-8836-027b8e6a5477,bicycle,trip_end,26,2026-09-01T19:32:23Z,POINT (-9.13886 38.73149)
97224711-9489-46f8-922e-382711d11104,a08ff49b-6f77-4632-a16c-43069c43a8c3,Lime,f999ed29-b6e9-4ecb-8088-7fc7f6bf74a1,scooter,cancel_reservation,83,2026-09-01T19:34:04Z,POINT (-9.14594 38.74306)
c80091b6-8623-4e95-b9a4-c049ab124639,a08ff49b-6f77-4632-a16c-43069c43a8c3,Lime,fbc42510-806e-4fae-a3f3-44f79f21b705,bicycle,rebalance_drop_off,62,2026-09-01T19:39:49Z,POINT (-9.14367 38.73365)
faf78395-d5fd-4697-b1d4-889523db016f,7cf3c256-32b9-4409-93fb-64afebede10d,Bolt,3c2f548f-4d29-4aba-9b36-1e80e813a5c1,scooter,low_battery,13,2026-09-01T19:44:12Z,POINT (-9.14604 38.73253)
0a412fda-0f3c-45b5-9d25-8a563b1e1182,aa1883c4-ffd0-40f5-bd14-dcc312684e4e,Voi,a3c72f74-7ccc-4eff-af0a-68e1bcb539e1,scooter,trip_start,27,2026-09-01T19:49:06Z,POINT (-9.14356 38.74266)
db7b3610-2567-4e44-ae66-c3bd78316a16,a08ff49b-6f77-4632-a16c-43069c43a8c3,Lime,5e09d096-b3a1-496a-af9b-ccfbaa0c4548,scooter,trip_end,28,2026-09-01T19:57:56Z,POINT (-9.16524 38.71291)
58f0db0f-ede1-4d24-94e8-443ef954fd06,a08ff49b-6f77-4632-a16c-43069c43a8c3,Lime,0e9018d4-1a57-4ca3-8b80-c44a4ba5e259,bicycle,reserve,71,2026-09-01T19:58:25Z,POINT (-9.15999 38.72811)
0138e22e-1091-4171-8ef0-fbc440b33111,aa1883c4-ffd0-40f5-bd14-dcc312684e4e,Voi,822cc5e9-42eb-4a47-a01a-4824d8fa8091,scooter,trip_end,28,2026-09-01T19:59:54Z,POINT (-9.09273 38.76073)
661733bf-9aee-49d9-aac2-be29964239d7,7cf3c256-32b9-4409-93fb-64afebede10d,Bolt,55ac426d-73df-467b-91b8-37842bce8c2f,scooter,trip_end,33,2026-09-01T20:00:53Z,POINT (-9.14311 38.70644)
8f22a9a5-94fe-4cf2-92dd-0e6da72614c9,a08ff49b-6f77-4632-a16c-43069c43a8c3,Lime,e3e4cb2d-5976-46ea-916f-6e5ef3ba3e32,scooter,low_battery,14,2026-09-01T20:02:56Z,POINT (-9.12664 38.74197)
9593df26-5291-4d17-b870-b98a0eb26260,aa36434e-f251-4c63-8d4e-86a538cc03aa,Gira,69f6190b-612d-4c08-a69b-1ca819823489,bicycle,trip_start,90,2026-09-01T20:43:07Z,POINT (-9.16174 38.72491)
be30d256-9655-432d-9d63-e1ea7724477b,e8eb2af2-f261-45a8-91cd-424e42a85121,Dott,5e12285e-1932-4311-ba42-fbda9800b9fc,bicycle,trip_start,41,2026-09-01T20:58:20Z,POINT (-9.14148 38.71303)
a5393f0a-29d5-43f3-a124-4677a62069c1,a08ff49b-6f77-4632-a16c-43069c43a8c3,Lime,a1374f51-c7f9-49a0-bd02-2b9d68d2f3a1,scooter,provider_drop_off,46,2026-09-01T21:21:57Z,POINT (-9.14531 38.70573)
91352f33-6705-473f-8e82-76927d2a48ed,7cf3c256-32b9-4409-93fb-64afebede10d,Bolt,8d943767-66fa-4329-a57e-d3f3dd2514c2,scooter,trip_end,73,2026-09-01T21:49:50Z,POINT (-9.14155 38.73300)
73a725a9-5ebb-42a7-8761-18dc95aa0dc0,7cf3c256-32b9-4409-93fb-64afebede10d,Bolt,fcbf1b0a-7349-4f43-95c2-585922da8e83,scooter,trip_end,41,2026-09-01T21:56:49Z,POINT (-9.17871 38.70115)
1b78b479-d8d1-4f63-ad28-9e06092d9cbc,7cf3c256-32b9-4409-93fb-64afebede10d,Bolt,295b7d83-6d22-421a-a4e5-23e8cace8f77,scooter,trip_end,51,2026-09-01T22:37:36Z,POINT (-9.14612 38.70806)
bd016d99-bf87-4533-81da-bd1843a251fa,7cf3c256-32b9-4409-93fb-64afebede10d,Bolt,fcbf1b0a-7349-4f43-95c2-585922da8e83,scooter,trip_start,41,2026-09-01T23:36:25Z,POINT (-9.14309 38.71019)
7871d8f6-d020-4d6f-b282-d3886f0bc612,7cf3c256-32b9-4409-93fb-64afebede10d,Bolt,636fb7a8-389c-421b-8e87-e1365bfae7e3,scooter,rebalance_drop_off,38,2026-09-02T00:31:22Z,POINT (-9.14160 38.70770)
e058aed7-d326-4514-a9b2-35d82a8e87f6,a08ff49b-6f77-4632-a16c-43069c43a8c3,Lime,fbc42510-806e-4fae-a3f3-44f79f21b705,scooter,trip_start,33,2026-09-02T02:34:56Z,POINT (-9.14351 38.70635)
60dde335-b1f8-476e-8460-e3a4af97125a,7cf3c256-32b9-4409-93fb-64afebede10d,Bolt,d96c982a-cd46-42ab-ad43-3f03cc68e4b2,scooter,rebalance_pick_up,99,2026-09-02T03:45:45Z,POINT (-9.14466 38.75142)
48f746b3-e457-440f-9a84-5e1defe2c889,aa1883c4-ffd0-40f5-bd14-dcc312684e4e,Voi,8043256e-97aa-4fb6-9e8d-e9b13919dbd7,scooter,trip_start,85,2026-09-02T03:49:08Z,POINT (-9.15845 38.71883)
2b669479-7e66-42ce-ba60-74a676d22ca7,aa1883c4-ffd0-40f5-bd14-dcc312684e4e,Voi,487330a5-db52-4f12-8943-ae48c694f070,scooter,trip_end,49,2026-09-02T03:55:10Z,POINT (-9.09715 38.77551)
0755317d-ea24-4412-a748-b988bd17e296,aa1883c4-ffd0-40f5-bd14-dcc312684e4e,Voi,01e25e66-00ba-40ee-a58d-ad9344f99f69,scooter,trip_start,59,2026-09-02T04:01:58Z,POINT (-9.15807 38.71728)
8d5a7c6d-e6e7-44d6-8d5a-4a38af294cd6,e8eb2af2-f261-45a8-91cd-424e42a85121,Dott,293bec1c-bd3e-40f4-9039-2dea84444e9d,bicycle,maintenance,31,2026-09-02T04:23:20Z,POINT (-9.14486 38.73201)
0771622b-8c6f-4ebe-ae99-75b528a5c207,7cf3c256-32b9-4409-93fb-64afebede10d,Bolt,a7f0654d-3632-4b53-993e-3cf492c91d44,scooter,trip_end,29,2026-09-02T04:51:29Z,POINT (-9.11309 38.72708)
88c64c34-f4b2-4fa0-91d5-8581bbacbba0,aa1883c4-ffd0-40f5-bd14-dcc312684e4e,Voi,a3c72f74-7ccc-4eff-af0a-68e1bcb539e1,scooter,trip_end,29,2026-09-02T05:50:28Z,POINT (-9.15609 38.71105)
5b1f3fe7-be9c-4e8f-867f-5c9495f7c6ad,aa1883c4-ffd0-40f5-bd14-dcc312684e4e,Voi,43272e90-be59-43fb-8fa7-25638d07e6e2,scooter,trip_end,56,2026-09-02T07:05:17Z,POINT (-9.14084 38.71802)
7219c7ec-b3f1-4018-884d-bb5207dd5915,e8eb2af2-f261-45a8-91cd-424e42a85121,Dott,3537861c-b0cd-4770-ae8b-ad80cc16bef5,scooter,trip_start,99,2026-09-02T07:14:20Z,POINT (-9.15043 38.71774)
5c47dab6-2801-412b-8402-2942ea0b0c7d,a08ff49b-6f77-4632-a16c-43069c43a8c3,Lime,a2abc323-5295-46c9-8cd2-00f8bf1bfbf2,bicycle,trip_start,74,2026-09-02T07:24:09Z,POINT (-9.12915 38.70993)
1ce0dc83-5c16-468b-a650-80889630cd20,a08ff49b-6f77-4632-a16c-43069c43a8c3,Lime,fc028e89-6985-4463-a22c-fe1375003876,bicycle,trip_end,32,2026-09-02T07:31:59Z,POINT (-9.09688 38.76958)
c37e3d0d-9dcf-470b-91d6-f136bf6940e4,e8eb2af2-f261-45a8-91cd-424e42a85121,Dott,3537861c-b0cd-4770-ae8b-ad80cc16bef5,scooter,trip_start,92,2026-09-02T07:46:00Z,POINT (-9.14031 38.71240)
f15c29c1-7f41-4ca5-a30a-92497a755a28,aa36434e-f251-4c63-8d4e-86a538cc03aa,Gira,9ac69a2d-124e-4810-bd84-ae87f7d53c77,bicycle,low_battery,6,2026-09-02T07:47:45Z,POINT (-9.14989 38.71987)
e4f4d382-5b3c-4cf4-8d32-b2fdee7adb55,a08ff49b-6f77-4632-a16c-43069c43a8c3,Lime,6193320b-017d-42f1-82ab-97f628261e7c,scooter,trip_start,31,2026-09-02T07:52:28Z,POINT (-9.15841 38.77350)
11a27dcd-1032-43d0-a9fe-a643d2e8fb06,a08ff49b-6f77-4632-a16c-43069c43a8c3,Lime,4a146a3e-f991-4677-813b-23e9c34240c9,scooter,provider_pick_up,92,2026-09-02T08:06:34Z,POINT (-9.14056 38.74401)
5cb9566f-9094-4f3b-9879-aa1c00a4efda,e8eb2af2-f261-45a8-91cd-424e42a85121,Dott,afe7ecad-5eb6-4a76-b5ed-1c3579c0705a,scooter,provider_pick_up,54,2026-09-02T08:29:40Z,POINT (-9.15108 38.73939)
88291456-3f79-4bba-87d4-fb0d4d3ca580,aa1883c4-ffd0-40f5-bd14-dcc312684e4e,Voi,2879fd7d-e648-47e0-84be-e5da81c62c4e,scooter,trip_start,64,2026-09-02T08:38:26Z,POINT (-9.20557 38.69483)
3f4a05f1-5b15-42a5-9b74-9db6c35c2f8d,7cf3c256-32b9-4409-93fb-64afebede10d,Bolt,636fb7a8-389c-421b-8e87-e1365bfae7e3,scooter,trip_end,71,2026-09-02T08:42:53Z,POINT (-9.14784 38.73716)
266c094d-7471-4b68-919b-02456aed0887,e8eb2af2-f261-45a8-91cd-424e42a85121,Dott,e232b2ea-5383-4206-9d78-9df63da2a3fb,bicycle,trip_start,52,2026-09-02T08:49:12Z,POINT (-9.14407 38.73669)
6ccf2f5f-e75b-405f-8b3b-40f72fd1e74e,7cf3c256-32b9-4409-93fb-64afebede10d,Bolt,b8206349-ce47-49c8-bdb0-5d3a1a22f509,scooter,rebalance_drop_off,94,2026-09-02T08:49:57Z,POINT (-9.14654 38.72968)
2bc6ccc2-ffa0-4b4e-b0eb-adaac31ffb74,a08ff49b-6f77-4632-a16c-43069c43a8c3,Lime,5e09d096-b3a1-496a-af9b-ccfbaa0c4548,bicycle,reserve,54,2026-09-02T08:53:34Z,POINT (-9.14107 38.71830)
37638f00-0776-41b7-92f6-2a482855890b,7cf3c256-32b9-4409-93fb-64afebede10d,Bolt,b5188819-ee99-40d7-b7b4-744da20ef2d4,scooter,trip_end,91,2026-09-02T08:53:51Z,POINT (-9.14443 38.75227)
ab6e1335-6045-46a4-8886-20c8bf06013b,7cf3c256-32b9-4409-93fb-64afebede10d,Bolt,99efdc1a-29b7-4ed2-b6d3-893e3ed77c6b,scooter,low_battery,6,2026-09-02T09:13:02Z,POINT (-9.12978 38.71456)
21c7d86f-5e44-44e8-9c72-350968e5fe5a,e8eb2af2-f261-45a8-91cd-424e42a85121,Dott,c540596f-2e5c-4d49-8d9b-0771048d67a5,scooter,trip_start,33,2026-09-02T09:13:07Z,POINT (-9.14924 38.73463)
5cd8f6f4-909e-4265-afa6-19003100a438,e8eb2af2-f261-45a8-91cd-424e42a85121,Dott,d3e44787-d4ea-4982-bb63-c1b85c0dd9d5,scooter,trip_start,27,2026-09-02T09:15:57Z,POINT (-9.14184 38.73447)
b9f7f3c9-ccf2-4bce-a205-a9d6911665a5,e8eb2af2-f261-45a8-91cd-424e42a85121,Dott,7416e9c3-e357-4151-ac45-5f41bb36074f,scooter,trip_start,44,2026-09-02T09:29:06Z,POINT (-9.14051 38.70695)
3d49d385-7202-4363-b9fb-573ccf5c5156,7cf3c256-32b9-4409-93fb-64afebede10d,Bolt,2e7418d0-0f0b-40c1-bf17-76055fb1341a,scooter,reserve,53,2026-09-02T09:30:39Z,POINT (-9.14528 38.73963)
f3542e90-cd64-4ced-a225-f3b85d770d26,7cf3c256-32b9-4409-93fb-64afebede10d,Bolt,2e7418d0-0f0b-40c1-bf17-76055fb1341a,scooter,reserve,58,2026-09-02T09:33:28Z,POINT (-9.14486 38.73980)
f4994310-fc8f-4ff5-8d65-5a4023c29d60,7cf3c256-32b9-4409-93fb-64afebede10d,Bolt,335dca26-c4a6-4a12-b6da-b5a3e365ad0b,scooter,rebalance_pick_up,66,2026-09-02T09:34:56Z,POINT (-9.13431 38.70849)
33ad2a1e-0960-4d07-beab-2fb17edd0353,aa1883c4-ffd0-40f5-bd14-dcc312684e4e,Voi,0ad3b81f-2c3f-416b-a938-4753d01927db,scooter,trip_end,87,2026-09-02T09:44:31Z,POINT (-9.20802 38.69745)
cfbfce31-9b9f-49c2-bdb2-3c156a2ecbe5,7cf3c256-32b9-4409-93fb-64afebede10d,Bolt,e2c7ed96-80cb-431e-9231-b957ec2f20e8,scooter,trip_start,46,2026-09-02T09:50:17Z,POINT (-9.09036 38.76627)
22e3f06f-8a54-41ae-ae33-43cff3a1f0d0,aa1883c4-ffd0-40f5-bd14-dcc312684e4e,Voi,cdb3c3d7-dfe4-4c9f-b068-d2d0f8f6a0d3,scooter,provider_pick_up,62,2026-09-02T09:50:27Z,POINT (-9.09836 38.76291)
92f3f981-a5b0-4192-aca8-96af7d58e2a4,a08ff49b-6f77-4632-a16c-43069c43a8c3,Lime,c3b109bf-3623-4a20-9a44-df1ddaa9bc82,bicycle,trip_start,52,2026-09-02T09:59:04Z,POINT (-9.13162 38.71372)
1dbc16f2-446d-44b0-bbd2-f6fdd3623532,7cf3c256-32b9-4409-93fb-64afebede10d,Bolt,73c82101-b9fe-4a66-99b4-de7ae181ad7d,scooter,trip_end,76,2026-09-02T10:00:46Z,POINT (-9.14183 38.74123)
9bdc4a4d-f981-43c8-89f5-b631dea482e4,a08ff49b-6f77-4632-a16c-43069c43a8c3,Lime,3037beb0-f65b-4922-a430-e9cffc0e9a7f,bicycle,trip_start,100,2026-09-02T10:04:02Z,POINT (-9.15218 38.72300)
1b767140-b3b2-4d62-8c42-5ca43a40ef33,7cf3c256-32b9-4409-93fb-64afebede10d,Bolt,3c2f548f-4d29-4aba-9b36-1e80e813a5c1,scooter,rebalance_drop_off,27,2026-09-02T10:10:57Z,POINT (-9.14684 38.73618)
7ea53028-9ab1-4b37-a378-2d1fdcfe444f,a08ff49b-6f77-4632-a16c-43069c43a8c3,Lime,4f7570ac-31ab-4042-bf48-92c1fb887892,scooter,trip_end,76,2026-09-02T10:51:16Z,POINT (-9.19851 38.70064)
9193ae99-ceb6-40df-b545-bedb01757ec9,a08ff49b-6f77-4632-a16c-43069c43a8c3,Lime,0e9018d4-1a57-4ca3-8b80-c44a4ba5e259,scooter,reserve,84,2026-09-02T11:04:56Z,POINT (-9.21744 38.70182)
4a671477-6ed5-411f-8fc7-729763ec85c4,aa1883c4-ffd0-40f5-bd14-dcc312684e4e,Voi,fdb7d4d8-54e6-4e89-979a-8457ab7c8205,scooter,trip_start,83,2026-09-02T11:14:40Z,POINT (-9.16311 38.71765)
c32b760f-a580-43b6-b6cd-24bcfbc3a36e,aa1883c4-ffd0-40f5-bd14-dcc312684e4e,Voi,84b4a246-d630-4f87-84fa-1072ec63caf4,scooter,reserve,46,2026-09-02T11:28:07Z,POINT (-9.13289 38.71525)
d5f4ed7d-e5a3-4981-bd6b-1c9b0a49ecad,7cf3c256-32b9-4409-93fb-64afebede10d,Bolt,528272e8-5213-4ccf-bf4d-8ce9d55d0f6b,scooter,trip_end,69,2026-09-02T11:30:58Z,POINT (-9.13865 38.70981)
0b9a6f4c-2587-41bc-93e5-e270bb4e7a4d,a08ff49b-6f77-4632-a16c-43069c43a8c3,Lime,239eebd0-357a-4935-8b7f-8689585bbae2,bicycle,maintenance,55,2026-09-02T12:13:25Z,POINT (-9.14856 38.73231)
680e6bbe-3070-4943-986c-296eddb21b1c,7cf3c256-32b9-4409-93fb-64afebede10d,Bolt,a7f0654d-3632-4b53-993e-3cf492c91d44,scooter,rebalance_pick_up,45,2026-09-02T13:18:33Z,POINT (-9.09849 38.76893)
135a477f-a06b-419c-b2df-4fae1e447a93,a08ff49b-6f77-4632-a16c-43069c43a8c3,Lime,6a6573de-c6be-48e9-af4b-f6b9f09507b9,scooter,trip_start,70,2026-09-02T13:34:56Z,POINT (-9.20290 38.69899)
a6cf62eb-8c17-48ca-ad55-735d35492780,7cf3c256-32b9-4409-93fb-64afebede10d,Bolt,fc9d10a4-c90e-43e0-8665-5370acf98dd0,scooter,reserve,89,2026-09-02T13:42:13Z,POINT (-9.14973 38.74428)
b367703c-ea31-4edb-897f-3e25bcbbb652,aa1883c4-ffd0-40f5-bd14-dcc312684e4e,Voi,9381e376-9467-446a-92fd-95d7d488baed,scooter,trip_start,33,2026-09-02T14:15:24Z,POINT (-9.11474 38.73915)
97c3c3e0-0fa9-49de-9384-724f432ada83,7cf3c256-32b9-4409-93fb-64afebede10d,Bolt,d96c982a-cd46-42ab-ad43-3f03cc68e4b2,scooter,trip_start,39,2026-09-02T14:20:08Z,POINT (-9.14495 38.71749)
124daf2a-7734-432a-8f83-f5f0daab40a8,a08ff49b-6f77-4632-a16c-43069c43a8c3,Lime,6a6573de-c6be-48e9-af4b-f6b9f09507b9,bicycle,trip_end,48,2026-09-02T14:26:00Z,POINT (-9.13562 38.74491)
c0180cf5-ca20-453a-8253-bc9cb60b7896,a08ff49b-6f77-4632-a16c-43069c43a8c3,Lime,6b4f4a77-4686-4d1d-99f8-dfa799a3d9fb,bicycle,rebalance_drop_off,97,2026-09-02T14:30:54Z,POINT (-9.10285 38.77224)
13a7ed0c-3b19-45a8-9490-e5b2db65d406,aa36434e-f251-4c63-8d4e-86a538cc03aa,Gira,a38c4ef5-cb53-4d52-83c4-ab5bbe4fcd85,bicycle,trip_start,60,2026-09-02T14:35:07Z,POINT (-9.13126 38.71259)
abccb025-b90f-4991-a1ed-e8c3a648cfce,7cf3c256-32b9-4409-93fb-64afebede10d,Bolt,fc9d10a4-c90e-43e0-8665-5370acf98dd0,scooter,rebalance_pick_up,27,2026-09-02T14:35:53Z,POINT (-9.13553 38.76122)
2d7ddbb7-34a8-4587-8e1d-7c6e778c51f6,a08ff49b-6f77-4632-a16c-43069c43a8c3,Lime,bb4e65a3-8848-43ee-bf99-c1f53591af0e,bicycle,trip_end,63,2026-09-02T14:39:55Z,POINT (-9.14799 38.74238)
12b80e1e-e208-4a02-91e8-7e6f6cf3cde1,7cf3c256-32b9-4409-93fb-64afebede10d,Bolt,2e7418d0-0f0b-40c1-bf17-76055fb1341a,scooter,trip_end,96,2026-09-02T14:52:03Z,POINT (-9.15752 38.72993)
074ffc68-1d71-4b96-a395-7d9580a79826,aa1883c4-ffd0-40f5-bd14-dcc312684e4e,Voi,dcbb7365-96c0-4232-9975-3c1663aa4ada,scooter,trip_end,97,2026-09-02T15:03:01Z,POINT (-9.20975 38.69526)
c30de6e3-f612-4a3d-9961-447a26c0ab64,a08ff49b-6f77-4632-a16c-43069c43a8c3,Lime,567c7a9c-0022-4d60-9b79-a9c823ecf9ba,scooter,provider_pick_up,85,2026-09-02T15:06:36Z,POINT (-9.15053 38.72328)
8140ab31-c405-4624-9837-b953ed605912,7cf3c256-32b9-4409-93fb-64afebede10d,Bolt,882ff6da-9925-4fce-8790-159c37bf5c35,scooter,trip_start,83,2026-09-02T15:13:48Z,POINT (-9.17835 38.70748)
beeb85d9-f239-4a1b-ac28-e51cbf136651,aa1883c4-ffd0-40f5-bd14-dcc312684e4e,Voi,2879fd7d-e648-47e0-84be-e5da81c62c4e,scooter,rebalance_pick_up,80,2026-09-02T15:23:37Z,POINT (-9.20547 38.70001)
92745a71-0d57-4844-a88c-40469d8ff2b1,a08ff49b-6f77-4632-a16c-43069c43a8c3,Lime,c6816f7e-12d4-4aa4-911f-e4e0181a4476,scooter,reserve,61,2026-09-02T15:46:04Z,POINT (-9.15567 38.71405)
ad1a7371-2838-49f9-9567-18aff1ef3596,7cf3c256-32b9-4409-93fb-64afebede10d,Bolt,de1d1389-2c83-43c4-b145-f83cb33557d0,scooter,low_battery,14,2026-09-02T16:19:19Z,POINT (-9.14145 38.75104)
20da3196-cc2f-40b7-b5c8-8ce65da900db,7cf3c256-32b9-4409-93fb-64afebede10d,Bolt,3949564b-b355-4809-b5ad-4763991502ab,scooter,trip_end,77,2026-09-02T16:23:49Z,POINT (-9.12647 38.71225)
9c70579b-4cb1-4918-a7bc-1614bc6b3c56,7cf3c256-32b9-4409-93fb-64afebede10d,Bolt,3e5350ed-dc4e-4868-8250-32b3aee70442,scooter,trip_end,27,2026-09-02T16:53:47Z,POINT (-9.13785 38.72723)
e3d4814c-018f-42b0-a82a-51b1f29ce8b4,7cf3c256-32b9-4409-93fb-64afebede10d,Bolt,636fb7a8-389c-421b-8e87-e1365bfae7e3,scooter,provider_pick_up,92,2026-09-02T17:02:09Z,POINT (-9.15203 38.72863)
ca49d5bb-d378-4260-af9f-3705c136e52b,e8eb2af2-f261-45a8-91cd-424e42a85121,Dott,e9022de4-f5cc-4fb8-80a5-c9b0b7a40cf3,scooter,trip_end,49,2026-09-02T17:03:18Z,POINT (-9.14329 38.72508)
9e288713-81fd-4afd-8885-90a41982f65e,a08ff49b-6f77-4632-a16c-43069c43a8c3,Lime,3d45796b-7204-4136-b647-75ae94bcce81,bicycle,trip_end,99,2026-09-02T17:07:17Z,POINT (-9.20471 38.69841)
e27de766-f9cc-4a0d-b86a-1260ec9c0003,7cf3c256-32b9-4409-93fb-64afebede10d,Bolt,fcbf1b0a-7349-4f43-95c2-585922da8e83,scooter,low_battery,10,2026-09-02T17:27:23Z,POINT (-9.13271 38.71377)
c12f1259-cfa8-4722-88f9-c5d434ed06c7,e8eb2af2-f261-45a8-91cd-424e42a85121,Dott,7e0f786d-78d8-4076-9fed-41fbaf70753f,bicycle,trip_start,32,2026-09-02T17:43:08Z,POINT (-9.13564 38.73149)
90e8d35c-d1b7-46a3-93ac-97c4c99dd568,7cf3c256-32b9-4409-93fb-64afebede10d,Bolt,50239dd0-0ceb-4c14-94cc-29386abbc94f,scooter,low_battery,12,2026-09-02T18:02:04Z,POINT (-9.14339 38.74507)
04c4fe17-6d49-4888-adf4-2ba1b4d02091,aa36434e-f251-4c63-8d4e-86a538cc03aa,Gira,522a19fd-a791-4a87-be3c-777b6ba0e649,bicycle,trip_end,78,2026-09-02T18:24:18Z,POINT (-9.13517 38.70980)
8c5e5dc9-49ab-46ee-b591-e9aeb5a0052e,a08ff49b-6f77-4632-a16c-43069c43a8c3,Lime,7194b231-29fc-468c-9b41-7cf0e20e0ccf,bicycle,trip_start,95,2026-09-02T18:24:32Z,POINT (-9.13982 38.71699)
3543b6c0-91ca-4509-b7c3-8059fa5ae4cc,7cf3c256-32b9-4409-93fb-64afebede10d,Bolt,debb5c7d-bf6b-4e87-8d03-418fda95caf6,scooter,trip_end,46,2026-09-02T18:38:52Z,POINT (-9.14219 38.74214)
b56fd1e2-2573-4335-beff-c4cc846169f0,7cf3c256-32b9-4409-93fb-64afebede10d,Bolt,2e7418d0-0f0b-40c1-bf17-76055fb1341a,scooter,trip_end,89,2026-09-02T18:43:52Z,POINT (-9.14552 38.73042)
38f3dabc-204a-4fc6-a194-ac011dea1b13,aa36434e-f251-4c63-8d4e-86a538cc03aa,Gira,5b210e09-10d9-42da-a0b0-095982e8e92b,bicycle,trip_end,93,2026-09-02T18:44:27Z,POINT (-9.14986 38.76021)
3dcba162-8904-43ca-80af-e45ca59487e7,e8eb2af2-f261-45a8-91cd-424e42a85121,Dott,8569a374-0749-4780-bfc0-60b51059896d,scooter,trip_end,84,2026-09-02T18:59:14Z,POINT (-9.13607 38.71197)
5cf4216b-cb01-427b-9544-bfb9c44345a0,a08ff49b-6f77-4632-a16c-43069c43a8c3,Lime,6b4f4a77-4686-4d1d-99f8-dfa799a3d9fb,scooter,trip_end,48,2026-09-02T19:00:54Z,POINT (-9.14528 38.70691)
8862bd35-9f01-4cf6-9dbc-8aff00d5cb18,7cf3c256-32b9-4409-93fb-64afebede10d,Bolt,df5b2828-58cd-432d-bc55-aa2c8420c3ec,scooter,trip_end,40,2026-09-02T19:01:41Z,POINT (-9.14662 38.74256)
96d7fe69-d59d-4a33-b038-27f381fd5a71,a08ff49b-6f77-4632-a16c-43069c43a8c3,Lime,f0fe07c7-b727-45ef-bc1c-06d9505aeae5,bicycle,provider_pick_up,36,2026-09-02T19:14:23Z,POINT (-9.15213 38.72685)
9595ef93-c059-404a-affd-4bf922f57655,7cf3c256-32b9-4409-93fb-64afebede10d,Bolt,ca0dd966-70f1-4336-984e-512099f1fdb3,scooter,reserve,68,2026-09-02T19:17:39Z,POINT (-9.15274 38.72350)
be44dba5-5730-4bac-b7ec-390b5758a980,aa36434e-f251-4c63-8d4e-86a538cc03aa,Gira,8df352cc-f417-4bef-a863-f8e5c0a2138f,bicycle,trip_start,42,2026-09-02T19:40:14Z,POINT (-9.13838 38.74162)
fe014a91-7086-4a21-aa93-5d527300b00c,7cf3c256-32b9-4409-93fb-64afebede10d,Bolt,cca80457-1f1f-4cfd-b3cb-c6f5c10b0b5b,scooter,reserve,89,2026-09-02T19:44:05Z,POINT (-9.12496 38.71099)
2ef7cdeb-4926-4902-89eb-8688a93166a8,7cf3c256-32b9-4409-93fb-64afebede10d,Bolt,20e2e7e4-8b56-4026-a746-de705bec8cc5,scooter,rebalance_pick_up,95,2026-09-02T19:44:08Z,POINT (-9.10521 38.73946)
e173d1f5-f59a-4956-87f7-37df1086da2f,a08ff49b-6f77-4632-a16c-43069c43a8c3,Lime,c6816f7e-12d4-4aa4-911f-e4e0181a4476,bicycle,trip_start,52,2026-09-02T19:46:16Z,POINT (-9.13311 38.71673)
d2abd969-cbaf-477a-ab61-38d743aec371,aa1883c4-ffd0-40f5-bd14-dcc312684e4e,Voi,1f968a3a-5d19-4df8-9aec-4e7ccfd90cd8,scooter,provider_drop_off,52,2026-09-02T19:54:04Z,POINT (-9.09018 38.76695)
f28a370c-c98a-4c71-aa78-e8645755b753,a08ff49b-6f77-4632-a16c-43069c43a8c3,Lime,713cdac6-b84b-49c3-bfd2-f3e5f587668c,scooter,trip_start,47,2026-09-02T20:12:49Z,POINT (-9.14358 38.74855)
b4ca9b03-c66a-4c7c-9d84-952cc92a75b0,7cf3c256-32b9-4409-93fb-64afebede10d,Bolt,b8206349-ce47-49c8-bdb0-5d3a1a22f509,scooter,trip_end,75,2026-09-02T20:23:13Z,POINT (-9.11867 38.71585)
5f851573-fff0-4840-9eba-7e78cb525cf4,e8eb2af2-f261-45a8-91cd-424e42a85121,Dott,bd67f460-81d3-4c86-918b-a1da249d7648,scooter,reserve,77,2026-09-02T21:19:52Z,POINT (-9.15810 38.76584)
ae7dfb36-255f-4f38-a771-1b5340611ab3,e8eb2af2-f261-45a8-91cd-424e42a85121,Dott,0a3d5841-53d6-47ed-8f95-55af66c90bc8,bicycle,trip_start,46,2026-09-02T21:40:27Z,POINT (-9.14921 38.70647)
63744e94-f6af-448a-ad99-65b53b5fdb15,e8eb2af2-f261-45a8-91cd-424e42a85121,Dott,1f1c2d49-3dda-41b5-9ae2-4a535d9def5e,scooter,cancel_reservation,48,2026-09-02T22:09:52Z,POINT (-9.14858 38.72286)
77662676-7736-466a-8146-7f6d22534eef,a08ff49b-6f77-4632-a16c-43069c43a8c3,Lime,54a34579-97d3-4406-ba95-a96046fc151b,scooter,low_battery,12,2026-09-02T22:38:33Z,POINT (-9.14275 38.73582)
5191c121-44db-4886-9305-b5c132bdb5c9,a08ff49b-6f77-4632-a16c-43069c43a8c3,Lime,3b859743-b6a5-4f0a-851b-d9942d7d3784,bicycle,trip_end,46,2026-09-02T23:53:39Z,POINT (-9.14452 38.70695)
bb728a52-b498-488a-b320-0ebc275e82a2,aa36434e-f251-4c63-8d4e-86a538cc03aa,Gira,db49e331-6ce8-4c69-b703-2db27ba53ec6,bicycle,trip_start,57,2026-09-03T00:33:48Z,POINT (-9.14348 38.72304)
6bef8faa-af73-43f6-a44a-b889c255a0a4,e8eb2af2-f261-45a8-91cd-424e42a85121,Dott,32a1fa1a-60cc-48ce-843c-1184c183d813,bicycle,trip_end,55,2026-09-03T01:07:56Z,POINT (-9.14039 38.70649)
2547ec75-d4fb-4048-abe1-5ceaea48f7cd,aa36434e-f251-4c63-8d4e-86a538cc03aa,Gira,e244dfab-af53-4393-a7cc-bb9f7511cbaf,bicycle,trip_end,88,2026-09-03T04:23:24Z,POINT (-9.14422 38.70617)
ce7fb681-095b-4618-bde0-81a75da8d1e3,7cf3c256-32b9-4409-93fb-64afebede10d,Bolt,b807201b-8215-41d2-8166-e192a2c75b24,scooter,provider_drop_off,96,2026-09-03T04:25:43Z,POINT (-9.16505 38.71379)
2b6136b3-1c41-48b4-bad7-2d7c1ee5fdf3,7cf3c256-32b9-4409-93fb-64afebede10d,Bolt,b8206349-ce47-49c8-bdb0-5d3a1a22f509,scooter,maintenance,65,2026-09-03T04:32:33Z,POINT (-9.15889 38.76319)
5f9936ac-2760-4cc5-a5b6-7dacc2bb1910,a08ff49b-6f77-4632-a16c-43069c43a8c3,Lime,db4fd9c8-4efb-471a-a772-c7ba04eedb66,scooter,provider_pick_up,77,2026-09-03T04:54:10Z,POINT (-9.13387 38.70975)
cb504bd1-e0e2-4f37-aba9-1a555035a2bf,a08ff49b-6f77-4632-a16c-43069c43a8c3,Lime,78580c6d-d884-45fb-a8b4-ae764a97f441,bicycle,rebalance_pick_up,62,2026-09-03T06:16:32Z,POINT (-9.13779 38.72007)
5ee654ff-5e7a-476a-9c26-4c1e1de65033,a08ff49b-6f77-4632-a16c-43069c43a8c3,Lime,e763443a-df95-4054-a7d4-a2d23730a246,scooter,trip_end,65,2026-09-03T06:24:00Z,POINT (-9.15297 38.75363)
7e53bc78-7be9-43bc-af15-b7578cfcff9e,7cf3c256-32b9-4409-93fb-64afebede10d,Bolt,2e7418d0-0f0b-40c1-bf17-76055fb1341a,scooter,trip_end,33,2026-09-03T07:05:17Z,POINT (-9.14233 38.73317)
0bd25ed9-3b34-4524-a25b-5364aef4f80f,aa1883c4-ffd0-40f5-bd14-dcc312684e4e,Voi,783d88f4-28b8-4371-8a4e-51a8b858b538,scooter,maintenance,45,2026-09-03T07:06:59Z,POINT (-9.14069 38.73306)
5bdd5316-6061-469e-84ea-4cec33373b9f,e8eb2af2-f261-45a8-91cd-424e42a85121,Dott,399fbf3c-7833-423a-8836-027b8e6a5477,scooter,reserve,90,2026-09-03T07:32:10Z,POINT (-9.15616 38.73588)
41dcdbad-f155-4ec1-a47c-f85a017a13da,a08ff49b-6f77-4632-a16c-43069c43a8c3,Lime,c3b109bf-3623-4a20-9a44-df1ddaa9bc82,scooter,trip_start,42,2026-09-03T07:36:20Z,POINT (-9.15006 38.73178)
295f92ed-e6d7-4b34-aa77-36d392d238ba,a08ff49b-6f77-4632-a16c-43069c43a8c3,Lime,83b65066-678d-4c4b-9cfb-41abf998a853,scooter,rebalance_drop_off,78,2026-09-03T07:38:53Z,POINT (-9.14771 38.73906)
0b71dba2-4542-4ff2-92f9-602d30bf88d0,a08ff49b-6f77-4632-a16c-43069c43a8c3,Lime,7194b231-29fc-468c-9b41-7cf0e20e0ccf,bicycle,reserve,94,2026-09-03T07:38:54Z,POINT (-9.10552 38.75886)
5b18e863-a5ce-4029-ba05-5b8b3f32a8f6,7cf3c256-32b9-4409-93fb-64afebede10d,Bolt,73c82101-b9fe-4a66-99b4-de7ae181ad7d,scooter,rebalance_pick_up,48,2026-09-03T07:58:22Z,POINT (-9.14964 38.74389)
022e1113-4a92-4fd0-9542-30351fbbcb01,e8eb2af2-f261-45a8-91cd-424e42a85121,Dott,10bb6ad7-9aac-4570-ba83-3821e3c1a4b8,scooter,trip_start,27,2026-09-03T07:59:24Z,POINT (-9.14543 38.70749)
7d02e824-e79a-4027-8b91-c01392fde9c2,a08ff49b-6f77-4632-a16c-43069c43a8c3,Lime,3c9f37e5-d143-4e3e-9999-f2ab1669306f,scooter,maintenance,59,2026-09-03T08:02:24Z,POINT (-9.14613 38.74529)
1b47ecf0-6859-4a3c-8dda-743d973a375c,7cf3c256-32b9-4409-93fb-64afebede10d,Bolt,b807201b-8215-41d2-8166-e192a2c75b24,scooter,trip_start,74,2026-09-03T08:22:28Z,POINT (-9.15080 38.74031)
5925137d-d142-4cf9-b002-6ef5c5e5e434,e8eb2af2-f261-45a8-91cd-424e42a85121,Dott,5d1953b5-77df-4f10-8ac5-50acc85c22e3,bicycle,provider_pick_up,49,2026-09-03T08:23:01Z,POINT (-9.20733 38.69869)
b1563127-ce3e-4de4-9abe-9cc44cda8630,e8eb2af2-f261-45a8-91cd-424e42a85121,Dott,9c83caf4-9979-4772-b945-176d481e86d4,bicycle,low_battery,13,2026-09-03T08:28:55Z,POINT (-9.10258 38.76312)
1f5cad49-9acc-44e4-86b4-e6ef39628740,aa36434e-f251-4c63-8d4e-86a538cc03aa,Gira,44c8de06-3951-48e6-a54b-309920fda4d4,bicycle,trip_start,51,2026-09-03T08:30:47Z,POINT (-9.13775 38.72724)
852aa9f3-4cf5-4045-ad80-0174fd475cb7,a08ff49b-6f77-4632-a16c-43069c43a8c3,Lime,e763443a-df95-4054-a7d4-a2d23730a246,bicycle,trip_start,70,2026-09-03T08:32:52Z,POINT (-9.08992 38.76406)
4787fc00-86bb-4cbd-bbde-da89734a2854,e8eb2af2-f261-45a8-91cd-424e42a85121,Dott,9a55834d-5416-4107-996b-3a3a95cc588d,scooter,trip_end,33,2026-09-03T08:39:32Z,POINT (-9.13873 38.74337)
c44507bd-2b48-4532-b585-c3b5cbfe65b3,e8eb2af2-f261-45a8-91cd-424e42a85121,Dott,b2500007-10f5-4f5d-a077-33dd912884f5,bicycle,trip_end,44,2026-09-03T09:00:02Z,POINT (-9.15535 38.72983)
91f5080c-b138-48c3-bc2a-6df1e5693f5f,a08ff49b-6f77-4632-a16c-43069c43a8c3,Lime,0e9018d4-1a57-4ca3-8b80-c44a4ba5e259,scooter,trip_start,59,2026-09-03T09:03:14Z,POINT (-9.16694 38.76214)
15a54960-128d-4c91-9d8e-15ef687a47ed,a08ff49b-6f77-4632-a16c-43069c43a8c3,Lime,b93e7681-bedb-4bbd-917a-957bd8778062,scooter,rebalance_drop_off,30,2026-09-03T09:13:21Z,POINT (-9.14340 38.72219)
a3de1185-afcf-4fde-af60-02ac07087820,e8eb2af2-f261-45a8-91cd-424e42a85121,Dott,05f64acc-67fd-42c6-b791-689ef6733401,scooter,trip_end,98,2026-09-03T09:18:48Z,POINT (-9.14627 38.71063)
402166ee-6afb-42b6-9d1f-9c2c5bc82e06,7cf3c256-32b9-4409-93fb-64afebede10d,Bolt,ca0dd966-70f1-4336-984e-512099f1fdb3,scooter,cancel_reservation,67,2026-09-03T09:24:48Z,POINT (-9.14720 38.73032)
f8a78544-9154-47d8-aac3-7a18a78ad07e,aa1883c4-ffd0-40f5-bd14-dcc312684e4e,Voi,d961b548-c8c4-4470-a03b-0a7a153ba25d,scooter,rebalance_drop_off,49,2026-09-03T09:50:21Z,POINT (-9.15590 38.71204)
5db81a17-d357-4183-9aab-f647037aff40,7cf3c256-32b9-4409-93fb-64afebede10d,Bolt,71f5e946-02a0-44be-b04f-9ddd9505ddc7,scooter,rebalance_drop_off,26,2026-09-03T09:53:02Z,POINT (-9.13418 38.71192)
872cb8fe-12a0-4e89-8670-4db9e179f6fd,e8eb2af2-f261-45a8-91cd-424e42a85121,Dott,ae9cdd57-7328-4d05-9eb2-50f9d0ea9f6d,scooter,trip_end,36,2026-09-03T09:53:17Z,POINT (-9.13218 38.74353)
8d1da509-495d-4fc4-874c-6ccff438c8e9,a08ff49b-6f77-4632-a16c-43069c43a8c3,Lime,e763443a-df95-4054-a7d4-a2d23730a246,scooter,trip_start,90,2026-09-03T10:08:54Z,POINT (-9.12870 38.71238)
19bf4d48-d84a-4e53-b59c-4cf56648ce84,e8eb2af2-f261-45a8-91cd-424e42a85121,Dott,7416e9c3-e357-4151-ac45-5f41bb36074f,bicycle,trip_end,86,2026-09-03T10:36:22Z,POINT (-9.14186 38.74012)
e869be19-bdd4-44eb-ad1f-b63672003c68,aa1883c4-ffd0-40f5-bd14-dcc312684e4e,Voi,e4edf51c-be9f-49b9-b51a-eaa62f7e43c6,scooter,trip_start,89,2026-09-03T10:37:16Z,POINT (-9.12686 38.71522)
b3bf36f6-3a57-46b1-a7b9-494ac1dd74a3,a08ff49b-6f77-4632-a16c-43069c43a8c3,Lime,bb4e65a3-8848-43ee-bf99-c1f53591af0e,bicycle,trip_end,70,2026-09-03T10:46:08Z,POINT (-9.13290 38.71454)
eca32a4e-2db2-485f-a5a4-14112515d4a9,7cf3c256-32b9-4409-93fb-64afebede10d,Bolt,295b7d83-6d22-421a-a4e5-23e8cace8f77,scooter,cancel_reservation,73,2026-09-03T10:52:39Z,POINT (-9.14881 38.74128)
e1550ec9-44dd-44c2-b096-806d127e151d,7cf3c256-32b9-4409-93fb-64afebede10d,Bolt,8d943767-66fa-4329-a57e-d3f3dd2514c2,scooter,trip_start,81,2026-09-03T10:55:01Z,POINT (-9.12677 38.71313)
da333ef4-afc6-4f3a-8bb9-2579bab8b48d,e8eb2af2-f261-45a8-91cd-424e42a85121,Dott,05f64acc-67fd-42c6-b791-689ef6733401,bicycle,reserve,99,2026-09-03T11:06:04Z,POINT (-9.18166 38.69999)
f539d8a6-3924-4087-94da-0ffbd4ed7236,7cf3c256-32b9-4409-93fb-64afebede10d,Bolt,44dd210c-4a51-43f4-b216-b977461759b7,scooter,trip_end,94,2026-09-03T11:08:38Z,POINT (-9.13299 38.71307)
2af576ae-16fa-4b2a-957f-5b38966a37e6,e8eb2af2-f261-45a8-91cd-424e42a85121,Dott,047af9f4-92c8-485c-bc45-a7e0bab81c72,scooter,provider_drop_off,48,2026-09-03T11:11:07Z,POINT (-9.14622 38.75030)
519a5b36-0934-4250-ad62-43c89076eb70,7cf3c256-32b9-4409-93fb-64afebede10d,Bolt,5f0e7639-f185-4751-ad9b-93a5677999af,scooter,trip_start,94,2026-09-03T11:18:41Z,POINT (-9.17767 38.70348)
858ba0aa-d1c5-4afa-a190-11b1c36e4108,7cf3c256-32b9-4409-93fb-64afebede10d,Bolt,8c71f5b3-43f9-49f9-9a39-cb14c6da5995,scooter,trip_start,65,2026-09-03T11:25:38Z,POINT (-9.16487 38.71848)
f918d5c0-1af6-48b9-890a-0aa2e1d29eaa,7cf3c256-32b9-4409-93fb-64afebede10d,Bolt,a6ee3b14-19c9-475b-8b33-0dd839a13c4e,scooter,trip_end,48,2026-09-03T12:02:44Z,POINT (-9.16714 38.72683)
35294c20-ecc3-478c-ad59-6f9626b20595,a08ff49b-6f77-4632-a16c-43069c43a8c3,Lime,4a779d01-94aa-4255-b9b4-482e3ffccb37,scooter,trip_start,34,2026-09-03T12:06:40Z,POINT (-9.14546 38.71289)
3169984e-c69e-4e10-823d-088c440a2d83,e8eb2af2-f261-45a8-91cd-424e42a85121,Dott,8569a374-0749-4780-bfc0-60b51059896d,scooter,trip_end,51,2026-09-03T12:07:02Z,POINT (-9.14262 38.70953)
ed303b8a-92be-465b-aef5-5f8273d8f56c,a08ff49b-6f77-4632-a16c-43069c43a8c3,Lime,5e6994ef-58cb-4994-a5c1-44ebe3d7c256,scooter,low_battery,12,2026-09-03T12:14:35Z,POINT (-9.15230 38.72979)
47be2a3a-0323-4e97-9d1c-3c7d3dad2fd2,a08ff49b-6f77-4632-a16c-43069c43a8c3,Lime,ff41662a-417b-46de-aaa8-5d628452cc0b,scooter,trip_end,50,2026-09-03T12:20:14Z,POINT (-9.13736 38.71509)
8cd0ef3b-bd22-4333-ab99-372b7b0cfe8a,e8eb2af2-f261-45a8-91cd-424e42a85121,Dott,bd67f460-81d3-4c86-918b-a1da249d7648,bicycle,trip_end,30,2026-09-03T12:56:15Z,POINT (-9.14985 38.73392)
1436d875-6a6a-4e33-82fc-383be386d570,a08ff49b-6f77-4632-a16c-43069c43a8c3,Lime,fc028e89-6985-4463-a22c-fe1375003876,bicycle,trip_start,99,2026-09-03T13:04:18Z,POINT (-9.20761 38.69423)
c3566178-6ae5-45e3-941b-6b2d8d3c1df3,7cf3c256-32b9-4409-93fb-64afebede10d,Bolt,2e7418d0-0f0b-40c1-bf17-76055fb1341a,scooter,trip_start,45,2026-09-03T13:06:18Z,POINT (-9.17984 38.70861)
77f4eac8-e17e-4005-8ec3-528e46eb0338,a08ff49b-6f77-4632-a16c-43069c43a8c3,Lime,6193320b-017d-42f1-82ab-97f628261e7c,scooter,reserve,91,2026-09-03T13:15:33Z,POINT (-9.12675 38.72092)
59fb5758-1f67-40e2-96c8-1c68a7dd3a70,a08ff49b-6f77-4632-a16c-43069c43a8c3,Lime,8bbe518e-5a77-471e-925b-80e13a69be26,bicycle,trip_end,31,2026-09-03T13:29:21Z,POINT (-9.15293 38.71219)
d708d78c-1857-4a20-8197-1ab8792b8a46,7cf3c256-32b9-4409-93fb-64afebede10d,Bolt,1227134d-371d-46de-a9f8-c75e5eb25659,scooter,trip_end,58,2026-09-03T13:41:56Z,POINT (-9.17942 38.70217)
5b4b7c4d-786d-4820-9618-70de1a3abb2c,7cf3c256-32b9-4409-93fb-64afebede10d,Bolt,44dd210c-4a51-43f4-b216-b977461759b7,scooter,rebalance_drop_off,63,2026-09-03T14:50:27Z,POINT (-9.21045 38.69823)
41443c78-207e-4997-acd6-04042647d27c,e8eb2af2-f261-45a8-91cd-424e42a85121,Dott,0a3d5841-53d6-47ed-8f95-55af66c90bc8,scooter,trip_start,80,2026-09-03T14:59:39Z,POINT (-9.12851 38.71191)
a2b5f75f-476f-408e-a479-79c2959f3476,7cf3c256-32b9-4409-93fb-64afebede10d,Bolt,20e2e7e4-8b56-4026-a746-de705bec8cc5,scooter,provider_pick_up,94,2026-09-03T15:01:18Z,POINT (-9.14137 38.70654)
1cd8d101-8cd8-4568-a9bc-c7a7b4e18915,e8eb2af2-f261-45a8-91cd-424e42a85121,Dott,1f1c2d49-3dda-41b5-9ae2-4a535d9def5e,bicycle,trip_end,97,2026-09-03T15:32:54Z,POINT (-9.14626 38.72914)
906e1068-466d-46f2-9db0-9b10c17c103d,7cf3c256-32b9-4409-93fb-64afebede10d,Bolt,a6ee3b14-19c9-475b-8b33-0dd839a13c4e,scooter,low_battery,11,2026-09-03T15:43:43Z,POINT (-9.09938 38.75879)
5e8fc996-1623-400d-b001-b619af461127,a08ff49b-6f77-4632-a16c-43069c43a8c3,Lime,e3e4cb2d-5976-46ea-916f-6e5ef3ba3e32,scooter,reserve,98,2026-09-03T15:46:28Z,POINT (-9.14913 38.73773)
90924aba-0b17-41ac-9785-ec277cfb70d2,e8eb2af2-f261-45a8-91cd-424e42a85121,Dott,30978901-c050-4aac-9fbb-a7910ecc9670,scooter,trip_end,74,2026-09-03T15:50:16Z,POINT (-9.14437 38.70639)
dba01f75-f47a-4c48-86de-9f1b4e7be76e,e8eb2af2-f261-45a8-91cd-424e42a85121,Dott,30978901-c050-4aac-9fbb-a7910ecc9670,scooter,trip_start,90,2026-09-03T16:18:46Z,POINT (-9.14692 38.71919)
34575f95-2e90-489f-9a2d-8c2982bf73e1,aa1883c4-ffd0-40f5-bd14-dcc312684e4e,Voi,e76c6c47-348f-46d9-8fcf-b0a1034f6c26,scooter,trip_end,89,2026-09-03T16:59:59Z,POINT (-9.15274 38.73444)
a4562e7c-fcdd-401f-8bea-0ec642a54394,7cf3c256-32b9-4409-93fb-64afebede10d,Bolt,ccf0b5f3-3d5e-4dbb-86e6-742ac1c321f4,scooter,trip_start,98,2026-09-03T17:09:28Z,POINT (-9.13565 38.70977)
094e4f01-f0de-4e12-a74f-84e6851baa00,7cf3c256-32b9-4409-93fb-64afebede10d,Bolt,44dd210c-4a51-43f4-b216-b977461759b7,scooter,rebalance_drop_off,48,2026-09-03T17:12:21Z,POINT (-9.14583 38.71168)
9e6a3394-0df5-447c-8ed3-64a21568272d,a08ff49b-6f77-4632-a16c-43069c43a8c3,Lime,0e9018d4-1a57-4ca3-8b80-c44a4ba5e259,scooter,trip_end,91,2026-09-03T17:24:25Z,POINT (-9.15165 38.71812)
62d63054-ba38-4bfa-aed7-cce015172ca7,e8eb2af2-f261-45a8-91cd-424e42a85121,Dott,d3e44787-d4ea-4982-bb63-c1b85c0dd9d5,bicycle,trip_start,60,2026-09-03T17:35:09Z,POINT (-9.14745 38.71270)
23b27a9a-2d1f-45c9-9c33-88fe96eee8e1,7cf3c256-32b9-4409-93fb-64afebede10d,Bolt,22b90ef4-4f54-4380-aad7-4c99c40e3871,scooter,reserve,59,2026-09-03T17:36:24Z,POINT (-9.12868 38.71403)
e05dac73-65f8-4958-b027-9997cdf02fbb,7cf3c256-32b9-4409-93fb-64afebede10d,Bolt,335dca26-c4a6-4a12-b6da-b5a3e365ad0b,scooter,trip_end,48,2026-09-03T17:53:11Z,POINT (-9.14294 38.70827)
7a787676-5393-4732-9b38-65032473e292,7cf3c256-32b9-4409-93fb-64afebede10d,Bolt,335dca26-c4a6-4a12-b6da-b5a3e365ad0b,scooter,trip_start,68,2026-09-03T17:59:25Z,POINT (-9.16514 38.71967)
77f96788-b888-47ce-89fe-6573bb97cacb,7cf3c256-32b9-4409-93fb-64afebede10d,Bolt,ededfc18-5e00-4782-895f-363c777a79d6,scooter,rebalance_pick_up,92,2026-09-03T18:11:11Z,POINT (-9.14551 38.72688)
2a0cf936-2aac-4984-9e79-b868aca17752,7cf3c256-32b9-4409-93fb-64afebede10d,Bolt,fc9d10a4-c90e-43e0-8665-5370acf98dd0,scooter,trip_end,34,2026-09-03T18:11:15Z,POINT (-9.17697 38.70102)
bccf499c-25ff-4968-999c-557e57b5eea6,e8eb2af2-f261-45a8-91cd-424e42a85121,Dott,30978901-c050-4aac-9fbb-a7910ecc9670,scooter,low_battery,9,2026-09-03T18:14:03Z,POINT (-9.14870 38.72806)
89c6dbb8-a660-4102-9322-fbd7d4910a30,aa36434e-f251-4c63-8d4e-86a538cc03aa,Gira,607d0e92-70d5-4a0f-9193-c2225494f02f,bicycle,trip_start,60,2026-09-03T18:26:33Z,POINT (-9.13028 38.71584)
ab6075d3-36c5-4faf-b8e5-639b1be01434,7cf3c256-32b9-4409-93fb-64afebede10d,Bolt,b5188819-ee99-40d7-b7b4-744da20ef2d4,scooter,reserve,70,2026-09-03T18:46:56Z,POINT (-9.14817 38.73875)
fec1e890-23ad-4b3b-a33a-50e5329d5060,a08ff49b-6f77-4632-a16c-43069c43a8c3,Lime,db4fd9c8-4efb-471a-a772-c7ba04eedb66,bicycle,trip_end,52,2026-09-03T18:47:04Z,POINT (-9.15185 38.72626)
2fa4a24f-1ed9-40fa-b4d5-375337bbcfb0,a08ff49b-6f77-4632-a16c-43069c43a8c3,Lime,83b65066-678d-4c4b-9cfb-41abf998a853,scooter,trip_start,42,2026-09-03T18:59:19Z,POINT (-9.12480 38.71654)
f00ead17-bcda-48de-bf4a-2d8db9da3d90,a08ff49b-6f77-4632-a16c-43069c43a8c3,Lime,713cdac6-b84b-49c3-bfd2-f3e5f587668c,scooter,trip_end,56,2026-09-03T19:03:50Z,POINT (-9.09846 38.75994)
9e8b952e-432c-4f4d-b530-ca753138bf95,e8eb2af2-f261-45a8-91cd-424e42a85121,Dott,0372c55a-852f-420b-84d5-5a335465307b,bicycle,trip_start,90,2026-09-03T19:10:36Z,POINT (-9.14316 38.73528)
4e64fb83-046d-4682-a3af-9b6dcd239d27,e8eb2af2-f261-45a8-91cd-424e42a85121,Dott,a4d95b93-754f-4b9a-bdd2-305dc5ee94be,scooter,trip_end,36,2026-09-03T19:14:27Z,POINT (-9.13804 38.71129)
52c8aed0-88ed-421f-8f6b-9ef49918963a,a08ff49b-6f77-4632-a16c-43069c43a8c3,Lime,f0fe07c7-b727-45ef-bc1c-06d9505aeae5,bicycle,trip_end,66,2026-09-03T19:21:37Z,POINT (-9.15320 38.71703)
3b8829ae-e4d0-4e41-9c3f-4bf70efaf8c1,a08ff49b-6f77-4632-a16c-43069c43a8c3,Lime,156bb1ca-d760-4ab9-a5e1-dea83898e499,bicycle,provider_pick_up,25,2026-09-03T19:24:11Z,POINT (-9.10942 38.76837)
63c3fee9-766d-4269-be26-976436d48164,a08ff49b-6f77-4632-a16c-43069c43a8c3,Lime,3037beb0-f65b-4922-a430-e9cffc0e9a7f,scooter,trip_start,63,2026-09-03T19:33:13Z,POINT (-9.09496 38.77601)
fddbd436-dc85-47dc-8cb7-d9af4b421590,a08ff49b-6f77-4632-a16c-43069c43a8c3,Lime,6a6573de-c6be-48e9-af4b-f6b9f09507b9,scooter,rebalance_drop_off,25,2026-09-03T19:47:22Z,POINT (-9.19731 38.69615)
fcda9089-7e73-4aca-af82-f9d9cb020445,a08ff49b-6f77-4632-a16c-43069c43a8c3,Lime,713cdac6-b84b-49c3-bfd2-f3e5f587668c,scooter,trip_start,52,2026-09-03T19:47:44Z,POINT (-9.12327 38.71515)
f9c32d7c-3210-4a56-bf36-61f1bbdda0f0,7cf3c256-32b9-4409-93fb-64afebede10d,Bolt,1227134d-371d-46de-a9f8-c75e5eb25659,scooter,trip_end,81,2026-09-03T19:53:18Z,POINT (-9.19982 38.69914)
10f98347-3561-4d48-8c10-5ade357c55ee,7cf3c256-32b9-4409-93fb-64afebede10d,Bolt,295b7d83-6d22-421a-a4e5-23e8cace8f77,scooter,trip_start,28,2026-09-03T19:57:48Z,POINT (-9.12993 38.74026)
529afe8a-2808-4731-bf54-535e06cc947b,7cf3c256-32b9-4409-93fb-64afebede10d,Bolt,5edfe977-8820-4692-b043-bb026ff5f108,scooter,reserve,48,2026-09-03T20:04:11Z,POINT (-9.14260 38.70910)
0419a9f6-f567-4aef-a169-c16dbab17274,e8eb2af2-f261-45a8-91cd-424e42a85121,Dott,1f1c2d49-3dda-41b5-9ae2-4a535d9def5e,scooter,trip_end,48,2026-09-03T20:16:03Z,POINT (-9.14105 38.70804)
e836c6ba-8508-47af-a6e6-fea2075ed03e,7cf3c256-32b9-4409-93fb-64afebede10d,Bolt,3949564b-b355-4809-b5ad-4763991502ab,scooter,trip_end,39,2026-09-03T20:37:33Z,POINT (-9.17229 38.70302)
24938875-9f54-4d61-ba48-f6d0c0811960,7cf3c256-32b9-4409-93fb-64afebede10d,Bolt,5af93444-6081-414d-8915-68af1146615f,scooter,low_battery,10,2026-09-03T21:13:43Z,POINT (-9.14580 38.73720)
17c694af-96c1-4fd7-b542-573ce6683ca9,a08ff49b-6f77-4632-a16c-43069c43a8c3,Lime,7194b231-29fc-468c-9b41-7cf0e20e0ccf,bicycle,rebalance_drop_off,42,2026-09-04T00:05:44Z,POINT (-9.14503 38.70767)
8451fc7a-7d7a-4486-a2f1-d6c0679c1cda,e8eb2af2-f261-45a8-91cd-424e42a85121,Dott,21e4401e-9669-4a8b-ad66-ea22afdffecd,bicycle,trip_end,56,2026-09-04T00:32:49Z,POINT (-9.13697 38.71053)
f777b0d1-5a42-43a2-b5b7-dadaf8e82a11,a08ff49b-6f77-4632-a16c-43069c43a8c3,Lime,0203f6b9-5b86-448e-aa1b-5587bab5e0d0,bicycle,trip_start,44,2026-09-04T00:38:47Z,POINT (-9.14956 38.70741)
ce344b1c-1777-4f96-a21f-0e93948518e6,7cf3c256-32b9-4409-93fb-64afebede10d,Bolt,9d22ada4-6a6f-44e8-bdc0-a95499eb387d,scooter,trip_start,88,2026-09-04T04:21:01Z,POINT (-9.15115 38.72422)
922dc3c9-0f26-430e-b78c-789e99872564,a08ff49b-6f77-4632-a16c-43069c43a8c3,Lime,ad8e9f0e-dc8d-4000-bac7-95829e261bbd,scooter,trip_end,29,2026-09-04T04:34:06Z,POINT (-9.15099 38.72762)
f58e24d6-4fa7-4441-aa17-0c029703cee3,aa1883c4-ffd0-40f5-bd14-dcc312684e4e,Voi,e4edf51c-be9f-49b9-b51a-eaa62f7e43c6,scooter,trip_start,97,2026-09-04T07:02:33Z,POINT (-9.12079 38.72037)
9639299d-11c9-42b9-ae1a-8b2d6c2c5fea,e8eb2af2-f261-45a8-91cd-424e42a85121,Dott,e232b2ea-5383-4206-9d78-9df63da2a3fb,bicycle,rebalance_pick_up,57,2026-09-04T07:10:04Z,POINT (-9.09542 38.76770)
e51b4a8c-7902-4608-b65a-a28a99a02de1,7cf3c256-32b9-4409-93fb-64afebede10d,Bolt,44dd210c-4a51-43f4-b216-b977461759b7,scooter,provider_pick_up,26,2026-09-04T07:12:34Z,POINT (-9.12547 38.71526)
f020b0e8-0865-4acf-8dd7-5e0795d6afe9,a08ff49b-6f77-4632-a16c-43069c43a8c3,Lime,6b4f4a77-4686-4d1d-99f8-dfa799a3d9fb,scooter,trip_end,75,2026-09-04T07:20:27Z,POINT (-9.14550 38.72999)
557ae0d0-d823-4864-91c4-f632499c8dcc,a08ff49b-6f77-4632-a16c-43069c43a8c3,Lime,ad8e9f0e-dc8d-4000-bac7-95829e261bbd,scooter,trip_start,63,2026-09-04T07:29:08Z,POINT (-9.09910 38.76381)
fe9029cd-a251-4145-98a3-cd803ebc2844,a08ff49b-6f77-4632-a16c-43069c43a8c3,Lime,239eebd0-357a-4935-8b7f-8689585bbae2,bicycle,trip_end,82,2026-09-04T07:32:57Z,POINT (-9.10252 38.73821)
4d62d2df-01c2-4a83-a171-d2bcc4781b8b,e8eb2af2-f261-45a8-91cd-424e42a85121,Dott,047af9f4-92c8-485c-bc45-a7e0bab81c72,scooter,trip_start,68,2026-09-04T07:35:39Z,POINT (-9.10964 38.73091)
ac12bb0a-2ecf-4c0b-8400-ce28cf2cb4d4,e8eb2af2-f261-45a8-91cd-424e42a85121,Dott,d3e44787-d4ea-4982-bb63-c1b85c0dd9d5,bicycle,trip_end,66,2026-09-04T07:53:48Z,POINT (-9.14749 38.71505)
c18e8aa2-c597-4a80-bb8c-207a70edc0bc,e8eb2af2-f261-45a8-91cd-424e42a85121,Dott,c32697e9-d900-4b85-8306-36d33914b224,scooter,reserve,43,2026-09-04T08:05:03Z,POINT (-9.14210 38.73852)
41d42be8-c9b8-4160-8455-850d23ac5f14,a08ff49b-6f77-4632-a16c-43069c43a8c3,Lime,5e6994ef-58cb-4994-a5c1-44ebe3d7c256,bicycle,trip_end,56,2026-09-04T08:43:55Z,POINT (-9.14784 38.72622)
f5199184-3dee-446a-9ee7-783e6a659182,a08ff49b-6f77-4632-a16c-43069c43a8c3,Lime,a2abc323-5295-46c9-8cd2-00f8bf1bfbf2,scooter,trip_end,51,2026-09-04T08:44:25Z,POINT (-9.20971 38.70031)
6671eb58-5c17-4e25-b51e-fadb16107e43,7cf3c256-32b9-4409-93fb-64afebede10d,Bolt,370db622-9cc5-462b-bf2c-ec908b4f60da,scooter,reserve,26,2026-09-04T08:45:59Z,POINT (-9.14208 38.74299)
9a7e10df-9549-437e-98e2-6e8945217722,aa1883c4-ffd0-40f5-bd14-dcc312684e4e,Voi,e76c6c47-348f-46d9-8fcf-b0a1034f6c26,scooter,reserve,61,2026-09-04T08:57:33Z,POINT (-9.13557 38.73824)
d3f442a2-80c0-41aa-9a14-ffad7de40b8a,e8eb2af2-f261-45a8-91cd-424e42a85121,Dott,e4888369-f396-4be8-abe2-98cf28412cf0,bicycle,trip_start,36,2026-09-04T09:06:17Z,POINT (-9.14682 38.71171)
5e8a8d61-f9e2-40ce-9c2a-7d9de871ab06,a08ff49b-6f77-4632-a16c-43069c43a8c3,Lime,c6816f7e-12d4-4aa4-911f-e4e0181a4476,bicycle,reserve,82,2026-09-04T09:14:12Z,POINT (-9.14610 38.71427)
ccd0902c-6c52-4517-9a2e-1d7f3dfb8ad0,a08ff49b-6f77-4632-a16c-43069c43a8c3,Lime,ff41662a-417b-46de-aaa8-5d628452cc0b,scooter,rebalance_pick_up,55,2026-09-04T09:18:19Z,POINT (-9.08138 38.77020)
9bb1913c-abac-4633-87f4-9269dd4ca8b2,7cf3c256-32b9-4409-93fb-64afebede10d,Bolt,5af93444-6081-414d-8915-68af1146615f,scooter,trip_end,54,2026-09-04T09:36:01Z,POINT (-9.15658 38.71713)
b90369bf-ac94-4cc2-ac99-361056f437d5,7cf3c256-32b9-4409-93fb-64afebede10d,Bolt,debb5c7d-bf6b-4e87-8d03-418fda95caf6,scooter,trip_start,49,2026-09-04T10:16:51Z,POINT (-9.14793 38.70611)
87fe8c9a-0f75-4276-a5a3-d75b1c06fb26,7cf3c256-32b9-4409-93fb-64afebede10d,Bolt,22b90ef4-4f54-4380-aad7-4c99c40e3871,scooter,rebalance_pick_up,91,2026-09-04T10:26:19Z,POINT (-9.14164 38.70803)
6ab04170-ffdc-4da3-9cd4-2c75e0e58e74,7cf3c256-32b9-4409-93fb-64afebede10d,Bolt,73c82101-b9fe-4a66-99b4-de7ae181ad7d,scooter,trip_start,63,2026-09-04T10:33:16Z,POINT (-9.12197 38.71485)
8f22f779-f39e-4482-b97c-97bfa9aeac75,7cf3c256-32b9-4409-93fb-64afebede10d,Bolt,c18064a7-5703-4731-b421-d068f2c50eaa,scooter,reserve,35,2026-09-04T10:35:14Z,POINT (-9.14753 38.74221)
90ba93be-a2f7-4a0c-946e-9404482974cf,7cf3c256-32b9-4409-93fb-64afebede10d,Bolt,882ff6da-9925-4fce-8790-159c37bf5c35,scooter,trip_start,46,2026-09-04T10:54:44Z,POINT (-9.17898 38.70131)
53c9971f-0093-45c2-96c3-a4e49cd236a8,aa36434e-f251-4c63-8d4e-86a538cc03aa,Gira,2ca359ff-a7d1-41f9-bb11-4a30f71fde90,bicycle,trip_end,43,2026-09-04T11:08:35Z,POINT (-9.09588 38.77220)
58575b39-ae19-4ff2-a9b3-af147b48d5c3,7cf3c256-32b9-4409-93fb-64afebede10d,Bolt,fc9d10a4-c90e-43e0-8665-5370acf98dd0,scooter,rebalance_drop_off,34,2026-09-04T11:13:16Z,POINT (-9.15282 38.73477)
62024d28-693d-4064-9c41-3642cb085171,aa1883c4-ffd0-40f5-bd14-dcc312684e4e,Voi,c729e73f-cf45-44ae-b9c3-07b3708898ca,scooter,cancel_reservation,100,2026-09-04T11:18:54Z,POINT (-9.13007 38.71637)
6ec1c6d6-eb8f-46aa-89f4-45a72e29f9c6,e8eb2af2-f261-45a8-91cd-424e42a85121,Dott,32a1fa1a-60cc-48ce-843c-1184c183d813,bicycle,rebalance_pick_up,76,2026-09-04T11:38:32Z,POINT (-9.14405 38.70707)
982f6e11-e0e2-4d6b-aea8-ce63bf72653e,7cf3c256-32b9-4409-93fb-64afebede10d,Bolt,1227134d-371d-46de-a9f8-c75e5eb25659,scooter,trip_start,46,2026-09-04T11:39:19Z,POINT (-9.16006 38.71005)
e5d26402-eefc-4bb5-b46f-47e635b0778d,aa1883c4-ffd0-40f5-bd14-dcc312684e4e,Voi,6eac88ce-b968-45ef-9388-ff88c59acbba,scooter,rebalance_drop_off,39,2026-09-04T11:39:35Z,POINT (-9.12802 38.71836)
dc6fa9f4-f4d7-422b-8cc2-b0aa42aba114,a08ff49b-6f77-4632-a16c-43069c43a8c3,Lime,6a6573de-c6be-48e9-af4b-f6b9f09507b9,bicycle,trip_end,46,2026-09-04T12:17:52Z,POINT (-9.12824 38.71334)
06f43254-7f2e-4647-917b-c3249567afae,a08ff49b-6f77-4632-a16c-43069c43a8c3,Lime,fbc42510-806e-4fae-a3f3-44f79f21b705,bicycle,trip_start,71,2026-09-04T12:42:08Z,POINT (-9.09729 38.75986)
793c2e78-af0c-4e4a-bd00-394ba59c8aa9,a08ff49b-6f77-4632-a16c-43069c43a8c3,Lime,d6b03f30-702e-4b14-ae5c-c94065f9ba6f,scooter,rebalance_drop_off,25,2026-09-04T12:58:31Z,POINT (-9.15099 38.71973)
f54871ee-68ae-48c3-b362-1e15a1fc72c3,7cf3c256-32b9-4409-93fb-64afebede10d,Bolt,3949564b-b355-4809-b5ad-4763991502ab,scooter,trip_end,93,2026-09-04T13:15:41Z,POINT (-9.10209 38.76155)
64b4a12c-a6e1-44c3-a16b-f71dd1aa01fe,e8eb2af2-f261-45a8-91cd-424e42a85121,Dott,d3e44787-d4ea-4982-bb63-c1b85c0dd9d5,bicycle,low_battery,4,2026-09-04T13:36:09Z,POINT (-9.14075 38.71197)
f50cb396-f926-443a-a0de-86b0c262baca,aa1883c4-ffd0-40f5-bd14-dcc312684e4e,Voi,5f8fc6cc-d771-44d9-b2e3-53c25a80cf03,scooter,low_battery,3,2026-09-04T14:14:20Z,POINT (-9.14423 38.74653)
8d6f8941-9ee9-4ae9-b6ce-f957f74882f5,aa36434e-f251-4c63-8d4e-86a538cc03aa,Gira,6e8d4d8b-8616-4adb-b3dd-3f52e5f94016,bicycle,rebalance_drop_off,72,2026-09-04T14:26:06Z,POINT (-9.12788 38.71533)
67bad114-8bae-49af-bfeb-a413cc2b26b2,a08ff49b-6f77-4632-a16c-43069c43a8c3,Lime,3037beb0-f65b-4922-a430-e9cffc0e9a7f,bicycle,trip_start,63,2026-09-04T14:37:41Z,POINT (-9.14503 38.75696)
783267c5-f4cf-473c-a5ef-4c69122bcb15,e8eb2af2-f261-45a8-91cd-424e42a85121,Dott,5e12285e-1932-4311-ba42-fbda9800b9fc,scooter,trip_end,94,2026-09-04T15:18:12Z,POINT (-9.12915 38.71494)
5ac4dd36-b094-4070-864c-e9f72a9d50b0,e8eb2af2-f261-45a8-91cd-424e42a85121,Dott,21e4401e-9669-4a8b-ad66-ea22afdffecd,bicycle,maintenance,55,2026-09-04T15:25:21Z,POINT (-9.15461 38.72427)
58d3f108-446a-4316-ad03-f94877416847,aa1883c4-ffd0-40f5-bd14-dcc312684e4e,Voi,e76c6c47-348f-46d9-8fcf-b0a1034f6c26,scooter,trip_start,58,2026-09-04T15:31:42Z,POINT (-9.12895 38.71373)
8cf258c8-7b69-4a11-9339-54e6124e068e,7cf3c256-32b9-4409-93fb-64afebede10d,Bolt,ca0dd966-70f1-4336-984e-512099f1fdb3,scooter,reserve,36,2026-09-04T16:02:54Z,POINT (-9.09621 38.75637)
9f92ebd0-3bfb-4cab-a6a3-1e89316901e0,a08ff49b-6f77-4632-a16c-43069c43a8c3,Lime,713cdac6-b84b-49c3-bfd2-f3e5f587668c,bicycle,rebalance_pick_up,96,2026-09-04T16:08:19Z,POINT (-9.14230 38.74083)
ad97e4f9-3fea-445d-aae4-bd26eda43600,aa36434e-f251-4c63-8d4e-86a538cc03aa,Gira,9ac69a2d-124e-4810-bd84-ae87f7d53c77,bicycle,provider_pick_up,36,2026-09-04T16:15:57Z,POINT (-9.17822 38.70239)
10ed6853-7d78-4379-b998-9a9fa3264057,a08ff49b-6f77-4632-a16c-43069c43a8c3,Lime,f999ed29-b6e9-4ecb-8088-7fc7f6bf74a1,scooter,trip_end,40,2026-09-04T16:16:20Z,POINT (-9.11348 38.76708)
c9cd1c3a-bc7a-4715-a5fd-5d7c1c635439,aa1883c4-ffd0-40f5-bd14-dcc312684e4e,Voi,43272e90-be59-43fb-8fa7-25638d07e6e2,scooter,trip_end,56,2026-09-04T16:33:08Z,POINT (-9.17757 38.70156)
9c9f2cda-4131-48f9-a667-007a07ff3e57,a08ff49b-6f77-4632-a16c-43069c43a8c3,Lime,5790e377-afab-41f9-a2c8-19c8405d10a4,bicycle,low_battery,11,2026-09-04T16:51:32Z,POINT (-9.09860 38.76802)
013a8bcf-3a55-42d4-a2e1-748f29b0d0a8,aa1883c4-ffd0-40f5-bd14-dcc312684e4e,Voi,e71b72d6-ec2f-4ad2-8ea7-67852afdc424,scooter,rebalance_drop_off,100,2026-09-04T16:53:00Z,POINT (-9.14806 38.71907)
75afe74e-ee89-4f57-9412-9ba67666539c,a08ff49b-6f77-4632-a16c-43069c43a8c3,Lime,a2abc323-5295-46c9-8cd2-00f8bf1bfbf2,scooter,trip_start,76,2026-09-04T16:54:52Z,POINT (-9.16051 38.70977)
c3195cff-bd72-43f0-81f5-d27919a877f1,a08ff49b-6f77-4632-a16c-43069c43a8c3,Lime,567c7a9c-0022-4d60-9b79-a9c823ecf9ba,bicycle,trip_end,56,2026-09-04T16:54:59Z,POINT (-9.14520 38.74169)
3300a68e-269b-4d5c-98f3-2ca0fbff5cdf,7cf3c256-32b9-4409-93fb-64afebede10d,Bolt,af9ceb79-1bd7-4d19-8a69-32365a79c529,scooter,trip_end,58,2026-09-04T17:22:21Z,POINT (-9.12917 38.71602)
9948eec7-1eb8-47cd-bf87-7d7e744aeba0,7cf3c256-32b9-4409-93fb-64afebede10d,Bolt,20e2e7e4-8b56-4026-a746-de705bec8cc5,scooter,trip_start,64,2026-09-04T17:23:17Z,POINT (-9.12782 38.71725)
c1d68aed-8308-4e12-9ebb-614b1fabe93f,e8eb2af2-f261-45a8-91cd-424e42a85121,Dott,bd67f460-81d3-4c86-918b-a1da249d7648,scooter,trip_end,27,2026-09-04T17:31:04Z,POINT (-9.14235 38.74163)
cc8245ad-53aa-48ab-b12a-6e62336fa110,7cf3c256-32b9-4409-93fb-64afebede10d,Bolt,393cd7a7-04a8-4dbb-b2f7-f26ba543bb20,scooter,trip_end,29,2026-09-04T17:32:45Z,POINT (-9.17258 38.71214)
f023fb79-299e-4310-9e39-61a333f42ea5,aa36434e-f251-4c63-8d4e-86a538cc03aa,Gira,3ac35e29-9946-4cb2-9735-a602595c88ec,bicycle,rebalance_pick_up,44,2026-09-04T17:43:17Z,POINT (-9.13134 38.75938)
37156edf-dbef-4a68-8200-36bc78054d4c,e8eb2af2-f261-45a8-91cd-424e42a85121,Dott,bd67f460-81d3-4c86-918b-a1da249d7648,scooter,trip_end,99,2026-09-04T17:46:35Z,POINT (-9.09135 38.76738)
d803ed62-0cdb-499c-afbc-f5f75d0aa858,7cf3c256-32b9-4409-93fb-64afebede10d,Bolt,882ff6da-9925-4fce-8790-159c37bf5c35,scooter,reserve,67,2026-09-04T17:56:45Z,POINT (-9.10942 38.73821)
3f84cfb0-19b3-4df2-9b86-c9cc1d663162,aa36434e-f251-4c63-8d4e-86a538cc03aa,Gira,44b13eee-c2b2-4acc-bf87-e111610a87d0,bicycle,rebalance_pick_up,77,2026-09-04T18:05:58Z,POINT (-9.13562 38.71290)
1607d146-b88c-4f38-bf0c-692b5fbea7db,a08ff49b-6f77-4632-a16c-43069c43a8c3,Lime,7f4990cc-90e3-442d-acf1-5c6bad4fad06,bicycle,reserve,70,2026-09-04T18:15:14Z,POINT (-9.13451 38.71434)
3eddd43a-fb7b-48bf-92b6-eab73765b336,a08ff49b-6f77-4632-a16c-43069c43a8c3,Lime,7194b231-29fc-468c-9b41-7cf0e20e0ccf,bicycle,trip_end,86,2026-09-04T18:16:28Z,POINT (-9.14448 38.73305)
6e8eefb5-a607-4ee9-9c6b-8f39d865e608,e8eb2af2-f261-45a8-91cd-424e42a85121,Dott,fba29c17-284c-4313-982c-963cdf81a1de,bicycle,trip_end,95,2026-09-04T18:18:48Z,POINT (-9.14500 38.73589)
f3659dc5-dc89-44c3-a7e1-aad669976243,a08ff49b-6f77-4632-a16c-43069c43a8c3,Lime,4a40e713-fa23-4b8d-b574-acee683adece,scooter,trip_end,58,2026-09-04T18:43:08Z,POINT (-9.14070 38.75832)
c552b02f-02a9-4707-a079-ddf4f7767a1f,7cf3c256-32b9-4409-93fb-64afebede10d,Bolt,528272e8-5213-4ccf-bf4d-8ce9d55d0f6b,scooter,trip_end,79,2026-09-04T18:43:18Z,POINT (-9.11136 38.77164)
81b1e463-f609-4494-a99d-851343901e62,a08ff49b-6f77-4632-a16c-43069c43a8c3,Lime,fbc42510-806e-4fae-a3f3-44f79f21b705,scooter,trip_end,98,2026-09-04T18:48:26Z,POINT (-9.14835 38.72383)
bc3c9b4e-aed8-4e1e-bf51-ff87c3cb6681,e8eb2af2-f261-45a8-91cd-424e42a85121,Dott,3537861c-b0cd-4770-ae8b-ad80cc16bef5,scooter,provider_drop_off,81,2026-09-04T18:49:05Z,POINT (-9.13966 38.75321)
dd4c6e84-bf37-415c-810e-d17a148e0229,a08ff49b-6f77-4632-a16c-43069c43a8c3,Lime,8bbe518e-5a77-471e-925b-80e13a69be26,scooter,rebalance_drop_off,27,2026-09-04T18:51:53Z,POINT (-9.13957 38.74051)
35d412c4-e594-4232-a84c-36fedb06f89a,a08ff49b-6f77-4632-a16c-43069c43a8c3,Lime,1763b74c-d9a8-4694-92cc-a109bb1ee938,scooter,trip_start,57,2026-09-04T18:59:45Z,POINT (-9.16101 38.72004)
0db113b6-8b9d-4ecd-8a02-b8e6147df33e,aa36434e-f251-4c63-8d4e-86a538cc03aa,Gira,8c78b5a0-483f-49e2-a661-e896cbd4ded5,bicycle,trip_end,28,2026-09-04T19:04:03Z,POINT (-9.14481 38.73697)
3d4cdc6f-e3b4-4ac3-8145-80dba8aaa57d,aa1883c4-ffd0-40f5-bd14-dcc312684e4e,Voi,f26e0c46-8025-4804-8a4d-129ced9002b8,scooter,trip_end,38,2026-09-04T19:09:23Z,POINT (-9.14387 38.71895)
4d92359e-7869-428e-b6fd-45d7838617c7,7cf3c256-32b9-4409-93fb-64afebede10d,Bolt,b5188819-ee99-40d7-b7b4-744da20ef2d4,scooter,trip_end,78,2026-09-04T19:11:40Z,POINT (-9.13661 38.71032)
ad06d7dc-3382-4d90-9177-5c1757d04018,a08ff49b-6f77-4632-a16c-43069c43a8c3,Lime,54a34579-97d3-4406-ba95-a96046fc151b,scooter,trip_start,76,2026-09-04T19:17:40Z,POINT (-9.09164 38.76008)
b87af97e-b222-49bb-811a-831794d4ff7f,a08ff49b-6f77-4632-a16c-43069c43a8c3,Lime,6b4f4a77-4686-4d1d-99f8-dfa799a3d9fb,bicycle,trip_end,54,2026-09-04T19:25:29Z,POINT (-9.09066 38.76889)
69f6c193-0564-4285-8937-2e1b7670793d,a08ff49b-6f77-4632-a16c-43069c43a8c3,Lime,3c9f37e5-d143-4e3e-9999-f2ab1669306f,scooter,provider_pick_up,80,2026-09-04T19:29:32Z,POINT (-9.12839 38.71376)
d2f02f42-69b2-4466-b986-670ae6704666,aa36434e-f251-4c63-8d4e-86a538cc03aa,Gira,3cd02e4a-2921-4ab7-b53e-e03cfa771b00,bicycle,trip_start,100,2026-09-04T19:31:42Z,POINT (-9.15454 38.73562)
876c92af-8142-4013-a96d-fb246a6c7672,a08ff49b-6f77-4632-a16c-43069c43a8c3,Lime,6193320b-017d-42f1-82ab-97f628261e7c,scooter,trip_end,43,2026-09-04T19:46:18Z,POINT (-9.13729 38.71681)
9cb37794-f083-4a4d-b7c1-87f036d1a719,a08ff49b-6f77-4632-a16c-43069c43a8c3,Lime,3b8d7e4f-a4a7-4eb6-b006-7779fe79a4d8,bicycle,trip_start,45,2026-09-04T20:02:09Z,POINT (-9.16065 38.70422)
80e65feb-975b-4720-bb4a-9983398c0ba0,a08ff49b-6f77-4632-a16c-43069c43a8c3,Lime,4a779d01-94aa-4255-b9b4-482e3ffccb37,scooter,trip_end,70,2026-09-04T21:24:41Z,POINT (-9.13776 38.71001)
7f1e98bc-cc2b-4434-8e0c-7118205b38c3,a08ff49b-6f77-4632-a16c-43069c43a8c3,Lime,f999ed29-b6e9-4ecb-8088-7fc7f6bf74a1,bicycle,provider_pick_up,51,2026-09-04T22:10:55Z,POINT (-9.15714 38.71762)
a2730470-fff4-4605-bebe-702390a44d2f,e8eb2af2-f261-45a8-91cd-424e42a85121,Dott,32a1fa1a-60cc-48ce-843c-1184c183d813,bicycle,trip_start,69,2026-09-04T22:35:35Z,POINT (-9.14287 38.70888)
f031ad2e-1006-4259-96a6-aceda94ac373,7cf3c256-32b9-4409-93fb-64afebede10d,Bolt,30263074-bcd3-496e-bf58-222725565161,scooter,trip_end,58,2026-09-04T23:30:14Z,POINT (-9.14635 38.71038)
bf2d7042-ec02-44e5-a77b-ba4004999f42,aa36434e-f251-4c63-8d4e-86a538cc03aa,Gira,29fa7209-62d5-47c2-9ff7-7b83b96c1c70,bicycle,low_battery,14,2026-09-05T00:05:20Z,POINT (-9.15504 38.75410)
bfe04a42-6bbc-4a7f-ade9-0a669eebf96c,7cf3c256-32b9-4409-93fb-64afebede10d,Bolt,73c82101-b9fe-4a66-99b4-de7ae181ad7d,scooter,low_battery,6,2026-09-05T01:16:51Z,POINT (-9.14467 38.71034)
211a7caf-025f-4132-8d1a-84a2cb472154,aa1883c4-ffd0-40f5-bd14-dcc312684e4e,Voi,4ac47eaa-9269-4ff0-9fd9-e9ef0272259e,scooter,trip_end,97,2026-09-05T01:52:39Z,POINT (-9.09611 38.76852)
76f39267-40b0-41a9-90a3-0797cb278061,a08ff49b-6f77-4632-a16c-43069c43a8c3,Lime,5e09d096-b3a1-496a-af9b-ccfbaa0c4548,scooter,trip_start,28,2026-09-05T02:28:14Z,POINT (-9.13422 38.71643)
e6f2e423-4b90-4de3-9022-29cb262f98d0,a08ff49b-6f77-4632-a16c-43069c43a8c3,Lime,fbc42510-806e-4fae-a3f3-44f79f21b705,bicycle,cancel_reservation,99,2026-09-05T02:41:19Z,POINT (-9.14438 38.71628)
822e5360-dbe6-4344-ba08-471d61e6e199,7cf3c256-32b9-4409-93fb-64afebede10d,Bolt,ccf0b5f3-3d5e-4dbb-86e6-742ac1c321f4,scooter,reserve,26,2026-09-05T03:56:55Z,POINT (-9.13985 38.71163)
c78db327-ed64-4d78-ae9f-5b0df7701de5,e8eb2af2-f261-45a8-91cd-424e42a85121,Dott,9c83caf4-9979-4772-b945-176d481e86d4,bicycle,trip_start,38,2026-09-05T04:40:32Z,POINT (-9.13608 38.74271)
2b1b56f4-13ef-4fdc-8cf9-24fd5c266327,7cf3c256-32b9-4409-93fb-64afebede10d,Bolt,a7f0654d-3632-4b53-993e-3cf492c91d44,scooter,trip_end,52,2026-09-05T04:44:50Z,POINT (-9.13842 38.74495)
5149e37d-c94a-421a-8037-74bd9b840c89,e8eb2af2-f261-45a8-91cd-424e42a85121,Dott,3bb14d31-a83f-4ba7-bfa3-52099c2057db,bicycle,trip_end,36,2026-09-05T04:51:06Z,POINT (-9.14194 38.73646)
8784898d-7b81-4fba-a53b-874be42ced83,7cf3c256-32b9-4409-93fb-64afebede10d,Bolt,d96c982a-cd46-42ab-ad43-3f03cc68e4b2,scooter,reserve,54,2026-09-05T04:52:25Z,POINT (-9.14095 38.71591)
4314d68d-0855-4f73-a211-b9810d4a9507,7cf3c256-32b9-4409-93fb-64afebede10d,Bolt,335dca26-c4a6-4a12-b6da-b5a3e365ad0b,scooter,reserve,74,2026-09-05T04:59:12Z,POINT (-9.15413 38.74181)
75eb9439-8df3-438e-9179-b2cd0bd4366f,7cf3c256-32b9-4409-93fb-64afebede10d,Bolt,5af93444-6081-414d-8915-68af1146615f,scooter,provider_pick_up,26,2026-09-05T05:23:54Z,POINT (-9.17742 38.70222)
edb51b36-a413-4bbc-8239-65f7004240d1,7cf3c256-32b9-4409-93fb-64afebede10d,Bolt,de1d1389-2c83-43c4-b145-f83cb33557d0,scooter,low_battery,13,2026-09-05T05:24:17Z,POINT (-9.13395 38.71915)
50b94c9e-3510-4afe-aa60-10a4c271bdfc,7cf3c256-32b9-4409-93fb-64afebede10d,Bolt,99efdc1a-29b7-4ed2-b6d3-893e3ed77c6b,scooter,trip_start,58,2026-09-05T05:29:56Z,POINT (-9.14009 38.71279)
a6e53226-16b4-468e-ae37-ba2becc23298,e8eb2af2-f261-45a8-91cd-424e42a85121,Dott,0a3d5841-53d6-47ed-8f95-55af66c90bc8,scooter,trip_start,61,2026-09-05T06:14:08Z,POINT (-9.14821 38.71441)
cd59deed-cbe5-4c97-af27-1bb824c5d933,a08ff49b-6f77-4632-a16c-43069c43a8c3,Lime,5790e377-afab-41f9-a2c8-19c8405d10a4,bicycle,trip_start,48,2026-09-05T06:31:32Z,POINT (-9.14384 38.70540)
39c89b43-3cfc-4ab0-9c1f-91bac62a9e15,aa1883c4-ffd0-40f5-bd14-dcc312684e4e,Voi,b0a6a976-fcdb-4cae-b985-63575e53df5b,scooter,trip_end,52,2026-09-05T07:18:20Z,POINT (-9.14256 38.75277)
41baaf11-2e45-4e0f-9aef-d5724b6d5eb3,a08ff49b-6f77-4632-a16c-43069c43a8c3,Lime,5e6994ef-58cb-4994-a5c1-44ebe3d7c256,bicycle,trip_end,34,2026-09-05T07:31:14Z,POINT (-9.13687 38.71850)
9ad185d3-b392-411a-b09d-3ee46fee4a1a,7cf3c256-32b9-4409-93fb-64afebede10d,Bolt,3e5350ed-dc4e-4868-8250-32b3aee70442,scooter,trip_start,76,2026-09-05T08:02:46Z,POINT (-9.14751 38.71014)
f4a3461d-e2e7-4564-93d2-7cc5d1381eec,aa1883c4-ffd0-40f5-bd14-dcc312684e4e,Voi,f26e0c46-8025-4804-8a4d-129ced9002b8,scooter,rebalance_drop_off,31,2026-09-05T08:08:32Z,POINT (-9.14629 38.70569)
f8382ed8-7d81-40f3-8f30-d4f7880f1dd7,7cf3c256-32b9-4409-93fb-64afebede10d,Bolt,9d22ada4-6a6f-44e8-bdc0-a95499eb387d,scooter,maintenance,27,2026-09-05T08:13:14Z,POINT (-9.14646 38.75369)
d2083249-c296-4bb6-a4a1-d7164f1ea1ce,7cf3c256-32b9-4409-93fb-64afebede10d,Bolt,18181d5e-9d5b-4270-8b9a-9b87d374fe50,scooter,rebalance_drop_off,100,2026-09-05T08:27:35Z,POINT (-9.14019 38.71508)
aaf7e907-a5b3-43cf-8dfc-b6edfedfa95f,a08ff49b-6f77-4632-a16c-43069c43a8c3,Lime,1191616d-f10f-4ea2-b6dc-f9fc266913ba,bicycle,reserve,80,2026-09-05T08:45:31Z,POINT (-9.14626 38.70942)
40ccc92c-e8ac-401d-97b1-a3d4df2597c4,a08ff49b-6f77-4632-a16c-43069c43a8c3,Lime,6193320b-017d-42f1-82ab-97f628261e7c,bicycle,maintenance,47,2026-09-05T09:28:48Z,POINT (-9.09447 38.76304)
4439e0bf-f11c-4808-8588-cf0557c8fbed,e8eb2af2-f261-45a8-91cd-424e42a85121,Dott,36e6d145-c96c-4627-9c3e-dafaac1948b1,bicycle,rebalance_pick_up,71,2026-09-05T09:46:42Z,POINT (-9.13455 38.72078)
a30fa535-a08f-4812-9063-a31f7f12eb60,7cf3c256-32b9-4409-93fb-64afebede10d,Bolt,5af93444-6081-414d-8915-68af1146615f,scooter,trip_start,29,2026-09-05T10:12:16Z,POINT (-9.13022 38.71205)
d5e46420-5707-4b5a-9f24-e19e3d1be79e,7cf3c256-32b9-4409-93fb-64afebede10d,Bolt,71f5e946-02a0-44be-b04f-9ddd9505ddc7,scooter,rebalance_drop_off,65,2026-09-05T10:22:06Z,POINT (-9.13434 38.71907)
3eca1d5c-a024-4d44-971f-988f08bad808,7cf3c256-32b9-4409-93fb-64afebede10d,Bolt,ededfc18-5e00-4782-895f-363c777a79d6,scooter,low_battery,6,2026-09-05T10:24:32Z,POINT (-9.16147 38.76038)
529d36d7-b648-4129-94de-4641519026f6,e8eb2af2-f261-45a8-91cd-424e42a85121,Dott,05f64acc-67fd-42c6-b791-689ef6733401,bicycle,rebalance_pick_up,51,2026-09-05T10:27:47Z,POINT (-9.14723 38.70825)
580b15f2-c215-4463-83f5-5419253ced20,a08ff49b-6f77-4632-a16c-43069c43a8c3,Lime,7194b231-29fc-468c-9b41-7cf0e20e0ccf,bicycle,trip_start,37,2026-09-05T10:46:12Z,POINT (-9.14753 38.76063)
8f20305d-395f-4db9-89d3-2578cefdf63b,7cf3c256-32b9-4409-93fb-64afebede10d,Bolt,55ac426d-73df-467b-91b8-37842bce8c2f,scooter,trip_start,66,2026-09-05T10:57:11Z,POINT (-9.14309 38.71165)
c8b263aa-81c1-43fc-93bd-0a602fd626b7,e8eb2af2-f261-45a8-91cd-424e42a85121,Dott,2dd65b26-1706-4623-8a22-02d7d605a60c,scooter,trip_start,83,2026-09-05T11:01:54Z,POINT (-9.10626 38.76209)
1efc2591-e020-4a52-a44f-f77eee2e8a38,aa1883c4-ffd0-40f5-bd14-dcc312684e4e,Voi,89f58794-175c-45c1-82fd-bf3141ea3734,scooter,trip_start,55,2026-09-05T11:03:14Z,POINT (-9.13185 38.71207)
2e318f46-1f28-4b77-9ff2-257a67bba37d,7cf3c256-32b9-4409-93fb-64afebede10d,Bolt,50239dd0-0ceb-4c14-94cc-29386abbc94f,scooter,trip_end,25,2026-09-05T11:07:56Z,POINT (-9.17078 38.70528)
fbc6bc69-9668-4b13-aae2-7cf8043fb33c,a08ff49b-6f77-4632-a16c-43069c43a8c3,Lime,f0fe07c7-b727-45ef-bc1c-06d9505aeae5,scooter,trip_start,26,2026-09-05T11:27:13Z,POINT (-9.12882 38.71549)
8510d43a-a61e-445c-b1eb-34e7deb9b23f,7cf3c256-32b9-4409-93fb-64afebede10d,Bolt,b807201b-8215-41d2-8166-e192a2c75b24,scooter,trip_end,75,2026-09-05T11:34:43Z,POINT (-9.14816 38.73822)
ba16cf28-1545-482d-b5b9-4ffd7a2ee6a8,7cf3c256-32b9-4409-93fb-64afebede10d,Bolt,528272e8-5213-4ccf-bf4d-8ce9d55d0f6b,scooter,reserve,53,2026-09-05T11:34:54Z,POINT (-9.10702 38.77101)
63d53d61-8ac6-4e36-80ad-dc718a2aad9f,a08ff49b-6f77-4632-a16c-43069c43a8c3,Lime,c6816f7e-12d4-4aa4-911f-e4e0181a4476,bicycle,trip_start,79,2026-09-05T11:38:44Z,POINT (-9.13660 38.71496)
d8cac3d2-8c07-4ed6-8067-ca56d8423469,a08ff49b-6f77-4632-a16c-43069c43a8c3,Lime,6b4f4a77-4686-4d1d-99f8-dfa799a3d9fb,scooter,trip_end,93,2026-09-05T11:40:46Z,POINT (-9.20372 38.70174)
d9052539-0dab-42b9-82f0-d55882b9adff,a08ff49b-6f77-4632-a16c-43069c43a8c3,Lime,ab57ce07-4d3f-420b-8193-949496ce47e5,scooter,trip_start,94,2026-09-05T11:47:35Z,POINT (-9.21106 38.69975)
7aa803c2-290d-4c0c-85c7-0a0fc0f7dd02,aa1883c4-ffd0-40f5-bd14-dcc312684e4e,Voi,9381e376-9467-446a-92fd-95d7d488baed,scooter,trip_start,62,2026-09-05T11:52:45Z,POINT (-9.17856 38.70217)
6a7d4ce3-a7e0-4d52-b75a-6af84a0ec057,aa36434e-f251-4c63-8d4e-86a538cc03aa,Gira,91f180be-cb45-4118-8807-8fffc5daa84a,bicycle,rebalance_drop_off,36,2026-09-05T11:54:06Z,POINT (-9.12797 38.71359)
034b8f60-5f79-4bd2-966e-4628807cc51c,7cf3c256-32b9-4409-93fb-64afebede10d,Bolt,22b90ef4-4f54-4380-aad7-4c99c40e3871,scooter,rebalance_drop_off,91,2026-09-05T12:21:18Z,POINT (-9.08751 38.76743)
2776c9ea-a7cb-475e-9390-f4d02481b596,e8eb2af2-f261-45a8-91cd-424e42a85121,Dott,86dc0c7f-4dce-455d-93cd-8638469a8deb,bicycle,rebalance_drop_off,94,2026-09-05T12:30:30Z,POINT (-9.13184 38.71414)
640c3f68-a819-44ea-8790-bc5a4f0efad7,a08ff49b-6f77-4632-a16c-43069c43a8c3,Lime,156bb1ca-d760-4ab9-a5e1-dea83898e499,scooter,maintenance,35,2026-09-05T12:33:59Z,POINT (-9.20790 38.69983)
7facbf9c-c255-46c6-b0eb-dd83b647e3de,7cf3c256-32b9-4409-93fb-64afebede10d,Bolt,c18064a7-5703-4731-b421-d068f2c50eaa,scooter,trip_end,37,2026-09-05T12:34:39Z,POINT (-9.20976 38.70232)
0180dbcb-2b4c-4791-98e6-40e61fd2bf13,a08ff49b-6f77-4632-a16c-43069c43a8c3,Lime,3b8d7e4f-a4a7-4eb6-b006-7779fe79a4d8,bicycle,trip_start,27,2026-09-05T12:38:09Z,POINT (-9.14768 38.75062)
1356e008-4fbe-4503-b325-332d051be38e,aa36434e-f251-4c63-8d4e-86a538cc03aa,Gira,71bcda98-1399-433f-a9c7-77b2d03e1b88,bicycle,trip_end,99,2026-09-05T12:39:30Z,POINT (-9.13123 38.71249)
c243ec7e-287f-4985-b74b-58ae156b542a,7cf3c256-32b9-4409-93fb-64afebede10d,Bolt,882ff6da-9925-4fce-8790-159c37bf5c35,scooter,trip_end,42,2026-09-05T12:40:12Z,POINT (-9.14457 38.74102)
bc301e7d-2e8e-4d44-a637-b5061ae0602d,7cf3c256-32b9-4409-93fb-64afebede10d,Bolt,de1d1389-2c83-43c4-b145-f83cb33557d0,scooter,trip_end,57,2026-09-05T12:45:17Z,POINT (-9.17512 38.70771)
96db7566-3100-416f-9e59-51685fa794c1,a08ff49b-6f77-4632-a16c-43069c43a8c3,Lime,a4ae37af-fe4a-4ca2-8b1d-42bbd0c94bd0,scooter,provider_pick_up,74,2026-09-05T12:46:40Z,POINT (-9.14225 38.71444)
c31ab641-8a68-4ee6-bd6a-d48a1ebe040a,a08ff49b-6f77-4632-a16c-43069c43a8c3,Lime,db4fd9c8-4efb-471a-a772-c7ba04eedb66,bicycle,trip_start,45,2026-09-05T12:54:08Z,POINT (-9.13290 38.71651)
f0da5c2b-0caa-4875-9d46-3a45e86b3375,7cf3c256-32b9-4409-93fb-64afebede10d,Bolt,36d0fbc2-b532-4596-8962-2661fe174ed4,scooter,trip_end,25,2026-09-05T12:59:55Z,POINT (-9.13058 38.74211)
2e4e2448-f505-4956-a48e-7619e62704f2,a08ff49b-6f77-4632-a16c-43069c43a8c3,Lime,1191616d-f10f-4ea2-b6dc-f9fc266913ba,scooter,trip_end,95,2026-09-05T13:02:58Z,POINT (-9.09623 38.77305)
5f307f6d-4c41-4af1-9b4e-c3736336e618,e8eb2af2-f261-45a8-91cd-424e42a85121,Dott,047af9f4-92c8-485c-bc45-a7e0bab81c72,scooter,trip_start,67,2026-09-05T13:04:22Z,POINT (-9.14480 38.75640)
cea5af37-fa96-41ee-9ac2-425fd47b89a8,a08ff49b-6f77-4632-a16c-43069c43a8c3,Lime,8bbe518e-5a77-471e-925b-80e13a69be26,bicycle,reserve,55,2026-09-05T13:06:32Z,POINT (-9.20531 38.69971)
4d2ef12e-012f-4de3-933b-0ddbb0f0ea86,7cf3c256-32b9-4409-93fb-64afebede10d,Bolt,73c82101-b9fe-4a66-99b4-de7ae181ad7d,scooter,trip_end,94,2026-09-05T13:28:45Z,POINT (-9.08243 38.77281)
f4754851-2888-45f6-a39b-793d293237d5,a08ff49b-6f77-4632-a16c-43069c43a8c3,Lime,1191616d-f10f-4ea2-b6dc-f9fc266913ba,scooter,trip_end,43,2026-09-05T13:33:01Z,POINT (-9.19983 38.69679)
31145083-935a-498a-afc2-b2c58073c0fc,aa1883c4-ffd0-40f5-bd14-dcc312684e4e,Voi,f26e0c46-8025-4804-8a4d-129ced9002b8,scooter,trip_end,39,2026-09-05T13:38:42Z,POINT (-9.15172 38.72190)
fff1be64-f7ec-45d8-9092-831e1fa76807,a08ff49b-6f77-4632-a16c-43069c43a8c3,Lime,1191616d-f10f-4ea2-b6dc-f9fc266913ba,bicycle,provider_drop_off,96,2026-09-05T13:47:44Z,POINT (-9.12725 38.74027)
9bb80f8d-40f9-4f5a-8d2c-0bdd8afd722d,a08ff49b-6f77-4632-a16c-43069c43a8c3,Lime,8bbe518e-5a77-471e-925b-80e13a69be26,bicycle,reserve,30,2026-09-05T13:58:27Z,POINT (-9.15162 38.71064)
99fbdff5-9302-4004-af81-bc5abee72fc9,7cf3c256-32b9-4409-93fb-64afebede10d,Bolt,8d943767-66fa-4329-a57e-d3f3dd2514c2,scooter,trip_end,98,2026-09-05T14:03:36Z,POINT (-9.13915 38.70766)
652bc625-c15e-4c68-a887-ca441d039592,a08ff49b-6f77-4632-a16c-43069c43a8c3,Lime,6b4f4a77-4686-4d1d-99f8-dfa799a3d9fb,bicycle,maintenance,58,2026-09-05T14:21:16Z,POINT (-9.14074 38.75601)
90f49235-7d51-4476-b08e-f9fc75938be7,aa36434e-f251-4c63-8d4e-86a538cc03aa,Gira,d04c8daf-bb76-4fe3-80b4-9a2dc6fbfb56,bicycle,trip_start,87,2026-09-05T14:31:59Z,POINT (-9.13302 38.71572)
17a2392d-ff74-4b69-beef-dc55daaae415,a08ff49b-6f77-4632-a16c-43069c43a8c3,Lime,3c9f37e5-d143-4e3e-9999-f2ab1669306f,scooter,trip_end,52,2026-09-05T14:36:29Z,POINT (-9.13501 38.71367)
75f10475-57a1-4be5-bab5-e7181c4292bf,aa36434e-f251-4c63-8d4e-86a538cc03aa,Gira,6565f168-e2a6-45d9-b1d5-59066cb69f1a,bicycle,cancel_reservation,25,2026-09-05T14:38:42Z,POINT (-9.20856 38.69867)
1cc807a3-6ee2-4316-ae02-eead7bf2e634,a08ff49b-6f77-4632-a16c-43069c43a8c3,Lime,f0fe07c7-b727-45ef-bc1c-06d9505aeae5,scooter,trip_end,52,2026-09-05T14:39:50Z,POINT (-9.12768 38.71508)
dd342289-c042-4092-b085-9fc61defdf0d,a08ff49b-6f77-4632-a16c-43069c43a8c3,Lime,c3b109bf-3623-4a20-9a44-df1ddaa9bc82,bicycle,trip_end,45,2026-09-05T14:55:58Z,POINT (-9.15123 38.71387)
bba6fa2d-fb13-4ef5-8fb7-48b0f157db74,7cf3c256-32b9-4409-93fb-64afebede10d,Bolt,812aefea-12b3-4bd4-97e1-3b1d8847ec46,scooter,trip_start,60,2026-09-05T15:02:02Z,POINT (-9.14268 38.71189)
d266303e-1c9d-4303-a778-67e86c9fd235,aa36434e-f251-4c63-8d4e-86a538cc03aa,Gira,ba15144f-9864-410f-9c45-0cd80d43c790,bicycle,rebalance_drop_off,64,2026-09-05T15:04:49Z,POINT (-9.13639 38.72123)
ba01e209-bc27-4d1f-ba9b-2a691fd79f5b,e8eb2af2-f261-45a8-91cd-424e42a85121,Dott,8569a374-0749-4780-bfc0-60b51059896d,scooter,rebalance_drop_off,48,2026-09-05T15:11:31Z,POINT (-9.13792 38.71280)
15b0abf8-fe44-4f7d-aa64-4f243d3d5974,a08ff49b-6f77-4632-a16c-43069c43a8c3,Lime,e3e4cb2d-5976-46ea-916f-6e5ef3ba3e32,bicycle,trip_start,36,2026-09-05T15:20:58Z,POINT (-9.13351 38.71401)
4d4836ba-e6fa-4168-8f67-36243d16a6fe,a08ff49b-6f77-4632-a16c-43069c43a8c3,Lime,416cda3a-b625-4353-96b7-c5bdbeabdfb0,bicycle,rebalance_drop_off,79,2026-09-05T15:22:54Z,POINT (-9.13072 38.71018)
e55171f5-2763-4725-92f1-affe32da718b,7cf3c256-32b9-4409-93fb-64afebede10d,Bolt,e2c7ed96-80cb-431e-9231-b957ec2f20e8,scooter,trip_end,68,2026-09-05T15:22:58Z,POINT (-9.13123 38.71642)
1645a105-8d9c-4072-84bf-fb17711f473d,a08ff49b-6f77-4632-a16c-43069c43a8c3,Lime,24bcd670-0fa6-4c12-9b71-1aeda82a211f,bicycle,rebalance_drop_off,87,2026-09-05T15:26:30Z,POINT (-9.14588 38.71058)
84589852-06b9-4e4b-87af-69f4b4c44a46,7cf3c256-32b9-4409-93fb-64afebede10d,Bolt,20e2e7e4-8b56-4026-a746-de705bec8cc5,scooter,reserve,67,2026-09-05T15:50:20Z,POINT (-9.10129 38.76830)
4b854be0-a996-48be-8718-53c553207ba7,7cf3c256-32b9-4409-93fb-64afebede10d,Bolt,b8206349-ce47-49c8-bdb0-5d3a1a22f509,scooter,trip_end,80,2026-09-05T15:52:50Z,POINT (-9.14066 38.70793)
7aa245be-ba55-46ad-b67a-2ce3d5f32165,7cf3c256-32b9-4409-93fb-64afebede10d,Bolt,50239dd0-0ceb-4c14-94cc-29386abbc94f,scooter,low_battery,11,2026-09-05T16:41:14Z,POINT (-9.13634 38.71296)
074fa916-5f31-4110-a527-8e4ceb1d3291,e8eb2af2-f261-45a8-91cd-424e42a85121,Dott,0a3d5841-53d6-47ed-8f95-55af66c90bc8,scooter,low_battery,10,2026-09-05T16:42:58Z,POINT (-9.13333 38.71009)
f56faad5-cb34-4331-8ddd-b6171affc076,7cf3c256-32b9-4409-93fb-64afebede10d,Bolt,920d73a3-b403-4e23-b47e-0ac0f90305ff,scooter,trip_end,55,2026-09-05T16:43:54Z,POINT (-9.14576 38.73736)
7a4649fd-0f8c-491e-9358-5dd298e665d1,e8eb2af2-f261-45a8-91cd-424e42a85121,Dott,c3b7c263-5617-4661-817f-6bb666ec1d21,bicycle,trip_start,35,2026-09-05T16:59:43Z,POINT (-9.10530 38.76523)
a835e243-f7e4-48da-8464-d64608acedc4,aa1883c4-ffd0-40f5-bd14-dcc312684e4e,Voi,822cc5e9-42eb-4a47-a01a-4824d8fa8091,scooter,trip_start,88,2026-09-05T17:00:12Z,POINT (-9.14967 38.70633)
1a0f0df3-ea2f-499b-9d63-90965a067886,a08ff49b-6f77-4632-a16c-43069c43a8c3,Lime,6b4f4a77-4686-4d1d-99f8-dfa799a3d9fb,scooter,provider_drop_off,79,2026-09-05T17:03:45Z,POINT (-9.13177 38.71769)
9b6461a5-3bc5-4914-bbb4-3fc795a6b463,7cf3c256-32b9-4409-93fb-64afebede10d,Bolt,c61537dd-d2bc-4b1a-a12f-e284c331508d,scooter,cancel_reservation,32,2026-09-05T17:09:16Z,POINT (-9.14106 38.70803)
ddb727f2-d1fa-44cf-90b4-600281e3346f,aa1883c4-ffd0-40f5-bd14-dcc312684e4e,Voi,d961b548-c8c4-4470-a03b-0a7a153ba25d,scooter,trip_end,52,2026-09-05T17:15:37Z,POINT (-9.21334 38.70065)
9cde59ac-ff96-4c1b-b9ff-6cdc2b0b4891,aa1883c4-ffd0-40f5-bd14-dcc312684e4e,Voi,8021919d-dade-4ba6-a061-b5d7b0cbf698,scooter,trip_end,25,2026-09-05T17:24:13Z,POINT (-9.09421 38.75976)
867926cb-45c6-4343-9c68-4857bb80f516,a08ff49b-6f77-4632-a16c-43069c43a8c3,Lime,7f4990cc-90e3-442d-acf1-5c6bad4fad06,scooter,trip_start,62,2026-09-05T17:26:15Z,POINT (-9.15062 38.71443)
1767a9f2-2e52-4b7a-93a8-ed5a05dbc041,a08ff49b-6f77-4632-a16c-43069c43a8c3,Lime,b6ef72b8-cd1d-45f7-94e0-181369664e5b,bicycle,trip_start,83,2026-09-05T17:27:59Z,POINT (-9.20543 38.70019)
98ccd148-ee06-41b9-b5b5-cab353bf1510,7cf3c256-32b9-4409-93fb-64afebede10d,Bolt,636fb7a8-389c-421b-8e87-e1365bfae7e3,scooter,reserve,36,2026-09-05T17:45:32Z,POINT (-9.15004 38.71138)
2f32b8da-a2be-40d2-b3d2-456c2fa3973e,7cf3c256-32b9-4409-93fb-64afebede10d,Bolt,44b66dfb-0781-4543-9727-1a380cbfe8db,scooter,trip_end,59,2026-09-05T17:47:10Z,POINT (-9.14649 38.70865)
444213c7-528d-481e-af50-babafcc6063f,e8eb2af2-f261-45a8-91cd-424e42a85121,Dott,0372c55a-852f-420b-84d5-5a335465307b,scooter,trip_start,46,2026-09-05T17:48:48Z,POINT (-9.12838 38.71583)
0a529dbc-77dd-4b25-8e85-78d15bbaed57,a08ff49b-6f77-4632-a16c-43069c43a8c3,Lime,54a34579-97d3-4406-ba95-a96046fc151b,bicycle,cancel_reservation,67,2026-09-05T18:11:35Z,POINT (-9.20470 38.69780)
b361cdd5-5ba2-4042-9657-e8a3f281f845,a08ff49b-6f77-4632-a16c-43069c43a8c3,Lime,6b4f4a77-4686-4d1d-99f8-dfa799a3d9fb,scooter,trip_end,25,2026-09-05T18:16:36Z,POINT (-9.14997 38.72020)
577120f2-7115-4ad6-a7c5-9741471735da,aa1883c4-ffd0-40f5-bd14-dcc312684e4e,Voi,322a0f98-df7a-411d-bb97-0f77217fdea9,scooter,trip_start,86,2026-09-05T18:30:00Z,POINT (-9.16466 38.70524)
6c417b03-53de-419f-8939-6d5074116d07,a08ff49b-6f77-4632-a16c-43069c43a8c3,Lime,c6816f7e-12d4-4aa4-911f-e4e0181a4476,scooter,trip_end,29,2026-09-05T18:40:43Z,POINT (-9.13154 38.71316)
ea37e7c4-0bfd-4d6c-8752-f2448c9dafc9,aa36434e-f251-4c63-8d4e-86a538cc03aa,Gira,91f180be-cb45-4118-8807-8fffc5daa84a,bicycle,low_battery,6,2026-09-05T18:47:37Z,POINT (-9.20774 38.69906)
71c52fe2-ba44-469e-a2e4-e9d9e589a6da,a08ff49b-6f77-4632-a16c-43069c43a8c3,Lime,3b8d7e4f-a4a7-4eb6-b006-7779fe79a4d8,scooter,rebalance_drop_off,66,2026-09-05T18:48:39Z,POINT (-9.16539 38.71615)
84fb0933-1c2e-4af2-b288-3bf4a575e9d5,a08ff49b-6f77-4632-a16c-43069c43a8c3,Lime,1191616d-f10f-4ea2-b6dc-f9fc266913ba,scooter,trip_end,33,2026-09-05T18:54:50Z,POINT (-9.14719 38.72788)
7d7608c4-16f5-4eb6-910c-7acfa0f329b8,aa1883c4-ffd0-40f5-bd14-dcc312684e4e,Voi,2d047af4-19db-4404-895a-09f23d185cf8,scooter,low_battery,9,2026-09-05T19:20:22Z,POINT (-9.13053 38.71820)
6e4f46e6-bacf-4159-ac39-ca8eae835c54,7cf3c256-32b9-4409-93fb-64afebede10d,Bolt,20e2e7e4-8b56-4026-a746-de705bec8cc5,scooter,trip_start,56,2026-09-05T19:24:01Z,POINT (-9.13550 38.71459)
fa64ba7f-7591-4308-84d4-7c86dea27599,7cf3c256-32b9-4409-93fb-64afebede10d,Bolt,de1d1389-2c83-43c4-b145-f83cb33557d0,scooter,low_battery,8,2026-09-05T20:04:11Z,POINT (-9.10052 38.76446)
643c4745-457e-4111-b179-34a58cf222df,a08ff49b-6f77-4632-a16c-43069c43a8c3,Lime,e36bfe2e-9595-4bc4-afe7-def3d608355f,bicycle,rebalance_drop_off,40,2026-09-05T20:04:52Z,POINT (-9.14477 38.71209)
77baff29-0a3a-4ac9-aa24-212c77cb7381,7cf3c256-32b9-4409-93fb-64afebede10d,Bolt,3949564b-b355-4809-b5ad-4763991502ab,scooter,reserve,38,2026-09-05T20:12:28Z,POINT (-9.16950 38.76308)
092b0891-95ad-41cb-95b2-60fbf3b56707,a08ff49b-6f77-4632-a16c-43069c43a8c3,Lime,f999ed29-b6e9-4ecb-8088-7fc7f6bf74a1,scooter,trip_end,34,2026-09-05T20:30:37Z,POINT (-9.09327 38.76813)
3d3a8836-8e69-4a98-9b00-0a7dbaf93178,7cf3c256-32b9-4409-93fb-64afebede10d,Bolt,ccf0b5f3-3d5e-4dbb-86e6-742ac1c321f4,scooter,trip_start,75,2026-09-05T20:40:58Z,POINT (-9.14848 38.71704)
44799376-4540-42ed-b226-3cda7a0d93ca,a08ff49b-6f77-4632-a16c-43069c43a8c3,Lime,f999ed29-b6e9-4ecb-8088-7fc7f6bf74a1,bicycle,trip_end,57,2026-09-05T20:49:17Z,POINT (-9.14217 38.70765)
4a412917-5ba5-49ca-bbd3-7eea21b3e769,a08ff49b-6f77-4632-a16c-43069c43a8c3,Lime,368dc614-82b2-403b-acdd-cb63b80997c0,scooter,trip_end,38,2026-09-05T20:57:16Z,POINT (-9.14187 38.70623)
a8fb903a-6207-4067-a607-00bc055f83fd,a08ff49b-6f77-4632-a16c-43069c43a8c3,Lime,713cdac6-b84b-49c3-bfd2-f3e5f587668c,bicycle,reserve,98,2026-09-05T21:09:47Z,POINT (-9.14352 38.74173)
987b78bb-3172-4d6e-aa85-b683c02127ed,e8eb2af2-f261-45a8-91cd-424e42a85121,Dott,3418560a-eb21-4f1c-90c2-35b89146a1ea,scooter,trip_end,41,2026-09-05T21:47:20Z,POINT (-9.15138 38.70987)
e6ab82fa-07ae-492a-8ccb-d7f3b498d7a1,a08ff49b-6f77-4632-a16c-43069c43a8c3,Lime,a2abc323-5295-46c9-8cd2-00f8bf1bfbf2,scooter,trip_end,28,2026-09-05T22:32:36Z,POINT (-9.13775 38.71404)
ef4d1dbc-cb27-4ceb-8ecf-c92fe2135e40,7cf3c256-32b9-4409-93fb-64afebede10d,Bolt,30263074-bcd3-496e-bf58-222725565161,scooter,reserve,62,2026-09-05T22:43:09Z,POINT (-9.14283 38.71417)
9e53b105-9cfc-424c-b6ec-5ea7c3c63083,aa1883c4-ffd0-40f5-bd14-dcc312684e4e,Voi,c729e73f-cf45-44ae-b9c3-07b3708898ca,scooter,trip_end,65,2026-09-06T00:13:50Z,POINT (-9.14130 38.71069)
faf4ab2b-a640-4ec4-8dbe-bebb8155fd25,aa1883c4-ffd0-40f5-bd14-dcc312684e4e,Voi,13f8b892-9c72-426d-9d87-f509dd93360e,scooter,trip_end,96,2026-09-06T00:52:35Z,POINT (-9.09598 38.75687)
d4031f0e-0f05-4d67-8d9b-7b15161b9070,a08ff49b-6f77-4632-a16c-43069c43a8c3,Lime,4a40e713-fa23-4b8d-b574-acee683adece,bicycle,reserve,63,2026-09-06T01:09:40Z,POINT (-9.12290 38.71642)
abd334aa-4fdc-4e82-ba00-a1c9b30fcabc,a08ff49b-6f77-4632-a16c-43069c43a8c3,Lime,7a67d56b-f640-4a48-9f5e-97f2ecd20944,scooter,trip_end,94,2026-09-06T01:27:00Z,POINT (-9.15062 38.75621)
7bddef47-fe2a-487a-9d96-8eba1dfee6e6,e8eb2af2-f261-45a8-91cd-424e42a85121,Dott,28073d88-9cef-4f4c-901f-e3e0928bc625,bicycle,reserve,79,2026-09-06T02:02:54Z,POINT (-9.14062 38.73999)
0ff8b509-0eb6-41f4-a1af-ac28330cf4c9,a08ff49b-6f77-4632-a16c-43069c43a8c3,Lime,713cdac6-b84b-49c3-bfd2-f3e5f587668c,scooter,trip_end,51,2026-09-06T02:18:06Z,POINT (-9.13722 38.74466)
520374e5-1c4f-4c4e-8c1a-6a5d7ad6e03d,a08ff49b-6f77-4632-a16c-43069c43a8c3,Lime,4a779d01-94aa-4255-b9b4-482e3ffccb37,scooter,reserve,86,2026-09-06T02:33:14Z,POINT (-9.15064 38.75900)
5f574ac8-9464-4156-a622-585424e7b8fd,a08ff49b-6f77-4632-a16c-43069c43a8c3,Lime,d6b03f30-702e-4b14-ae5c-c94065f9ba6f,scooter,trip_end,27,2026-09-06T03:43:10Z,POINT (-9.13083 38.74441)
0ced3e0e-4051-4104-b40f-8c56e88ce368,aa1883c4-ffd0-40f5-bd14-dcc312684e4e,Voi,8021919d-dade-4ba6-a061-b5d7b0cbf698,scooter,trip_start,31,2026-09-06T04:36:57Z,POINT (-9.14303 38.71226)
3b02924e-3517-42b2-b643-1ea163f01bfb,a08ff49b-6f77-4632-a16c-43069c43a8c3,Lime,bb4e65a3-8848-43ee-bf99-c1f53591af0e,scooter,low_battery,9,2026-09-06T04:44:55Z,POINT (-9.15206 38.71213)
6e3b9b58-70e5-491e-96c4-fd3010c0c50b,7cf3c256-32b9-4409-93fb-64afebede10d,Bolt,340b6270-efa5-48df-95cd-1514611f278e,scooter,trip_end,72,2026-09-06T04:57:57Z,POINT (-9.14039 38.71693)
3a9fe144-5539-454d-9105-2e4b673d78d2,a08ff49b-6f77-4632-a16c-43069c43a8c3,Lime,ad8e9f0e-dc8d-4000-bac7-95829e261bbd,bicycle,rebalance_pick_up,92,2026-09-06T05:06:08Z,POINT (-9.13995 38.71242)
a9e00352-75be-4e8d-aea4-a2c254dcdb9b,7cf3c256-32b9-4409-93fb-64afebede10d,Bolt,fc9d10a4-c90e-43e0-8665-5370acf98dd0,scooter,trip_start,99,2026-09-06T05:06:10Z,POINT (-9.14235 38.71460)
d0bef34d-e9d5-4820-ba3c-22d10660885e,a08ff49b-6f77-4632-a16c-43069c43a8c3,Lime,567c7a9c-0022-4d60-9b79-a9c823ecf9ba,bicycle,rebalance_drop_off,64,2026-09-06T06:37:16Z,POINT (-9.13046 38.71512)
f1b383c9-356e-474e-ae94-b119a12c3d72,aa36434e-f251-4c63-8d4e-86a538cc03aa,Gira,6175d1f5-9fdd-4c04-8b86-6794db0d4030,bicycle,trip_start,49,2026-09-06T06:49:27Z,POINT (-9.15879 38.76559)
b9560c68-e0dd-4ca4-8cfc-6110e4815908,7cf3c256-32b9-4409-93fb-64afebede10d,Bolt,370db622-9cc5-462b-bf2c-ec908b4f60da,scooter,reserve,40,2026-09-06T07:20:35Z,POINT (-9.10124 38.76486)
c81326af-cebd-4a50-a894-28a14159c6df,a08ff49b-6f77-4632-a16c-43069c43a8c3,Lime,971c13bc-5841-4fb1-9f6d-0f973a83e40b,scooter,trip_end,47,2026-09-06T09:12:12Z,POINT (-9.13553 38.71145)
18c69f6f-b188-4907-997a-ecc90432ddd0,a08ff49b-6f77-4632-a16c-43069c43a8c3,Lime,83b65066-678d-4c4b-9cfb-41abf998a853,bicycle,trip_end,42,2026-09-06T09:13:37Z,POINT (-9.14020 38.72499)
c9fdefba-0d75-4472-ad68-8fcd6563884d,e8eb2af2-f261-45a8-91cd-424e42a85121,Dott,8d89eb23-13b3-4a30-b1bd-4d3e9e3a72a8,bicycle,rebalance_drop_off,60,2026-09-06T10:01:21Z,POINT (-9.13340 38.71442)
ff41b937-d3de-4055-ad2f-69406443dc1b,7cf3c256-32b9-4409-93fb-64afebede10d,Bolt,340b6270-efa5-48df-95cd-1514611f278e,scooter,maintenance,76,2026-09-06T10:04:00Z,POINT (-9.17133 38.70657)
560f3ade-ff1f-42f2-b123-a55c16b8fec4,a08ff49b-6f77-4632-a16c-43069c43a8c3,Lime,3b859743-b6a5-4f0a-851b-d9942d7d3784,scooter,low_battery,10,2026-09-06T10:15:55Z,POINT (-9.21176 38.69691)
1fec23f8-a108-444a-a720-e1b34044904e,a08ff49b-6f77-4632-a16c-43069c43a8c3,Lime,54a34579-97d3-4406-ba95-a96046fc151b,scooter,trip_start,71,2026-09-06T10:19:09Z,POINT (-9.13583 38.71385)
dba1d680-a61a-4175-a705-c491ae389c3a,a08ff49b-6f77-4632-a16c-43069c43a8c3,Lime,4a779d01-94aa-4255-b9b4-482e3ffccb37,scooter,trip_end,49,2026-09-06T10:26:14Z,POINT (-9.14725 38.70694)
89b876cd-dc0a-4a6a-a72e-2b06e24f2250,a08ff49b-6f77-4632-a16c-43069c43a8c3,Lime,4a779d01-94aa-4255-b9b4-482e3ffccb37,scooter,reserve,52,2026-09-06T10:45:19Z,POINT (-9.20289 38.69725)
af1a7200-7f7e-4c9f-a711-c3826a56bcfe,a08ff49b-6f77-4632-a16c-43069c43a8c3,Lime,e3e4cb2d-5976-46ea-916f-6e5ef3ba3e32,scooter,reserve,82,2026-09-06T11:01:40Z,POINT (-9.17401 38.70226)
c64e4bb9-3d85-4fe7-9847-85962f85de7e,a08ff49b-6f77-4632-a16c-43069c43a8c3,Lime,0203f6b9-5b86-448e-aa1b-5587bab5e0d0,bicycle,reserve,30,2026-09-06T11:03:53Z,POINT (-9.12426 38.71441)
61c8adb3-d516-4793-ab0a-f352d10c1fc7,aa1883c4-ffd0-40f5-bd14-dcc312684e4e,Voi,973bd090-a2e1-4fd9-b3dd-73c3bf06ae51,scooter,trip_start,25,2026-09-06T11:15:24Z,POINT (-9.14069 38.70719)
2818e4f2-9365-4449-87c1-8b4f69a11da9,a08ff49b-6f77-4632-a16c-43069c43a8c3,Lime,fbc42510-806e-4fae-a3f3-44f79f21b705,scooter,trip_start,87,2026-09-06T11:20:53Z,POINT (-9.13325 38.71319)
3d8c9abc-a463-4f08-ace2-0ae6b241b873,7cf3c256-32b9-4409-93fb-64afebede10d,Bolt,8c71f5b3-43f9-49f9-9a39-cb14c6da5995,scooter,trip_end,95,2026-09-06T11:32:50Z,POINT (-9.12505 38.71210)
5580b5e8-8eab-46b7-a91d-6861f32688a9,7cf3c256-32b9-4409-93fb-64afebede10d,Bolt,59fd1a30-96d1-4f7f-b425-1fbd4aa7fe6c,scooter,rebalance_pick_up,74,2026-09-06T11:48:41Z,POINT (-9.10530 38.75534)
6df7ba5c-56aa-490b-9548-fb30acf4c54d,7cf3c256-32b9-4409-93fb-64afebede10d,Bolt,71f5e946-02a0-44be-b04f-9ddd9505ddc7,scooter,trip_end,86,2026-09-06T11:53:42Z,POINT (-9.13132 38.70935)
952aad99-d64a-4fca-b4af-e94653d218e8,7cf3c256-32b9-4409-93fb-64afebede10d,Bolt,3949564b-b355-4809-b5ad-4763991502ab,scooter,trip_end,80,2026-09-06T12:00:11Z,POINT (-9.16056 38.72033)
692220c6-4137-49e6-b19c-7798ba681690,a08ff49b-6f77-4632-a16c-43069c43a8c3,Lime,368dc614-82b2-403b-acdd-cb63b80997c0,scooter,trip_start,96,2026-09-06T12:06:51Z,POINT (-9.13391 38.71053)
81a50f75-c1b6-4a7c-b217-3d2d428cdd40,a08ff49b-6f77-4632-a16c-43069c43a8c3,Lime,ab57ce07-4d3f-420b-8193-949496ce47e5,bicycle,trip_end,25,2026-09-06T12:26:44Z,POINT (-9.15032 38.70668)
9c54c937-4688-4e28-b15d-643b79f7c45b,e8eb2af2-f261-45a8-91cd-424e42a85121,Dott,10bb6ad7-9aac-4570-ba83-3821e3c1a4b8,bicycle,maintenance,51,2026-09-06T12:27:48Z,POINT (-9.11919 38.71489)
39d2d4e8-c366-401e-8d9d-a6559f9ecd48,a08ff49b-6f77-4632-a16c-43069c43a8c3,Lime,416cda3a-b625-4353-96b7-c5bdbeabdfb0,scooter,trip_start,91,2026-09-06T13:10:46Z,POINT (-9.20253 38.69778)
17de4beb-9245-48e0-9c37-9b66a0f76ffa,aa1883c4-ffd0-40f5-bd14-dcc312684e4e,Voi,89f58794-175c-45c1-82fd-bf3141ea3734,scooter,reserve,30,2026-09-06T13:11:03Z,POINT (-9.16239 38.71262)
6bd8f435-7718-4103-a9aa-560501a9fa0c,e8eb2af2-f261-45a8-91cd-424e42a85121,Dott,cb3d5f32-3123-4d0f-ab68-cc7e0f42371b,bicycle,trip_end,78,2026-09-06T13:16:45Z,POINT (-9.14322 38.70744)
744a2050-d9a1-4be2-ad93-f812b7cb952e,a08ff49b-6f77-4632-a16c-43069c43a8c3,Lime,b6ef72b8-cd1d-45f7-94e0-181369664e5b,scooter,trip_end,45,2026-09-06T13:31:02Z,POINT (-9.15363 38.70723)
26c97e00-3020-4650-ad81-0f4a4b608055,e8eb2af2-f261-45a8-91cd-424e42a85121,Dott,f58121e0-0c36-46d3-afab-8c17ab0a1d05,bicycle,reserve,49,2026-09-06T13:33:44Z,POINT (-9.14198 38.71519)
941bcaf2-2e46-40bd-8f3c-20c521d4c944,e8eb2af2-f261-45a8-91cd-424e42a85121,Dott,0a3d5841-53d6-47ed-8f95-55af66c90bc8,scooter,trip_end,50,2026-09-06T13:35:52Z,POINT (-9.14880 38.72169)
5a220bf4-cb79-4ef2-b81a-d7f821ae5031,7cf3c256-32b9-4409-93fb-64afebede10d,Bolt,8c71f5b3-43f9-49f9-9a39-cb14c6da5995,scooter,trip_end,72,2026-09-06T13:57:04Z,POINT (-9.16076 38.75981)
8b47ded7-7071-4d8d-bde7-3cbbe7fbb6bf,e8eb2af2-f261-45a8-91cd-424e42a85121,Dott,399fbf3c-7833-423a-8836-027b8e6a5477,scooter,rebalance_drop_off,64,2026-09-06T14:04:54Z,POINT (-9.13471 38.71257)
ff69d451-9b8a-4723-a3f0-e3ba7c527663,a08ff49b-6f77-4632-a16c-43069c43a8c3,Lime,1191616d-f10f-4ea2-b6dc-f9fc266913ba,bicycle,maintenance,23,2026-09-06T14:27:19Z,POINT (-9.13730 38.73707)
76ede73e-0bf7-45b9-8ff6-f82c9db40671,7cf3c256-32b9-4409-93fb-64afebede10d,Bolt,ccf0b5f3-3d5e-4dbb-86e6-742ac1c321f4,scooter,trip_end,100,2026-09-06T14:50:08Z,POINT (-9.19737 38.69854)
627ebd52-e7bd-45da-b51b-0e9e0a700bf7,a08ff49b-6f77-4632-a16c-43069c43a8c3,Lime,db4fd9c8-4efb-471a-a772-c7ba04eedb66,bicycle,rebalance_drop_off,30,2026-09-06T15:05:18Z,POINT (-9.12877 38.70964)
bd552f06-d06c-43d4-8f2a-2fd03b865f41,7cf3c256-32b9-4409-93fb-64afebede10d,Bolt,340b6270-efa5-48df-95cd-1514611f278e,scooter,trip_end,64,2026-09-06T16:24:24Z,POINT (-9.20367 38.70191)
4b5b5c38-8c62-4786-b172-45165710a7ed,7cf3c256-32b9-4409-93fb-64afebede10d,Bolt,882ff6da-9925-4fce-8790-159c37bf5c35,scooter,rebalance_drop_off,71,2026-09-06T16:34:33Z,POINT (-9.14610 38.71749)
776e26dc-5ea0-4c6a-9574-c9bfed153786,e8eb2af2-f261-45a8-91cd-424e42a85121,Dott,05f64acc-67fd-42c6-b791-689ef6733401,bicycle,maintenance,21,2026-09-06T16:40:51Z,POINT (-9.15044 38.70773)
696767f7-91ac-4e2f-af65-8c133c3a1456,e8eb2af2-f261-45a8-91cd-424e42a85121,Dott,1f1c2d49-3dda-41b5-9ae2-4a535d9def5e,scooter,trip_end,65,2026-09-06T16:48:42Z,POINT (-9.12745 38.71881)
777e97e1-4586-443f-9ab5-3e871e6bc26d,7cf3c256-32b9-4409-93fb-64afebede10d,Bolt,2e7418d0-0f0b-40c1-bf17-76055fb1341a,scooter,trip_start,41,2026-09-06T16:55:25Z,POINT (-9.13809 38.73352)
03b895b3-58fa-4fa5-a515-b5b6a4aabb5d,7cf3c256-32b9-4409-93fb-64afebede10d,Bolt,5af93444-6081-414d-8915-68af1146615f,scooter,trip_end,59,2026-09-06T17:19:02Z,POINT (-9.20907 38.69600)
085880e5-9d7c-468d-8ea9-48599874f688,7cf3c256-32b9-4409-93fb-64afebede10d,Bolt,af9ceb79-1bd7-4d19-8a69-32365a79c529,scooter,trip_start,50,2026-09-06T17:48:54Z,POINT (-9.14089 38.71029)
fb26ccad-dc2d-4202-83b6-08e75f7c5836,e8eb2af2-f261-45a8-91cd-424e42a85121,Dott,8d89eb23-13b3-4a30-b1bd-4d3e9e3a72a8,scooter,trip_end,66,2026-09-06T17:58:42Z,POINT (-9.14087 38.76466)
4bdbd429-b059-4716-83d2-fc52cfa8c01b,aa1883c4-ffd0-40f5-bd14-dcc312684e4e,Voi,13f8b892-9c72-426d-9d87-f509dd93360e,scooter,low_battery,14,2026-09-06T18:14:07Z,POINT (-9.13860 38.71184)
8851b537-d57f-4e62-bfd0-990bb86c5a5d,a08ff49b-6f77-4632-a16c-43069c43a8c3,Lime,8bbe518e-5a77-471e-925b-80e13a69be26,scooter,trip_end,28,2026-09-06T18:24:41Z,POINT (-9.13758 38.70925)
38994443-8458-4476-a849-7a4766368da5,7cf3c256-32b9-4409-93fb-64afebede10d,Bolt,22b90ef4-4f54-4380-aad7-4c99c40e3871,scooter,reserve,36,2026-09-06T18:26:09Z,POINT (-9.13962 38.75831)
f392fb7e-7fa6-4e91-9200-487ec4f2bc6c,a08ff49b-6f77-4632-a16c-43069c43a8c3,Lime,567c7a9c-0022-4d60-9b79-a9c823ecf9ba,bicycle,trip_start,47,2026-09-06T18:31:59Z,POINT (-9.13009 38.73499)
8927a18f-4ad3-49c0-a076-fd4f49eedf36,7cf3c256-32b9-4409-93fb-64afebede10d,Bolt,73c82101-b9fe-4a66-99b4-de7ae181ad7d,scooter,trip_end,90,2026-09-06T18:36:33Z,POINT (-9.10984 38.72895)
fc0cdac0-e964-4136-ba74-6a4548277537,7cf3c256-32b9-4409-93fb-64afebede10d,Bolt,1227134d-371d-46de-a9f8-c75e5eb25659,scooter,reserve,95,2026-09-06T18:44:12Z,POINT (-9.14842 38.71343)
1ba585db-69bb-429c-887e-cbce0ea0b584,a08ff49b-6f77-4632-a16c-43069c43a8c3,Lime,6b4f4a77-4686-4d1d-99f8-dfa799a3d9fb,bicycle,trip_start,64,2026-09-06T18:45:27Z,POINT (-9.12517 38.71739)
fe1ddf3c-eb43-4b70-bd39-f38769ef2e69,e8eb2af2-f261-45a8-91cd-424e42a85121,Dott,b2500007-10f5-4f5d-a077-33dd912884f5,bicycle,trip_start,92,2026-09-06T18:46:21Z,POINT (-9.21030 38.69801)
05887ef9-aaf3-4f1a-ae79-39b7ec540449,aa1883c4-ffd0-40f5-bd14-dcc312684e4e,Voi,322a0f98-df7a-411d-bb97-0f77217fdea9,scooter,trip_end,82,2026-09-06T18:49:09Z,POINT (-9.12447 38.75874)
ead3d14b-0562-4d66-8f15-27cd054d65a4,e8eb2af2-f261-45a8-91cd-424e42a85121,Dott,9a55834d-5416-4107-996b-3a3a95cc588d,bicycle,trip_end,96,2026-09-06T18:55:36Z,POINT (-9.21323 38.69699)
ecd502cd-2a90-4045-b163-8c1749170e7a,a08ff49b-6f77-4632-a16c-43069c43a8c3,Lime,156bb1ca-d760-4ab9-a5e1-dea83898e499,bicycle,trip_end,62,2026-09-06T19:05:19Z,POINT (-9.13917 38.73111)
3b6110d9-e8bb-400c-8196-d9cde61e8e97,7cf3c256-32b9-4409-93fb-64afebede10d,Bolt,debb5c7d-bf6b-4e87-8d03-418fda95caf6,scooter,reserve,56,2026-09-06T19:28:43Z,POINT (-9.14287 38.71852)
e2ce6113-7127-45fa-b5ec-ef539ac417ab,7cf3c256-32b9-4409-93fb-64afebede10d,Bolt,8c71f5b3-43f9-49f9-9a39-cb14c6da5995,scooter,provider_pick_up,53,2026-09-06T19:30:17Z,POINT (-9.15836 38.71876)
978be1b8-81e2-43cb-8637-0e8f97e03318,a08ff49b-6f77-4632-a16c-43069c43a8c3,Lime,7a67d56b-f640-4a48-9f5e-97f2ecd20944,scooter,provider_pick_up,75,2026-09-06T19:35:03Z,POINT (-9.13586 38.74632)
224821bc-1ddf-40a9-9265-8584facedad5,a08ff49b-6f77-4632-a16c-43069c43a8c3,Lime,416cda3a-b625-4353-96b7-c5bdbeabdfb0,bicycle,provider_pick_up,69,2026-09-06T19:37:08Z,POINT (-9.13842 38.72117)
0ae273d1-b1a6-472b-8052-40203a8ff64d,7cf3c256-32b9-4409-93fb-64afebede10d,Bolt,de1d1389-2c83-43c4-b145-f83cb33557d0,scooter,trip_start,42,2026-09-06T19:39:34Z,POINT (-9.14195 38.71274)
29d3ad4c-b723-4d9a-b62f-6291a6177a24,7cf3c256-32b9-4409-93fb-64afebede10d,Bolt,22b90ef4-4f54-4380-aad7-4c99c40e3871,scooter,rebalance_pick_up,65,2026-09-06T19:42:35Z,POINT (-9.15043 38.74510)
b88fd348-65d1-419a-a5c0-291d3dcae7d7,aa36434e-f251-4c63-8d4e-86a538cc03aa,Gira,fddf2c05-3230-4769-9bb8-fb01135496e4,bicycle,trip_start,34,2026-09-06T19:54:45Z,POINT (-9.12981 38.74706)
5693c886-6d71-4d45-b57f-01f903c42ab6,a08ff49b-6f77-4632-a16c-43069c43a8c3,Lime,ab68a027-9ead-4272-9988-bd392fc0c85b,scooter,rebalance_pick_up,86,2026-09-06T19:59:17Z,POINT (-9.20197 38.70054)
7f58815c-b34c-4ef5-b4a3-b3c0d4a210f8,e8eb2af2-f261-45a8-91cd-424e42a85121,Dott,32a1fa1a-60cc-48ce-843c-1184c183d813,scooter,low_battery,5,2026-09-06T20:01:16Z,POINT (-9.14162 38.74796)
d840b6af-8f97-495c-a413-80c6a1d9f1cf,aa1883c4-ffd0-40f5-bd14-dcc312684e4e,Voi,84b4a246-d630-4f87-84fa-1072ec63caf4,scooter,trip_end,77,2026-09-06T20:37:08Z,POINT (-9.14126 38.70798)
226fec29-3bdf-433e-93a9-3d67342a8782,7cf3c256-32b9-4409-93fb-64afebede10d,Bolt,af9ceb79-1bd7-4d19-8a69-32365a79c529,scooter,trip_start,63,2026-09-06T20:38:05Z,POINT (-9.10572 38.75509)
027ce2d0-1e59-47ae-b296-a63772a58455,aa1883c4-ffd0-40f5-bd14-dcc312684e4e,Voi,5f8fc6cc-d771-44d9-b2e3-53c25a80cf03,scooter,trip_end,42,2026-09-06T20:41:51Z,POINT (-9.13367 38.75177)
053068c6-3311-4e07-9426-cb89f52df871,aa1883c4-ffd0-40f5-bd14-dcc312684e4e,Voi,4ee451ad-a72c-4fd6-b033-7490b1a92654,scooter,low_battery,3,2026-09-06T21:17:25Z,POINT (-9.14397 38.70941)
126d55cb-f384-4408-a93e-f0087b735cfb,a08ff49b-6f77-4632-a16c-43069c43a8c3,Lime,d6b03f30-702e-4b14-ae5c-c94065f9ba6f,bicycle,rebalance_pick_up,36,2026-09-06T21:24:30Z,POINT (-9.20110 38.70456)
ec254dce-d334-47bf-b587-f6accfb18835,7cf3c256-32b9-4409-93fb-64afebede10d,Bolt,528272e8-5213-4ccf-bf4d-8ce9d55d0f6b,scooter,trip_start,56,2026-09-06T21:45:47Z,POINT (-9.15070 38.70633)
95037bca-f2e5-4e83-b18d-150d11cffcf2,7cf3c256-32b9-4409-93fb-64afebede10d,Bolt,5af93444-6081-414d-8915-68af1146615f,scooter,trip_end,60,2026-09-06T22:15:52Z,POINT (-9.21167 38.70269)
f6bf43e4-35b6-4aa6-ad34-c14a87e52a32,aa36434e-f251-4c63-8d4e-86a538cc03aa,Gira,68b95738-6c48-47fa-861b-573b2f49f73e,bicycle,trip_end,67,2026-09-06T22:38:42Z,POINT (-9.15318 38.71207)
7e4876c5-b17f-49af-95b1-dac20d54db7f,a08ff49b-6f77-4632-a16c-43069c43a8c3,Lime,4a779d01-94aa-4255-b9b4-482e3ffccb37,bicycle,trip_end,49,2026-09-06T23:11:40Z,POINT (-9.12833 38.71523)
ab57015f-9316-41a7-bd5f-e5b2abed88b6,aa1883c4-ffd0-40f5-bd14-dcc312684e4e,Voi,9381e376-9467-446a-92fd-95d7d488baed,scooter,trip_start,82,2026-09-06T23:14:19Z,POINT (-9.14000 38.71009)
11770cd9-b240-4e23-b47a-d98202e109bb,a08ff49b-6f77-4632-a16c-43069c43a8c3,Lime,0203f6b9-5b86-448e-aa1b-5587bab5e0d0,bicycle,rebalance_drop_off,39,2026-09-06T23:17:29Z,POINT (-9.14813 38.70929)
a8fe9dcc-7d82-4db4-8e47-19e8e68f38f1,aa36434e-f251-4c63-8d4e-86a538cc03aa,Gira,1351061c-525f-4b98-8fcd-88f869dd1092,bicycle,trip_end,32,2026-09-06T23:59:00Z,POINT (-9.14604 38.70895)
9c98a91c-4860-4f85-85d0-bda62fedd88c,7cf3c256-32b9-4409-93fb-64afebede10d,Bolt,812aefea-12b3-4bd4-97e1-3b1d8847ec46,scooter,low_battery,3,2026-09-07T01:42:08Z,POINT (-9.14648 38.74058)
67373d20-9e75-43c2-8f82-68a2c5aa884f,7cf3c256-32b9-4409-93fb-64afebede10d,Bolt,debb5c7d-bf6b-4e87-8d03-418fda95caf6,scooter,rebalance_drop_off,39,2026-09-07T02:47:48Z,POINT (-9.14851 38.72698)
5328eddb-7cb5-487a-87c1-1187352c2d1f,aa36434e-f251-4c63-8d4e-86a538cc03aa,Gira,14d9842e-a13f-4b2f-ab50-f6575a726d5e,bicycle,trip_start,84,2026-09-07T04:29:35Z,POINT (-9.14813 38.71878)
61ef1fdb-76b3-41a4-b154-4773b6de84ee,a08ff49b-6f77-4632-a16c-43069c43a8c3,Lime,54a34579-97d3-4406-ba95-a96046fc151b,bicycle,trip_start,66,2026-09-07T04:30:14Z,POINT (-9.11981 38.71857)
f37b0ee8-8557-4030-866e-4130668c1e55,aa1883c4-ffd0-40f5-bd14-dcc312684e4e,Voi,b0a6a976-fcdb-4cae-b985-63575e53df5b,scooter,trip_start,58,2026-09-07T04:45:13Z,POINT (-9.13801 38.71021)
f716eb80-aa8c-43a5-b842-ea5b70d6c5e9,aa1883c4-ffd0-40f5-bd14-dcc312684e4e,Voi,aaddcf3e-0c0d-4f29-92ab-2966660cadec,scooter,trip_start,67,2026-09-07T05:09:00Z,POINT (-9.10731 38.73416)
b1a58ada-d062-4a2a-884a-c0c114c37b35,aa1883c4-ffd0-40f5-bd14-dcc312684e4e,Voi,9e67822d-2868-45fe-b4d4-69460bb7ddad,scooter,trip_end,78,2026-09-07T05:10:34Z,POINT (-9.15158 38.71143)
d72c9598-271c-4152-b3b6-85a88c0ea924,e8eb2af2-f261-45a8-91cd-424e42a85121,Dott,e4888369-f396-4be8-abe2-98cf28412cf0,bicycle,trip_start,51,2026-09-07T06:58:17Z,POINT (-9.13964 38.73269)
1ec9a523-ecb4-4514-8ca7-a049b13e003e,aa1883c4-ffd0-40f5-bd14-dcc312684e4e,Voi,5411592c-2160-4fe2-a8f9-f130b309d63b,scooter,reserve,94,2026-09-07T07:10:25Z,POINT (-9.14725 38.73953)
d5f3ff45-85eb-41e2-8b4c-8e50f54b149b,7cf3c256-32b9-4409-93fb-64afebede10d,Bolt,de1d1389-2c83-43c4-b145-f83cb33557d0,scooter,provider_drop_off,26,2026-09-07T07:15:35Z,POINT (-9.12277 38.71525)
b358c592-da99-498f-a913-c3e62b5627d1,7cf3c256-32b9-4409-93fb-64afebede10d,Bolt,df5b2828-58cd-432d-bc55-aa2c8420c3ec,scooter,trip_end,40,2026-09-07T07:15:36Z,POINT (-9.14538 38.73823)
9b71a535-1ad0-4c8d-8880-a4d2e3d0a4f7,e8eb2af2-f261-45a8-91cd-424e42a85121,Dott,a4d95b93-754f-4b9a-bdd2-305dc5ee94be,scooter,trip_end,79,2026-09-07T07:25:56Z,POINT (-9.14456 38.71916)
862d1814-391f-4b3f-9223-560091dbd740,aa1883c4-ffd0-40f5-bd14-dcc312684e4e,Voi,f909d486-ca38-4e28-b3b4-ea1a1588687f,scooter,trip_start,80,2026-09-07T07:27:24Z,POINT (-9.14434 38.71747)
9abe7998-a902-4258-9e00-b6f55eccfca7,7cf3c256-32b9-4409-93fb-64afebede10d,Bolt,b5188819-ee99-40d7-b7b4-744da20ef2d4,scooter,reserve,52,2026-09-07T07:33:21Z,POINT (-9.12617 38.71788)
444483e4-fd32-4f8e-83e5-b8f0c05e4645,a08ff49b-6f77-4632-a16c-43069c43a8c3,Lime,1763b74c-d9a8-4694-92cc-a109bb1ee938,bicycle,rebalance_pick_up,69,2026-09-07T07:38:34Z,POINT (-9.15272 38.72207)
91903b14-0414-4263-89b3-e76ff0c47b1c,a08ff49b-6f77-4632-a16c-43069c43a8c3,Lime,ab68a027-9ead-4272-9988-bd392fc0c85b,scooter,low_battery,14,2026-09-07T07:39:17Z,POINT (-9.14024 38.73540)
bc776719-4ffc-43ed-bd2f-0601903317c9,aa1883c4-ffd0-40f5-bd14-dcc312684e4e,Voi,487330a5-db52-4f12-8943-ae48c694f070,scooter,trip_start,29,2026-09-07T07:45:10Z,POINT (-9.14066 38.71071)
380c1c09-9876-4d57-b09d-f20ea2251d1a,7cf3c256-32b9-4409-93fb-64afebede10d,Bolt,335dca26-c4a6-4a12-b6da-b5a3e365ad0b,scooter,trip_start,69,2026-09-07T07:51:26Z,POINT (-9.13519 38.73786)
1f5545e3-3c17-4ed9-8d6b-3d6afc9a99f8,a08ff49b-6f77-4632-a16c-43069c43a8c3,Lime,bb4e65a3-8848-43ee-bf99-c1f53591af0e,scooter,trip_start,91,2026-09-07T07:55:00Z,POINT (-9.15027 38.73299)
454a1d37-0b0d-4c5a-a45f-ac4c6ab5fb54,7cf3c256-32b9-4409-93fb-64afebede10d,Bolt,5f0e7639-f185-4751-ad9b-93a5677999af,scooter,rebalance_drop_off,86,2026-09-07T08:00:22Z,POINT (-9.14493 38.72910)
9fdc2c2f-4fa0-465f-b436-ba0ccc810462,a08ff49b-6f77-4632-a16c-43069c43a8c3,Lime,7194b231-29fc-468c-9b41-7cf0e20e0ccf,scooter,trip_start,83,2026-09-07T08:14:56Z,POINT (-9.14369 38.73631)
72e047fd-f5d5-4bd3-8c37-0102a4fca806,7cf3c256-32b9-4409-93fb-64afebede10d,Bolt,5f0e7639-f185-4751-ad9b-93a5677999af,scooter,trip_end,99,2026-09-07T08:18:19Z,POINT (-9.13713 38.73977)
82bade37-5703-4efe-aee9-90babc5049b2,7cf3c256-32b9-4409-93fb-64afebede10d,Bolt,af9ceb79-1bd7-4d19-8a69-32365a79c529,scooter,trip_end,45,2026-09-07T08:23:51Z,POINT (-9.14060 38.71591)
1806ed8e-60b5-4c8f-8ccb-cdeeb2435ed5,a08ff49b-6f77-4632-a16c-43069c43a8c3,Lime,ad8e9f0e-dc8d-4000-bac7-95829e261bbd,bicycle,trip_start,85,2026-09-07T08:37:03Z,POINT (-9.15279 38.72504)
0770b04a-3e31-4adc-9dc4-19d16bebd917,aa1883c4-ffd0-40f5-bd14-dcc312684e4e,Voi,84b4a246-d630-4f87-84fa-1072ec63caf4,scooter,trip_start,38,2026-09-07T08:56:20Z,POINT (-9.15007 38.71775)
bbc0dddc-f7fb-457c-bab6-c8f06531bbc0,7cf3c256-32b9-4409-93fb-64afebede10d,Bolt,22b90ef4-4f54-4380-aad7-4c99c40e3871,scooter,provider_pick_up,42,2026-09-07T08:59:31Z,POINT (-9.14845 38.72157)
4203de2e-fc5d-4c5d-838c-7e6be00efcc1,a08ff49b-6f77-4632-a16c-43069c43a8c3,Lime,3b859743-b6a5-4f0a-851b-d9942d7d3784,bicycle,reserve,67,2026-09-07T09:03:44Z,POINT (-9.14261 38.73422)
e5383471-4607-4dc1-8208-ebc467ebd770,e8eb2af2-f261-45a8-91cd-424e42a85121,Dott,7416e9c3-e357-4151-ac45-5f41bb36074f,bicycle,trip_start,99,2026-09-07T09:09:21Z,POINT (-9.20533 38.69789)
ac7d38d7-b46e-4859-b52b-c91515cc3a13,7cf3c256-32b9-4409-93fb-64afebede10d,Bolt,ededfc18-5e00-4782-895f-363c777a79d6,scooter,reserve,48,2026-09-07T09:12:54Z,POINT (-9.14439 38.73140)
27341b90-b5cb-49f5-a4a9-62726a31f95c,a08ff49b-6f77-4632-a16c-43069c43a8c3,Lime,b6ef72b8-cd1d-45f7-94e0-181369664e5b,scooter,rebalance_drop_off,37,2026-09-07T09:14:30Z,POINT (-9.12326 38.71658)
5c8062de-556f-41f7-8df4-9a0e45c2d3b3,aa36434e-f251-4c63-8d4e-86a538cc03aa,Gira,db49e331-6ce8-4c69-b703-2db27ba53ec6,bicycle,rebalance_drop_off,49,2026-09-07T09:14:59Z,POINT (-9.14434 38.74098)
efe14cb3-e416-4b57-a951-86526b02a7e5,e8eb2af2-f261-45a8-91cd-424e42a85121,Dott,afe7ecad-5eb6-4a76-b5ed-1c3579c0705a,bicycle,trip_end,53,2026-09-07T09:16:47Z,POINT (-9.15163 38.73396)
834c3a8c-e870-41b5-8e8a-f681b95a366e,a08ff49b-6f77-4632-a16c-43069c43a8c3,Lime,416cda3a-b625-4353-96b7-c5bdbeabdfb0,scooter,trip_end,32,2026-09-07T09:20:00Z,POINT (-9.10091 38.77357)
6c115685-5e6b-43ea-8141-21d10aa5aa71,e8eb2af2-f261-45a8-91cd-424e42a85121,Dott,3418560a-eb21-4f1c-90c2-35b89146a1ea,scooter,trip_end,76,2026-09-07T09:21:45Z,POINT (-9.09261 38.76956)
de48f4e1-8747-4fef-92c4-abb02bd4c8d8,a08ff49b-6f77-4632-a16c-43069c43a8c3,Lime,3d45796b-7204-4136-b647-75ae94bcce81,scooter,trip_start,55,2026-09-07T09:36:39Z,POINT (-9.15217 38.72897)
da149da6-52bb-4e55-98ee-5afda15a15ce,aa1883c4-ffd0-40f5-bd14-dcc312684e4e,Voi,43272e90-be59-43fb-8fa7-25638d07e6e2,scooter,trip_end,69,2026-09-07T09:40:07Z,POINT (-9.13334 38.71707)
f617b7cd-6dac-46fc-9e3e-071b1b969e95,e8eb2af2-f261-45a8-91cd-424e42a85121,Dott,e232b2ea-5383-4206-9d78-9df63da2a3fb,bicycle,reserve,62,2026-09-07T09:41:26Z,POINT (-9.14000 38.70710)
71dac44a-dc3f-4fa3-85d4-bc335635f993,e8eb2af2-f261-45a8-91cd-424e42a85121,Dott,10bb6ad7-9aac-4570-ba83-3821e3c1a4b8,scooter,low_battery,10,2026-09-07T09:43:29Z,POINT (-9.14866 38.72381)
625a38d8-46e3-46db-82a6-81d6751e1d6b,7cf3c256-32b9-4409-93fb-64afebede10d,Bolt,36d0fbc2-b532-4596-8962-2661fe174ed4,scooter,trip_end,66,2026-09-07T09:52:29Z,POINT (-9.13714 38.73840)
70344aaf-d4f2-43d0-8b45-43ae61b34bad,e8eb2af2-f261-45a8-91cd-424e42a85121,Dott,ae9cdd57-7328-4d05-9eb2-50f9d0ea9f6d,bicycle,reserve,82,2026-09-07T10:07:04Z,POINT (-9.14034 38.71324)
dba7f356-a2c9-4c37-ad30-0f9df63c3dc9,7cf3c256-32b9-4409-93fb-64afebede10d,Bolt,af9ceb79-1bd7-4d19-8a69-32365a79c529,scooter,maintenance,32,2026-09-07T10:28:41Z,POINT (-9.13874 38.73383)
adec9e0f-aca6-448b-9d5a-56b1958f7350,aa1883c4-ffd0-40f5-bd14-dcc312684e4e,Voi,822cc5e9-42eb-4a47-a01a-4824d8fa8091,scooter,trip_end,27,2026-09-07T10:33:44Z,POINT (-9.17967 38.70236)
ae4d9295-d3aa-43d5-aa38-d8e3d681a54d,7cf3c256-32b9-4409-93fb-64afebede10d,Bolt,c61537dd-d2bc-4b1a-a12f-e284c331508d,scooter,trip_start,99,2026-09-07T10:59:12Z,POINT (-9.11083 38.73453)
ec652721-4ba9-4d19-ba2a-7e2bbcfc8271,7cf3c256-32b9-4409-93fb-64afebede10d,Bolt,9d22ada4-6a6f-44e8-bdc0-a95499eb387d,scooter,trip_start,76,2026-09-07T11:38:29Z,POINT (-9.10592 38.77058)
91f24a85-41b6-4727-bef6-349d24973b88,7cf3c256-32b9-4409-93fb-64afebede10d,Bolt,c61537dd-d2bc-4b1a-a12f-e284c331508d,scooter,low_battery,12,2026-09-07T11:42:44Z,POINT (-9.13797 38.71243)
63c7be32-4ff6-4466-80fa-fb1049d2237c,7cf3c256-32b9-4409-93fb-64afebede10d,Bolt,c18064a7-5703-4731-b421-d068f2c50eaa,scooter,maintenance,62,2026-09-07T11:47:48Z,POINT (-9.21053 38.70367)
f9fd065e-7062-441f-a280-048e4bbed2e4,e8eb2af2-f261-45a8-91cd-424e42a85121,Dott,728240dc-f495-4f20-a43e-5f553d2fcffa,scooter,rebalance_drop_off,39,2026-09-07T12:09:05Z,POINT (-9.13480 38.71642)
fbee7d0c-1bef-492c-a835-0a07799693ea,7cf3c256-32b9-4409-93fb-64afebede10d,Bolt,44dd210c-4a51-43f4-b216-b977461759b7,scooter,trip_end,30,2026-09-07T12:16:31Z,POINT (-9.16196 38.71019)
a6b1e020-a9cd-4e53-80cf-eebe42412cb5,aa36434e-f251-4c63-8d4e-86a538cc03aa,Gira,6565f168-e2a6-45d9-b1d5-59066cb69f1a,bicycle,rebalance_pick_up,84,2026-09-07T12:31:28Z,POINT (-9.14054 38.75462)
45f3afa9-d490-433a-b4d7-7e65c60e8278,aa36434e-f251-4c63-8d4e-86a538cc03aa,Gira,38ce2da9-28d5-4f22-9f4b-99fd9a14c34f,bicycle,reserve,27,2026-09-07T12:42:15Z,POINT (-9.20417 38.69889)
a4a4f08f-63a8-4dd6-bbbc-5b2e2c67a8ee,7cf3c256-32b9-4409-93fb-64afebede10d,Bolt,59fd1a30-96d1-4f7f-b425-1fbd4aa7fe6c,scooter,rebalance_pick_up,77,2026-09-07T12:53:45Z,POINT (-9.13570 38.71630)
79c6796a-c47b-4520-bb62-cfc3ef461f70,a08ff49b-6f77-4632-a16c-43069c43a8c3,Lime,5790e377-afab-41f9-a2c8-19c8405d10a4,bicycle,trip_start,51,2026-09-07T13:17:02Z,POINT (-9.15672 38.71740)
50468e3a-b51c-43d1-a1b5-c7007f27bff5,aa1883c4-ffd0-40f5-bd14-dcc312684e4e,Voi,2d9f1172-5161-4dbc-8c2e-450f677fcf26,scooter,trip_end,64,2026-09-07T13:22:08Z,POINT (-9.20340 38.69768)
b9e81a3c-7338-45ef-b490-d97e6c12e58f,aa36434e-f251-4c63-8d4e-86a538cc03aa,Gira,f17f9398-ec0c-4804-a466-e8e11add0026,bicycle,rebalance_drop_off,49,2026-09-07T13:27:37Z,POINT (-9.21014 38.69990)
65457402-ecb4-4d19-b7db-9dbe3fad8a49,aa1883c4-ffd0-40f5-bd14-dcc312684e4e,Voi,c98727ca-6a8d-4cb4-aa48-57e50d3b68f7,scooter,maintenance,28,2026-09-07T14:24:05Z,POINT (-9.14948 38.75036)
2a7167f4-d0da-4963-ae42-d0f53a823d84,aa36434e-f251-4c63-8d4e-86a538cc03aa,Gira,54d03f85-e3fa-44f5-ba2a-8886aa847864,bicycle,trip_start,59,2026-09-07T14:47:16Z,POINT (-9.09614 38.77025)
7fac976d-29cb-4906-927c-94d0971b2730,7cf3c256-32b9-4409-93fb-64afebede10d,Bolt,393cd7a7-04a8-4dbb-b2f7-f26ba543bb20,scooter,trip_end,37,2026-09-07T15:35:39Z,POINT (-9.17438 38.70526)
7df1a25f-222a-4f94-9a5b-76cab49a86de,a08ff49b-6f77-4632-a16c-43069c43a8c3,Lime,24bcd670-0fa6-4c12-9b71-1aeda82a211f,bicycle,trip_start,52,2026-09-07T15:41:16Z,POINT (-9.12534 38.71604)
80f9d120-3ead-4581-a1c7-6f982ad6ae54,aa1883c4-ffd0-40f5-bd14-dcc312684e4e,Voi,783d88f4-28b8-4371-8a4e-51a8b858b538,scooter,trip_start,35,2026-09-07T16:07:42Z,POINT (-9.13382 38.71312)
7ddfcf2e-dd9c-46b6-adf5-9a6cc016258d,e8eb2af2-f261-45a8-91cd-424e42a85121,Dott,c3b7c263-5617-4661-817f-6bb666ec1d21,scooter,low_battery,14,2026-09-07T16:09:31Z,POINT (-9.13834 38.71310)
e21bb7b9-62f9-4acf-9713-78e95fde7164,a08ff49b-6f77-4632-a16c-43069c43a8c3,Lime,b93e7681-bedb-4bbd-917a-957bd8778062,bicycle,low_battery,14,2026-09-07T16:30:12Z,POINT (-9.13128 38.75523)
fc034927-f9fc-4d4d-b2eb-7c9b6df30372,aa36434e-f251-4c63-8d4e-86a538cc03aa,Gira,2e307524-1725-4210-adeb-51c33cd6bb74,bicycle,trip_end,77,2026-09-07T16:36:23Z,POINT (-9.17684 38.70291)
e61f7d51-d51c-429a-8a81-b360945a0d04,e8eb2af2-f261-45a8-91cd-424e42a85121,Dott,6d983729-9862-4b14-8e07-4db00ab18fd0,scooter,trip_end,42,2026-09-07T16:44:33Z,POINT (-9.13811 38.75796)
4f29c3e9-8872-440b-92aa-04488387c224,7cf3c256-32b9-4409-93fb-64afebede10d,Bolt,44dd210c-4a51-43f4-b216-b977461759b7,scooter,trip_end,85,2026-09-07T16:53:13Z,POINT (-9.14874 38.72478)
618bbddd-1836-4c36-a2a7-22c022022553,7cf3c256-32b9-4409-93fb-64afebede10d,Bolt,c61537dd-d2bc-4b1a-a12f-e284c331508d,scooter,rebalance_pick_up,37,2026-09-07T17:02:40Z,POINT (-9.14063 38.74102)
9f6ad035-e007-4216-a3f9-f50852d66965,a08ff49b-6f77-4632-a16c-43069c43a8c3,Lime,3b8d7e4f-a4a7-4eb6-b006-7779fe79a4d8,bicycle,reserve,86,2026-09-07T17:16:48Z,POINT (-9.13696 38.75086)
baf17f67-2d77-4b13-868e-6ef78da39286,7cf3c256-32b9-4409-93fb-64afebede10d,Bolt,59fd1a30-96d1-4f7f-b425-1fbd4aa7fe6c,scooter,trip_start,88,2026-09-07T17:21:55Z,POINT (-9.09090 38.76798)
15386bb8-05f8-4fd5-acbd-54ec39c860ce,a08ff49b-6f77-4632-a16c-43069c43a8c3,Lime,1191616d-f10f-4ea2-b6dc-f9fc266913ba,bicycle,trip_start,63,2026-09-07T17:46:16Z,POINT (-9.14637 38.71618)
09d187c3-80d3-415d-a465-e402b65d00ac,e8eb2af2-f261-45a8-91cd-424e42a85121,Dott,c540596f-2e5c-4d49-8d9b-0771048d67a5,scooter,trip_end,71,2026-09-07T17:55:48Z,POINT (-9.13941 38.70914)
71c5e8f1-0081-4676-8cb1-683c636fd511,aa1883c4-ffd0-40f5-bd14-dcc312684e4e,Voi,e76c6c47-348f-46d9-8fcf-b0a1034f6c26,scooter,trip_end,100,2026-09-07T18:11:30Z,POINT (-9.15094 38.73173)
10515e69-b3e6-4543-bd91-5ad57904f7ec,7cf3c256-32b9-4409-93fb-64afebede10d,Bolt,528272e8-5213-4ccf-bf4d-8ce9d55d0f6b,scooter,rebalance_drop_off,81,2026-09-07T18:17:27Z,POINT (-9.20888 38.69917)
0e315462-72d3-4374-970c-c337e935b06e,e8eb2af2-f261-45a8-91cd-424e42a85121,Dott,5e12285e-1932-4311-ba42-fbda9800b9fc,scooter,reserve,59,2026-09-07T18:23:32Z,POINT (-9.14849 38.73056)
3260e271-fd73-41d1-aea5-5328991edc58,7cf3c256-32b9-4409-93fb-64afebede10d,Bolt,5af93444-6081-414d-8915-68af1146615f,scooter,trip_end,35,2026-09-07T18:24:15Z,POINT (-9.15517 38.72705)
e7b14b4d-58d6-40b6-b05b-4745a351fbe3,a08ff49b-6f77-4632-a16c-43069c43a8c3,Lime,fc028e89-6985-4463-a22c-fe1375003876,scooter,reserve,96,2026-09-07T18:36:43Z,POINT (-9.13965 38.73834)
55198dbc-4aee-4396-8472-d2424b9c3e47,a08ff49b-6f77-4632-a16c-43069c43a8c3,Lime,ab68a027-9ead-4272-9988-bd392fc0c85b,bicycle,trip_start,56,2026-09-07T18:38:00Z,POINT (-9.12646 38.71703)
a5d4dc23-97af-4b6b-892d-62ece58d06e8,a08ff49b-6f77-4632-a16c-43069c43a8c3,Lime,ab57ce07-4d3f-420b-8193-949496ce47e5,scooter,low_battery,9,2026-09-07T18:40:03Z,POINT (-9.12563 38.73540)
9e3bb8b4-2f41-46b5-9c28-a0253528215b,a08ff49b-6f77-4632-a16c-43069c43a8c3,Lime,b93e7681-bedb-4bbd-917a-957bd8778062,bicycle,rebalance_pick_up,56,2026-09-07T18:49:42Z,POINT (-9.13323 38.71465)
11f955ab-290d-4ad8-be63-e14b4714b1bc,7cf3c256-32b9-4409-93fb-64afebede10d,Bolt,ca0dd966-70f1-4336-984e-512099f1fdb3,scooter,trip_start,57,2026-09-07T18:50:36Z,POINT (-9.10651 38.76553)
a0da033d-46ba-4fd1-8795-56fca0347068,aa36434e-f251-4c63-8d4e-86a538cc03aa,Gira,29fa7209-62d5-47c2-9ff7-7b83b96c1c70,bicycle,low_battery,9,2026-09-07T19:18:22Z,POINT (-9.14361 38.72864)
667283e8-7347-4c25-9b5f-dafb45188e30,a08ff49b-6f77-4632-a16c-43069c43a8c3,Lime,a2abc323-5295-46c9-8cd2-00f8bf1bfbf2,bicycle,trip_end,49,2026-09-07T19:20:29Z,POINT (-9.09932 38.76788)
46aa12e2-0c1b-4a9b-bd51-608439033368,7cf3c256-32b9-4409-93fb-64afebede10d,Bolt,636fb7a8-389c-421b-8e87-e1365bfae7e3,scooter,trip_end,78,2026-09-07T19:24:54Z,POINT (-9.15300 38.71564)
6ef6eb25-d53d-4367-b495-9aa03484a2da,7cf3c256-32b9-4409-93fb-64afebede10d,Bolt,b8206349-ce47-49c8-bdb0-5d3a1a22f509,scooter,trip_end,47,2026-09-07T19:25:45Z,POINT (-9.09313 38.76298)
daa79ea4-1856-4c1a-a8bc-c08557904fc7,e8eb2af2-f261-45a8-91cd-424e42a85121,Dott,a4d95b93-754f-4b9a-bdd2-305dc5ee94be,scooter,trip_end,40,2026-09-07T19:36:29Z,POINT (-9.14458 38.73725)
d1ffd930-1b81-4529-b26a-b8a475a8eeaa,a08ff49b-6f77-4632-a16c-43069c43a8c3,Lime,4a779d01-94aa-4255-b9b4-482e3ffccb37,scooter,trip_start,51,2026-09-07T19:39:05Z,POINT (-9.14293 38.73705)
7061c2e4-fc20-4ebf-aca8-f6a02eea0ef1,7cf3c256-32b9-4409-93fb-64afebede10d,Bolt,ccf0b5f3-3d5e-4dbb-86e6-742ac1c321f4,scooter,trip_end,94,2026-09-07T19:39:23Z,POINT (-9.15878 38.71798)
c0762c7d-db57-4355-a20b-c09f5fddfca8,7cf3c256-32b9-4409-93fb-64afebede10d,Bolt,3949564b-b355-4809-b5ad-4763991502ab,scooter,trip_end,66,2026-09-07T19:43:40Z,POINT (-9.13314 38.74565)
11129fb1-9e51-4b0c-9d69-075415b0a8e5,e8eb2af2-f261-45a8-91cd-424e42a85121,Dott,0372c55a-852f-420b-84d5-5a335465307b,scooter,provider_drop_off,50,2026-09-07T19:44:35Z,POINT (-9.13573 38.74531)
a54f2b7c-5da4-43c9-83f8-2fc12564e594,7cf3c256-32b9-4409-93fb-64afebede10d,Bolt,59fd1a30-96d1-4f7f-b425-1fbd4aa7fe6c,scooter,reserve,34,2026-09-07T19:45:29Z,POINT (-9.14472 38.70590)
ad4f5c72-8acc-4e10-80cd-e66d8549653e,aa36434e-f251-4c63-8d4e-86a538cc03aa,Gira,8c78b5a0-483f-49e2-a661-e896cbd4ded5,bicycle,trip_end,41,2026-09-07T20:00:48Z,POINT (-9.14645 38.70794)
9103c4f1-8157-49d6-9778-6f30efe1063b,a08ff49b-6f77-4632-a16c-43069c43a8c3,Lime,ff41662a-417b-46de-aaa8-5d628452cc0b,scooter,trip_end,73,2026-09-07T20:14:17Z,POINT (-9.16813 38.71951)
b6cf3d64-ec9b-44c5-9e0d-a8e0bb8446f1,e8eb2af2-f261-45a8-91cd-424e42a85121,Dott,45ac8f9b-cf49-48e1-ae54-7c945c8f70eb,bicycle,trip_start,62,2026-09-07T21:25:30Z,POINT (-9.14580 38.75188)
78db0d08-b7f1-4153-84e5-2783131fa204,7cf3c256-32b9-4409-93fb-64afebede10d,Bolt,a10b93b8-5691-490e-8143-c3cf38d226df,scooter,reserve,48,2026-09-07T22:08:30Z,POINT (-9.14709 38.73651)
a2361ccf-2ee4-46b6-a5d2-53e485da5fe5,7cf3c256-32b9-4409-93fb-64afebede10d,Bolt,18181d5e-9d5b-4270-8b9a-9b87d374fe50,scooter,trip_end,82,2026-09-08T00:20:53Z,POINT (-9.13109 38.76004)
942994ef-9242-4292-a01b-f0c71344f667,a08ff49b-6f77-4632-a16c-43069c43a8c3,Lime,4a779d01-94aa-4255-b9b4-482e3ffccb37,bicycle,maintenance,40,2026-09-08T01:21:43Z,POINT (-9.14746 38.70528)
442fd1d1-18ad-43eb-ac4c-be042357642a,e8eb2af2-f261-45a8-91cd-424e42a85121,Dott,8d89eb23-13b3-4a30-b1bd-4d3e9e3a72a8,bicycle,trip_end,35,2026-09-08T01:59:45Z,POINT (-9.14357 38.71497)
a21f8629-46b8-485d-a9e8-217bcb8bd3db,a08ff49b-6f77-4632-a16c-43069c43a8c3,Lime,f0fe07c7-b727-45ef-bc1c-06d9505aeae5,scooter,trip_start,51,2026-09-08T03:17:12Z,POINT (-9.11152 38.77566)
1283dc2e-9f2f-4205-8859-ab7d3788d791,e8eb2af2-f261-45a8-91cd-424e42a85121,Dott,cb3d5f32-3123-4d0f-ab68-cc7e0f42371b,scooter,low_battery,12,2026-09-08T03:38:34Z,POINT (-9.14058 38.71709)
74e20a7c-a579-4454-805a-51f6c4436647,a08ff49b-6f77-4632-a16c-43069c43a8c3,Lime,3037beb0-f65b-4922-a430-e9cffc0e9a7f,scooter,reserve,41,2026-09-08T03:48:37Z,POINT (-9.14555 38.71112)
784a6e44-c611-4ef9-ae7e-2681a2e1ebb3,e8eb2af2-f261-45a8-91cd-424e42a85121,Dott,047af9f4-92c8-485c-bc45-a7e0bab81c72,scooter,maintenance,34,2026-09-08T03:55:31Z,POINT (-9.10781 38.75932)
a03729e4-0ff9-47ae-802f-f99ca309486d,aa1883c4-ffd0-40f5-bd14-dcc312684e4e,Voi,487330a5-db52-4f12-8943-ae48c694f070,scooter,trip_end,57,2026-09-08T05:49:33Z,POINT (-9.13783 38.74909)
c7db4fe2-c049-4050-befb-48a4edf27696,7cf3c256-32b9-4409-93fb-64afebede10d,Bolt,44b66dfb-0781-4543-9727-1a380cbfe8db,scooter,low_battery,15,2026-09-08T05:54:05Z,POINT (-9.13654 38.75637)
7b9d97a1-3412-4f9f-b434-946376db5d16,aa1883c4-ffd0-40f5-bd14-dcc312684e4e,Voi,5f8fc6cc-d771-44d9-b2e3-53c25a80cf03,scooter,trip_end,84,2026-09-08T07:16:37Z,POINT (-9.14332 38.72744)
1b79831b-05b9-44be-b0d0-44f088abe8a4,7cf3c256-32b9-4409-93fb-64afebede10d,Bolt,8d943767-66fa-4329-a57e-d3f3dd2514c2,scooter,trip_end,62,2026-09-08T07:38:39Z,POINT (-9.13814 38.73718)
e9527334-642e-4798-8293-6d1cef5bf803,7cf3c256-32b9-4409-93fb-64afebede10d,Bolt,de1d1389-2c83-43c4-b145-f83cb33557d0,scooter,trip_end,53,2026-09-08T07:45:51Z,POINT (-9.13769 38.73484)
d506678a-58d6-41f9-9ac1-a2673cb5346b,a08ff49b-6f77-4632-a16c-43069c43a8c3,Lime,5e09d096-b3a1-496a-af9b-ccfbaa0c4548,bicycle,rebalance_drop_off,76,2026-09-08T07:48:35Z,POINT (-9.13931 38.73229)
c6ee185a-8b7c-41a0-a3bb-bd6ca4423a9b,a08ff49b-6f77-4632-a16c-43069c43a8c3,Lime,78580c6d-d884-45fb-a8b4-ae764a97f441,scooter,trip_start,34,2026-09-08T07:49:49Z,POINT (-9.15268 38.72968)
2ae17951-4a84-4d68-8833-a2540f1dd5eb,e8eb2af2-f261-45a8-91cd-424e42a85121,Dott,399fbf3c-7833-423a-8836-027b8e6a5477,bicycle,trip_end,83,2026-09-08T07:57:27Z,POINT (-9.13854 38.71964)
bd669ab8-e0d0-4bf2-9dba-654d6ec86760,7cf3c256-32b9-4409-93fb-64afebede10d,Bolt,3949564b-b355-4809-b5ad-4763991502ab,scooter,trip_end,91,2026-09-08T08:05:02Z,POINT (-9.13906 38.71752)
b121bf74-a5ef-4275-8e0f-ccecd9641661,7cf3c256-32b9-4409-93fb-64afebede10d,Bolt,8c71f5b3-43f9-49f9-9a39-cb14c6da5995,scooter,trip_start,61,2026-09-08T08:18:00Z,POINT (-9.15191 38.72300)
d058dc89-8716-4d3a-a843-ac2941d73135,aa1883c4-ffd0-40f5-bd14-dcc312684e4e,Voi,64428920-fe4a-4720-b887-5f037fed4f3e,scooter,trip_end,37,2026-09-08T08:20:21Z,POINT (-9.14620 38.73080)
059739f7-4786-4cd1-835e-917c2ef702b7,a08ff49b-6f77-4632-a16c-43069c43a8c3,Lime,24bcd670-0fa6-4c12-9b71-1aeda82a211f,bicycle,maintenance,40,2026-09-08T08:28:50Z,POINT (-9.21409 38.69474)
6de16e43-3d69-47f3-a04b-3dbae503d20a,e8eb2af2-f261-45a8-91cd-424e42a85121,Dott,25fa4c2a-eb2d-4633-a7b0-46a722782600,bicycle,reserve,81,2026-09-08T08:39:43Z,POINT (-9.14777 38.72652)
bad3e1c1-e7e1-4480-81fe-75e38813f3eb,aa1883c4-ffd0-40f5-bd14-dcc312684e4e,Voi,4ea25738-f504-4f29-b113-c52ce6313442,scooter,trip_start,48,2026-09-08T08:48:16Z,POINT (-9.17824 38.70417)
731a80c6-4b74-4ec3-9030-4a8d20e0b0dc,aa1883c4-ffd0-40f5-bd14-dcc312684e4e,Voi,a32698fd-e08a-4c31-81e7-8c9a0f2225ff,scooter,rebalance_drop_off,71,2026-09-08T08:50:02Z,POINT (-9.14640 38.73975)
8ab824b7-f022-4c59-af15-bcdb01e5856b,aa1883c4-ffd0-40f5-bd14-dcc312684e4e,Voi,487330a5-db52-4f12-8943-ae48c694f070,scooter,low_battery,15,2026-09-08T08:53:38Z,POINT (-9.14068 38.70948)
0a397581-70f1-4d8e-9ce8-fffa75ce0a2d,e8eb2af2-f261-45a8-91cd-424e42a85121,Dott,7416e9c3-e357-4151-ac45-5f41bb36074f,bicycle,trip_start,35,2026-09-08T08:55:54Z,POINT (-9.15220 38.73198)
e5c04752-0754-4720-8381-74fdcb789724,aa1883c4-ffd0-40f5-bd14-dcc312684e4e,Voi,5f8fc6cc-d771-44d9-b2e3-53c25a80cf03,scooter,trip_start,38,2026-09-08T08:56:16Z,POINT (-9.13429 38.74171)
006672aa-5d12-4e47-80ef-29036e4855bb,a08ff49b-6f77-4632-a16c-43069c43a8c3,Lime,7f4990cc-90e3-442d-acf1-5c6bad4fad06,bicycle,low_battery,12,2026-09-08T08:59:37Z,POINT (-9.14770 38.72126)
37c127ec-762c-4d19-a38c-df0adbf3f5e8,e8eb2af2-f261-45a8-91cd-424e42a85121,Dott,2dd65b26-1706-4623-8a22-02d7d605a60c,scooter,rebalance_drop_off,65,2026-09-08T09:00:17Z,POINT (-9.15753 38.73018)
2bdd3fa4-e44a-4768-a894-9fbecdae4e15,a08ff49b-6f77-4632-a16c-43069c43a8c3,Lime,7f66a58a-eae7-47e3-8580-1a0e28239a44,bicycle,trip_end,97,2026-09-08T09:03:35Z,POINT (-9.14719 38.74797)
ed9375ca-e9a0-4434-9d7a-f7931fc5a3c6,e8eb2af2-f261-45a8-91cd-424e42a85121,Dott,d4afcae5-a191-4e75-84fa-343eab696cc4,scooter,low_battery,12,2026-09-08T09:15:26Z,POINT (-9.14490 38.73304)
6198be3c-2f23-4676-b2d0-0a66a66b1e7e,e8eb2af2-f261-45a8-91cd-424e42a85121,Dott,c32697e9-d900-4b85-8306-36d33914b224,bicycle,trip_end,72,2026-09-08T09:22:21Z,POINT (-9.14197 38.71164)
0acccc3a-a8c6-4286-95f2-5473b692887b,a08ff49b-6f77-4632-a16c-43069c43a8c3,Lime,7f66a58a-eae7-47e3-8580-1a0e28239a44,scooter,rebalance_drop_off,73,2026-09-08T09:31:50Z,POINT (-9.20381 38.69914)
4cf9e4fb-26df-4bb5-b15c-755682400a9a,aa36434e-f251-4c63-8d4e-86a538cc03aa,Gira,605b903e-fe54-4592-becc-19990bdfdb49,bicycle,trip_end,92,2026-09-08T09:37:46Z,POINT (-9.13789 38.70828)
400039f6-97ca-4408-a75f-d819a6054997,a08ff49b-6f77-4632-a16c-43069c43a8c3,Lime,1763b74c-d9a8-4694-92cc-a109bb1ee938,scooter,reserve,82,2026-09-08T09:38:54Z,POINT (-9.13239 38.71294)
97f87d78-d73c-4afb-b7a8-bb1a118e92cd,a08ff49b-6f77-4632-a16c-43069c43a8c3,Lime,54a34579-97d3-4406-ba95-a96046fc151b,scooter,trip_start,88,2026-09-08T09:55:11Z,POINT (-9.14741 38.74423)
877dcf58-7e9d-4d2f-b446-c904f2b5c79f,aa36434e-f251-4c63-8d4e-86a538cc03aa,Gira,78c9c081-2bd7-4eb9-8b33-52b7cd45e8c3,bicycle,trip_end,57,2026-09-08T09:56:50Z,POINT (-9.09974 38.76894)
1449b1c5-2c65-4a37-87a6-a15dd4d10bf8,aa36434e-f251-4c63-8d4e-86a538cc03aa,Gira,7bee37da-9dd7-4eb8-8ec7-22093562c203,bicycle,provider_drop_off,25,2026-09-08T10:00:50Z,POINT (-9.13167 38.74228)
e554926d-f212-442a-a4be-d6019f9c3f0d,7cf3c256-32b9-4409-93fb-64afebede10d,Bolt,393cd7a7-04a8-4dbb-b2f7-f26ba543bb20,scooter,trip_start,40,2026-09-08T10:26:52Z,POINT (-9.12810 38.71253)
85adb250-179f-43cc-9f20-397ccf1a29e0,7cf3c256-32b9-4409-93fb-64afebede10d,Bolt,920d73a3-b403-4e23-b47e-0ac0f90305ff,scooter,trip_start,62,2026-09-08T10:59:11Z,POINT (-9.12860 38.71505)
a6f7b21c-ff1d-4d88-a08d-760d470c6d65,a08ff49b-6f77-4632-a16c-43069c43a8c3,Lime,7194b231-29fc-468c-9b41-7cf0e20e0ccf,bicycle,trip_start,38,2026-09-08T11:08:07Z,POINT (-9.13827 38.71361)
c803643a-368a-4a67-b118-2364c53bcb80,aa1883c4-ffd0-40f5-bd14-dcc312684e4e,Voi,03fb9fd8-ea75-45f7-b003-228d335ad55f,scooter,reserve,49,2026-09-08T11:24:28Z,POINT (-9.14356 38.73130)
f3b353fc-910a-498b-a106-d258a55ff02f,a08ff49b-6f77-4632-a16c-43069c43a8c3,Lime,c3b109bf-3623-4a20-9a44-df1ddaa9bc82,scooter,low_battery,5,2026-09-08T11:48:20Z,POINT (-9.17385 38.70398)
d7afb550-3158-4929-9ba8-0f152a6eb92f,a08ff49b-6f77-4632-a16c-43069c43a8c3,Lime,239eebd0-357a-4935-8b7f-8689585bbae2,bicycle,trip_start,51,2026-09-08T12:04:21Z,POINT (-9.21243 38.69694)
9c7bd252-9fc9-4602-b54c-0e7c7d54cd5f,e8eb2af2-f261-45a8-91cd-424e42a85121,Dott,7fa21d53-1976-46ef-abaf-94a99b2e8ca4,bicycle,trip_end,92,2026-09-08T12:08:49Z,POINT (-9.14819 38.72633)
3cec24e1-19b8-47c8-aad9-c21fe460aaf8,a08ff49b-6f77-4632-a16c-43069c43a8c3,Lime,ab57ce07-4d3f-420b-8193-949496ce47e5,bicycle,trip_end,73,2026-09-08T12:30:58Z,POINT (-9.15336 38.74244)
1cd51e11-6162-491d-b6c0-1a521fbe627a,aa1883c4-ffd0-40f5-bd14-dcc312684e4e,Voi,5ae158e2-cb32-49ef-bfc3-e33766874621,scooter,trip_end,35,2026-09-08T12:41:01Z,POINT (-9.13922 38.76117)
ee7d413b-a1ce-473d-a652-36ce51b3bb41,7cf3c256-32b9-4409-93fb-64afebede10d,Bolt,492e08b4-b385-4ba2-b2f0-3a5b25d6ff70,scooter,trip_end,85,2026-09-08T13:02:32Z,POINT (-9.10165 38.76488)
e243677f-126f-4efe-97a0-0ea6fd2d7218,a08ff49b-6f77-4632-a16c-43069c43a8c3,Lime,83b65066-678d-4c4b-9cfb-41abf998a853,scooter,cancel_reservation,52,2026-09-08T13:15:20Z,POINT (-9.15359 38.71497)
65cb19b4-550c-4371-bac8-86a4a9f516d8,a08ff49b-6f77-4632-a16c-43069c43a8c3,Lime,dc99c0a3-a877-4adf-a2ac-176dab85cfba,scooter,trip_start,90,2026-09-08T13:32:54Z,POINT (-9.12985 38.71816)
e3286103-982c-4e81-ac8f-6567b0fb038a,e8eb2af2-f261-45a8-91cd-424e42a85121,Dott,cc7fcba9-3dfa-4e6b-9c53-67705dddb6b5,bicycle,trip_start,31,2026-09-08T13:50:16Z,POINT (-9.21296 38.70377)
29607f2b-5860-49ca-8245-5ecabbe92b14,aa1883c4-ffd0-40f5-bd14-dcc312684e4e,Voi,1f968a3a-5d19-4df8-9aec-4e7ccfd90cd8,scooter,trip_start,94,2026-09-08T14:07:10Z,POINT (-9.13408 38.74189)
ec072ce6-f280-4ce8-9f65-46860c664322,aa1883c4-ffd0-40f5-bd14-dcc312684e4e,Voi,322a0f98-df7a-411d-bb97-0f77217fdea9,scooter,provider_pick_up,39,2026-09-08T14:23:45Z,POINT (-9.16996 38.76394)
2f8a86dc-2e2d-4c2e-934d-f84e01df01a7,a08ff49b-6f77-4632-a16c-43069c43a8c3,Lime,416cda3a-b625-4353-96b7-c5bdbeabdfb0,bicycle,trip_start,47,2026-09-08T14:33:56Z,POINT (-9.12937 38.73614)
81e60dad-930e-4e8b-9b43-715dcf7dce73,a08ff49b-6f77-4632-a16c-43069c43a8c3,Lime,78580c6d-d884-45fb-a8b4-ae764a97f441,bicycle,low_battery,6,2026-09-08T14:47:50Z,POINT (-9.15801 38.71738)
25a5a6b0-da75-46ad-a9a5-ffc02f387680,aa1883c4-ffd0-40f5-bd14-dcc312684e4e,Voi,64428920-fe4a-4720-b887-5f037fed4f3e,scooter,trip_start,27,2026-09-08T15:01:05Z,POINT (-9.13086 38.71746)
abde3148-a0ba-4d2a-a585-7858fd1c6b0a,7cf3c256-32b9-4409-93fb-64afebede10d,Bolt,c31308a1-4399-4af1-a41a-dc897614bcf9,scooter,provider_pick_up,55,2026-09-08T15:17:04Z,POINT (-9.14470 38.73303)
e1bbb33d-a016-475e-a5e0-9e8163d78bc8,aa36434e-f251-4c63-8d4e-86a538cc03aa,Gira,783e89a4-d5dc-4115-a141-032a6e9748a8,bicycle,trip_end,76,2026-09-08T15:22:23Z,POINT (-9.13077 38.71310)
91c681ad-1245-42ee-8e10-7c410444991e,7cf3c256-32b9-4409-93fb-64afebede10d,Bolt,5edfe977-8820-4692-b043-bb026ff5f108,scooter,trip_end,56,2026-09-08T15:24:52Z,POINT (-9.18020 38.70205)
1a40eece-e479-4533-958b-7dddb5dc739c,aa1883c4-ffd0-40f5-bd14-dcc312684e4e,Voi,07204596-a43b-4a93-8039-275015775852,scooter,trip_start,95,2026-09-08T15:30:27Z,POINT (-9.12952 38.71833)
71c1ff5a-7cd3-4d6f-9ca2-45f5a5fa36cb,7cf3c256-32b9-4409-93fb-64afebede10d,Bolt,30263074-bcd3-496e-bf58-222725565161,scooter,trip_start,80,2026-09-08T16:20:19Z,POINT (-9.16199 38.75708)
35f1c787-7133-4663-a8a1-56f402b501d4,e8eb2af2-f261-45a8-91cd-424e42a85121,Dott,4ccaf013-fccc-4adc-8fa2-a03e02e38281,scooter,trip_start,55,2026-09-08T16:41:28Z,POINT (-9.10181 38.77385)
01c75eb9-925f-4bbc-8155-a80502f9cc20,a08ff49b-6f77-4632-a16c-43069c43a8c3,Lime,5e09d096-b3a1-496a-af9b-ccfbaa0c4548,bicycle,trip_start,98,2026-09-08T16:46:37Z,POINT (-9.14096 38.71953)
4390091b-96ca-447d-a063-535d5866488b,a08ff49b-6f77-4632-a16c-43069c43a8c3,Lime,c6816f7e-12d4-4aa4-911f-e4e0181a4476,bicycle,trip_end,25,2026-09-08T16:50:08Z,POINT (-9.13217 38.74786)
ea3d04fe-86da-493e-980f-9597c48fb991,e8eb2af2-f261-45a8-91cd-424e42a85121,Dott,21e4401e-9669-4a8b-ad66-ea22afdffecd,bicycle,trip_end,98,2026-09-08T17:00:41Z,POINT (-9.09292 38.76322)
77f668dc-d503-4717-8308-b680d997ccab,e8eb2af2-f261-45a8-91cd-424e42a85121,Dott,a4d95b93-754f-4b9a-bdd2-305dc5ee94be,scooter,provider_pick_up,31,2026-09-08T17:03:47Z,POINT (-9.14102 38.73382)
4de24c01-c070-4b7d-9bb7-7c707b7769f8,a08ff49b-6f77-4632-a16c-43069c43a8c3,Lime,5e09d096-b3a1-496a-af9b-ccfbaa0c4548,scooter,trip_start,83,2026-09-08T17:04:38Z,POINT (-9.14773 38.73331)
350f037b-d8ba-4fea-93f9-667710fad4b3,a08ff49b-6f77-4632-a16c-43069c43a8c3,Lime,7f66a58a-eae7-47e3-8580-1a0e28239a44,bicycle,rebalance_drop_off,50,2026-09-08T17:05:15Z,POINT (-9.09461 38.76425)
2cab97d5-0515-400c-9892-c2c918897876,7cf3c256-32b9-4409-93fb-64afebede10d,Bolt,c31308a1-4399-4af1-a41a-dc897614bcf9,scooter,reserve,96,2026-09-08T17:11:25Z,POINT (-9.14744 38.72778)
928b0e11-9b83-4e67-89b2-10294b4b99d6,aa1883c4-ffd0-40f5-bd14-dcc312684e4e,Voi,03fb9fd8-ea75-45f7-b003-228d335ad55f,scooter,reserve,81,2026-09-08T17:12:20Z,POINT (-9.14239 38.74427)
bc5ad396-733f-4767-9b66-0bde82bd0ae7,aa36434e-f251-4c63-8d4e-86a538cc03aa,Gira,783e89a4-d5dc-4115-a141-032a6e9748a8,bicycle,reserve,61,2026-09-08T17:16:00Z,POINT (-9.09103 38.76412)
18515015-6967-4696-8b6b-63d31c436de6,7cf3c256-32b9-4409-93fb-64afebede10d,Bolt,d7ea733f-446b-43e6-a7df-f72acb99fc17,scooter,low_battery,6,2026-09-08T17:24:50Z,POINT (-9.17238 38.70375)
da80ca69-f2d0-4752-989a-750ea5dd0e3b,aa1883c4-ffd0-40f5-bd14-dcc312684e4e,Voi,2879fd7d-e648-47e0-84be-e5da81c62c4e,scooter,trip_end,64,2026-09-08T17:37:25Z,POINT (-9.13119 38.71664)
4c70cdb0-0c2c-47ce-8a70-f525bc9d6b18,e8eb2af2-f261-45a8-91cd-424e42a85121,Dott,afe7ecad-5eb6-4a76-b5ed-1c3579c0705a,bicycle,trip_start,59,2026-09-08T18:02:14Z,POINT (-9.14448 38.74854)
10d17b09-0593-4db8-9144-a1efbada421b,7cf3c256-32b9-4409-93fb-64afebede10d,Bolt,e2c7ed96-80cb-431e-9231-b957ec2f20e8,scooter,low_battery,5,2026-09-08T18:03:50Z,POINT (-9.19068 38.70343)
ebbfb0f6-5a46-47e2-97bd-8549cedc8e9e,a08ff49b-6f77-4632-a16c-43069c43a8c3,Lime,8bbe518e-5a77-471e-925b-80e13a69be26,bicycle,trip_start,54,2026-09-08T18:08:14Z,POINT (-9.10820 38.72952)
d97265d5-3bef-49c2-82d2-71eed0b6a21e,7cf3c256-32b9-4409-93fb-64afebede10d,Bolt,d96c982a-cd46-42ab-ad43-3f03cc68e4b2,scooter,provider_drop_off,41,2026-09-08T18:09:01Z,POINT (-9.15227 38.72372)
11d9eebf-a639-4170-8454-903d9192a5b5,e8eb2af2-f261-45a8-91cd-424e42a85121,Dott,e232b2ea-5383-4206-9d78-9df63da2a3fb,scooter,trip_start,78,2026-09-08T18:09:20Z,POINT (-9.12492 38.71258)
f8050ca6-6df0-4433-94b2-00abf7b031f7,e8eb2af2-f261-45a8-91cd-424e42a85121,Dott,3bb14d31-a83f-4ba7-bfa3-52099c2057db,bicycle,trip_start,91,2026-09-08T18:10:23Z,POINT (-9.11391 38.73392)
cafc84b5-6f88-4657-ae2e-3fddb20b09c9,aa1883c4-ffd0-40f5-bd14-dcc312684e4e,Voi,13f8b892-9c72-426d-9d87-f509dd93360e,scooter,trip_start,60,2026-09-08T18:15:43Z,POINT (-9.12966 38.71203)
57b8213d-8e6d-4e55-9143-512e0a1d7022,7cf3c256-32b9-4409-93fb-64afebede10d,Bolt,50239dd0-0ceb-4c14-94cc-29386abbc94f,scooter,trip_end,67,2026-09-08T18:23:04Z,POINT (-9.14698 38.73774)
67b1cbe1-af48-4714-ba73-d19cdce81359,7cf3c256-32b9-4409-93fb-64afebede10d,Bolt,d7ea733f-446b-43e6-a7df-f72acb99fc17,scooter,provider_drop_off,53,2026-09-08T18:24:14Z,POINT (-9.14343 38.73488)
af5320b8-6da0-4e3b-90ed-421b069692f8,a08ff49b-6f77-4632-a16c-43069c43a8c3,Lime,1763b74c-d9a8-4694-92cc-a109bb1ee938,scooter,rebalance_pick_up,62,2026-09-08T18:25:16Z,POINT (-9.14718 38.74304)
77ef7aec-8e04-404c-890d-c465d7f80ac2,e8eb2af2-f261-45a8-91cd-424e42a85121,Dott,3537861c-b0cd-4770-ae8b-ad80cc16bef5,scooter,trip_start,58,2026-09-08T18:36:00Z,POINT (-9.13088 38.71021)
6d4a5185-af8f-4e1f-8930-ed29df0a2b31,a08ff49b-6f77-4632-a16c-43069c43a8c3,Lime,971c13bc-5841-4fb1-9f6d-0f973a83e40b,bicycle,trip_start,95,2026-09-08T18:58:58Z,POINT (-9.15105 38.72839)
df96f0ca-95a9-48ad-a43f-031a332c1221,a08ff49b-6f77-4632-a16c-43069c43a8c3,Lime,7a67d56b-f640-4a48-9f5e-97f2ecd20944,scooter,trip_end,42,2026-09-08T19:06:48Z,POINT (-9.10083 38.76263)
0120eb29-3d4c-46a7-80e4-341844800032,7cf3c256-32b9-4409-93fb-64afebede10d,Bolt,36d0fbc2-b532-4596-8962-2661fe174ed4,scooter,trip_start,32,2026-09-08T19:19:53Z,POINT (-9.13994 38.73373)
13def88a-1c5a-4c18-9189-51503bf8736d,7cf3c256-32b9-4409-93fb-64afebede10d,Bolt,30263074-bcd3-496e-bf58-222725565161,scooter,trip_start,85,2026-09-08T19:24:55Z,POINT (-9.15081 38.74173)
52b9695b-bb21-4e08-9328-0271b557291b,7cf3c256-32b9-4409-93fb-64afebede10d,Bolt,a7f0654d-3632-4b53-993e-3cf492c91d44,scooter,rebalance_drop_off,32,2026-09-08T19:34:28Z,POINT (-9.12640 38.71984)
f74869d2-4850-4ac3-a73b-a997e3ff7f87,7cf3c256-32b9-4409-93fb-64afebede10d,Bolt,cca80457-1f1f-4cfd-b3cb-c6f5c10b0b5b,scooter,trip_end,57,2026-09-08T19:44:13Z,POINT (-9.14302 38.74077)
56e2c79d-7eba-4fc4-870c-0953f1db4e47,a08ff49b-6f77-4632-a16c-43069c43a8c3,Lime,239eebd0-357a-4935-8b7f-8689585bbae2,bicycle,trip_start,68,2026-09-08T19:45:52Z,POINT (-9.14024 38.71209)
fe0170b4-e9c6-4704-bd59-76ea4b491f36,7cf3c256-32b9-4409-93fb-64afebede10d,Bolt,335dca26-c4a6-4a12-b6da-b5a3e365ad0b,scooter,cancel_reservation,29,2026-09-08T19:55:55Z,POINT (-9.12697 38.71482)
51cb1701-d6c3-45be-8370-51fb4a2641d0,a08ff49b-6f77-4632-a16c-43069c43a8c3,Lime,713cdac6-b84b-49c3-bfd2-f3e5f587668c,scooter,provider_pick_up,44,2026-09-08T20:14:38Z,POINT (-9.14482 38.71040)
422b7c30-1e19-4d43-adcb-e13b06b1360f,aa1883c4-ffd0-40f5-bd14-dcc312684e4e,Voi,4ee451ad-a72c-4fd6-b033-7490b1a92654,scooter,trip_end,76,2026-09-08T20:49:09Z,POINT (-9.14329 38.71522)
8ec90fed-9ee6-4be3-9ac2-332218fc1fd6,aa1883c4-ffd0-40f5-bd14-dcc312684e4e,Voi,cdb3c3d7-dfe4-4c9f-b068-d2d0f8f6a0d3,scooter,trip_end,54,2026-09-08T20:49:25Z,POINT (-9.14561 38.70729)
4f9f6885-0a9d-470c-8a50-48c8d942d536,e8eb2af2-f261-45a8-91cd-424e42a85121,Dott,89868fc4-e104-44a3-8d8c-20a6298ce565,scooter,trip_end,86,2026-09-08T21:16:31Z,POINT (-9.14636 38.70875)
2ecbccae-1119-47db-b6b1-6ca3edec6391,a08ff49b-6f77-4632-a16c-43069c43a8c3,Lime,9a2e8ee3-b378-4d87-ae27-ec72c79dc27e,bicycle,low_battery,9,2026-09-08T21:38:01Z,POINT (-9.14049 38.73440)
6a1dd5b6-8c72-4195-836e-a04abf5add71,a08ff49b-6f77-4632-a16c-43069c43a8c3,Lime,0e9018d4-1a57-4ca3-8b80-c44a4ba5e259,bicycle,reserve,56,2026-09-08T22:02:36Z,POINT (-9.14837 38.71245)
405b89b8-943a-489c-8675-1bec9796d633,aa1883c4-ffd0-40f5-bd14-dcc312684e4e,Voi,2fb8dbc4-54da-4cee-b0f8-b30dabbdc531,scooter,low_battery,11,2026-09-08T22:36:52Z,POINT (-9.14112 38.71721)
f88e614b-d253-44cb-b258-6d76c799e773,a08ff49b-6f77-4632-a16c-43069c43a8c3,Lime,b93e7681-bedb-4bbd-917a-957bd8778062,bicycle,low_battery,9,2026-09-08T22:56:04Z,POINT (-9.13472 38.71338)
45a50196-e92d-48be-a2d4-7dee580af26f,aa1883c4-ffd0-40f5-bd14-dcc312684e4e,Voi,43272e90-be59-43fb-8fa7-25638d07e6e2,scooter,low_battery,14,2026-09-09T00:25:40Z,POINT (-9.14775 38.72570)
eafc0e3c-ae0e-4399-9d75-9a27c79f5183,a08ff49b-6f77-4632-a16c-43069c43a8c3,Lime,239eebd0-357a-4935-8b7f-8689585bbae2,scooter,trip_end,39,2026-09-09T00:46:03Z,POINT (-9.16265 38.71886)
16db665a-f529-4b7e-a4b0-4539e7dc2ce2,e8eb2af2-f261-45a8-91cd-424e42a85121,Dott,ef1ee6c3-ab03-4de0-9ecf-07a8602da2e8,scooter,trip_end,57,2026-09-09T00:47:02Z,POINT (-9.09347 38.76808)
c43d04d2-6e51-4d84-b043-10794989cd5c,aa1883c4-ffd0-40f5-bd14-dcc312684e4e,Voi,e4edf51c-be9f-49b9-b51a-eaa62f7e43c6,scooter,provider_pick_up,64,2026-09-09T01:03:45Z,POINT (-9.13886 38.73051)
1cc290d2-7241-4281-9051-a7cdb4c52366,a08ff49b-6f77-4632-a16c-43069c43a8c3,Lime,c6816f7e-12d4-4aa4-911f-e4e0181a4476,bicycle,trip_start,90,2026-09-09T01:26:44Z,POINT (-9.14402 38.71111)
abcd47ba-5fe3-4801-bf9c-ee65a31ee432,7cf3c256-32b9-4409-93fb-64afebede10d,Bolt,a7f0654d-3632-4b53-993e-3cf492c91d44,scooter,trip_start,34,2026-09-09T01:29:04Z,POINT (-9.15319 38.73764)
098100b9-3bde-4740-af36-a340533920c3,a08ff49b-6f77-4632-a16c-43069c43a8c3,Lime,dc99c0a3-a877-4adf-a2ac-176dab85cfba,bicycle,trip_end,74,2026-09-09T02:06:20Z,POINT (-9.14752 38.70514)
677fec45-bd00-43b3-93dc-91b5c95d1092,e8eb2af2-f261-45a8-91cd-424e42a85121,Dott,c3b7c263-5617-4661-817f-6bb666ec1d21,bicycle,trip_end,30,2026-09-09T02:17:58Z,POINT (-9.16095 38.71303)
8824f2c9-203f-4df6-aecb-9dd7b9b046ed,aa1883c4-ffd0-40f5-bd14-dcc312684e4e,Voi,c1470e19-52cb-4b02-bd45-6f60e4ec536d,scooter,reserve,89,2026-09-09T02:18:06Z,POINT (-9.14376 38.74480)
2e2cd4c8-eb85-49b4-84d2-b59e93876ead,aa1883c4-ffd0-40f5-bd14-dcc312684e4e,Voi,4ee451ad-a72c-4fd6-b033-7490b1a92654,scooter,trip_end,32,2026-09-09T02:50:48Z,POINT (-9.14663 38.74189)
cd924b1f-b25a-4f15-a894-a275405ff12d,a08ff49b-6f77-4632-a16c-43069c43a8c3,Lime,971c13bc-5841-4fb1-9f6d-0f973a83e40b,bicycle,trip_start,36,2026-09-09T04:02:21Z,POINT (-9.14523 38.75470)
6d55a6d4-5bcd-4b0d-afbe-3e4107d2a181,7cf3c256-32b9-4409-93fb-64afebede10d,Bolt,af9ceb79-1bd7-4d19-8a69-32365a79c529,scooter,low_battery,3,2026-09-09T04:47:47Z,POINT (-9.10530 38.76316)
462ae766-f5ab-479d-8d53-92d2cc4f9e5d,7cf3c256-32b9-4409-93fb-64afebede10d,Bolt,22b90ef4-4f54-4380-aad7-4c99c40e3871,scooter,trip_start,85,2026-09-09T05:14:57Z,POINT (-9.15531 38.72710)
58199e61-7536-4328-96c5-b1733fcda265,7cf3c256-32b9-4409-93fb-64afebede10d,Bolt,71f5e946-02a0-44be-b04f-9ddd9505ddc7,scooter,maintenance,76,2026-09-09T05:38:19Z,POINT (-9.16754 38.72215)
9d2a52a6-a6b0-4774-a8a0-7deac1cf3e0a,e8eb2af2-f261-45a8-91cd-424e42a85121,Dott,6d983729-9862-4b14-8e07-4db00ab18fd0,scooter,trip_end,65,2026-09-09T07:08:07Z,POINT (-9.15765 38.72551)
5a856d29-945b-4a70-9ac6-2583141a5b21,e8eb2af2-f261-45a8-91cd-424e42a85121,Dott,2dd65b26-1706-4623-8a22-02d7d605a60c,bicycle,reserve,75,2026-09-09T07:14:56Z,POINT (-9.10176 38.75444)
7dfd559a-6023-4f05-b4c5-cef5141d9281,7cf3c256-32b9-4409-93fb-64afebede10d,Bolt,cca80457-1f1f-4cfd-b3cb-c6f5c10b0b5b,scooter,trip_start,50,2026-09-09T07:25:39Z,POINT (-9.14700 38.72534)
e42a4ae8-fdc5-4f31-9903-5207e39d8939,aa1883c4-ffd0-40f5-bd14-dcc312684e4e,Voi,783d88f4-28b8-4371-8a4e-51a8b858b538,scooter,trip_start,67,2026-09-09T07:35:18Z,POINT (-9.14204 38.74039)
41b2ac17-77e0-4f98-a23b-aecea3712a4c,e8eb2af2-f261-45a8-91cd-424e42a85121,Dott,d4afcae5-a191-4e75-84fa-343eab696cc4,bicycle,rebalance_drop_off,58,2026-09-09T07:50:55Z,POINT (-9.15006 38.72806)
9216ef5e-d5d5-455d-b043-03c9562fb8a1,7cf3c256-32b9-4409-93fb-64afebede10d,Bolt,55ac426d-73df-467b-91b8-37842bce8c2f,scooter,provider_pick_up,39,2026-09-09T07:54:35Z,POINT (-9.09462 38.77268)
ada7eb64-cbd8-4659-93f9-f09d35f9e993,7cf3c256-32b9-4409-93fb-64afebede10d,Bolt,4d6fc572-dba1-4eb2-b0d5-a3a726ffa388,scooter,trip_start,50,2026-09-09T07:59:10Z,POINT (-9.14115 38.74300)
7515f06b-243f-4dc5-af1b-e1e374d538c8,a08ff49b-6f77-4632-a16c-43069c43a8c3,Lime,e763443a-df95-4054-a7d4-a2d23730a246,bicycle,low_battery,4,2026-09-09T08:03:17Z,POINT (-9.14477 38.71303)
365309a1-1a10-4cc7-b175-9138d3156bc6,aa36434e-f251-4c63-8d4e-86a538cc03aa,Gira,52e4c27e-364d-47d8-809d-c0dde02b98f4,bicycle,provider_pick_up,71,2026-09-09T08:15:48Z,POINT (-9.15761 38.71288)
9e2b8196-36c5-4308-936a-7db258299b11,7cf3c256-32b9-4409-93fb-64afebede10d,Bolt,a10b93b8-5691-490e-8143-c3cf38d226df,scooter,provider_drop_off,28,2026-09-09T08:20:36Z,POINT (-9.14757 38.70936)
ffd7576b-42ed-4a8d-998a-1aefe160eeef,a08ff49b-6f77-4632-a16c-43069c43a8c3,Lime,f0fe07c7-b727-45ef-bc1c-06d9505aeae5,bicycle,trip_start,60,2026-09-09T08:30:09Z,POINT (-9.20740 38.69497)
e07f38ce-bd65-4986-bd06-f30517870a56,7cf3c256-32b9-4409-93fb-64afebede10d,Bolt,370db622-9cc5-462b-bf2c-ec908b4f60da,scooter,trip_start,65,2026-09-09T08:39:21Z,POINT (-9.13875 38.71157)
2eb6b5eb-02fc-4080-b2c1-70b3bbc6780d,a08ff49b-6f77-4632-a16c-43069c43a8c3,Lime,5e09d096-b3a1-496a-af9b-ccfbaa0c4548,scooter,trip_start,79,2026-09-09T08:39:47Z,POINT (-9.15408 38.73648)
87d1e6ca-05d5-48a5-8409-072321b958c0,aa1883c4-ffd0-40f5-bd14-dcc312684e4e,Voi,d902301d-806d-410e-b62b-09564b361dfe,scooter,trip_start,87,2026-09-09T08:40:30Z,POINT (-9.17734 38.70530)
048be4f5-46f0-4985-b070-b91ee176c343,a08ff49b-6f77-4632-a16c-43069c43a8c3,Lime,bb4e65a3-8848-43ee-bf99-c1f53591af0e,scooter,trip_start,92,2026-09-09T08:51:37Z,POINT (-9.14044 38.75045)
40ff0c94-e59c-480e-aba1-f00c6c3418e5,e8eb2af2-f261-45a8-91cd-424e42a85121,Dott,0372c55a-852f-420b-84d5-5a335465307b,scooter,trip_end,53,2026-09-09T08:52:29Z,POINT (-9.10398 38.77225)
be8534e5-8e7f-4287-93d7-255a1e0294f0,a08ff49b-6f77-4632-a16c-43069c43a8c3,Lime,ff41662a-417b-46de-aaa8-5d628452cc0b,scooter,trip_end,25,2026-09-09T09:15:02Z,POINT (-9.20183 38.70233)
7d9294c4-6dde-49b0-8cf8-d98060603f0e,7cf3c256-32b9-4409-93fb-64afebede10d,Bolt,af9ceb79-1bd7-4d19-8a69-32365a79c529,scooter,reserve,39,2026-09-09T09:15:58Z,POINT (-9.09680 38.75673)
1fe8011f-dab5-4f1a-84bf-8827eea96f7e,aa36434e-f251-4c63-8d4e-86a538cc03aa,Gira,8df352cc-f417-4bef-a863-f8e5c0a2138f,bicycle,trip_start,46,2026-09-09T09:45:02Z,POINT (-9.12412 38.71600)
dd5a33ff-cf58-4eec-9327-e800aba1f7e5,a08ff49b-6f77-4632-a16c-43069c43a8c3,Lime,c3b109bf-3623-4a20-9a44-df1ddaa9bc82,scooter,trip_start,52,2026-09-09T09:45:07Z,POINT (-9.14951 38.72729)
44227de4-6f1a-439f-913a-a197addd5445,7cf3c256-32b9-4409-93fb-64afebede10d,Bolt,c18064a7-5703-4731-b421-d068f2c50eaa,scooter,reserve,83,2026-09-09T09:51:38Z,POINT (-9.14437 38.70639)
8c71b105-084b-4b0b-bb45-d6640d527f58,e8eb2af2-f261-45a8-91cd-424e42a85121,Dott,047af9f4-92c8-485c-bc45-a7e0bab81c72,bicycle,trip_start,64,2026-09-09T09:53:37Z,POINT (-9.12539 38.71494)
f88b5b5c-e397-4749-ae32-ea6587d95ec7,a08ff49b-6f77-4632-a16c-43069c43a8c3,Lime,971c13bc-5841-4fb1-9f6d-0f973a83e40b,bicycle,trip_end,30,2026-09-09T10:58:58Z,POINT (-9.13121 38.71353)
658294f1-83d7-4123-8a40-086976cc2c63,aa1883c4-ffd0-40f5-bd14-dcc312684e4e,Voi,c729e73f-cf45-44ae-b9c3-07b3708898ca,scooter,trip_end,45,2026-09-09T11:20:19Z,POINT (-9.14082 38.71370)
a69e43b1-c168-43b0-b18c-77db6d85fac6,e8eb2af2-f261-45a8-91cd-424e42a85121,Dott,ae9cdd57-7328-4d05-9eb2-50f9d0ea9f6d,scooter,trip_end,25,2026-09-09T11:25:32Z,POINT (-9.17897 38.70611)
8c8bb07e-8a99-4a2d-8143-2882b027ffa7,e8eb2af2-f261-45a8-91cd-424e42a85121,Dott,7811a11d-01f5-481e-922b-436f704d883b,scooter,trip_start,85,2026-09-09T11:42:33Z,POINT (-9.15194 38.71321)
48cd17ce-d191-4534-be8d-832b2938b445,e8eb2af2-f261-45a8-91cd-424e42a85121,Dott,5d1953b5-77df-4f10-8ac5-50acc85c22e3,bicycle,provider_drop_off,65,2026-09-09T11:42:35Z,POINT (-9.14632 38.70970)
70a0c0de-8d31-4661-ab4c-4695f911d451,a08ff49b-6f77-4632-a16c-43069c43a8c3,Lime,b6ef72b8-cd1d-45f7-94e0-181369664e5b,scooter,trip_end,48,2026-09-09T11:54:53Z,POINT (-9.13862 38.75328)
452d2d11-947c-4711-a930-ca8bb3958ad2,7cf3c256-32b9-4409-93fb-64afebede10d,Bolt,882ff6da-9925-4fce-8790-159c37bf5c35,scooter,maintenance,25,2026-09-09T11:57:57Z,POINT (-9.13903 38.71191)
ce7c2c85-a9d0-4e52-8423-0be57dcb421a,e8eb2af2-f261-45a8-91cd-424e42a85121,Dott,728240dc-f495-4f20-a43e-5f553d2fcffa,bicycle,trip_start,100,2026-09-09T12:02:01Z,POINT (-9.17603 38.70243)
6cf5d383-8fdb-414e-b864-bfb1f86036d4,7cf3c256-32b9-4409-93fb-64afebede10d,Bolt,340b6270-efa5-48df-95cd-1514611f278e,scooter,low_battery,15,2026-09-09T12:19:47Z,POINT (-9.09427 38.76461)
c2cb1089-67af-4309-9924-38690ceabdb2,a08ff49b-6f77-4632-a16c-43069c43a8c3,Lime,7194b231-29fc-468c-9b41-7cf0e20e0ccf,bicycle,low_battery,5,2026-09-09T12:25:32Z,POINT (-9.09885 38.76701)
5baff59a-909e-4d54-abb3-7d959b9b96a9,e8eb2af2-f261-45a8-91cd-424e42a85121,Dott,7f7c3924-5c88-4883-8a05-7e9775a4328f,scooter,trip_start,36,2026-09-09T12:30:55Z,POINT (-9.15078 38.70968)
12fe69c3-cfc4-493e-a9f7-704c939f5bb2,a08ff49b-6f77-4632-a16c-43069c43a8c3,Lime,0e9018d4-1a57-4ca3-8b80-c44a4ba5e259,bicycle,trip_start,33,2026-09-09T12:33:19Z,POINT (-9.12685 38.71447)
a3a30445-350e-4879-8924-1ef5404dfa74,aa1883c4-ffd0-40f5-bd14-dcc312684e4e,Voi,b0c646ff-754e-4d82-8daf-a1ac2ae0e7d0,scooter,trip_end,54,2026-09-09T12:46:03Z,POINT (-9.13271 38.71363)
df2ec2bc-0c93-4921-bcba-22a69340a1b5,e8eb2af2-f261-45a8-91cd-424e42a85121,Dott,7416e9c3-e357-4151-ac45-5f41bb36074f,bicycle,reserve,33,2026-09-09T13:34:03Z,POINT (-9.09647 38.76802)
01c78ba4-ed5d-4be8-96a4-5edacca7d775,e8eb2af2-f261-45a8-91cd-424e42a85121,Dott,7fa21d53-1976-46ef-abaf-94a99b2e8ca4,scooter,rebalance_pick_up,34,2026-09-09T13:52:07Z,POINT (-9.15242 38.72280)
97afc695-9b46-433c-ab87-bec689833af7,e8eb2af2-f261-45a8-91cd-424e42a85121,Dott,28073d88-9cef-4f4c-901f-e3e0928bc625,scooter,trip_start,86,2026-09-09T13:58:42Z,POINT (-9.14870 38.73466)
8753e36f-e889-4a5a-85f8-b86231c772fb,a08ff49b-6f77-4632-a16c-43069c43a8c3,Lime,6b4f4a77-4686-4d1d-99f8-dfa799a3d9fb,bicycle,trip_end,88,2026-09-09T14:40:08Z,POINT (-9.16299 38.71027)
5b050d30-9db1-4be0-b9f8-6eee6f6f3a47,7cf3c256-32b9-4409-93fb-64afebede10d,Bolt,a7f0654d-3632-4b53-993e-3cf492c91d44,scooter,maintenance,23,2026-09-09T15:11:55Z,POINT (-9.13970 38.75384)
36ba1de3-2e22-4d0a-b102-f945c8eef499,7cf3c256-32b9-4409-93fb-64afebede10d,Bolt,99efdc1a-29b7-4ed2-b6d3-893e3ed77c6b,scooter,provider_drop_off,90,2026-09-09T15:37:28Z,POINT (-9.14625 38.71075)
70730d06-81db-401a-aba1-1d3876c6d471,e8eb2af2-f261-45a8-91cd-424e42a85121,Dott,4ccaf013-fccc-4adc-8fa2-a03e02e38281,scooter,trip_end,91,2026-09-09T15:37:49Z,POINT (-9.14243 38.73699)
c274a31c-0ed6-49a4-b66f-4090d09313b4,a08ff49b-6f77-4632-a16c-43069c43a8c3,Lime,c3b109bf-3623-4a20-9a44-df1ddaa9bc82,bicycle,trip_end,66,2026-09-09T16:11:08Z,POINT (-9.11878 38.77906)
7c302a2f-326b-4468-ac95-ba16098c0383,e8eb2af2-f261-45a8-91cd-424e42a85121,Dott,caf5d69a-3f09-4a2f-9792-d225524e7d95,scooter,trip_end,94,2026-09-09T16:13:29Z,POINT (-9.15198 38.74356)
fb3d330b-ee6a-461b-b33d-cf3a9d7f7517,7cf3c256-32b9-4409-93fb-64afebede10d,Bolt,2e7418d0-0f0b-40c1-bf17-76055fb1341a,scooter,trip_end,57,2026-09-09T16:16:53Z,POINT (-9.12833 38.71365)
b0445c58-9df5-46b6-9fd1-096bfd9e61d4,aa36434e-f251-4c63-8d4e-86a538cc03aa,Gira,38ce2da9-28d5-4f22-9f4b-99fd9a14c34f,bicycle,reserve,69,2026-09-09T16:20:35Z,POINT (-9.13060 38.71922)
87acf06d-18b7-442f-8bf9-b00ca5293a82,e8eb2af2-f261-45a8-91cd-424e42a85121,Dott,de10aef2-1ef4-4d1e-83da-1e1fc7493528,bicycle,trip_start,65,2026-09-09T16:44:19Z,POINT (-9.12705 38.71101)
d7d600a4-6603-4ffa-8a3a-1c74d426fdfb,e8eb2af2-f261-45a8-91cd-424e42a85121,Dott,cc7fcba9-3dfa-4e6b-9c53-67705dddb6b5,scooter,trip_end,48,2026-09-09T16:52:43Z,POINT (-9.09843 38.77484)
4337a9bc-54bb-4da7-8db3-6a2ca9c5f870,e8eb2af2-f261-45a8-91cd-424e42a85121,Dott,bd67f460-81d3-4c86-918b-a1da249d7648,bicycle,trip_start,40,2026-09-09T16:58:07Z,POINT (-9.13446 38.71750)
40b436af-5071-40b8-b377-bf0d5b145437,e8eb2af2-f261-45a8-91cd-424e42a85121,Dott,f58121e0-0c36-46d3-afab-8c17ab0a1d05,bicycle,provider_drop_off,99,2026-09-09T17:13:57Z,POINT (-9.21084 38.69708)
853fb283-26e9-4833-a9fb-f306fc98e654,7cf3c256-32b9-4409-93fb-64afebede10d,Bolt,295b7d83-6d22-421a-a4e5-23e8cace8f77,scooter,rebalance_drop_off,49,2026-09-09T17:18:29Z,POINT (-9.15054 38.72242)
b95ba6d3-65ba-4ed0-8a69-3bf5eedd8817,a08ff49b-6f77-4632-a16c-43069c43a8c3,Lime,e763443a-df95-4054-a7d4-a2d23730a246,scooter,trip_end,79,2026-09-09T17:22:43Z,POINT (-9.15020 38.72406)
47d1c03f-150e-4576-b1e7-c4fb813260ee,e8eb2af2-f261-45a8-91cd-424e42a85121,Dott,32a1fa1a-60cc-48ce-843c-1184c183d813,scooter,rebalance_pick_up,67,2026-09-09T17:32:39Z,POINT (-9.17892 38.71005)
8a740127-2852-4122-8af5-67d971130e45,a08ff49b-6f77-4632-a16c-43069c43a8c3,Lime,a2abc323-5295-46c9-8cd2-00f8bf1bfbf2,bicycle,rebalance_pick_up,81,2026-09-09T17:33:47Z,POINT (-9.15603 38.72435)
a26a8f0c-9083-4f46-8f03-d31579f0b2c5,a08ff49b-6f77-4632-a16c-43069c43a8c3,Lime,3b859743-b6a5-4f0a-851b-d9942d7d3784,scooter,low_battery,4,2026-09-09T17:37:12Z,POINT (-9.13206 38.71318)
acd03df1-5ce5-406a-b84b-81ed5cbea5db,e8eb2af2-f261-45a8-91cd-424e42a85121,Dott,c32697e9-d900-4b85-8306-36d33914b224,bicycle,trip_end,90,2026-09-09T17:52:03Z,POINT (-9.09283 38.76414)
9b7d6214-effc-464d-82b7-087f046e8e8f,7cf3c256-32b9-4409-93fb-64afebede10d,Bolt,636fb7a8-389c-421b-8e87-e1365bfae7e3,scooter,reserve,54,2026-09-09T18:03:22Z,POINT (-9.20723 38.70027)
33fe5b21-64fe-48d6-bca1-a7bb9fad4307,aa36434e-f251-4c63-8d4e-86a538cc03aa,Gira,6685314e-5877-4760-acb2-1fe1b1fb379e,bicycle,trip_start,58,2026-09-09T18:06:28Z,POINT (-9.17834 38.70357)
c4104931-cdd4-4cb7-ad6a-50029fa20a71,7cf3c256-32b9-4409-93fb-64afebede10d,Bolt,44dd210c-4a51-43f4-b216-b977461759b7,scooter,trip_start,80,2026-09-09T18:07:29Z,POINT (-9.13752 38.71634)
24c31465-e2b3-4711-957b-59a83f87611d,aa1883c4-ffd0-40f5-bd14-dcc312684e4e,Voi,5f8fc6cc-d771-44d9-b2e3-53c25a80cf03,scooter,reserve,95,2026-09-09T18:17:01Z,POINT (-9.14512 38.71501)
542415ac-4b7a-4842-9803-042769f19b0f,a08ff49b-6f77-4632-a16c-43069c43a8c3,Lime,6193320b-017d-42f1-82ab-97f628261e7c,scooter,reserve,71,2026-09-09T18:19:33Z,POINT (-9.15695 38.73783)
4c0b26b0-da06-4927-a63c-7fb45bd007c0,a08ff49b-6f77-4632-a16c-43069c43a8c3,Lime,368dc614-82b2-403b-acdd-cb63b80997c0,scooter,trip_end,44,2026-09-09T18:22:30Z,POINT (-9.10654 38.78021)
a623d983-35c9-4553-ab02-c312d59ff204,aa36434e-f251-4c63-8d4e-86a538cc03aa,Gira,e244dfab-af53-4393-a7cc-bb9f7511cbaf,bicycle,trip_end,30,2026-09-09T18:23:28Z,POINT (-9.13792 38.74613)
72ed5c2f-ba5f-471d-b445-d4ce53af41da,aa1883c4-ffd0-40f5-bd14-dcc312684e4e,Voi,783d88f4-28b8-4371-8a4e-51a8b858b538,scooter,trip_start,65,2026-09-09T18:27:43Z,POINT (-9.14539 38.74532)
ef62a683-18e3-4cb7-84e6-5d95b3a89840,e8eb2af2-f261-45a8-91cd-424e42a85121,Dott,399fbf3c-7833-423a-8836-027b8e6a5477,scooter,trip_start,74,2026-09-09T18:31:36Z,POINT (-9.14313 38.73196)
e36ca2d5-9948-45f0-b433-0ff818fa0e95,aa1883c4-ffd0-40f5-bd14-dcc312684e4e,Voi,2d047af4-19db-4404-895a-09f23d185cf8,scooter,trip_end,49,2026-09-09T18:33:01Z,POINT (-9.09772 38.76663)
f7bda5fc-6908-4560-8e23-cfb904c83dd7,e8eb2af2-f261-45a8-91cd-424e42a85121,Dott,8569a374-0749-4780-bfc0-60b51059896d,scooter,trip_end,62,2026-09-09T18:34:32Z,POINT (-9.15338 38.74462)
010bb97f-9ba8-44e5-ae2d-31f660c04295,7cf3c256-32b9-4409-93fb-64afebede10d,Bolt,44b66dfb-0781-4543-9727-1a380cbfe8db,scooter,rebalance_pick_up,30,2026-09-09T18:38:16Z,POINT (-9.12563 38.71692)
64bf866c-15cd-457c-86c4-ee2b1dee3671,a08ff49b-6f77-4632-a16c-43069c43a8c3,Lime,f0fe07c7-b727-45ef-bc1c-06d9505aeae5,scooter,trip_start,54,2026-09-09T18:38:43Z,POINT (-9.15139 38.72436)
518a5ba6-4067-4f0d-ab0f-980a67f9d5e0,a08ff49b-6f77-4632-a16c-43069c43a8c3,Lime,416cda3a-b625-4353-96b7-c5bdbeabdfb0,scooter,low_battery,9,2026-09-09T18:49:34Z,POINT (-9.14914 38.71004)
33e5ecd4-e413-4000-bea2-4b63ba0a0ea9,7cf3c256-32b9-4409-93fb-64afebede10d,Bolt,c31308a1-4399-4af1-a41a-dc897614bcf9,scooter,trip_start,72,2026-09-09T18:54:43Z,POINT (-9.14597 38.70629)
36855098-e43f-45ab-8fbe-1c799b5fd59b,7cf3c256-32b9-4409-93fb-64afebede10d,Bolt,af9ceb79-1bd7-4d19-8a69-32365a79c529,scooter,trip_start,68,2026-09-09T18:55:08Z,POINT (-9.12608 38.71756)
ed938a59-ffae-4ad8-8f87-616515ca365c,7cf3c256-32b9-4409-93fb-64afebede10d,Bolt,e2c7ed96-80cb-431e-9231-b957ec2f20e8,scooter,reserve,82,2026-09-09T18:57:45Z,POINT (-9.17712 38.70446)
831321f3-32bb-47bf-9c74-13add1eea0ab,a08ff49b-6f77-4632-a16c-43069c43a8c3,Lime,0e9018d4-1a57-4ca3-8b80-c44a4ba5e259,bicycle,trip_end,64,2026-09-09T19:11:41Z,POINT (-9.10855 38.76283)
9416549e-e38f-4412-959b-0dbc5ff02e0b,aa1883c4-ffd0-40f5-bd14-dcc312684e4e,Voi,61645813-df32-4479-84c0-c246c8cd2a9c,scooter,trip_end,56,2026-09-09T19:20:42Z,POINT (-9.14594 38.72638)
ae1625c5-0d17-4644-bae3-78bfa68fa8ef,a08ff49b-6f77-4632-a16c-43069c43a8c3,Lime,78580c6d-d884-45fb-a8b4-ae764a97f441,bicycle,reserve,93,2026-09-09T19:21:11Z,POINT (-9.14796 38.71396)
d1206c0d-174f-432d-881a-59f53802bcfa,e8eb2af2-f261-45a8-91cd-424e42a85121,Dott,293bec1c-bd3e-40f4-9039-2dea84444e9d,scooter,trip_end,49,2026-09-09T19:22:24Z,POINT (-9.12918 38.71773)
54b4541d-84b5-4e3e-a2b9-09071354d0ef,aa36434e-f251-4c63-8d4e-86a538cc03aa,Gira,220fd217-b2b2-4d02-a242-aad1acb68ab8,bicycle,trip_end,86,2026-09-09T19:33:39Z,POINT (-9.14720 38.70961)
a10db4a1-09f8-4c2f-ab4d-a1332f263ab6,7cf3c256-32b9-4409-93fb-64afebede10d,Bolt,3c2f548f-4d29-4aba-9b36-1e80e813a5c1,scooter,provider_pick_up,89,2026-09-09T19:36:40Z,POINT (-9.13468 38.71750)
bd4e40ce-86c6-48dc-b17f-219e6cc9a19c,e8eb2af2-f261-45a8-91cd-424e42a85121,Dott,5d1953b5-77df-4f10-8ac5-50acc85c22e3,bicycle,trip_end,51,2026-09-09T19:39:37Z,POINT (-9.14176 38.70802)
b965f9ec-5764-4126-87a7-a8a5886c0f2f,a08ff49b-6f77-4632-a16c-43069c43a8c3,Lime,3b859743-b6a5-4f0a-851b-d9942d7d3784,bicycle,cancel_reservation,58,2026-09-09T19:42:36Z,POINT (-9.14304 38.73163)
b90b51ba-e78c-4a7a-9989-120e71c6253c,7cf3c256-32b9-4409-93fb-64afebede10d,Bolt,8c71f5b3-43f9-49f9-9a39-cb14c6da5995,scooter,low_battery,15,2026-09-09T19:54:54Z,POINT (-9.18090 38.70869)
76ff1efa-7be0-4b3c-ab1c-236108a5303a,a08ff49b-6f77-4632-a16c-43069c43a8c3,Lime,f0fe07c7-b727-45ef-bc1c-06d9505aeae5,bicycle,trip_start,80,2026-09-09T21:03:42Z,POINT (-9.13554 38.71180)
956c95f1-e3af-48df-bb29-5c69b7cf6843,7cf3c256-32b9-4409-93fb-64afebede10d,Bolt,5f0e7639-f185-4751-ad9b-93a5677999af,scooter,provider_drop_off,44,2026-09-09T21:52:05Z,POINT (-9.12828 38.73889)
b5638b34-7e74-4c83-bb77-84ba2bd98217,7cf3c256-32b9-4409-93fb-64afebede10d,Bolt,a7f0654d-3632-4b53-993e-3cf492c91d44,scooter,rebalance_drop_off,88,2026-09-09T21:57:15Z,POINT (-9.14926 38.70880)
cdc84d1d-4866-4455-b719-9b01336f1f54,aa1883c4-ffd0-40f5-bd14-dcc312684e4e,Voi,0ad3b81f-2c3f-416b-a938-4753d01927db,scooter,rebalance_drop_off,92,2026-09-09T22:57:44Z,POINT (-9.09992 38.77251)
fe441493-92e1-43ac-9658-b002dfda59c0,7cf3c256-32b9-4409-93fb-64afebede10d,Bolt,fc9d10a4-c90e-43e0-8665-5370acf98dd0,scooter,trip_start,46,2026-09-10T00:06:51Z,POINT (-9.14485 38.71704)
d8f7ed6f-3851-465e-9935-c88552ac3efb,aa1883c4-ffd0-40f5-bd14-dcc312684e4e,Voi,9e67822d-2868-45fe-b4d4-69460bb7ddad,scooter,trip_start,33,2026-09-10T00:12:39Z,POINT (-9.14561 38.70974)
68fea8d1-1e99-437a-a3d0-b8daefdc370d,aa1883c4-ffd0-40f5-bd14-dcc312684e4e,Voi,8021919d-dade-4ba6-a061-b5d7b0cbf698,scooter,provider_drop_off,73,2026-09-10T00:20:23Z,POINT (-9.14557 38.70851)
21d77e52-32b7-4386-88be-0de435eadcda,e8eb2af2-f261-45a8-91cd-424e42a85121,Dott,3418560a-eb21-4f1c-90c2-35b89146a1ea,scooter,trip_start,42,2026-09-10T00:56:32Z,POINT (-9.14851 38.73287)
6bab9ad8-3133-4560-883c-8aed510f020f,e8eb2af2-f261-45a8-91cd-424e42a85121,Dott,0372c55a-852f-420b-84d5-5a335465307b,scooter,low_battery,10,2026-09-10T01:49:21Z,POINT (-9.14884 38.70899)
c537acf7-06ce-4058-b8de-e7143f55a4f8,a08ff49b-6f77-4632-a16c-43069c43a8c3,Lime,54a34579-97d3-4406-ba95-a96046fc151b,bicycle,trip_start,74,2026-09-10T03:22:54Z,POINT (-9.13688 38.73965)
7c60b73d-fddd-440c-b5a1-eff211143c2e,7cf3c256-32b9-4409-93fb-64afebede10d,Bolt,ededfc18-5e00-4782-895f-363c777a79d6,scooter,provider_drop_off,28,2026-09-10T03:36:35Z,POINT (-9.16795 38.72085)
763cbf09-f644-4e73-86ac-a0b5c33f67da,aa36434e-f251-4c63-8d4e-86a538cc03aa,Gira,381f43c1-8dab-4e27-9ad9-bf4197b42014,bicycle,reserve,42,2026-09-10T03:38:33Z,POINT (-9.14052 38.75859)
6db768c9-4663-4b86-94ab-2b52d2d00e4e,a08ff49b-6f77-4632-a16c-43069c43a8c3,Lime,a1374f51-c7f9-49a0-bd02-2b9d68d2f3a1,scooter,rebalance_drop_off,81,2026-09-10T03:40:08Z,POINT (-9.13273 38.73940)
9dba1f5f-b2ba-49ac-96dc-c62421696ddb,a08ff49b-6f77-4632-a16c-43069c43a8c3,Lime,e36bfe2e-9595-4bc4-afe7-def3d608355f,bicycle,trip_start,90,2026-09-10T03:46:46Z,POINT (-9.14343 38.70835)
6359c53f-81e9-4f5b-b462-d6d777cca267,a08ff49b-6f77-4632-a16c-43069c43a8c3,Lime,9a2e8ee3-b378-4d87-ae27-ec72c79dc27e,bicycle,reserve,29,2026-09-10T03:57:20Z,POINT (-9.14277 38.73398)
19d857bf-9bc9-4037-a956-2fdd62bb23c9,a08ff49b-6f77-4632-a16c-43069c43a8c3,Lime,6193320b-017d-42f1-82ab-97f628261e7c,bicycle,maintenance,56,2026-09-10T04:02:37Z,POINT (-9.13304 38.71665)
081de42c-ecca-4677-a766-d3585cf53ab8,e8eb2af2-f261-45a8-91cd-424e42a85121,Dott,05f64acc-67fd-42c6-b791-689ef6733401,scooter,low_battery,9,2026-09-10T07:18:38Z,POINT (-9.12446 38.71492)
3cd41ad4-d07b-4ddb-a627-e6cb5b428087,a08ff49b-6f77-4632-a16c-43069c43a8c3,Lime,b6ef72b8-cd1d-45f7-94e0-181369664e5b,scooter,reserve,36,2026-09-10T07:34:53Z,POINT (-9.14183 38.73146)
c584ee99-d33d-4f46-a671-539f9ae642ae,a08ff49b-6f77-4632-a16c-43069c43a8c3,Lime,ad8e9f0e-dc8d-4000-bac7-95829e261bbd,scooter,rebalance_pick_up,29,2026-09-10T07:38:54Z,POINT (-9.14284 38.73919)
daf093dc-954f-4b2a-a8b0-b931b8f0408d,aa1883c4-ffd0-40f5-bd14-dcc312684e4e,Voi,4327f11d-a842-40c2-8cdf-3dee00cd67e8,scooter,trip_start,45,2026-09-10T07:40:38Z,POINT (-9.14790 38.72942)
323c067f-bbf1-4f47-b5cd-e7190840bcf2,e8eb2af2-f261-45a8-91cd-424e42a85121,Dott,ae9cdd57-7328-4d05-9eb2-50f9d0ea9f6d,scooter,trip_start,63,2026-09-10T07:46:49Z,POINT (-9.15212 38.72020)
7891e0e5-6be8-4fb1-b33a-992856e9398a,7cf3c256-32b9-4409-93fb-64afebede10d,Bolt,50239dd0-0ceb-4c14-94cc-29386abbc94f,scooter,trip_end,89,2026-09-10T08:20:54Z,POINT (-9.14598 38.73986)
568ecffe-4766-4e8c-8cc5-b9f4b0fa46b1,a08ff49b-6f77-4632-a16c-43069c43a8c3,Lime,5636df12-9f7c-4fdb-b92f-89c6fe9cbcf7,scooter,reserve,79,2026-09-10T08:22:28Z,POINT (-9.14923 38.74081)
917818f6-c0c1-432b-85fc-11ef7748de91,aa1883c4-ffd0-40f5-bd14-dcc312684e4e,Voi,a3c72f74-7ccc-4eff-af0a-68e1bcb539e1,scooter,trip_start,57,2026-09-10T08:29:17Z,POINT (-9.13887 38.71478)
9e7e7780-3002-4eb6-916a-f10fa2ab7f27,e8eb2af2-f261-45a8-91cd-424e42a85121,Dott,399fbf3c-7833-423a-8836-027b8e6a5477,scooter,reserve,73,2026-09-10T08:29:23Z,POINT (-9.13780 38.74685)
ca492c6a-911a-40c6-a786-aefaff8c1e76,aa36434e-f251-4c63-8d4e-86a538cc03aa,Gira,6685314e-5877-4760-acb2-1fe1b1fb379e,bicycle,reserve,70,2026-09-10T08:30:11Z,POINT (-9.10524 38.76243)
7fee1073-b4a5-4fdb-8ee6-59ca4d47f8aa,a08ff49b-6f77-4632-a16c-43069c43a8c3,Lime,fbc42510-806e-4fae-a3f3-44f79f21b705,bicycle,trip_start,90,2026-09-10T08:39:47Z,POINT (-9.15248 38.72317)
cdf2dfef-e555-44f7-8808-420a058a1821,7cf3c256-32b9-4409-93fb-64afebede10d,Bolt,5af93444-6081-414d-8915-68af1146615f,scooter,low_battery,4,2026-09-10T08:43:37Z,POINT (-9.13996 38.73487)
c97d2b1c-e538-4b55-b7f0-4195bdd2d90c,a08ff49b-6f77-4632-a16c-43069c43a8c3,Lime,4a779d01-94aa-4255-b9b4-482e3ffccb37,scooter,reserve,35,2026-09-10T08:52:00Z,POINT (-9.13808 38.74139)
340d5c86-9ab7-44a1-b4d6-f0024dc1f017,a08ff49b-6f77-4632-a16c-43069c43a8c3,Lime,5636df12-9f7c-4fdb-b92f-89c6fe9cbcf7,scooter,trip_start,92,2026-09-10T09:16:36Z,POINT (-9.14382 38.72886)
77915f40-0975-46e2-85b6-8ec515ae81fa,7cf3c256-32b9-4409-93fb-64afebede10d,Bolt,335dca26-c4a6-4a12-b6da-b5a3e365ad0b,scooter,reserve,27,2026-09-10T09:32:25Z,POINT (-9.14670 38.74039)
cdf680e3-70c6-4438-8b1b-e0f2f70e707d,7cf3c256-32b9-4409-93fb-64afebede10d,Bolt,3c2f548f-4d29-4aba-9b36-1e80e813a5c1,scooter,reserve,59,2026-09-10T09:36:19Z,POINT (-9.14539 38.72101)
e9d23737-67b3-444c-99eb-0981c893b1de,a08ff49b-6f77-4632-a16c-43069c43a8c3,Lime,d6b03f30-702e-4b14-ae5c-c94065f9ba6f,bicycle,trip_end,93,2026-09-10T09:36:19Z,POINT (-9.14574 38.73370)
557e5f7c-3782-41ff-bbe1-43f655b5485e,a08ff49b-6f77-4632-a16c-43069c43a8c3,Lime,7a67d56b-f640-4a48-9f5e-97f2ecd20944,scooter,rebalance_drop_off,34,2026-09-10T09:41:50Z,POINT (-9.14569 38.71125)
f7d2f970-c62f-467b-bb0d-62e077e7738f,aa36434e-f251-4c63-8d4e-86a538cc03aa,Gira,2e307524-1725-4210-adeb-51c33cd6bb74,bicycle,trip_end,45,2026-09-10T09:45:28Z,POINT (-9.15158 38.72995)
a0226d6b-4481-4c04-b364-9522b01c07b3,e8eb2af2-f261-45a8-91cd-424e42a85121,Dott,7f7c3924-5c88-4883-8a05-7e9775a4328f,bicycle,trip_start,72,2026-09-10T10:18:58Z,POINT (-9.09265 38.76467)
03dd8ad0-dd2f-4d0a-8727-a2b2b9057739,e8eb2af2-f261-45a8-91cd-424e42a85121,Dott,4ccaf013-fccc-4adc-8fa2-a03e02e38281,scooter,trip_end,79,2026-09-10T10:23:32Z,POINT (-9.14938 38.70661)
4779d0e9-bee2-46d3-91ab-85b8a7efa5d0,e8eb2af2-f261-45a8-91cd-424e42a85121,Dott,6d983729-9862-4b14-8e07-4db00ab18fd0,scooter,trip_end,95,2026-09-10T10:29:11Z,POINT (-9.14469 38.71354)
a0a45e83-1cd8-4be9-af57-97acaea81216,7cf3c256-32b9-4409-93fb-64afebede10d,Bolt,c61537dd-d2bc-4b1a-a12f-e284c331508d,scooter,trip_end,79,2026-09-10T10:29:26Z,POINT (-9.12527 38.71199)
8a46fdb8-9b84-4f02-addd-f2e4351a5556,7cf3c256-32b9-4409-93fb-64afebede10d,Bolt,71f5e946-02a0-44be-b04f-9ddd9505ddc7,scooter,trip_start,68,2026-09-10T10:30:45Z,POINT (-9.13445 38.73592)
21f185ac-1d18-40c9-8ba5-a7a135293a87,aa1883c4-ffd0-40f5-bd14-dcc312684e4e,Voi,f909d486-ca38-4e28-b3b4-ea1a1588687f,scooter,trip_end,91,2026-09-10T10:47:22Z,POINT (-9.13685 38.70899)
05b40a1d-6ec6-47cb-9275-9fa5dcdce5f9,a08ff49b-6f77-4632-a16c-43069c43a8c3,Lime,78580c6d-d884-45fb-a8b4-ae764a97f441,bicycle,reserve,47,2026-09-10T11:26:44Z,POINT (-9.13078 38.71134)
bc925549-0b59-4e25-8a53-ce0e26f17b03,aa1883c4-ffd0-40f5-bd14-dcc312684e4e,Voi,f26e0c46-8025-4804-8a4d-129ced9002b8,scooter,trip_end,82,2026-09-10T11:58:49Z,POINT (-9.14226 38.70791)
e6acc94a-e496-4b09-a5be-91d59ea26333,7cf3c256-32b9-4409-93fb-64afebede10d,Bolt,9d22ada4-6a6f-44e8-bdc0-a95499eb387d,scooter,trip_start,79,2026-09-10T12:01:09Z,POINT (-9.14191 38.70793)
3903e89a-fe20-4fda-87d5-ef8cc9c4cd46,e8eb2af2-f261-45a8-91cd-424e42a85121,Dott,89868fc4-e104-44a3-8d8c-20a6298ce565,scooter,trip_end,39,2026-09-10T12:03:32Z,POINT (-9.15680 38.76476)
e6094269-1849-47c3-b259-d181a2a9b990,aa1883c4-ffd0-40f5-bd14-dcc312684e4e,Voi,89f58794-175c-45c1-82fd-bf3141ea3734,scooter,trip_start,59,2026-09-10T12:26:38Z,POINT (-9.14795 38.75714)
ae175630-b71c-4746-b075-e897c56ca8ae,a08ff49b-6f77-4632-a16c-43069c43a8c3,Lime,5790e377-afab-41f9-a2c8-19c8405d10a4,scooter,rebalance_drop_off,63,2026-09-10T12:36:44Z,POINT (-9.13693 38.74818)
e3df7edd-6578-4b8b-bc71-d6f4947f7a62,aa1883c4-ffd0-40f5-bd14-dcc312684e4e,Voi,4ea25738-f504-4f29-b113-c52ce6313442,scooter,trip_start,100,2026-09-10T12:47:33Z,POINT (-9.12980 38.74180)
518949cc-bac8-4c82-bbcd-cbea75a015ad,aa1883c4-ffd0-40f5-bd14-dcc312684e4e,Voi,b0c646ff-754e-4d82-8daf-a1ac2ae0e7d0,scooter,trip_start,71,2026-09-10T13:04:29Z,POINT (-9.14245 38.73907)
34928ca1-918b-4e67-b18e-b6da9ebde0b3,7cf3c256-32b9-4409-93fb-64afebede10d,Bolt,8c71f5b3-43f9-49f9-9a39-cb14c6da5995,scooter,trip_end,86,2026-09-10T13:34:57Z,POINT (-9.14618 38.70752)
e4c34b8f-1a46-4d30-8fef-e0cdaa12b15a,7cf3c256-32b9-4409-93fb-64afebede10d,Bolt,c61537dd-d2bc-4b1a-a12f-e284c331508d,scooter,provider_drop_off,81,2026-09-10T13:50:27Z,POINT (-9.14974 38.71320)
7a412691-ff39-4c4f-bdb9-e4b74d2360d6,7cf3c256-32b9-4409-93fb-64afebede10d,Bolt,2e7418d0-0f0b-40c1-bf17-76055fb1341a,scooter,trip_end,79,2026-09-10T14:10:45Z,POINT (-9.20806 38.69928)
013eb945-b0e7-4105-abe9-119f6d998676,e8eb2af2-f261-45a8-91cd-424e42a85121,Dott,e4888369-f396-4be8-abe2-98cf28412cf0,bicycle,trip_start,88,2026-09-10T14:14:08Z,POINT (-9.09363 38.76273)
4ff5a513-b996-4b92-ae72-fc2509ec6192,7cf3c256-32b9-4409-93fb-64afebede10d,Bolt,20e2e7e4-8b56-4026-a746-de705bec8cc5,scooter,trip_start,26,2026-09-10T14:23:24Z,POINT (-9.12216 38.71924)
77404d83-846b-443e-bd86-ba3d80a6034f,a08ff49b-6f77-4632-a16c-43069c43a8c3,Lime,7194b231-29fc-468c-9b41-7cf0e20e0ccf,bicycle,reserve,60,2026-09-10T14:50:52Z,POINT (-9.11251 38.73779)
7307cd4b-9c01-461f-88dd-bdbf1b838394,a08ff49b-6f77-4632-a16c-43069c43a8c3,Lime,fbc42510-806e-4fae-a3f3-44f79f21b705,bicycle,trip_end,100,2026-09-10T14:59:47Z,POINT (-9.13928 38.71807)
da677b11-b847-4001-a9e3-cd504265ffdc,a08ff49b-6f77-4632-a16c-43069c43a8c3,Lime,e36bfe2e-9595-4bc4-afe7-def3d608355f,bicycle,trip_end,38,2026-09-10T15:10:15Z,POINT (-9.16745 38.78226)
faf7f109-08c6-44b4-8b5d-e6a52db21d8e,7cf3c256-32b9-4409-93fb-64afebede10d,Bolt,55ac426d-73df-467b-91b8-37842bce8c2f,scooter,maintenance,67,2026-09-10T15:25:19Z,POINT (-9.17818 38.70272)
3890b6cd-ac1b-4e9d-9d78-f84f3890c928,7cf3c256-32b9-4409-93fb-64afebede10d,Bolt,50239dd0-0ceb-4c14-94cc-29386abbc94f,scooter,trip_end,79,2026-09-10T15:50:06Z,POINT (-9.09036 38.76285)
b445b476-619b-4eed-91df-b2f79fefd250,aa1883c4-ffd0-40f5-bd14-dcc312684e4e,Voi,64428920-fe4a-4720-b887-5f037fed4f3e,scooter,trip_start,58,2026-09-10T15:51:23Z,POINT (-9.14405 38.74493)
2408c32a-8074-4039-b39a-5a15a01ae7ab,aa36434e-f251-4c63-8d4e-86a538cc03aa,Gira,a36ba348-58bc-4ccf-9677-bb2406adf4ed,bicycle,trip_start,87,2026-09-10T15:59:12Z,POINT (-9.14816 38.73527)
36322f50-22f2-41d8-9a5e-2c74f24c14a8,a08ff49b-6f77-4632-a16c-43069c43a8c3,Lime,7194b231-29fc-468c-9b41-7cf0e20e0ccf,bicycle,trip_start,40,2026-09-10T16:02:16Z,POINT (-9.21369 38.69835)
ec01d697-19e8-41f9-ad20-2289e127f48b,aa1883c4-ffd0-40f5-bd14-dcc312684e4e,Voi,e71b72d6-ec2f-4ad2-8ea7-67852afdc424,scooter,reserve,25,2026-09-10T16:13:19Z,POINT (-9.12941 38.71419)
90391f8a-0148-4bf5-80ed-b194ac5d4a35,e8eb2af2-f261-45a8-91cd-424e42a85121,Dott,d3e44787-d4ea-4982-bb63-c1b85c0dd9d5,bicycle,rebalance_drop_off,74,2026-09-10T16:20:26Z,POINT (-9.19861 38.70022)
2d42f416-e756-4ffd-a287-12852a9d519d,aa36434e-f251-4c63-8d4e-86a538cc03aa,Gira,9ac69a2d-124e-4810-bd84-ae87f7d53c77,bicycle,rebalance_drop_off,68,2026-09-10T16:38:00Z,POINT (-9.14970 38.73345)
b07c246d-bfc3-4d6e-98bc-0928430b45b5,a08ff49b-6f77-4632-a16c-43069c43a8c3,Lime,b93e7681-bedb-4bbd-917a-957bd8778062,scooter,trip_end,77,2026-09-10T16:39:13Z,POINT (-9.17903 38.70212)
5cf41ac9-bfbb-4b07-a5ae-62e17fe98d0b,7cf3c256-32b9-4409-93fb-64afebede10d,Bolt,528272e8-5213-4ccf-bf4d-8ce9d55d0f6b,scooter,trip_end,67,2026-09-10T16:39:28Z,POINT (-9.14382 38.70767)
c36f2a3f-ac4f-493b-b35d-c4325aa3b060,a08ff49b-6f77-4632-a16c-43069c43a8c3,Lime,416cda3a-b625-4353-96b7-c5bdbeabdfb0,scooter,rebalance_drop_off,99,2026-09-10T16:42:13Z,POINT (-9.13807 38.71637)
774fd3fd-03ff-41d2-bdf5-46f934aebf1b,e8eb2af2-f261-45a8-91cd-424e42a85121,Dott,21e4401e-9669-4a8b-ad66-ea22afdffecd,scooter,rebalance_drop_off,88,2026-09-10T16:44:25Z,POINT (-9.19837 38.69846)
1a2ee218-ac87-469d-aa12-030fe4b36f65,e8eb2af2-f261-45a8-91cd-424e42a85121,Dott,293bec1c-bd3e-40f4-9039-2dea84444e9d,bicycle,trip_end,66,2026-09-10T16:58:09Z,POINT (-9.15300 38.72635)
480bd937-6ec3-460e-abf6-5271bb4c0d63,7cf3c256-32b9-4409-93fb-64afebede10d,Bolt,ca0dd966-70f1-4336-984e-512099f1fdb3,scooter,trip_start,59,2026-09-10T17:02:05Z,POINT (-9.14628 38.74418)
bce5ac30-e5e6-406d-b901-e01990fe4530,7cf3c256-32b9-4409-93fb-64afebede10d,Bolt,882ff6da-9925-4fce-8790-159c37bf5c35,scooter,trip_end,85,2026-09-10T17:03:38Z,POINT (-9.09636 38.76357)
065ae575-f0ad-4588-a068-344ca2cd894f,aa36434e-f251-4c63-8d4e-86a538cc03aa,Gira,68b95738-6c48-47fa-861b-573b2f49f73e,bicycle,trip_start,70,2026-09-10T17:10:48Z,POINT (-9.14670 38.72372)
a1521b94-b132-49a2-a34f-1e2454e66440,7cf3c256-32b9-4409-93fb-64afebede10d,Bolt,340b6270-efa5-48df-95cd-1514611f278e,scooter,trip_end,78,2026-09-10T17:11:59Z,POINT (-9.21123 38.69616)
47e70061-a18d-4d8b-a9d7-ee72b7ed8540,aa36434e-f251-4c63-8d4e-86a538cc03aa,Gira,52e4c27e-364d-47d8-809d-c0dde02b98f4,bicycle,trip_end,98,2026-09-10T17:16:28Z,POINT (-9.20522 38.70065)
3265f277-05d3-483a-a810-ab6b495ea714,7cf3c256-32b9-4409-93fb-64afebede10d,Bolt,b807201b-8215-41d2-8166-e192a2c75b24,scooter,trip_start,38,2026-09-10T17:21:38Z,POINT (-9.17450 38.70245)
63f95189-56f6-4288-8650-c46052174df9,e8eb2af2-f261-45a8-91cd-424e42a85121,Dott,5d1953b5-77df-4f10-8ac5-50acc85c22e3,bicycle,trip_end,96,2026-09-10T17:31:59Z,POINT (-9.14704 38.70880)
d0b5aec9-cbd2-4988-97ec-06f575433571,aa1883c4-ffd0-40f5-bd14-dcc312684e4e,Voi,d49ab237-5205-47d2-8439-e8c8aab0a4ac,scooter,low_battery,6,2026-09-10T17:38:47Z,POINT (-9.10333 38.76048)
9ade1750-261d-4faf-ba84-de88c66750ca,a08ff49b-6f77-4632-a16c-43069c43a8c3,Lime,3b8d7e4f-a4a7-4eb6-b006-7779fe79a4d8,bicycle,reserve,44,2026-09-10T17:41:41Z,POINT (-9.16491 38.70758)
0bdc6762-0253-48db-abeb-dc24b0453502,aa1883c4-ffd0-40f5-bd14-dcc312684e4e,Voi,43272e90-be59-43fb-8fa7-25638d07e6e2,scooter,trip_end,47,2026-09-10T17:43:23Z,POINT (-9.14594 38.71865)
1d9e0377-e5e0-42e3-9770-4e7a37513a60,aa36434e-f251-4c63-8d4e-86a538cc03aa,Gira,3d964bb4-2cf8-4cfc-8a5e-c09beab76a37,bicycle,trip_start,36,2026-09-10T17:48:32Z,POINT (-9.11325 38.76709)
6d996281-c292-459f-be4e-5a84209be300,a08ff49b-6f77-4632-a16c-43069c43a8c3,Lime,7f4990cc-90e3-442d-acf1-5c6bad4fad06,bicycle,rebalance_pick_up,39,2026-09-10T17:52:31Z,POINT (-9.09968 38.76305)
66b3d991-ab81-4cba-8df7-d8e457ffafaa,e8eb2af2-f261-45a8-91cd-424e42a85121,Dott,caf5d69a-3f09-4a2f-9792-d225524e7d95,scooter,trip_end,99,2026-09-10T17:55:28Z,POINT (-9.14126 38.73959)
5d7724f3-d63d-4400-9a44-28d627fc87f1,aa1883c4-ffd0-40f5-bd14-dcc312684e4e,Voi,2d047af4-19db-4404-895a-09f23d185cf8,scooter,trip_start,84,2026-09-10T17:55:54Z,POINT (-9.09276 38.76786)
f1a2a911-c15f-4a24-a8db-32563f6f47ed,e8eb2af2-f261-45a8-91cd-424e42a85121,Dott,9c83caf4-9979-4772-b945-176d481e86d4,scooter,trip_end,82,2026-09-10T18:01:48Z,POINT (-9.14593 38.73536)
6326ee0f-3f5b-4540-8476-e91b0043332c,a08ff49b-6f77-4632-a16c-43069c43a8c3,Lime,3d45796b-7204-4136-b647-75ae94bcce81,scooter,provider_drop_off,72,2026-09-10T18:07:06Z,POINT (-9.15941 38.72424)
b2386730-0047-4276-90d9-95b5d951a057,aa1883c4-ffd0-40f5-bd14-dcc312684e4e,Voi,61645813-df32-4479-84c0-c246c8cd2a9c,scooter,trip_end,69,2026-09-10T18:15:31Z,POINT (-9.17108 38.75200)
30b01d4d-8089-47c2-a522-210af8f328bf,aa36434e-f251-4c63-8d4e-86a538cc03aa,Gira,6e8d4d8b-8616-4adb-b3dd-3f52e5f94016,bicycle,trip_end,81,2026-09-10T18:22:04Z,POINT (-9.13374 38.71452)
98389ae6-a6ae-44ef-b921-2db4f29d42f9,aa1883c4-ffd0-40f5-bd14-dcc312684e4e,Voi,5ae158e2-cb32-49ef-bfc3-e33766874621,scooter,maintenance,37,2026-09-10T18:22:47Z,POINT (-9.19514 38.70578)
27838c54-bb90-45fb-89e9-cd5873cec359,a08ff49b-6f77-4632-a16c-43069c43a8c3,Lime,ad8e9f0e-dc8d-4000-bac7-95829e261bbd,scooter,trip_end,41,2026-09-10T18:28:47Z,POINT (-9.15016 38.74461)
b74478b6-b18f-4988-a228-6c72a86ffa95,a08ff49b-6f77-4632-a16c-43069c43a8c3,Lime,b93e7681-bedb-4bbd-917a-957bd8778062,scooter,maintenance,46,2026-09-10T18:29:20Z,POINT (-9.15042 38.73099)
0ebe932b-db90-44ab-855a-836d32d59892,7cf3c256-32b9-4409-93fb-64afebede10d,Bolt,99efdc1a-29b7-4ed2-b6d3-893e3ed77c6b,scooter,rebalance_drop_off,55,2026-09-10T18:32:56Z,POINT (-9.13625 38.73983)
5fce7758-833b-44b6-b88d-0ebecd91798e,aa36434e-f251-4c63-8d4e-86a538cc03aa,Gira,1e614fce-aaa1-4b1e-ab31-9e10939c78e9,bicycle,provider_drop_off,65,2026-09-10T18:35:36Z,POINT (-9.13468 38.75082)
f18985b3-8d90-46fe-b808-91c5c7e0dc4a,aa1883c4-ffd0-40f5-bd14-dcc312684e4e,Voi,61645813-df32-4479-84c0-c246c8cd2a9c,scooter,cancel_reservation,68,2026-09-10T18:36:23Z,POINT (-9.09390 38.76542)
fddc1f0a-80bb-4343-92b4-ffca20ac08f2,7cf3c256-32b9-4409-93fb-64afebede10d,Bolt,55ac426d-73df-467b-91b8-37842bce8c2f,scooter,trip_end,64,2026-09-10T18:39:19Z,POINT (-9.14531 38.74263)
e429c3b6-ac8d-4ce1-8be8-80cd9d84f571,e8eb2af2-f261-45a8-91cd-424e42a85121,Dott,25fa4c2a-eb2d-4633-a7b0-46a722782600,scooter,trip_end,79,2026-09-10T18:42:10Z,POINT (-9.12490 38.71530)
48403eb7-6681-4850-b6b8-0717c6ed876e,7cf3c256-32b9-4409-93fb-64afebede10d,Bolt,b8206349-ce47-49c8-bdb0-5d3a1a22f509,scooter,reserve,37,2026-09-10T18:42:25Z,POINT (-9.14956 38.73263)
bde62229-e78a-46ef-bba5-e36564fd8b58,7cf3c256-32b9-4409-93fb-64afebede10d,Bolt,8c71f5b3-43f9-49f9-9a39-cb14c6da5995,scooter,trip_start,68,2026-09-10T18:44:28Z,POINT (-9.14239 38.71387)
f4162cef-a987-4bab-8e5b-d80c8c87bc83,a08ff49b-6f77-4632-a16c-43069c43a8c3,Lime,e3e4cb2d-5976-46ea-916f-6e5ef3ba3e32,scooter,trip_end,54,2026-09-10T18:44:59Z,POINT (-9.15282 38.71808)
9aca2584-efd8-4a4c-ad83-28b920a9cbde,e8eb2af2-f261-45a8-91cd-424e42a85121,Dott,c9b3ffd9-be3a-424d-ab77-a81443b62ca8,bicycle,trip_start,68,2026-09-10T18:52:40Z,POINT (-9.14147 38.74768)
d2caaa9b-3bb3-453f-91a1-e24c91eec6cc,7cf3c256-32b9-4409-93fb-64afebede10d,Bolt,e2c7ed96-80cb-431e-9231-b957ec2f20e8,scooter,trip_end,44,2026-09-10T18:53:35Z,POINT (-9.12809 38.71079)
24a84c6d-1080-46af-a8c4-afde8d5907a1,a08ff49b-6f77-4632-a16c-43069c43a8c3,Lime,5636df12-9f7c-4fdb-b92f-89c6fe9cbcf7,scooter,rebalance_drop_off,76,2026-09-10T19:01:49Z,POINT (-9.15130 38.72858)
9bd25582-01a2-4247-970f-872e81f23f25,a08ff49b-6f77-4632-a16c-43069c43a8c3,Lime,78580c6d-d884-45fb-a8b4-ae764a97f441,bicycle,trip_end,96,2026-09-10T19:01:58Z,POINT (-9.14575 38.73277)
42ad5396-15e1-4c78-9cdb-7324d11313f3,e8eb2af2-f261-45a8-91cd-424e42a85121,Dott,ef1ee6c3-ab03-4de0-9ecf-07a8602da2e8,scooter,trip_end,91,2026-09-10T19:02:22Z,POINT (-9.14259 38.71809)
6658fd5a-add0-45da-afa2-60dc5815e4c3,aa1883c4-ffd0-40f5-bd14-dcc312684e4e,Voi,822cc5e9-42eb-4a47-a01a-4824d8fa8091,scooter,trip_start,43,2026-09-10T19:07:13Z,POINT (-9.20426 38.69863)
8b792453-3b60-4208-bedb-33b49942b633,7cf3c256-32b9-4409-93fb-64afebede10d,Bolt,de1d1389-2c83-43c4-b145-f83cb33557d0,scooter,reserve,97,2026-09-10T19:09:17Z,POINT (-9.14295 38.73488)
7c35ea3c-3928-4fbf-922e-f7ef4fda4da0,a08ff49b-6f77-4632-a16c-43069c43a8c3,Lime,7194b231-29fc-468c-9b41-7cf0e20e0ccf,bicycle,provider_pick_up,38,2026-09-10T19:29:06Z,POINT (-9.15294 38.73825)
f4d734b6-c2e3-4721-a1f3-4c532033d8f9,7cf3c256-32b9-4409-93fb-64afebede10d,Bolt,c31308a1-4399-4af1-a41a-dc897614bcf9,scooter,low_battery,8,2026-09-10T19:32:04Z,POINT (-9.09462 38.76824)
dae4fd19-d516-4fe2-b266-fdf5f4737d40,aa1883c4-ffd0-40f5-bd14-dcc312684e4e,Voi,071a92c5-3948-499e-83d5-60f495ad6cdb,scooter,trip_end,70,2026-09-10T19:34:41Z,POINT (-9.12687 38.71540)
8fde22b5-5123-4d55-b461-36b0e9e1fb11,7cf3c256-32b9-4409-93fb-64afebede10d,Bolt,920d73a3-b403-4e23-b47e-0ac0f90305ff,scooter,trip_start,94,2026-09-10T19:35:14Z,POINT (-9.13652 38.72015)
ddaf6ea0-c82b-452b-96ee-dfe417899eea,e8eb2af2-f261-45a8-91cd-424e42a85121,Dott,0372c55a-852f-420b-84d5-5a335465307b,scooter,trip_end,42,2026-09-10T19:44:05Z,POINT (-9.15178 38.72946)
9ee40e5e-6d41-4a8c-914e-90020329fddf,a08ff49b-6f77-4632-a16c-43069c43a8c3,Lime,5636df12-9f7c-4fdb-b92f-89c6fe9cbcf7,scooter,reserve,38,2026-09-10T19:59:10Z,POINT (-9.15748 38.72138)
9da963f8-2586-404e-9279-47b62bd31778,a08ff49b-6f77-4632-a16c-43069c43a8c3,Lime,6b4f4a77-4686-4d1d-99f8-dfa799a3d9fb,bicycle,provider_drop_off,87,2026-09-10T21:15:17Z,POINT (-9.14695 38.71380)
5a844bb7-a77a-4bb5-b38c-43931554d004,e8eb2af2-f261-45a8-91cd-424e42a85121,Dott,cb3d5f32-3123-4d0f-ab68-cc7e0f42371b,bicycle,low_battery,12,2026-09-10T21:23:52Z,POINT (-9.15125 38.70869)
fd689922-1365-4f3f-9559-4cf866f7f38e,e8eb2af2-f261-45a8-91cd-424e42a85121,Dott,cc7fcba9-3dfa-4e6b-9c53-67705dddb6b5,scooter,trip_start,49,2026-09-10T21:52:13Z,POINT (-9.14715 38.71212)
f28b8595-165b-4c5e-aca4-21f32facddb7,a08ff49b-6f77-4632-a16c-43069c43a8c3,Lime,6193320b-017d-42f1-82ab-97f628261e7c,bicycle,trip_end,28,2026-09-10T22:05:23Z,POINT (-9.10097 38.76518)
65778530-42b4-4c09-96e7-a6aca1d77193,e8eb2af2-f261-45a8-91cd-424e42a85121,Dott,e9022de4-f5cc-4fb8-80a5-c9b0b7a40cf3,bicycle,low_battery,6,2026-09-10T22:30:13Z,POINT (-9.13454 38.73625)
74282b8b-422e-49f6-aa48-91068ea98b63,a08ff49b-6f77-4632-a16c-43069c43a8c3,Lime,7194b231-29fc-468c-9b41-7cf0e20e0ccf,scooter,low_battery,11,2026-09-10T23:13:10Z,POINT (-9.09625 38.75849)
336e0628-6c06-4915-8a0b-f75227a95495,7cf3c256-32b9-4409-93fb-64afebede10d,Bolt,b807201b-8215-41d2-8166-e192a2c75b24,scooter,low_battery,4,2026-09-10T23:29:02Z,POINT (-9.16668 38.71593)
27460fa7-b7cf-41f2-8ee2-a6ad47b2e406,a08ff49b-6f77-4632-a16c-43069c43a8c3,Lime,db4fd9c8-4efb-471a-a772-c7ba04eedb66,bicycle,low_battery,11,2026-09-11T00:12:54Z,POINT (-9.14459 38.76008)
7a5575aa-8167-4682-9b8d-e58d105f0e58,7cf3c256-32b9-4409-93fb-64afebede10d,Bolt,a10b93b8-5691-490e-8143-c3cf38d226df,scooter,low_battery,10,2026-09-11T00:57:20Z,POINT (-9.13025 38.71235)
f73703e3-265f-4d73-afac-d8ec94b53b0d,7cf3c256-32b9-4409-93fb-64afebede10d,Bolt,882ff6da-9925-4fce-8790-159c37bf5c35,scooter,trip_end,70,2026-09-11T01:09:46Z,POINT (-9.14662 38.71247)
b895de82-7877-4123-8c4f-f18b3c11945d,7cf3c256-32b9-4409-93fb-64afebede10d,Bolt,73c82101-b9fe-4a66-99b4-de7ae181ad7d,scooter,trip_start,78,2026-09-11T01:19:11Z,POINT (-9.14201 38.71150)
235637f7-3f34-414f-b2e7-ce83bd6239cd,e8eb2af2-f261-45a8-91cd-424e42a85121,Dott,0372c55a-852f-420b-84d5-5a335465307b,bicycle,maintenance,25,2026-09-11T02:08:46Z,POINT (-9.14257 38.71625)
2dc18b15-7a41-4a71-8a0d-dbf6dd8e2612,a08ff49b-6f77-4632-a16c-43069c43a8c3,Lime,ad8e9f0e-dc8d-4000-bac7-95829e261bbd,scooter,trip_start,98,2026-09-11T02:23:51Z,POINT (-9.13047 38.74659)
e7f82d0a-3ffe-4f36-8adc-719f172a65c0,a08ff49b-6f77-4632-a16c-43069c43a8c3,Lime,db4fd9c8-4efb-471a-a772-c7ba04eedb66,bicycle,provider_pick_up,39,2026-09-11T02:45:33Z,POINT (-9.13960 38.73183)
9c36df0d-b9ad-4328-ad34-54deed4b0dde,a08ff49b-6f77-4632-a16c-43069c43a8c3,Lime,156bb1ca-d760-4ab9-a5e1-dea83898e499,scooter,trip_end,30,2026-09-11T03:45:44Z,POINT (-9.14527 38.72783)
1118eb96-1a26-45dc-a1f8-d65f533d42c1,7cf3c256-32b9-4409-93fb-64afebede10d,Bolt,fc9d10a4-c90e-43e0-8665-5370acf98dd0,scooter,trip_end,47,2026-09-11T05:03:17Z,POINT (-9.17863 38.70197)
5d4273a1-01ba-4022-8a22-ee52d8290497,aa1883c4-ffd0-40f5-bd14-dcc312684e4e,Voi,64428920-fe4a-4720-b887-5f037fed4f3e,scooter,reserve,69,2026-09-11T05:21:42Z,POINT (-9.15102 38.73869)
675133de-a8cd-456b-a921-ceb51fbdc195,e8eb2af2-f261-45a8-91cd-424e42a85121,Dott,92f9069a-1c20-4840-ad50-1cc91fce52b7,bicycle,provider_pick_up,82,2026-09-11T05:41:36Z,POINT (-9.14314 38.74135)
d58266ed-5d76-4baf-8382-88ecfe0bba32,7cf3c256-32b9-4409-93fb-64afebede10d,Bolt,2e7418d0-0f0b-40c1-bf17-76055fb1341a,scooter,trip_end,99,2026-09-11T05:45:07Z,POINT (-9.10028 38.76755)
622e2863-4ce5-4c62-b8af-0c4ab0878940,7cf3c256-32b9-4409-93fb-64afebede10d,Bolt,340b6270-efa5-48df-95cd-1514611f278e,scooter,trip_end,55,2026-09-11T06:58:21Z,POINT (-9.12835 38.71980)
3cf055aa-98c1-4892-a4e2-f348bdfc833d,e8eb2af2-f261-45a8-91cd-424e42a85121,Dott,d3e44787-d4ea-4982-bb63-c1b85c0dd9d5,bicycle,trip_start,33,2026-09-11T06:59:50Z,POINT (-9.14399 38.74889)
8224a722-7b03-4b1b-92f4-0f8138cb5670,aa1883c4-ffd0-40f5-bd14-dcc312684e4e,Voi,fdb7d4d8-54e6-4e89-979a-8457ab7c8205,scooter,trip_start,81,2026-09-11T07:05:12Z,POINT (-9.14121 38.72171)
48e218da-ecf2-4eff-8a1a-95cdec130c27,a08ff49b-6f77-4632-a16c-43069c43a8c3,Lime,7f4990cc-90e3-442d-acf1-5c6bad4fad06,scooter,low_battery,13,2026-09-11T07:15:54Z,POINT (-9.14674 38.71319)
9e590bbf-48d4-4ee7-ac64-e5fd897638b2,aa1883c4-ffd0-40f5-bd14-dcc312684e4e,Voi,d961b548-c8c4-4470-a03b-0a7a153ba25d,scooter,trip_end,52,2026-09-11T07:18:26Z,POINT (-9.14507 38.71493)
02622865-f9ce-4c5a-94b7-80dc6f6c45cc,7cf3c256-32b9-4409-93fb-64afebede10d,Bolt,3e5350ed-dc4e-4868-8250-32b3aee70442,scooter,provider_pick_up,62,2026-09-11T07:19:15Z,POINT (-9.15804 38.72924)
6eb81e82-da66-458d-ab9e-b6ce016b8260,7cf3c256-32b9-4409-93fb-64afebede10d,Bolt,3949564b-b355-4809-b5ad-4763991502ab,scooter,rebalance_drop_off,91,2026-09-11T07:34:01Z,POINT (-9.14683 38.73420)
dd475a37-842f-4590-8fd9-5e4c8a57114b,aa36434e-f251-4c63-8d4e-86a538cc03aa,Gira,29fa7209-62d5-47c2-9ff7-7b83b96c1c70,bicycle,trip_end,32,2026-09-11T07:35:55Z,POINT (-9.10904 38.76674)
96b2777e-a961-4af5-9af9-62185224fda7,a08ff49b-6f77-4632-a16c-43069c43a8c3,Lime,ab68a027-9ead-4272-9988-bd392fc0c85b,bicycle,trip_end,59,2026-09-11T07:42:28Z,POINT (-9.12853 38.75403)
82e7daaa-8962-43aa-a1c6-ee13d9fb6831,e8eb2af2-f261-45a8-91cd-424e42a85121,Dott,86dc0c7f-4dce-455d-93cd-8638469a8deb,bicycle,cancel_reservation,34,2026-09-11T07:43:19Z,POINT (-9.14883 38.71814)
7cec9033-abc7-4f7f-8878-2f2f5d323181,aa1883c4-ffd0-40f5-bd14-dcc312684e4e,Voi,a3c72f74-7ccc-4eff-af0a-68e1bcb539e1,scooter,rebalance_drop_off,99,2026-09-11T07:53:19Z,POINT (-9.14697 38.73467)
46ffcba6-4bc9-4c1f-bdd6-c03ab3801d3a,a08ff49b-6f77-4632-a16c-43069c43a8c3,Lime,156bb1ca-d760-4ab9-a5e1-dea83898e499,scooter,trip_start,50,2026-09-11T08:03:32Z,POINT (-9.14495 38.71982)
ddc886e2-eb2b-4f34-a8df-546ca9934c70,aa36434e-f251-4c63-8d4e-86a538cc03aa,Gira,d430555b-c64b-4272-b63c-79cc23a7576c,bicycle,trip_end,37,2026-09-11T08:42:51Z,POINT (-9.14510 38.73114)
043cd10f-b255-4cd5-86e9-50607e19e9f7,e8eb2af2-f261-45a8-91cd-424e42a85121,Dott,bd67f460-81d3-4c86-918b-a1da249d7648,scooter,low_battery,15,2026-09-11T08:49:03Z,POINT (-9.14293 38.72271)
d93a5df1-bfa6-49f9-afe8-c8e12c276154,7cf3c256-32b9-4409-93fb-64afebede10d,Bolt,ededfc18-5e00-4782-895f-363c777a79d6,scooter,low_battery,8,2026-09-11T08:53:29Z,POINT (-9.14263 38.73876)
0c01253e-8d43-474b-a745-821772613e42,aa36434e-f251-4c63-8d4e-86a538cc03aa,Gira,29fa7209-62d5-47c2-9ff7-7b83b96c1c70,bicycle,trip_end,82,2026-09-11T08:54:54Z,POINT (-9.14468 38.71900)
5ee687c8-8073-4645-8abc-46638db2d00c,a08ff49b-6f77-4632-a16c-43069c43a8c3,Lime,9a2e8ee3-b378-4d87-ae27-ec72c79dc27e,scooter,rebalance_drop_off,51,2026-09-11T09:03:23Z,POINT (-9.14594 38.73972)
2c3337e8-464b-40b6-8604-85b2abe9b421,a08ff49b-6f77-4632-a16c-43069c43a8c3,Lime,bb4e65a3-8848-43ee-bf99-c1f53591af0e,scooter,trip_start,38,2026-09-11T09:18:47Z,POINT (-9.14146 38.71331)
85e71c82-2f92-4b8d-99b3-7d179cb861bf,e8eb2af2-f261-45a8-91cd-424e42a85121,Dott,c9b3ffd9-be3a-424d-ab77-a81443b62ca8,scooter,rebalance_pick_up,43,2026-09-11T09:19:00Z,POINT (-9.15251 38.73804)
77a2db66-00e4-4fc0-a706-a62abd4474e4,a08ff49b-6f77-4632-a16c-43069c43a8c3,Lime,f0fe07c7-b727-45ef-bc1c-06d9505aeae5,scooter,trip_start,31,2026-09-11T09:24:51Z,POINT (-9.15055 38.73700)
b7430848-f09f-451d-80cf-74212d71b8df,7cf3c256-32b9-4409-93fb-64afebede10d,Bolt,d7ea733f-446b-43e6-a7df-f72acb99fc17,scooter,trip_end,85,2026-09-11T09:27:38Z,POINT (-9.15202 38.71869)
c6cac2c3-9109-4628-8975-bf88ddfdf05f,a08ff49b-6f77-4632-a16c-43069c43a8c3,Lime,5e6994ef-58cb-4994-a5c1-44ebe3d7c256,scooter,trip_end,30,2026-09-11T09:54:23Z,POINT (-9.14585 38.72289)
c530da6e-9377-4227-975f-14e2513a57b9,a08ff49b-6f77-4632-a16c-43069c43a8c3,Lime,e763443a-df95-4054-a7d4-a2d23730a246,bicycle,trip_end,42,2026-09-11T10:09:11Z,POINT (-9.13637 38.74205)
512ed335-7fcc-4bed-a0a6-35dc935c3cfd,a08ff49b-6f77-4632-a16c-43069c43a8c3,Lime,6a6573de-c6be-48e9-af4b-f6b9f09507b9,bicycle,provider_drop_off,29,2026-09-11T10:56:23Z,POINT (-9.15009 38.73269)
5d48ccea-dc79-41c5-85cb-388996e5f17c,a08ff49b-6f77-4632-a16c-43069c43a8c3,Lime,416cda3a-b625-4353-96b7-c5bdbeabdfb0,scooter,trip_end,46,2026-09-11T10:59:01Z,POINT (-9.13955 38.70971)
24a2cfa3-4a2f-4d39-8fe3-97cab40c6cc0,aa1883c4-ffd0-40f5-bd14-dcc312684e4e,Voi,9e67822d-2868-45fe-b4d4-69460bb7ddad,scooter,trip_start,35,2026-09-11T11:09:45Z,POINT (-9.14357 38.70990)
785c169a-801a-4d83-a376-6e56a8176c81,a08ff49b-6f77-4632-a16c-43069c43a8c3,Lime,bb4e65a3-8848-43ee-bf99-c1f53591af0e,scooter,reserve,72,2026-09-11T11:13:05Z,POINT (-9.17474 38.70521)
9966f4f9-22d2-4b03-a311-bc811e18d972,7cf3c256-32b9-4409-93fb-64afebede10d,Bolt,335dca26-c4a6-4a12-b6da-b5a3e365ad0b,scooter,trip_start,65,2026-09-11T11:29:57Z,POINT (-9.12488 38.71208)
f31a1acf-5a5d-4e08-8d41-9eae196402e6,e8eb2af2-f261-45a8-91cd-424e42a85121,Dott,e9022de4-f5cc-4fb8-80a5-c9b0b7a40cf3,bicycle,trip_end,26,2026-09-11T11:31:45Z,POINT (-9.12448 38.71265)
90eac018-f491-4952-a2b3-bc449ac21999,a08ff49b-6f77-4632-a16c-43069c43a8c3,Lime,1191616d-f10f-4ea2-b6dc-f9fc266913ba,bicycle,trip_end,41,2026-09-11T11:47:50Z,POINT (-9.15139 38.77118)
b95b4897-9015-4f72-bc75-5a143ee7fc7a,7cf3c256-32b9-4409-93fb-64afebede10d,Bolt,fc9d10a4-c90e-43e0-8665-5370acf98dd0,scooter,trip_start,58,2026-09-11T12:31:09Z,POINT (-9.15003 38.70689)
a93b5bd7-03c7-4e6d-97ad-b57004cd1c4e,a08ff49b-6f77-4632-a16c-43069c43a8c3,Lime,1763b74c-d9a8-4694-92cc-a109bb1ee938,scooter,trip_start,48,2026-09-11T12:34:49Z,POINT (-9.15087 38.72383)
83fc50f7-7e29-40a7-9b43-c9531924d38f,aa36434e-f251-4c63-8d4e-86a538cc03aa,Gira,3d964bb4-2cf8-4cfc-8a5e-c09beab76a37,bicycle,trip_end,67,2026-09-11T12:42:05Z,POINT (-9.15527 38.72263)
bc33a1f0-43ef-477d-8fa0-dc2412b83027,e8eb2af2-f261-45a8-91cd-424e42a85121,Dott,ae9cdd57-7328-4d05-9eb2-50f9d0ea9f6d,scooter,trip_end,27,2026-09-11T12:57:58Z,POINT (-9.13305 38.73810)
6e531cf7-9170-4796-b182-4902d443cbbe,7cf3c256-32b9-4409-93fb-64afebede10d,Bolt,b8206349-ce47-49c8-bdb0-5d3a1a22f509,scooter,provider_drop_off,46,2026-09-11T13:20:33Z,POINT (-9.13749 38.74337)
f5c45fce-179a-408c-a795-b494b1eaf432,e8eb2af2-f261-45a8-91cd-424e42a85121,Dott,0a3d5841-53d6-47ed-8f95-55af66c90bc8,scooter,trip_end,75,2026-09-11T13:28:11Z,POINT (-9.17816 38.70034)
40e58ab0-30c0-4b50-a7fd-018a46d91cbd,aa36434e-f251-4c63-8d4e-86a538cc03aa,Gira,8ab83636-fd01-4f16-b243-38adf899f8c7,bicycle,trip_end,77,2026-09-11T13:48:05Z,POINT (-9.12165 38.71294)
41bbce99-ab03-4bcb-8869-cc86498293f8,a08ff49b-6f77-4632-a16c-43069c43a8c3,Lime,5e09d096-b3a1-496a-af9b-ccfbaa0c4548,scooter,provider_drop_off,52,2026-09-11T13:55:10Z,POINT (-9.15046 38.70879)
1a2b7549-e749-4738-a447-e194917cbcc0,aa36434e-f251-4c63-8d4e-86a538cc03aa,Gira,6175d1f5-9fdd-4c04-8b86-6794db0d4030,bicycle,reserve,44,2026-09-11T13:55:28Z,POINT (-9.14324 38.74541)
996b24b3-fea0-4bc1-9605-4bb11adb111a,7cf3c256-32b9-4409-93fb-64afebede10d,Bolt,a6ee3b14-19c9-475b-8b33-0dd839a13c4e,scooter,provider_pick_up,27,2026-09-11T13:57:38Z,POINT (-9.15336 38.71869)
ca512aa6-fbf3-4cfa-a239-86966512dd5d,a08ff49b-6f77-4632-a16c-43069c43a8c3,Lime,0203f6b9-5b86-448e-aa1b-5587bab5e0d0,scooter,trip_start,40,2026-09-11T14:19:32Z,POINT (-9.13468 38.71754)
19d792ba-e880-428d-8d30-15192e70ec7e,a08ff49b-6f77-4632-a16c-43069c43a8c3,Lime,e763443a-df95-4054-a7d4-a2d23730a246,scooter,rebalance_drop_off,30,2026-09-11T14:20:41Z,POINT (-9.12986 38.71685)
3b883f20-7377-4a7e-a0cb-8ca0678f3dcd,e8eb2af2-f261-45a8-91cd-424e42a85121,Dott,b2500007-10f5-4f5d-a077-33dd912884f5,bicycle,trip_end,63,2026-09-11T14:23:38Z,POINT (-9.13993 38.70840)
204117a0-3891-48ec-91a2-4f3a65f1581f,7cf3c256-32b9-4409-93fb-64afebede10d,Bolt,812aefea-12b3-4bd4-97e1-3b1d8847ec46,scooter,trip_end,48,2026-09-11T14:24:00Z,POINT (-9.14557 38.74901)
c192b1bb-5992-40ef-ae51-6665a9ad1e59,a08ff49b-6f77-4632-a16c-43069c43a8c3,Lime,1763b74c-d9a8-4694-92cc-a109bb1ee938,bicycle,rebalance_drop_off,45,2026-09-11T14:26:05Z,POINT (-9.14556 38.74164)
4c65fb44-fe38-4b62-b586-302c74acf8d9,a08ff49b-6f77-4632-a16c-43069c43a8c3,Lime,368dc614-82b2-403b-acdd-cb63b80997c0,scooter,trip_end,56,2026-09-11T14:33:38Z,POINT (-9.14851 38.71780)
eee99319-fe84-4aeb-93f3-d45869fb8bb4,aa36434e-f251-4c63-8d4e-86a538cc03aa,Gira,6e8d4d8b-8616-4adb-b3dd-3f52e5f94016,bicycle,trip_start,63,2026-09-11T14:35:32Z,POINT (-9.14309 38.70883)
fef774c7-c974-4f5b-8d3d-58195d0c8d6e,a08ff49b-6f77-4632-a16c-43069c43a8c3,Lime,8bbe518e-5a77-471e-925b-80e13a69be26,scooter,reserve,74,2026-09-11T14:37:19Z,POINT (-9.15641 38.76790)
3337b61d-770b-43cd-97d7-839bd9510a44,a08ff49b-6f77-4632-a16c-43069c43a8c3,Lime,5636df12-9f7c-4fdb-b92f-89c6fe9cbcf7,scooter,rebalance_drop_off,89,2026-09-11T14:56:56Z,POINT (-9.14265 38.71565)
76a8fdfa-bcc6-45fc-b007-c6b2b08415cb,aa36434e-f251-4c63-8d4e-86a538cc03aa,Gira,f17f9398-ec0c-4804-a466-e8e11add0026,bicycle,reserve,72,2026-09-11T15:01:40Z,POINT (-9.15062 38.73404)
1d0693bf-60cf-4366-a761-c6daeeb3c279,a08ff49b-6f77-4632-a16c-43069c43a8c3,Lime,7f66a58a-eae7-47e3-8580-1a0e28239a44,scooter,trip_start,44,2026-09-11T15:05:30Z,POINT (-9.15552 38.71118)
07c1d945-1fbf-4493-b3b0-cd0e435eec63,aa1883c4-ffd0-40f5-bd14-dcc312684e4e,Voi,43272e90-be59-43fb-8fa7-25638d07e6e2,scooter,rebalance_pick_up,34,2026-09-11T15:07:58Z,POINT (-9.13462 38.71582)
1d5e32fd-cb0e-40be-8715-10e0d71ed2d8,e8eb2af2-f261-45a8-91cd-424e42a85121,Dott,f58121e0-0c36-46d3-afab-8c17ab0a1d05,bicycle,trip_end,29,2026-09-11T15:11:38Z,POINT (-9.17259 38.70752)
ae036874-450d-4753-b800-c6c1c2aa004b,a08ff49b-6f77-4632-a16c-43069c43a8c3,Lime,7a67d56b-f640-4a48-9f5e-97f2ecd20944,bicycle,low_battery,10,2026-09-11T15:19:08Z,POINT (-9.14260 38.71599)
882a4182-99d2-48e5-956f-9856a4a5490c,7cf3c256-32b9-4409-93fb-64afebede10d,Bolt,3e5350ed-dc4e-4868-8250-32b3aee70442,scooter,trip_end,83,2026-09-11T15:36:30Z,POINT (-9.13901 38.74201)
c89eed18-a789-460f-bc67-d7399ed1c05b,a08ff49b-6f77-4632-a16c-43069c43a8c3,Lime,1763b74c-d9a8-4694-92cc-a109bb1ee938,scooter,trip_end,95,2026-09-11T15:59:47Z,POINT (-9.13313 38.71309)
29b7be7e-ffac-41a0-9f27-09d9010c9ae9,7cf3c256-32b9-4409-93fb-64afebede10d,Bolt,d96c982a-cd46-42ab-ad43-3f03cc68e4b2,scooter,trip_end,82,2026-09-11T16:08:01Z,POINT (-9.12682 38.71600)
cf854494-5468-45b4-be35-325893393aeb,e8eb2af2-f261-45a8-91cd-424e42a85121,Dott,fba29c17-284c-4313-982c-963cdf81a1de,scooter,trip_end,96,2026-09-11T16:11:00Z,POINT (-9.13342 38.71351)
9880d67b-4bcb-4788-8fe4-56c37a2c87f4,aa1883c4-ffd0-40f5-bd14-dcc312684e4e,Voi,d902301d-806d-410e-b62b-09564b361dfe,scooter,low_battery,12,2026-09-11T16:17:13Z,POINT (-9.20624 38.69482)
b0727083-22f7-4616-ae32-cfea9473e29f,a08ff49b-6f77-4632-a16c-43069c43a8c3,Lime,6316b14d-87cf-4770-bd5a-959dfcebdbf5,bicycle,trip_end,95,2026-09-11T16:53:34Z,POINT (-9.13219 38.71538)
c23c66b4-2749-4098-aa52-7406d2264bd0,e8eb2af2-f261-45a8-91cd-424e42a85121,Dott,feb976b5-da66-45a8-b57b-7aec4713ec63,bicycle,trip_end,70,2026-09-11T17:04:34Z,POINT (-9.12808 38.71663)
431b56ab-2338-4be1-9762-1eb2b9c2e57e,e8eb2af2-f261-45a8-91cd-424e42a85121,Dott,28073d88-9cef-4f4c-901f-e3e0928bc625,bicycle,trip_end,90,2026-09-11T17:14:50Z,POINT (-9.14342 38.73811)
34b491b6-850d-491d-9dad-a9528998c58f,e8eb2af2-f261-45a8-91cd-424e42a85121,Dott,e9022de4-f5cc-4fb8-80a5-c9b0b7a40cf3,scooter,reserve,82,2026-09-11T17:26:45Z,POINT (-9.14810 38.71263)
07708ce3-90bd-4692-b297-4a7aebb40b84,7cf3c256-32b9-4409-93fb-64afebede10d,Bolt,cca80457-1f1f-4cfd-b3cb-c6f5c10b0b5b,scooter,trip_end,53,2026-09-11T17:28:21Z,POINT (-9.14479 38.70750)
b4169681-427e-4c5c-9803-e3fc6c9ac641,aa36434e-f251-4c63-8d4e-86a538cc03aa,Gira,58614505-4b70-450d-aad9-daba89bf89e4,bicycle,rebalance_drop_off,65,2026-09-11T17:40:42Z,POINT (-9.16433 38.72084)
917ebf98-025e-4f33-8524-4465d43a3a2c,7cf3c256-32b9-4409-93fb-64afebede10d,Bolt,de1d1389-2c83-43c4-b145-f83cb33557d0,scooter,trip_start,70,2026-09-11T17:58:41Z,POINT (-9.14932 38.74356)
0dcd5b96-f510-4414-918b-23ffa63cdd0c,a08ff49b-6f77-4632-a16c-43069c43a8c3,Lime,bb4e65a3-8848-43ee-bf99-c1f53591af0e,scooter,trip_start,76,2026-09-11T17:59:28Z,POINT (-9.11646 38.71829)
493838b4-db9c-494d-b674-25e82e072354,a08ff49b-6f77-4632-a16c-43069c43a8c3,Lime,4a779d01-94aa-4255-b9b4-482e3ffccb37,bicycle,rebalance_pick_up,54,2026-09-11T18:01:24Z,POINT (-9.14842 38.71215)
1205dfe7-b8b3-4c08-9339-6510ff795615,aa1883c4-ffd0-40f5-bd14-dcc312684e4e,Voi,43272e90-be59-43fb-8fa7-25638d07e6e2,scooter,maintenance,68,2026-09-11T18:01:55Z,POINT (-9.13773 38.70839)
bbf02f87-420e-4c2e-8e61-50bfb4d72070,7cf3c256-32b9-4409-93fb-64afebede10d,Bolt,fc9d10a4-c90e-43e0-8665-5370acf98dd0,scooter,rebalance_drop_off,56,2026-09-11T18:02:21Z,POINT (-9.15093 38.73863)
53b8565d-fee2-49cb-93f5-2d2b20532eb5,aa1883c4-ffd0-40f5-bd14-dcc312684e4e,Voi,7767d1b4-129a-4224-9328-a288c5c137a6,scooter,trip_end,73,2026-09-11T18:05:27Z,POINT (-9.14282 38.73245)
0e71ed67-c5dc-43a7-a0e0-4ee4f828a4a6,e8eb2af2-f261-45a8-91cd-424e42a85121,Dott,86dc0c7f-4dce-455d-93cd-8638469a8deb,scooter,reserve,61,2026-09-11T18:23:51Z,POINT (-9.14473 38.73370)
e97212c2-734d-4f84-ab30-88fdd00d2ec1,7cf3c256-32b9-4409-93fb-64afebede10d,Bolt,44dd210c-4a51-43f4-b216-b977461759b7,scooter,trip_start,49,2026-09-11T18:27:45Z,POINT (-9.14658 38.71003)
6416dcb8-eb0f-49bd-8dda-da89a27ed5f4,a08ff49b-6f77-4632-a16c-43069c43a8c3,Lime,239eebd0-357a-4935-8b7f-8689585bbae2,scooter,trip_start,36,2026-09-11T18:29:39Z,POINT (-9.13794 38.72904)
1372a20a-8738-4e60-b983-697f441dc8aa,aa1883c4-ffd0-40f5-bd14-dcc312684e4e,Voi,3b91178e-eacf-4d61-9af7-85108f9d62d5,scooter,trip_end,52,2026-09-11T18:33:53Z,POINT (-9.14586 38.70613)
cb5ee24f-c593-4b81-a587-fb7401abd3f2,7cf3c256-32b9-4409-93fb-64afebede10d,Bolt,ededfc18-5e00-4782-895f-363c777a79d6,scooter,trip_end,52,2026-09-11T18:34:17Z,POINT (-9.14591 38.73605)
4824cdc2-0075-45cb-99c3-cebf2c2202d4,aa1883c4-ffd0-40f5-bd14-dcc312684e4e,Voi,2fb8dbc4-54da-4cee-b0f8-b30dabbdc531,scooter,trip_start,86,2026-09-11T18:37:33Z,POINT (-9.14028 38.72838)
dc6eb0c2-3912-4219-b87c-e4d265f4cf64,e8eb2af2-f261-45a8-91cd-424e42a85121,Dott,d3e44787-d4ea-4982-bb63-c1b85c0dd9d5,scooter,trip_end,31,2026-09-11T18:46:18Z,POINT (-9.13870 38.73401)
149aad8f-1a34-430e-a146-d509382b1f9e,e8eb2af2-f261-45a8-91cd-424e42a85121,Dott,9a55834d-5416-4107-996b-3a3a95cc588d,bicycle,low_battery,4,2026-09-11T18:50:43Z,POINT (-9.14038 38.73794)
cf6b06ec-09e3-498a-87b5-fde5ba6c735a,a08ff49b-6f77-4632-a16c-43069c43a8c3,Lime,5e09d096-b3a1-496a-af9b-ccfbaa0c4548,scooter,trip_end,86,2026-09-11T18:54:42Z,POINT (-9.17925 38.70398)
b0c9a2dc-8e8c-46fd-b4b2-e46c621278f3,7cf3c256-32b9-4409-93fb-64afebede10d,Bolt,cca80457-1f1f-4cfd-b3cb-c6f5c10b0b5b,scooter,trip_end,82,2026-09-11T18:55:04Z,POINT (-9.14040 38.73600)
57fa89db-6b05-45c8-8cb3-c22ab708096a,e8eb2af2-f261-45a8-91cd-424e42a85121,Dott,7fa21d53-1976-46ef-abaf-94a99b2e8ca4,scooter,rebalance_drop_off,30,2026-09-11T19:00:29Z,POINT (-9.09794 38.76747)
894ccfe1-c79e-4704-a3ec-782f27f9a09f,aa1883c4-ffd0-40f5-bd14-dcc312684e4e,Voi,9381e376-9467-446a-92fd-95d7d488baed,scooter,trip_start,88,2026-09-11T19:06:37Z,POINT (-9.14232 38.72007)
cd5d4141-c934-480f-bb63-ae1191fd3109,a08ff49b-6f77-4632-a16c-43069c43a8c3,Lime,3d45796b-7204-4136-b647-75ae94bcce81,scooter,trip_start,53,2026-09-11T19:13:15Z,POINT (-9.09802 38.76553)
7e49782a-73fc-4100-adec-ee2b7a0c44c8,a08ff49b-6f77-4632-a16c-43069c43a8c3,Lime,fbc42510-806e-4fae-a3f3-44f79f21b705,bicycle,trip_end,37,2026-09-11T19:19:08Z,POINT (-9.14054 38.73301)
5e229a22-73e1-4ab9-8e35-b6b47fdfca85,7cf3c256-32b9-4409-93fb-64afebede10d,Bolt,af9ceb79-1bd7-4d19-8a69-32365a79c529,scooter,trip_start,87,2026-09-11T19:41:43Z,POINT (-9.09480 38.76139)
0a3bc21a-aa77-4834-a2f9-dbf7a4f40307,aa1883c4-ffd0-40f5-bd14-dcc312684e4e,Voi,2879fd7d-e648-47e0-84be-e5da81c62c4e,scooter,trip_start,67,2026-09-11T19:43:39Z,POINT (-9.15506 38.73241)
2457f531-bbff-4b27-a30d-4dd650e443ca,a08ff49b-6f77-4632-a16c-43069c43a8c3,Lime,5e6994ef-58cb-4994-a5c1-44ebe3d7c256,bicycle,reserve,33,2026-09-11T19:45:48Z,POINT (-9.13956 38.75416)
c70487d2-9a1e-4640-9f43-75bb5d1cfb6e,a08ff49b-6f77-4632-a16c-43069c43a8c3,Lime,db4fd9c8-4efb-471a-a772-c7ba04eedb66,bicycle,trip_end,78,2026-09-11T19:52:21Z,POINT (-9.14447 38.72690)
37b4b0cc-6391-40d5-a36e-f79babad58ac,aa1883c4-ffd0-40f5-bd14-dcc312684e4e,Voi,2fb8dbc4-54da-4cee-b0f8-b30dabbdc531,scooter,reserve,76,2026-09-11T21:01:16Z,POINT (-9.20828 38.69563)
40824c80-e14d-4694-b450-142fd8af47f4,a08ff49b-6f77-4632-a16c-43069c43a8c3,Lime,e36bfe2e-9595-4bc4-afe7-def3d608355f,scooter,trip_end,92,2026-09-11T21:49:29Z,POINT (-9.14431 38.71532)
2826207c-ccd5-47ee-b6ff-e1da67d87f4c,7cf3c256-32b9-4409-93fb-64afebede10d,Bolt,9d22ada4-6a6f-44e8-bdc0-a95499eb387d,scooter,provider_pick_up,42,2026-09-11T23:24:02Z,POINT (-9.13872 38.74239)
b639fb60-5406-4ff3-b38e-2e129d68b861,e8eb2af2-f261-45a8-91cd-424e42a85121,Dott,e4888369-f396-4be8-abe2-98cf28412cf0,bicycle,trip_start,98,2026-09-11T23:27:28Z,POINT (-9.14473 38.73517)
e2118629-6e0e-444c-87cf-915e1702fb71,e8eb2af2-f261-45a8-91cd-424e42a85121,Dott,b2500007-10f5-4f5d-a077-33dd912884f5,bicycle,trip_start,53,2026-09-12T00:05:29Z,POINT (-9.14151 38.71225)
c3060f5a-870d-4bb5-ab29-36b7efb43813,aa36434e-f251-4c63-8d4e-86a538cc03aa,Gira,381f43c1-8dab-4e27-9ad9-bf4197b42014,bicycle,reserve,28,2026-09-12T00:13:53Z,POINT (-9.14433 38.70625)
e899d6b7-2552-44f8-86b2-6a0fb3a1d8bd,e8eb2af2-f261-45a8-91cd-424e42a85121,Dott,de10aef2-1ef4-4d1e-83da-1e1fc7493528,scooter,trip_start,55,2026-09-12T01:25:33Z,POINT (-9.14741 38.71253)
909048c9-5b09-49a9-80de-d43b7a9e5980,a08ff49b-6f77-4632-a16c-43069c43a8c3,Lime,ab57ce07-4d3f-420b-8193-949496ce47e5,scooter,trip_end,66,2026-09-12T01:48:36Z,POINT (-9.21241 38.69577)
7ead5ce8-c91d-478a-bd29-833df3af86a2,e8eb2af2-f261-45a8-91cd-424e42a85121,Dott,5e12285e-1932-4311-ba42-fbda9800b9fc,scooter,trip_start,46,2026-09-12T01:58:27Z,POINT (-9.14719 38.70728)
b6225bef-749a-4deb-aaec-90ed35742535,e8eb2af2-f261-45a8-91cd-424e42a85121,Dott,45ac8f9b-cf49-48e1-ae54-7c945c8f70eb,scooter,trip_end,88,2026-09-12T02:21:23Z,POINT (-9.15387 38.74196)
8db91014-c039-4552-bcaf-3a14094ad5ad,e8eb2af2-f261-45a8-91cd-424e42a85121,Dott,1f1c2d49-3dda-41b5-9ae2-4a535d9def5e,bicycle,trip_end,59,2026-09-12T02:26:56Z,POINT (-9.14011 38.71540)
6c6e7118-24b9-4a8b-9028-13c67ff6ce6c,aa1883c4-ffd0-40f5-bd14-dcc312684e4e,Voi,5ae158e2-cb32-49ef-bfc3-e33766874621,scooter,low_battery,4,2026-09-12T03:49:28Z,POINT (-9.21453 38.70222)
079155d6-bdc4-407c-aa97-d76a27dba824,a08ff49b-6f77-4632-a16c-43069c43a8c3,Lime,4f7570ac-31ab-4042-bf48-92c1fb887892,bicycle,rebalance_pick_up,92,2026-09-12T04:41:55Z,POINT (-9.13599 38.74116)
bb388f38-f52e-4268-8578-6794a15b3df2,a08ff49b-6f77-4632-a16c-43069c43a8c3,Lime,5636df12-9f7c-4fdb-b92f-89c6fe9cbcf7,bicycle,trip_start,71,2026-09-12T05:27:48Z,POINT (-9.13425 38.71175)
86713cbe-c2ad-4823-95fb-9b87d851bfa8,e8eb2af2-f261-45a8-91cd-424e42a85121,Dott,e9022de4-f5cc-4fb8-80a5-c9b0b7a40cf3,bicycle,trip_start,35,2026-09-12T05:28:18Z,POINT (-9.14824 38.70935)
16efc48b-b609-4c5d-b605-6705a606ae2d,7cf3c256-32b9-4409-93fb-64afebede10d,Bolt,636fb7a8-389c-421b-8e87-e1365bfae7e3,scooter,low_battery,5,2026-09-12T05:33:33Z,POINT (-9.17916 38.70466)
1554f28d-95a1-4a98-9571-6c787b913beb,a08ff49b-6f77-4632-a16c-43069c43a8c3,Lime,d6b03f30-702e-4b14-ae5c-c94065f9ba6f,scooter,trip_end,51,2026-09-12T05:49:08Z,POINT (-9.14139 38.71239)
383f45aa-3f23-4894-8fc9-3ea18574b73b,a08ff49b-6f77-4632-a16c-43069c43a8c3,Lime,4f7570ac-31ab-4042-bf48-92c1fb887892,scooter,trip_end,35,2026-09-12T05:58:15Z,POINT (-9.13239 38.74810)
b1764148-6378-4381-9c39-b1dcca58001b,e8eb2af2-f261-45a8-91cd-424e42a85121,Dott,5e12285e-1932-4311-ba42-fbda9800b9fc,bicycle,rebalance_pick_up,63,2026-09-12T06:09:45Z,POINT (-9.10356 38.77290)
f52e0e50-51fc-4b64-9456-5748ccdc785a,e8eb2af2-f261-45a8-91cd-424e42a85121,Dott,10bb6ad7-9aac-4570-ba83-3821e3c1a4b8,scooter,trip_end,34,2026-09-12T06:36:46Z,POINT (-9.15100 38.74963)
e87e71c8-efc0-4457-9160-ec2993e1075e,a08ff49b-6f77-4632-a16c-43069c43a8c3,Lime,e763443a-df95-4054-a7d4-a2d23730a246,scooter,provider_pick_up,88,2026-09-12T06:41:47Z,POINT (-9.14359 38.70990)
36a3fa71-baed-49b8-b0bd-312e89647f1a,aa36434e-f251-4c63-8d4e-86a538cc03aa,Gira,d430555b-c64b-4272-b63c-79cc23a7576c,bicycle,rebalance_drop_off,42,2026-09-12T06:57:38Z,POINT (-9.13948 38.71053)
7b16ca66-449a-4c33-99b0-831245b9865b,e8eb2af2-f261-45a8-91cd-424e42a85121,Dott,3537861c-b0cd-4770-ae8b-ad80cc16bef5,bicycle,cancel_reservation,92,2026-09-12T08:07:11Z,POINT (-9.12786 38.74464)
a695475a-3d20-404e-92ee-ed9a5005f5cb,7cf3c256-32b9-4409-93fb-64afebede10d,Bolt,df5b2828-58cd-432d-bc55-aa2c8420c3ec,scooter,trip_start,80,2026-09-12T08:38:46Z,POINT (-9.14407 38.70910)
18edbeb2-9356-4383-96bb-9d8705014a5f,aa36434e-f251-4c63-8d4e-86a538cc03aa,Gira,5c41df6d-71cd-49ca-85b6-26edcff21b15,bicycle,low_battery,5,2026-09-12T08:38:57Z,POINT (-9.12972 38.71699)
1f568e8d-d78f-46d9-b9c8-2566870d0c60,e8eb2af2-f261-45a8-91cd-424e42a85121,Dott,21e4401e-9669-4a8b-ad66-ea22afdffecd,scooter,trip_end,49,2026-09-12T10:01:01Z,POINT (-9.13493 38.74518)
f4c844a7-6aac-4e30-90cd-a6cd35bd8913,e8eb2af2-f261-45a8-91cd-424e42a85121,Dott,d4afcae5-a191-4e75-84fa-343eab696cc4,scooter,reserve,62,2026-09-12T10:09:41Z,POINT (-9.21224 38.69537)
5267ff07-1fd7-4338-9aab-ce74a07a7776,7cf3c256-32b9-4409-93fb-64afebede10d,Bolt,44b66dfb-0781-4543-9727-1a380cbfe8db,scooter,trip_end,48,2026-09-12T10:30:26Z,POINT (-9.13936 38.74776)
3b880307-3c07-4d12-942a-653f1b55ad8c,7cf3c256-32b9-4409-93fb-64afebede10d,Bolt,335dca26-c4a6-4a12-b6da-b5a3e365ad0b,scooter,trip_start,69,2026-09-12T10:31:15Z,POINT (-9.14575 38.71409)
bec9e76a-e064-4138-8d79-eb9fd0517eba,e8eb2af2-f261-45a8-91cd-424e42a85121,Dott,7811a11d-01f5-481e-922b-436f704d883b,bicycle,low_battery,11,2026-09-12T10:37:08Z,POINT (-9.14022 38.71760)
9ae24007-4eb6-4c2f-8b45-25969edbe238,a08ff49b-6f77-4632-a16c-43069c43a8c3,Lime,6193320b-017d-42f1-82ab-97f628261e7c,bicycle,trip_end,53,2026-09-12T10:52:08Z,POINT (-9.12754 38.71680)
5a2bb170-c232-42f1-8fe0-93eaf03eac32,7cf3c256-32b9-4409-93fb-64afebede10d,Bolt,920d73a3-b403-4e23-b47e-0ac0f90305ff,scooter,low_battery,8,2026-09-12T11:23:57Z,POINT (-9.13837 38.71655)
bf89ce1a-ba58-429f-80ac-285c296a9b93,a08ff49b-6f77-4632-a16c-43069c43a8c3,Lime,3b859743-b6a5-4f0a-851b-d9942d7d3784,bicycle,trip_start,94,2026-09-12T11:32:57Z,POINT (-9.16962 38.71923)
3d2c2dcc-213c-45e4-9b32-105b51ebe519,7cf3c256-32b9-4409-93fb-64afebede10d,Bolt,636fb7a8-389c-421b-8e87-e1365bfae7e3,scooter,trip_start,28,2026-09-12T11:34:36Z,POINT (-9.17717 38.70264)
cb5dd64e-dd63-410a-af92-a4c167766721,e8eb2af2-f261-45a8-91cd-424e42a85121,Dott,5d1953b5-77df-4f10-8ac5-50acc85c22e3,bicycle,low_battery,11,2026-09-12T12:11:56Z,POINT (-9.20870 38.70240)
6cd1b693-9acd-4b72-b2ea-660f4aca81d6,a08ff49b-6f77-4632-a16c-43069c43a8c3,Lime,fc028e89-6985-4463-a22c-fe1375003876,bicycle,reserve,84,2026-09-12T12:19:26Z,POINT (-9.17724 38.70324)
783125e6-3a55-4c9c-b0b1-c29981424ca7,a08ff49b-6f77-4632-a16c-43069c43a8c3,Lime,b6ef72b8-cd1d-45f7-94e0-181369664e5b,bicycle,trip_start,42,2026-09-12T12:20:34Z,POINT (-9.21178 38.69615)
b74da811-bf2e-4c5e-a429-f76a03e222c5,a08ff49b-6f77-4632-a16c-43069c43a8c3,Lime,f0fe07c7-b727-45ef-bc1c-06d9505aeae5,scooter,reserve,96,2026-09-12T12:31:30Z,POINT (-9.21098 38.70314)
e8543860-a17b-4416-981d-c9b95bb7ecfc,aa36434e-f251-4c63-8d4e-86a538cc03aa,Gira,6565f168-e2a6-45d9-b1d5-59066cb69f1a,bicycle,rebalance_drop_off,62,2026-09-12T12:40:14Z,POINT (-9.14321 38.73874)
02f47717-95c7-4620-9f4d-67d3155d506b,aa1883c4-ffd0-40f5-bd14-dcc312684e4e,Voi,03fb9fd8-ea75-45f7-b003-228d335ad55f,scooter,trip_end,97,2026-09-12T12:42:16Z,POINT (-9.20914 38.69564)
56c6c0d2-50a7-42a4-a3d6-6f3e841b00ad,e8eb2af2-f261-45a8-91cd-424e42a85121,Dott,10bb6ad7-9aac-4570-ba83-3821e3c1a4b8,scooter,trip_end,87,2026-09-12T12:49:16Z,POINT (-9.17678 38.70087)
4154557c-fa76-4c63-9c99-cc72244d5168,e8eb2af2-f261-45a8-91cd-424e42a85121,Dott,293bec1c-bd3e-40f4-9039-2dea84444e9d,bicycle,reserve,50,2026-09-12T12:49:20Z,POINT (-9.14143 38.70939)
c7e7760f-c307-4b5f-9fdc-fa3f34e7083f,7cf3c256-32b9-4409-93fb-64afebede10d,Bolt,a6ee3b14-19c9-475b-8b33-0dd839a13c4e,scooter,reserve,42,2026-09-12T12:51:45Z,POINT (-9.20098 38.70928)
e2bc963c-6df6-45c1-af96-4c4e0ccbf93f,a08ff49b-6f77-4632-a16c-43069c43a8c3,Lime,e3e4cb2d-5976-46ea-916f-6e5ef3ba3e32,bicycle,maintenance,33,2026-09-12T12:55:06Z,POINT (-9.13078 38.71127)
6fbb3753-e1cc-4abc-ad82-390b3f63c378,e8eb2af2-f261-45a8-91cd-424e42a85121,Dott,05f64acc-67fd-42c6-b791-689ef6733401,scooter,trip_start,54,2026-09-12T13:09:10Z,POINT (-9.14676 38.71463)
a60f8678-2903-46e5-9da4-34b815497489,a08ff49b-6f77-4632-a16c-43069c43a8c3,Lime,6a6573de-c6be-48e9-af4b-f6b9f09507b9,scooter,trip_start,36,2026-09-12T13:31:27Z,POINT (-9.14340 38.75950)
05e4eff3-ad72-44f3-b45a-4aa5552e2501,aa36434e-f251-4c63-8d4e-86a538cc03aa,Gira,91f180be-cb45-4118-8807-8fffc5daa84a,bicycle,trip_start,70,2026-09-12T13:32:08Z,POINT (-9.11233 38.73352)
a6b4d5d9-0763-426d-9aa3-179742499759,e8eb2af2-f261-45a8-91cd-424e42a85121,Dott,5d1953b5-77df-4f10-8ac5-50acc85c22e3,scooter,provider_drop_off,37,2026-09-12T13:37:23Z,POINT (-9.19819 38.69689)
02a31d20-3a5b-4e32-8b1e-beae827feea2,e8eb2af2-f261-45a8-91cd-424e42a85121,Dott,e4888369-f396-4be8-abe2-98cf28412cf0,bicycle,trip_end,56,2026-09-12T13:52:15Z,POINT (-9.21348 38.70555)
20801ff0-72d4-4abd-9b8a-28f0e19f6d2d,a08ff49b-6f77-4632-a16c-43069c43a8c3,Lime,368dc614-82b2-403b-acdd-cb63b80997c0,bicycle,trip_start,98,2026-09-12T14:08:04Z,POINT (-9.14524 38.70931)
8c8a6c98-c563-4670-bd35-eba02755897a,aa36434e-f251-4c63-8d4e-86a538cc03aa,Gira,5b210e09-10d9-42da-a0b0-095982e8e92b,bicycle,rebalance_drop_off,84,2026-09-12T14:25:01Z,POINT (-9.12960 38.71310)
a0762e35-7484-494e-bfd7-8bf59033eee6,aa36434e-f251-4c63-8d4e-86a538cc03aa,Gira,ba15144f-9864-410f-9c45-0cd80d43c790,bicycle,trip_end,42,2026-09-12T14:28:56Z,POINT (-9.09606 38.76476)
51c8a0ba-4532-423a-ad3a-6f9d38b10236,a08ff49b-6f77-4632-a16c-43069c43a8c3,Lime,e36bfe2e-9595-4bc4-afe7-def3d608355f,scooter,maintenance,65,2026-09-12T14:29:25Z,POINT (-9.13604 38.71167)
0ff88f00-2900-46be-bddc-b097d4986f44,7cf3c256-32b9-4409-93fb-64afebede10d,Bolt,18181d5e-9d5b-4270-8b9a-9b87d374fe50,scooter,trip_end,47,2026-09-12T14:30:10Z,POINT (-9.14634 38.71353)
f38add5f-267c-4eb7-813c-d00a28ea2108,a08ff49b-6f77-4632-a16c-43069c43a8c3,Lime,1191616d-f10f-4ea2-b6dc-f9fc266913ba,scooter,trip_start,39,2026-09-12T14:32:19Z,POINT (-9.16530 38.71450)
9502aef9-359e-493e-aa4e-7e757c93e55b,e8eb2af2-f261-45a8-91cd-424e42a85121,Dott,7811a11d-01f5-481e-922b-436f704d883b,scooter,trip_end,48,2026-09-12T14:33:52Z,POINT (-9.12231 38.71269)
4f50c567-18ef-4638-9c46-4b0e366dad82,a08ff49b-6f77-4632-a16c-43069c43a8c3,Lime,3b859743-b6a5-4f0a-851b-d9942d7d3784,scooter,trip_start,96,2026-09-12T14:34:05Z,POINT (-9.12350 38.71834)
761047c3-46bd-483e-804f-f95fbca4cc62,a08ff49b-6f77-4632-a16c-43069c43a8c3,Lime,4a146a3e-f991-4677-813b-23e9c34240c9,bicycle,reserve,43,2026-09-12T14:41:31Z,POINT (-9.14649 38.70802)
07c27542-b814-490c-828c-d63cb4993538,a08ff49b-6f77-4632-a16c-43069c43a8c3,Lime,c3b109bf-3623-4a20-9a44-df1ddaa9bc82,bicycle,trip_end,44,2026-09-12T14:46:01Z,POINT (-9.13880 38.74094)
18428164-70a9-450a-8a75-3134681eae55,a08ff49b-6f77-4632-a16c-43069c43a8c3,Lime,a2abc323-5295-46c9-8cd2-00f8bf1bfbf2,bicycle,reserve,31,2026-09-12T14:50:33Z,POINT (-9.12593 38.71970)
a519fbdd-4945-4ebd-9c16-02c8a9e67d0e,7cf3c256-32b9-4409-93fb-64afebede10d,Bolt,b807201b-8215-41d2-8166-e192a2c75b24,scooter,trip_start,39,2026-09-12T15:09:34Z,POINT (-9.14978 38.71776)
cec06b25-5fb0-4b4f-a69c-01c2edfc7415,7cf3c256-32b9-4409-93fb-64afebede10d,Bolt,18181d5e-9d5b-4270-8b9a-9b87d374fe50,scooter,trip_start,41,2026-09-12T15:16:07Z,POINT (-9.20677 38.69710)
ce9f59c6-b931-4dab-b08d-7bcc2042ecc2,e8eb2af2-f261-45a8-91cd-424e42a85121,Dott,7e0f786d-78d8-4076-9fed-41fbaf70753f,bicycle,reserve,86,2026-09-12T15:37:36Z,POINT (-9.15674 38.72752)
fc995c13-2434-48ac-9452-e87f669f634b,a08ff49b-6f77-4632-a16c-43069c43a8c3,Lime,f0fe07c7-b727-45ef-bc1c-06d9505aeae5,scooter,rebalance_drop_off,57,2026-09-12T15:38:28Z,POINT (-9.13161 38.71713)
d4373e40-944a-4e7e-945b-caec9bd7df8b,e8eb2af2-f261-45a8-91cd-424e42a85121,Dott,5d1953b5-77df-4f10-8ac5-50acc85c22e3,scooter,provider_drop_off,50,2026-09-12T15:47:41Z,POINT (-9.18703 38.70382)
c58dc837-4b26-425d-b075-88d26880fa03,7cf3c256-32b9-4409-93fb-64afebede10d,Bolt,36d0fbc2-b532-4596-8962-2661fe174ed4,scooter,trip_start,62,2026-09-12T15:52:12Z,POINT (-9.14016 38.70789)
a8f09f40-ce0f-4695-ab21-ff19ea76f7c7,a08ff49b-6f77-4632-a16c-43069c43a8c3,Lime,1191616d-f10f-4ea2-b6dc-f9fc266913ba,bicycle,trip_end,35,2026-09-12T16:11:37Z,POINT (-9.17871 38.70807)
4b93b5c7-4f47-40ea-bf8a-24d96d1a320c,e8eb2af2-f261-45a8-91cd-424e42a85121,Dott,3fe87991-bb3d-43c5-8092-d6b2ae3eb390,bicycle,trip_start,30,2026-09-12T16:14:32Z,POINT (-9.12532 38.71140)
1faddcb3-c1ac-4f1d-9606-8af3465bd837,7cf3c256-32b9-4409-93fb-64afebede10d,Bolt,b5188819-ee99-40d7-b7b4-744da20ef2d4,scooter,provider_pick_up,49,2026-09-12T16:16:39Z,POINT (-9.13309 38.71937)
2df350b2-a864-442d-9bc6-d39e7518484f,aa1883c4-ffd0-40f5-bd14-dcc312684e4e,Voi,07204596-a43b-4a93-8039-275015775852,scooter,provider_pick_up,53,2026-09-12T16:23:03Z,POINT (-9.13636 38.71260)
9de868cc-635a-4363-9c54-9810d5e61367,7cf3c256-32b9-4409-93fb-64afebede10d,Bolt,fcbf1b0a-7349-4f43-95c2-585922da8e83,scooter,provider_pick_up,98,2026-09-12T16:36:35Z,POINT (-9.20815 38.69600)
795bb2de-aad2-4dde-8a27-d25a2812c242,7cf3c256-32b9-4409-93fb-64afebede10d,Bolt,73c82101-b9fe-4a66-99b4-de7ae181ad7d,scooter,trip_start,80,2026-09-12T16:38:19Z,POINT (-9.20844 38.70176)
cf60e0b1-0010-436a-b4d8-f8a740ec5f83,a08ff49b-6f77-4632-a16c-43069c43a8c3,Lime,6b4f4a77-4686-4d1d-99f8-dfa799a3d9fb,scooter,low_battery,15,2026-09-12T16:44:36Z,POINT (-9.18100 38.70304)
37c16c60-15d7-4c8f-b150-44606d68b32c,e8eb2af2-f261-45a8-91cd-424e42a85121,Dott,a4d95b93-754f-4b9a-bdd2-305dc5ee94be,bicycle,trip_start,45,2026-09-12T16:55:57Z,POINT (-9.20421 38.69554)
9279c6d2-3fc0-4bb1-a8d8-76caf9b35b1b,a08ff49b-6f77-4632-a16c-43069c43a8c3,Lime,5e09d096-b3a1-496a-af9b-ccfbaa0c4548,scooter,trip_start,68,2026-09-12T17:16:32Z,POINT (-9.14458 38.70942)
690c6fc9-7a8c-442c-b63b-80f5bea75996,aa1883c4-ffd0-40f5-bd14-dcc312684e4e,Voi,322a0f98-df7a-411d-bb97-0f77217fdea9,scooter,trip_start,81,2026-09-12T17:20:21Z,POINT (-9.21330 38.70587)
b1740a6b-b8bc-42fe-a54a-0d1975157ba7,aa36434e-f251-4c63-8d4e-86a538cc03aa,Gira,9dab2a5c-224b-4c01-9dc8-c0c9e4c665ab,bicycle,trip_start,47,2026-09-12T17:21:50Z,POINT (-9.14738 38.74449)
16b3cb8e-1a55-4269-aaf6-6792ace084cd,7cf3c256-32b9-4409-93fb-64afebede10d,Bolt,9d22ada4-6a6f-44e8-bdc0-a95499eb387d,scooter,reserve,70,2026-09-12T17:29:42Z,POINT (-9.21208 38.69809)
7ec2cac7-3b0b-490d-b5a5-1139005e2eb2,a08ff49b-6f77-4632-a16c-43069c43a8c3,Lime,fc028e89-6985-4463-a22c-fe1375003876,scooter,trip_start,75,2026-09-12T17:32:00Z,POINT (-9.12934 38.71389)
13616601-e923-4e3d-860b-8401dea00ace,e8eb2af2-f261-45a8-91cd-424e42a85121,Dott,9a55834d-5416-4107-996b-3a3a95cc588d,scooter,reserve,61,2026-09-12T17:41:26Z,POINT (-9.18229 38.70387)
15be27bd-63c6-4e05-9117-f7068f56a339,7cf3c256-32b9-4409-93fb-64afebede10d,Bolt,e2c7ed96-80cb-431e-9231-b957ec2f20e8,scooter,rebalance_drop_off,93,2026-09-12T17:54:53Z,POINT (-9.12942 38.71217)
55c7bd98-d76e-4d92-9808-92a86f0ae7c0,e8eb2af2-f261-45a8-91cd-424e42a85121,Dott,cb3d5f32-3123-4d0f-ab68-cc7e0f42371b,scooter,maintenance,75,2026-09-12T18:05:51Z,POINT (-9.13080 38.75804)
4f1ba4b6-1d98-4cac-8a0b-b3682d6141d5,7cf3c256-32b9-4409-93fb-64afebede10d,Bolt,de1d1389-2c83-43c4-b145-f83cb33557d0,scooter,trip_end,59,2026-09-12T18:10:24Z,POINT (-9.18254 38.70579)
8f74b6ca-0bfa-4737-9fe6-4f7a088659e8,e8eb2af2-f261-45a8-91cd-424e42a85121,Dott,2dd65b26-1706-4623-8a22-02d7d605a60c,scooter,rebalance_drop_off,69,2026-09-12T18:16:34Z,POINT (-9.14421 38.73740)
ccc9e72b-a20d-4d0a-91ce-e102e5810d57,a08ff49b-6f77-4632-a16c-43069c43a8c3,Lime,a1374f51-c7f9-49a0-bd02-2b9d68d2f3a1,bicycle,trip_start,38,2026-09-12T18:44:41Z,POINT (-9.13003 38.72011)
dd0b0d14-e15d-42cd-ba81-4f0b38830d4a,7cf3c256-32b9-4409-93fb-64afebede10d,Bolt,30263074-bcd3-496e-bf58-222725565161,scooter,trip_start,55,2026-09-12T18:44:55Z,POINT (-9.19982 38.70021)
3d1687a3-a965-404c-a28c-6d78c852f221,7cf3c256-32b9-4409-93fb-64afebede10d,Bolt,393cd7a7-04a8-4dbb-b2f7-f26ba543bb20,scooter,trip_end,59,2026-09-12T18:50:56Z,POINT (-9.15961 38.72623)
087db4e9-f807-414a-bca5-d9705aa97093,aa1883c4-ffd0-40f5-bd14-dcc312684e4e,Voi,2d9f1172-5161-4dbc-8c2e-450f677fcf26,scooter,reserve,99,2026-09-12T18:52:31Z,POINT (-9.14107 38.73568)
e9104c2a-4154-48e8-b92d-4c5f96cba930,7cf3c256-32b9-4409-93fb-64afebede10d,Bolt,a10b93b8-5691-490e-8143-c3cf38d226df,scooter,trip_end,84,2026-09-12T18:54:03Z,POINT (-9.17764 38.70370)
0105f48a-8b9e-4871-9bad-1c0fde8f81cc,a08ff49b-6f77-4632-a16c-43069c43a8c3,Lime,4a40e713-fa23-4b8d-b574-acee683adece,scooter,trip_end,85,2026-09-12T18:55:53Z,POINT (-9.17841 38.70280)
ac448160-4a09-49be-b7f8-0af132020e70,aa1883c4-ffd0-40f5-bd14-dcc312684e4e,Voi,84b4a246-d630-4f87-84fa-1072ec63caf4,scooter,trip_start,46,2026-09-12T18:56:22Z,POINT (-9.13982 38.74512)
37f99e47-7faa-4c09-8c99-ae90aefc6bcf,e8eb2af2-f261-45a8-91cd-424e42a85121,Dott,ae9cdd57-7328-4d05-9eb2-50f9d0ea9f6d,bicycle,low_battery,11,2026-09-12T19:02:31Z,POINT (-9.13343 38.71653)
ed209779-a216-476b-abca-136005d1e9eb,e8eb2af2-f261-45a8-91cd-424e42a85121,Dott,7fa21d53-1976-46ef-abaf-94a99b2e8ca4,bicycle,cancel_reservation,44,2026-09-12T19:16:24Z,POINT (-9.13250 38.74136)
a056cba0-78d9-4613-b672-73d4dfeee659,7cf3c256-32b9-4409-93fb-64afebede10d,Bolt,59fd1a30-96d1-4f7f-b425-1fbd4aa7fe6c,scooter,low_battery,5,2026-09-12T19:22:05Z,POINT (-9.10703 38.73245)
0aa8da5c-93b0-42b5-afa4-cc12ed3de6d4,e8eb2af2-f261-45a8-91cd-424e42a85121,Dott,3418560a-eb21-4f1c-90c2-35b89146a1ea,bicycle,reserve,40,2026-09-12T19:47:34Z,POINT (-9.12824 38.71575)
af16ad9d-d847-4e36-abc2-23210183ab9a,e8eb2af2-f261-45a8-91cd-424e42a85121,Dott,feb976b5-da66-45a8-b57b-7aec4713ec63,scooter,trip_start,97,2026-09-12T19:53:13Z,POINT (-9.15403 38.72986)
6eccd78e-2ee8-44d6-be6c-810ca801a484,e8eb2af2-f261-45a8-91cd-424e42a85121,Dott,9c83caf4-9979-4772-b945-176d481e86d4,bicycle,trip_end,96,2026-09-12T20:16:43Z,POINT (-9.19845 38.69915)
c1d067cf-bf83-4d38-b307-6d50187e1cf4,7cf3c256-32b9-4409-93fb-64afebede10d,Bolt,2e7418d0-0f0b-40c1-bf17-76055fb1341a,scooter,trip_end,77,2026-09-12T20:22:41Z,POINT (-9.13164 38.71393)
ad19f7dd-7db8-4cf6-8576-c10a4c9b5185,e8eb2af2-f261-45a8-91cd-424e42a85121,Dott,30978901-c050-4aac-9fbb-a7910ecc9670,bicycle,low_battery,15,2026-09-12T20:25:10Z,POINT (-9.14494 38.71341)
7556e55c-e00a-48e7-b5a5-3c069e65d474,e8eb2af2-f261-45a8-91cd-424e42a85121,Dott,de10aef2-1ef4-4d1e-83da-1e1fc7493528,scooter,trip_end,28,2026-09-12T20:27:30Z,POINT (-9.13080 38.76176)
279486f1-206a-4669-8145-2e709c910c70,e8eb2af2-f261-45a8-91cd-424e42a85121,Dott,25fa4c2a-eb2d-4633-a7b0-46a722782600,scooter,reserve,53,2026-09-12T20:28:22Z,POINT (-9.15575 38.75709)
5193e8a6-6d61-4280-b483-b44bac0cc8aa,e8eb2af2-f261-45a8-91cd-424e42a85121,Dott,25fa4c2a-eb2d-4633-a7b0-46a722782600,bicycle,reserve,97,2026-09-12T20:39:14Z,POINT (-9.13980 38.70635)
3c253294-a46e-47af-b1ef-68d5728e10be,e8eb2af2-f261-45a8-91cd-424e42a85121,Dott,ef1ee6c3-ab03-4de0-9ecf-07a8602da2e8,scooter,trip_end,25,2026-09-12T21:50:40Z,POINT (-9.10305 38.76442)
f1dc676f-de02-4f11-bf56-c028b040a4dd,a08ff49b-6f77-4632-a16c-43069c43a8c3,Lime,d6b03f30-702e-4b14-ae5c-c94065f9ba6f,bicycle,trip_end,91,2026-09-12T22:29:53Z,POINT (-9.14631 38.71193)
0359031c-1a54-4616-8de4-4a89e0296b1f,aa36434e-f251-4c63-8d4e-86a538cc03aa,Gira,2df41e75-f15c-4e4e-9669-e51ca73f8a29,bicycle,trip_start,26,2026-09-12T22:42:26Z,POINT (-9.12549 38.71245)
b8e2d73a-f033-494a-a852-0bd9189bd7f2,aa1883c4-ffd0-40f5-bd14-dcc312684e4e,Voi,dcbb7365-96c0-4232-9975-3c1663aa4ada,scooter,provider_pick_up,81,2026-09-12T23:33:29Z,POINT (-9.14044 38.71095)
3b9546db-1a23-4d73-bb7f-8c57d39e361c,7cf3c256-32b9-4409-93fb-64afebede10d,Bolt,2e7418d0-0f0b-40c1-bf17-76055fb1341a,scooter,reserve,56,2026-09-13T00:40:16Z,POINT (-9.15399 38.70912)
89c9b5f0-6122-4d02-9ca1-17d8963b5f20,a08ff49b-6f77-4632-a16c-43069c43a8c3,Lime,7194b231-29fc-468c-9b41-7cf0e20e0ccf,bicycle,trip_end,50,2026-09-13T00:42:16Z,POINT (-9.09218 38.77382)
d8995b87-7a7f-4204-a101-d698986e10b6,aa1883c4-ffd0-40f5-bd14-dcc312684e4e,Voi,8043256e-97aa-4fb6-9e8d-e9b13919dbd7,scooter,trip_start,28,2026-09-13T01:52:40Z,POINT (-9.11989 38.71506)
2d28e153-0612-4a67-9bb8-d61f9ff8a0db,e8eb2af2-f261-45a8-91cd-424e42a85121,Dott,e9022de4-f5cc-4fb8-80a5-c9b0b7a40cf3,scooter,trip_end,27,2026-09-13T02:01:55Z,POINT (-9.13484 38.74187)
c8ceaf11-d630-42fd-a7f3-0b2f93dc6ca8,a08ff49b-6f77-4632-a16c-43069c43a8c3,Lime,6316b14d-87cf-4770-bd5a-959dfcebdbf5,scooter,trip_end,50,2026-09-13T03:04:28Z,POINT (-9.13938 38.74404)
1061a918-e256-44b7-b2b4-c7d880577c9b,a08ff49b-6f77-4632-a16c-43069c43a8c3,Lime,a1374f51-c7f9-49a0-bd02-2b9d68d2f3a1,bicycle,cancel_reservation,76,2026-09-13T03:16:37Z,POINT (-9.14460 38.71680)
36443e0c-76e0-40ce-8323-2c68d0c8cd88,a08ff49b-6f77-4632-a16c-43069c43a8c3,Lime,78580c6d-d884-45fb-a8b4-ae764a97f441,bicycle,reserve,72,2026-09-13T03:44:49Z,POINT (-9.16278 38.71465)
1d3a4bfb-82cb-4b99-8d7a-58be15c90847,7cf3c256-32b9-4409-93fb-64afebede10d,Bolt,2e7418d0-0f0b-40c1-bf17-76055fb1341a,scooter,trip_start,54,2026-09-13T03:47:26Z,POINT (-9.13403 38.74696)
554342cc-3c99-4ca1-a07d-efb1302392d8,7cf3c256-32b9-4409-93fb-64afebede10d,Bolt,af9ceb79-1bd7-4d19-8a69-32365a79c529,scooter,rebalance_pick_up,86,2026-09-13T03:50:17Z,POINT (-9.13005 38.71448)
4dc23666-7dec-4682-abe0-e4a446e7009c,aa36434e-f251-4c63-8d4e-86a538cc03aa,Gira,f6e0627d-f4ae-4f89-9284-db32da88fc30,bicycle,low_battery,6,2026-09-13T03:56:42Z,POINT (-9.16002 38.72166)
10c3cb2d-4d7e-4530-a2d4-9fbfa223ed8a,7cf3c256-32b9-4409-93fb-64afebede10d,Bolt,2e7418d0-0f0b-40c1-bf17-76055fb1341a,scooter,trip_start,85,2026-09-13T03:59:15Z,POINT (-9.14579 38.73887)
bbd3bc99-a6c1-4ef2-bb8f-a1bdbd844024,7cf3c256-32b9-4409-93fb-64afebede10d,Bolt,3e5350ed-dc4e-4868-8250-32b3aee70442,scooter,low_battery,13,2026-09-13T04:11:40Z,POINT (-9.15428 38.72213)
63e80311-4f90-47e7-b441-087d3f3d372d,aa1883c4-ffd0-40f5-bd14-dcc312684e4e,Voi,a32698fd-e08a-4c31-81e7-8c9a0f2225ff,scooter,trip_end,78,2026-09-13T04:11:42Z,POINT (-9.14194 38.71088)
0283e22e-3afc-4177-a065-dd29ddd5c4f7,e8eb2af2-f261-45a8-91cd-424e42a85121,Dott,28073d88-9cef-4f4c-901f-e3e0928bc625,bicycle,trip_end,42,2026-09-13T04:12:41Z,POINT (-9.14233 38.71566)
d9ad9e19-4344-4618-bffc-bf979849d1b7,7cf3c256-32b9-4409-93fb-64afebede10d,Bolt,cca80457-1f1f-4cfd-b3cb-c6f5c10b0b5b,scooter,trip_start,90,2026-09-13T04:41:45Z,POINT (-9.16027 38.70627)
9e80c05c-6c72-487b-bf3d-ef1807fc3c99,a08ff49b-6f77-4632-a16c-43069c43a8c3,Lime,7f4990cc-90e3-442d-acf1-5c6bad4fad06,scooter,trip_start,64,2026-09-13T04:44:17Z,POINT (-9.13450 38.74976)
361cd519-43c7-4312-a655-a1bb1448eca6,e8eb2af2-f261-45a8-91cd-424e42a85121,Dott,433b99b7-7407-42b1-bb74-249f84ecbc48,scooter,cancel_reservation,46,2026-09-13T04:48:03Z,POINT (-9.13974 38.71369)
e916f2ab-6d07-4ecf-843b-4710fc0baac4,7cf3c256-32b9-4409-93fb-64afebede10d,Bolt,9d22ada4-6a6f-44e8-bdc0-a95499eb387d,scooter,rebalance_pick_up,49,2026-09-13T07:05:54Z,POINT (-9.14271 38.70848)
330f3f15-155b-49bf-9db4-cac582b4d024,a08ff49b-6f77-4632-a16c-43069c43a8c3,Lime,7a67d56b-f640-4a48-9f5e-97f2ecd20944,scooter,rebalance_pick_up,57,2026-09-13T08:03:28Z,POINT (-9.11406 38.75982)
fdd87967-d4fa-44c9-a883-6c637ac3c557,a08ff49b-6f77-4632-a16c-43069c43a8c3,Lime,24bcd670-0fa6-4c12-9b71-1aeda82a211f,bicycle,trip_start,37,2026-09-13T08:10:23Z,POINT (-9.15372 38.74415)
0c1020c4-491c-4e75-a580-471d482d6c8b,a08ff49b-6f77-4632-a16c-43069c43a8c3,Lime,1191616d-f10f-4ea2-b6dc-f9fc266913ba,bicycle,low_battery,6,2026-09-13T08:23:09Z,POINT (-9.13582 38.74408)
867460d5-8535-42cc-887e-72fab1042721,a08ff49b-6f77-4632-a16c-43069c43a8c3,Lime,7f66a58a-eae7-47e3-8580-1a0e28239a44,scooter,trip_start,52,2026-09-13T08:46:39Z,POINT (-9.13248 38.73771)
6afa0d59-64b6-413f-a404-73b72a954a9c,e8eb2af2-f261-45a8-91cd-424e42a85121,Dott,10bb6ad7-9aac-4570-ba83-3821e3c1a4b8,bicycle,trip_start,100,2026-09-13T08:48:49Z,POINT (-9.15053 38.72102)
a30d1432-6d87-49af-a77b-5247c5f44ad4,a08ff49b-6f77-4632-a16c-43069c43a8c3,Lime,0203f6b9-5b86-448e-aa1b-5587bab5e0d0,scooter,rebalance_pick_up,86,2026-09-13T08:50:23Z,POINT (-9.10906 38.73584)
dbf75fef-3a31-474f-a77c-55e7e519a34e,7cf3c256-32b9-4409-93fb-64afebede10d,Bolt,ededfc18-5e00-4782-895f-363c777a79d6,scooter,rebalance_drop_off,44,2026-09-13T08:52:42Z,POINT (-9.12205 38.71632)
85f7bf5e-3fee-412f-a814-ead63e8a23e3,aa36434e-f251-4c63-8d4e-86a538cc03aa,Gira,7bee37da-9dd7-4eb8-8ec7-22093562c203,bicycle,trip_end,40,2026-09-13T10:18:53Z,POINT (-9.14882 38.71038)
e9e05058-43fa-4233-b54e-957b6a50dca3,e8eb2af2-f261-45a8-91cd-424e42a85121,Dott,728240dc-f495-4f20-a43e-5f553d2fcffa,bicycle,trip_start,69,2026-09-13T10:21:17Z,POINT (-9.18317 38.70206)
4974c164-a1a6-463a-93ac-d14ce3bfe215,a08ff49b-6f77-4632-a16c-43069c43a8c3,Lime,713cdac6-b84b-49c3-bfd2-f3e5f587668c,scooter,rebalance_pick_up,75,2026-09-13T10:22:23Z,POINT (-9.14195 38.70907)
6966477d-1b67-4809-b53d-cb456fc161fb,a08ff49b-6f77-4632-a16c-43069c43a8c3,Lime,3d45796b-7204-4136-b647-75ae94bcce81,scooter,maintenance,73,2026-09-13T10:24:02Z,POINT (-9.19581 38.69683)
8e734722-dff2-4efb-adc9-b7836fce4f65,a08ff49b-6f77-4632-a16c-43069c43a8c3,Lime,6193320b-017d-42f1-82ab-97f628261e7c,scooter,reserve,88,2026-09-13T10:24:52Z,POINT (-9.21023 38.69816)
e1b69260-6032-4188-97fa-621ae14f772f,a08ff49b-6f77-4632-a16c-43069c43a8c3,Lime,6316b14d-87cf-4770-bd5a-959dfcebdbf5,scooter,trip_start,68,2026-09-13T10:44:59Z,POINT (-9.19210 38.70313)
2c9af06d-4ae5-4159-aeb2-255b8db7819c,7cf3c256-32b9-4409-93fb-64afebede10d,Bolt,a7f0654d-3632-4b53-993e-3cf492c91d44,scooter,trip_start,71,2026-09-13T10:52:09Z,POINT (-9.18170 38.70812)
2d5d935f-9a22-4092-9800-981c42fbdda5,aa1883c4-ffd0-40f5-bd14-dcc312684e4e,Voi,aaddcf3e-0c0d-4f29-92ab-2966660cadec,scooter,provider_pick_up,71,2026-09-13T10:57:06Z,POINT (-9.14286 38.71744)
c82f2625-bce9-4946-8ce5-6fa1bfc66700,e8eb2af2-f261-45a8-91cd-424e42a85121,Dott,c32697e9-d900-4b85-8306-36d33914b224,bicycle,trip_end,99,2026-09-13T11:09:39Z,POINT (-9.13227 38.74549)
f5643954-41be-4654-8c04-0ff3a6e349de,7cf3c256-32b9-4409-93fb-64afebede10d,Bolt,528272e8-5213-4ccf-bf4d-8ce9d55d0f6b,scooter,trip_start,80,2026-09-13T11:10:25Z,POINT (-9.14453 38.71803)
9aebd94a-377f-4b56-abe8-5c3e23ab2b6a,e8eb2af2-f261-45a8-91cd-424e42a85121,Dott,7811a11d-01f5-481e-922b-436f704d883b,bicycle,trip_end,50,2026-09-13T11:18:59Z,POINT (-9.20338 38.69680)
4564b6a0-3605-438e-80e4-56700c9f9787,a08ff49b-6f77-4632-a16c-43069c43a8c3,Lime,d6b03f30-702e-4b14-ae5c-c94065f9ba6f,bicycle,low_battery,10,2026-09-13T11:25:50Z,POINT (-9.19673 38.69694)
324a1bd6-9b3c-4415-b7f6-309f10db6388,7cf3c256-32b9-4409-93fb-64afebede10d,Bolt,8d943767-66fa-4329-a57e-d3f3dd2514c2,scooter,maintenance,32,2026-09-13T11:37:49Z,POINT (-9.15908 38.71465)
cca1e042-40cf-4126-9f6b-e58176016041,7cf3c256-32b9-4409-93fb-64afebede10d,Bolt,2e7418d0-0f0b-40c1-bf17-76055fb1341a,scooter,rebalance_pick_up,67,2026-09-13T11:55:09Z,POINT (-9.17475 38.70228)
964b7d98-3e53-45a4-868c-b76ed4108771,a08ff49b-6f77-4632-a16c-43069c43a8c3,Lime,24bcd670-0fa6-4c12-9b71-1aeda82a211f,bicycle,trip_end,63,2026-09-13T11:56:15Z,POINT (-9.14093 38.74659)
72564c68-055f-4f98-a3ba-9ed09f2b0880,aa1883c4-ffd0-40f5-bd14-dcc312684e4e,Voi,61645813-df32-4479-84c0-c246c8cd2a9c,scooter,trip_end,51,2026-09-13T12:01:32Z,POINT (-9.13629 38.70907)
dfc43d38-9947-480c-ab91-ece0853537fe,e8eb2af2-f261-45a8-91cd-424e42a85121,Dott,5d1953b5-77df-4f10-8ac5-50acc85c22e3,scooter,trip_end,88,2026-09-13T12:08:49Z,POINT (-9.12482 38.71498)
93d0d161-8120-4d64-99cd-d3560fff879a,7cf3c256-32b9-4409-93fb-64afebede10d,Bolt,5edfe977-8820-4692-b043-bb026ff5f108,scooter,low_battery,11,2026-09-13T12:13:15Z,POINT (-9.13817 38.71240)
ec5acb62-9226-4a94-800d-e5edf0548e07,7cf3c256-32b9-4409-93fb-64afebede10d,Bolt,370db622-9cc5-462b-bf2c-ec908b4f60da,scooter,trip_start,87,2026-09-13T12:21:05Z,POINT (-9.12982 38.71074)
bdfd0239-a2b4-402d-900a-54d6ab6fb8b7,a08ff49b-6f77-4632-a16c-43069c43a8c3,Lime,0e9018d4-1a57-4ca3-8b80-c44a4ba5e259,scooter,trip_start,27,2026-09-13T12:31:36Z,POINT (-9.15532 38.73628)
cd03dec0-79cc-4fcb-b3f1-125e7164458a,7cf3c256-32b9-4409-93fb-64afebede10d,Bolt,debb5c7d-bf6b-4e87-8d03-418fda95caf6,scooter,provider_pick_up,57,2026-09-13T12:39:10Z,POINT (-9.16735 38.70974)
8be4bec3-e34a-4e77-9b49-71e39a661616,e8eb2af2-f261-45a8-91cd-424e42a85121,Dott,30978901-c050-4aac-9fbb-a7910ecc9670,bicycle,trip_start,64,2026-09-13T12:54:17Z,POINT (-9.14083 38.71229)
20868905-7b59-4fb6-9d78-a60a3ed1b543,e8eb2af2-f261-45a8-91cd-424e42a85121,Dott,3bb14d31-a83f-4ba7-bfa3-52099c2057db,bicycle,reserve,86,2026-09-13T13:04:45Z,POINT (-9.12981 38.71563)
1fc2011e-3dbd-4d82-8100-b84aa1ce3266,e8eb2af2-f261-45a8-91cd-424e42a85121,Dott,10bb6ad7-9aac-4570-ba83-3821e3c1a4b8,scooter,trip_start,100,2026-09-13T13:04:58Z,POINT (-9.13483 38.72268)
32cd70e5-614f-4cd2-8d30-66e25ffc791d,a08ff49b-6f77-4632-a16c-43069c43a8c3,Lime,fbc42510-806e-4fae-a3f3-44f79f21b705,scooter,trip_start,58,2026-09-13T13:12:50Z,POINT (-9.13306 38.73664)
1317b1ea-d618-4465-87e5-a5f5d6818da2,a08ff49b-6f77-4632-a16c-43069c43a8c3,Lime,fc028e89-6985-4463-a22c-fe1375003876,bicycle,trip_start,93,2026-09-13T13:17:19Z,POINT (-9.20848 38.69419)
ec61b7d6-36c5-4026-ad9c-77cee43f40c6,a08ff49b-6f77-4632-a16c-43069c43a8c3,Lime,ad8e9f0e-dc8d-4000-bac7-95829e261bbd,bicycle,maintenance,34,2026-09-13T13:39:51Z,POINT (-9.13777 38.70960)
ea578e5a-09a2-4d27-8a31-bf9cf8ae479e,aa36434e-f251-4c63-8d4e-86a538cc03aa,Gira,220fd217-b2b2-4d02-a242-aad1acb68ab8,bicycle,trip_end,49,2026-09-13T14:01:14Z,POINT (-9.09354 38.76810)
b74b75c9-7c54-4339-a126-ee8927e600e7,a08ff49b-6f77-4632-a16c-43069c43a8c3,Lime,7a67d56b-f640-4a48-9f5e-97f2ecd20944,bicycle,trip_end,92,2026-09-13T14:06:16Z,POINT (-9.12938 38.71633)
b990b5e7-1233-4d32-8473-f754b6a57787,aa1883c4-ffd0-40f5-bd14-dcc312684e4e,Voi,c98727ca-6a8d-4cb4-aa48-57e50d3b68f7,scooter,trip_start,28,2026-09-13T14:19:33Z,POINT (-9.14641 38.70765)
54dacdc2-4267-4866-ac95-1df2919baa1b,aa1883c4-ffd0-40f5-bd14-dcc312684e4e,Voi,01e25e66-00ba-40ee-a58d-ad9344f99f69,scooter,rebalance_pick_up,58,2026-09-13T14:20:19Z,POINT (-9.16368 38.71195)
3336f439-8657-4fd5-9028-b0e3303beb11,e8eb2af2-f261-45a8-91cd-424e42a85121,Dott,bd67f460-81d3-4c86-918b-a1da249d7648,scooter,reserve,27,2026-09-13T14:22:31Z,POINT (-9.14150 38.70814)
78d74247-3f83-4095-86a2-be2c34c4cabf,a08ff49b-6f77-4632-a16c-43069c43a8c3,Lime,5636df12-9f7c-4fdb-b92f-89c6fe9cbcf7,bicycle,low_battery,13,2026-09-13T14:22:47Z,POINT (-9.20294 38.69770)
c4b0e680-b21d-488d-9f41-de84c67df7f2,aa1883c4-ffd0-40f5-bd14-dcc312684e4e,Voi,1f968a3a-5d19-4df8-9aec-4e7ccfd90cd8,scooter,provider_pick_up,58,2026-09-13T14:26:08Z,POINT (-9.14491 38.71563)
3e34b4ee-7ab1-4578-bfeb-bc4f81516921,e8eb2af2-f261-45a8-91cd-424e42a85121,Dott,7f7c3924-5c88-4883-8a05-7e9775a4328f,scooter,trip_start,40,2026-09-13T14:33:21Z,POINT (-9.13193 38.71365)
84900aa5-41e8-43a7-9764-4b60c1bada28,7cf3c256-32b9-4409-93fb-64afebede10d,Bolt,812aefea-12b3-4bd4-97e1-3b1d8847ec46,scooter,trip_start,51,2026-09-13T14:48:25Z,POINT (-9.12831 38.71410)
da535a01-0fdb-47bf-a34d-e190975adfa3,a08ff49b-6f77-4632-a16c-43069c43a8c3,Lime,ab57ce07-4d3f-420b-8193-949496ce47e5,bicycle,low_battery,11,2026-09-13T14:56:42Z,POINT (-9.20161 38.70647)
6d4b1b4d-8428-485a-8558-66d8e437629f,a08ff49b-6f77-4632-a16c-43069c43a8c3,Lime,156bb1ca-d760-4ab9-a5e1-dea83898e499,bicycle,provider_drop_off,35,2026-09-13T15:37:10Z,POINT (-9.13130 38.71316)
7b88b095-304f-4cda-9178-6517b8cb4925,aa36434e-f251-4c63-8d4e-86a538cc03aa,Gira,2e307524-1725-4210-adeb-51c33cd6bb74,bicycle,reserve,45,2026-09-13T15:46:07Z,POINT (-9.15647 38.72029)
3ca1a87b-bf3c-41c8-be32-24fa3d55e1b5,e8eb2af2-f261-45a8-91cd-424e42a85121,Dott,c32697e9-d900-4b85-8306-36d33914b224,bicycle,trip_end,73,2026-09-13T15:49:37Z,POINT (-9.14508 38.71096)
d82a3ed4-1ad9-4d78-8fe4-df567534a4f1,e8eb2af2-f261-45a8-91cd-424e42a85121,Dott,a4d95b93-754f-4b9a-bdd2-305dc5ee94be,scooter,trip_end,60,2026-09-13T16:05:24Z,POINT (-9.16086 38.71026)
0dbec576-197b-4352-b8db-d37f6a1a0118,7cf3c256-32b9-4409-93fb-64afebede10d,Bolt,5edfe977-8820-4692-b043-bb026ff5f108,scooter,trip_end,77,2026-09-13T16:08:06Z,POINT (-9.21269 38.69678)
f53af0f1-cda7-4faf-a3e6-9e7ba7df5891,e8eb2af2-f261-45a8-91cd-424e42a85121,Dott,9c83caf4-9979-4772-b945-176d481e86d4,bicycle,trip_start,73,2026-09-13T16:28:12Z,POINT (-9.19808 38.69602)
ccfe9e61-05ef-4d85-b2d2-e95185856190,aa1883c4-ffd0-40f5-bd14-dcc312684e4e,Voi,4ee451ad-a72c-4fd6-b033-7490b1a92654,scooter,provider_drop_off,78,2026-09-13T16:38:01Z,POINT (-9.18119 38.70573)
1d244549-247d-440e-9cbf-8524b5b0f8cf,e8eb2af2-f261-45a8-91cd-424e42a85121,Dott,5d1953b5-77df-4f10-8ac5-50acc85c22e3,scooter,trip_end,100,2026-09-13T16:58:05Z,POINT (-9.12050 38.71930)
6b62aa52-a164-4f17-91fc-76669864c931,aa36434e-f251-4c63-8d4e-86a538cc03aa,Gira,7bee37da-9dd7-4eb8-8ec7-22093562c203,bicycle,trip_end,99,2026-09-13T17:02:58Z,POINT (-9.13026 38.71483)
37cd1596-1853-4329-a300-9d933d3a7fcb,7cf3c256-32b9-4409-93fb-64afebede10d,Bolt,a7f0654d-3632-4b53-993e-3cf492c91d44,scooter,maintenance,46,2026-09-13T17:16:07Z,POINT (-9.21375 38.69827)
929fff9e-fe25-43e7-8811-230315759bf2,aa1883c4-ffd0-40f5-bd14-dcc312684e4e,Voi,5ae158e2-cb32-49ef-bfc3-e33766874621,scooter,low_battery,9,2026-09-13T17:18:58Z,POINT (-9.16440 38.77386)
29d936a8-8dc9-492b-8f2f-c4bf0d349110,7cf3c256-32b9-4409-93fb-64afebede10d,Bolt,1227134d-371d-46de-a9f8-c75e5eb25659,scooter,trip_start,97,2026-09-13T17:27:07Z,POINT (-9.17982 38.70458)
2c0e897e-f676-4832-ad87-9d3dc87eedb4,a08ff49b-6f77-4632-a16c-43069c43a8c3,Lime,6a6573de-c6be-48e9-af4b-f6b9f09507b9,scooter,reserve,44,2026-09-13T17:27:30Z,POINT (-9.12700 38.75015)
230158fe-4f2a-4a41-9210-358205d0d821,a08ff49b-6f77-4632-a16c-43069c43a8c3,Lime,7f66a58a-eae7-47e3-8580-1a0e28239a44,scooter,trip_end,75,2026-09-13T17:36:42Z,POINT (-9.10371 38.76127)
a0f604c2-e162-4895-8160-ef9a3a760fd7,7cf3c256-32b9-4409-93fb-64afebede10d,Bolt,b5188819-ee99-40d7-b7b4-744da20ef2d4,scooter,rebalance_pick_up,47,2026-09-13T17:40:56Z,POINT (-9.18364 38.70174)
595527be-045f-4cd5-be7a-fe68136ad36b,7cf3c256-32b9-4409-93fb-64afebede10d,Bolt,a6ee3b14-19c9-475b-8b33-0dd839a13c4e,scooter,trip_start,42,2026-09-13T17:52:35Z,POINT (-9.13911 38.71227)
bf4ba3bf-a54c-4b21-9434-270fa01e7935,a08ff49b-6f77-4632-a16c-43069c43a8c3,Lime,d6b03f30-702e-4b14-ae5c-c94065f9ba6f,bicycle,low_battery,14,2026-09-13T17:57:47Z,POINT (-9.14456 38.70963)
3c90148e-53f1-46b7-a557-9670bd96627e,7cf3c256-32b9-4409-93fb-64afebede10d,Bolt,de1d1389-2c83-43c4-b145-f83cb33557d0,scooter,low_battery,11,2026-09-13T18:15:37Z,POINT (-9.15493 38.72618)
d43d6216-fbb4-4222-8311-f274fa055501,a08ff49b-6f77-4632-a16c-43069c43a8c3,Lime,f999ed29-b6e9-4ecb-8088-7fc7f6bf74a1,bicycle,trip_end,35,2026-09-13T18:20:26Z,POINT (-9.12679 38.71552)
791339ec-22b4-49b9-aa00-be98d3d01329,a08ff49b-6f77-4632-a16c-43069c43a8c3,Lime,713cdac6-b84b-49c3-bfd2-f3e5f587668c,scooter,reserve,91,2026-09-13T18:40:50Z,POINT (-9.13026 38.71322)
a7e6be5d-5074-47e4-b4a8-89ca58e23ab7,e8eb2af2-f261-45a8-91cd-424e42a85121,Dott,28073d88-9cef-4f4c-901f-e3e0928bc625,bicycle,trip_end,83,2026-09-13T18:51:47Z,POINT (-9.10397 38.73698)
602a09c7-340a-489f-bcb3-88750bb939c6,e8eb2af2-f261-45a8-91cd-424e42a85121,Dott,7811a11d-01f5-481e-922b-436f704d883b,bicycle,reserve,34,2026-09-13T19:10:12Z,POINT (-9.09330 38.75902)
94b7b252-009f-4f6a-a9c0-e7f4a3c26894,7cf3c256-32b9-4409-93fb-64afebede10d,Bolt,295b7d83-6d22-421a-a4e5-23e8cace8f77,scooter,trip_end,94,2026-09-13T19:16:08Z,POINT (-9.13601 38.71816)
46dc37db-0a07-4d9e-a859-75411c9c5f7d,a08ff49b-6f77-4632-a16c-43069c43a8c3,Lime,7194b231-29fc-468c-9b41-7cf0e20e0ccf,bicycle,trip_start,73,2026-09-13T19:33:09Z,POINT (-9.16763 38.75603)
99e1f6db-7215-412b-8190-34452bddd898,a08ff49b-6f77-4632-a16c-43069c43a8c3,Lime,0e9018d4-1a57-4ca3-8b80-c44a4ba5e259,scooter,trip_start,65,2026-09-13T19:53:38Z,POINT (-9.16193 38.77022)
79140fb7-adef-4128-a8aa-f2b5c407baa0,e8eb2af2-f261-45a8-91cd-424e42a85121,Dott,c32697e9-d900-4b85-8306-36d33914b224,scooter,low_battery,11,2026-09-13T20:06:10Z,POINT (-9.14304 38.73458)
f936c601-7006-41ec-ac72-18b3a3450c2b,aa1883c4-ffd0-40f5-bd14-dcc312684e4e,Voi,c98727ca-6a8d-4cb4-aa48-57e50d3b68f7,scooter,provider_drop_off,25,2026-09-13T21:09:23Z,POINT (-9.14870 38.70986)
7108c7d3-a843-4dfb-b114-31e9e3d27fb4,aa1883c4-ffd0-40f5-bd14-dcc312684e4e,Voi,03fb9fd8-ea75-45f7-b003-228d335ad55f,scooter,trip_start,38,2026-09-13T21:17:34Z,POINT (-9.14143 38.71228)
02147bd8-63b8-4197-8f16-ecc922c028d3,aa1883c4-ffd0-40f5-bd14-dcc312684e4e,Voi,e76c6c47-348f-46d9-8fcf-b0a1034f6c26,scooter,low_battery,9,2026-09-13T22:16:22Z,POINT (-9.12916 38.71864)
53772973-02b4-4979-8b67-2dc7c186635f,a08ff49b-6f77-4632-a16c-43069c43a8c3,Lime,a2abc323-5295-46c9-8cd2-00f8bf1bfbf2,scooter,trip_start,92,2026-09-13T22:30:13Z,POINT (-9.13349 38.71313)
2711eac2-45e2-4662-b35b-ff9fc17716a0,aa36434e-f251-4c63-8d4e-86a538cc03aa,Gira,38ce2da9-28d5-4f22-9f4b-99fd9a14c34f,bicycle,rebalance_pick_up,100,2026-09-14T00:08:09Z,POINT (-9.14729 38.74252)
c6910d59-75d7-4f7b-ae2b-5554b8ce1ac5,aa1883c4-ffd0-40f5-bd14-dcc312684e4e,Voi,07204596-a43b-4a93-8039-275015775852,scooter,trip_end,29,2026-09-14T00:17:08Z,POINT (-9.20328 38.69636)
df2eea0f-1a58-4d22-ad7d-109cdc52f6ba,e8eb2af2-f261-45a8-91cd-424e42a85121,Dott,5e12285e-1932-4311-ba42-fbda9800b9fc,bicycle,trip_end,40,2026-09-14T00:26:04Z,POINT (-9.14460 38.71069)
33e6cc1f-e13a-4f31-b4ef-0b7cdb323b92,7cf3c256-32b9-4409-93fb-64afebede10d,Bolt,af9ceb79-1bd7-4d19-8a69-32365a79c529,scooter,trip_end,86,2026-09-14T00:57:23Z,POINT (-9.11114 38.77502)
b143d59a-b9c3-4839-94da-a9f6dab64a28,a08ff49b-6f77-4632-a16c-43069c43a8c3,Lime,156bb1ca-d760-4ab9-a5e1-dea83898e499,scooter,rebalance_drop_off,47,2026-09-14T01:25:30Z,POINT (-9.14731 38.71580)
b77c8fce-f900-4a08-b715-3df19ecc867e,aa1883c4-ffd0-40f5-bd14-dcc312684e4e,Voi,13f8b892-9c72-426d-9d87-f509dd93360e,scooter,trip_start,36,2026-09-14T03:15:08Z,POINT (-9.14623 38.72993)
2a150d11-1fe8-487b-86c6-fbf752718832,aa1883c4-ffd0-40f5-bd14-dcc312684e4e,Voi,2879fd7d-e648-47e0-84be-e5da81c62c4e,scooter,trip_end,98,2026-09-14T03:42:41Z,POINT (-9.14750 38.72794)
ec18505d-8947-485a-89c5-c781e7858ab7,a08ff49b-6f77-4632-a16c-43069c43a8c3,Lime,7194b231-29fc-468c-9b41-7cf0e20e0ccf,scooter,trip_start,72,2026-09-14T05:14:54Z,POINT (-9.18202 38.70528)
cd0d1b24-60af-4cc7-8290-5848f78ef8ca,a08ff49b-6f77-4632-a16c-43069c43a8c3,Lime,b93e7681-bedb-4bbd-917a-957bd8778062,scooter,trip_start,42,2026-09-14T06:03:36Z,POINT (-9.15360 38.74617)
e626e9bb-1f32-4feb-8ded-93c5a77fd337,aa1883c4-ffd0-40f5-bd14-dcc312684e4e,Voi,61645813-df32-4479-84c0-c246c8cd2a9c,scooter,provider_pick_up,97,2026-09-14T06:05:23Z,POINT (-9.13467 38.73985)
7cdf5261-b4ef-465d-ba38-8e234d9252c8,a08ff49b-6f77-4632-a16c-43069c43a8c3,Lime,6a6573de-c6be-48e9-af4b-f6b9f09507b9,scooter,low_battery,13,2026-09-14T06:53:56Z,POINT (-9.14010 38.71246)
ae55046e-8478-4d9a-a78c-5b442241ed76,e8eb2af2-f261-45a8-91cd-424e42a85121,Dott,8d89eb23-13b3-4a30-b1bd-4d3e9e3a72a8,scooter,rebalance_drop_off,27,2026-09-14T07:09:09Z,POINT (-9.13225 38.74467)
664a5984-b9cf-4db2-bf24-df6cc0fced0d,aa1883c4-ffd0-40f5-bd14-dcc312684e4e,Voi,0ad3b81f-2c3f-416b-a938-4753d01927db,scooter,trip_start,83,2026-09-14T07:26:21Z,POINT (-9.12315 38.71488)
ece62109-72ce-4592-8885-8b513f45efec,a08ff49b-6f77-4632-a16c-43069c43a8c3,Lime,3c9f37e5-d143-4e3e-9999-f2ab1669306f,bicycle,low_battery,13,2026-09-14T07:39:50Z,POINT (-9.10317 38.77054)
0a4970ac-b1e1-4feb-ba66-f7ccc258ce4d,7cf3c256-32b9-4409-93fb-64afebede10d,Bolt,99efdc1a-29b7-4ed2-b6d3-893e3ed77c6b,scooter,trip_end,83,2026-09-14T07:46:35Z,POINT (-9.14017 38.73617)
dd86aa0e-36f8-4024-960a-1afa9991ca54,7cf3c256-32b9-4409-93fb-64afebede10d,Bolt,5af93444-6081-414d-8915-68af1146615f,scooter,trip_start,27,2026-09-14T07:56:14Z,POINT (-9.14882 38.71014)
fd2ad937-127b-453c-98c3-a1bb435addac,e8eb2af2-f261-45a8-91cd-424e42a85121,Dott,7416e9c3-e357-4151-ac45-5f41bb36074f,bicycle,provider_drop_off,82,2026-09-14T07:58:09Z,POINT (-9.14834 38.71981)
0ac73238-139a-4559-8b13-6871e6f1e024,aa1883c4-ffd0-40f5-bd14-dcc312684e4e,Voi,c1470e19-52cb-4b02-bd45-6f60e4ec536d,scooter,trip_end,56,2026-09-14T07:58:20Z,POINT (-9.14956 38.71804)
dfc8ca07-7d3e-4a6a-8e0a-052aab295630,aa1883c4-ffd0-40f5-bd14-dcc312684e4e,Voi,2d9f1172-5161-4dbc-8c2e-450f677fcf26,scooter,trip_start,25,2026-09-14T08:03:16Z,POINT (-9.14349 38.74395)
e3df122b-756b-4b84-a112-2fe11c85af7e,aa1883c4-ffd0-40f5-bd14-dcc312684e4e,Voi,01e25e66-00ba-40ee-a58d-ad9344f99f69,scooter,trip_start,42,2026-09-14T08:09:06Z,POINT (-9.14452 38.73484)
028f072d-1396-47df-a5c1-65a1c199e9e0,e8eb2af2-f261-45a8-91cd-424e42a85121,Dott,feb976b5-da66-45a8-b57b-7aec4713ec63,scooter,reserve,75,2026-09-14T08:11:59Z,POINT (-9.14476 38.73173)
7e2c4d45-fd5c-4941-b69c-cb3193e85bc4,7cf3c256-32b9-4409-93fb-64afebede10d,Bolt,cca80457-1f1f-4cfd-b3cb-c6f5c10b0b5b,scooter,trip_end,94,2026-09-14T08:17:59Z,POINT (-9.11365 38.75806)
3d051639-ac13-4eaf-8393-5128ff10719e,e8eb2af2-f261-45a8-91cd-424e42a85121,Dott,6d983729-9862-4b14-8e07-4db00ab18fd0,bicycle,trip_start,75,2026-09-14T08:23:10Z,POINT (-9.12393 38.71327)
467aa499-d757-4df2-ad2b-5be8815fb33c,e8eb2af2-f261-45a8-91cd-424e42a85121,Dott,c32697e9-d900-4b85-8306-36d33914b224,bicycle,rebalance_drop_off,48,2026-09-14T08:38:06Z,POINT (-9.09896 38.76045)
8775f3c2-e8f0-48d0-b93f-22efe892baef,e8eb2af2-f261-45a8-91cd-424e42a85121,Dott,05f64acc-67fd-42c6-b791-689ef6733401,scooter,reserve,96,2026-09-14T08:54:37Z,POINT (-9.14689 38.73154)
b7838625-c2cc-4f91-bd50-c721f7397fdc,aa36434e-f251-4c63-8d4e-86a538cc03aa,Gira,71bcda98-1399-433f-a9c7-77b2d03e1b88,bicycle,trip_end,58,2026-09-14T08:56:23Z,POINT (-9.14158 38.73458)
093a7e33-a3cd-45fb-9544-ea0d6a04f59e,7cf3c256-32b9-4409-93fb-64afebede10d,Bolt,3c2f548f-4d29-4aba-9b36-1e80e813a5c1,scooter,trip_start,47,2026-09-14T08:58:46Z,POINT (-9.15275 38.70851)
895b3817-ac85-4d17-82ec-7f8527c49927,a08ff49b-6f77-4632-a16c-43069c43a8c3,Lime,7a67d56b-f640-4a48-9f5e-97f2ecd20944,scooter,low_battery,8,2026-09-14T09:06:27Z,POINT (-9.15671 38.72311)
454f0e7a-39de-471e-be21-61a54f3cb396,aa36434e-f251-4c63-8d4e-86a538cc03aa,Gira,7cbc9616-e6a5-4582-87f3-6959e464fcc3,bicycle,trip_end,54,2026-09-14T09:42:41Z,POINT (-9.13684 38.71217)
3b211efa-cbea-4f4e-bae1-becf2c132c72,7cf3c256-32b9-4409-93fb-64afebede10d,Bolt,8d943767-66fa-4329-a57e-d3f3dd2514c2,scooter,trip_start,65,2026-09-14T09:57:16Z,POINT (-9.14197 38.74962)
2ceea7a3-65be-4f7f-a34a-49f643502c0f,e8eb2af2-f261-45a8-91cd-424e42a85121,Dott,1f1c2d49-3dda-41b5-9ae2-4a535d9def5e,bicycle,trip_end,43,2026-09-14T10:13:51Z,POINT (-9.13074 38.71244)
8067c28e-b627-41a2-ab8e-9853074aa019,aa1883c4-ffd0-40f5-bd14-dcc312684e4e,Voi,9e67822d-2868-45fe-b4d4-69460bb7ddad,scooter,trip_end,45,2026-09-14T10:23:11Z,POINT (-9.13973 38.75450)
6d9840c6-3c9c-489e-9903-e11e4492873c,aa1883c4-ffd0-40f5-bd14-dcc312684e4e,Voi,c1470e19-52cb-4b02-bd45-6f60e4ec536d,scooter,trip_end,40,2026-09-14T10:36:40Z,POINT (-9.20500 38.69563)
8252241b-1b39-4fa9-b9e9-9864292e2973,a08ff49b-6f77-4632-a16c-43069c43a8c3,Lime,4a779d01-94aa-4255-b9b4-482e3ffccb37,bicycle,trip_start,39,2026-09-14T10:52:46Z,POINT (-9.11445 38.73858)
2055e8c4-baca-4bff-9032-4ff2653443cd,a08ff49b-6f77-4632-a16c-43069c43a8c3,Lime,7f4990cc-90e3-442d-acf1-5c6bad4fad06,bicycle,trip_end,85,2026-09-14T11:07:38Z,POINT (-9.14453 38.72919)
2c08c01a-e04d-4771-9283-7db2bf39d8de,e8eb2af2-f261-45a8-91cd-424e42a85121,Dott,feb976b5-da66-45a8-b57b-7aec4713ec63,bicycle,trip_start,86,2026-09-14T11:08:28Z,POINT (-9.14650 38.71491)
49a309a3-0d20-4a5c-8d73-18a19b850cac,a08ff49b-6f77-4632-a16c-43069c43a8c3,Lime,e3e4cb2d-5976-46ea-916f-6e5ef3ba3e32,bicycle,trip_end,47,2026-09-14T11:10:45Z,POINT (-9.09553 38.76168)
b8431d0c-9250-48fe-ac78-e801d4d01358,a08ff49b-6f77-4632-a16c-43069c43a8c3,Lime,b93e7681-bedb-4bbd-917a-957bd8778062,bicycle,low_battery,14,2026-09-14T11:14:31Z,POINT (-9.14012 38.73011)
f148807e-edd4-4cef-9fc5-ff14b9ec7a3f,aa1883c4-ffd0-40f5-bd14-dcc312684e4e,Voi,01e25e66-00ba-40ee-a58d-ad9344f99f69,scooter,low_battery,4,2026-09-14T11:26:57Z,POINT (-9.12660 38.71418)
e4a23482-1e1f-40c2-b4df-3556dac029bb,a08ff49b-6f77-4632-a16c-43069c43a8c3,Lime,971c13bc-5841-4fb1-9f6d-0f973a83e40b,scooter,trip_start,55,2026-09-14T11:34:58Z,POINT (-9.13601 38.71818)
3a24bc3a-7873-4f07-a94f-86587982b87f,aa1883c4-ffd0-40f5-bd14-dcc312684e4e,Voi,1f968a3a-5d19-4df8-9aec-4e7ccfd90cd8,scooter,reserve,25,2026-09-14T12:23:18Z,POINT (-9.14820 38.73264)
d1500c94-fd9b-44b4-b336-5cd761605c23,e8eb2af2-f261-45a8-91cd-424e42a85121,Dott,fba29c17-284c-4313-982c-963cdf81a1de,bicycle,trip_start,87,2026-09-14T12:55:21Z,POINT (-9.15127 38.74944)
ce7cd217-a2fb-47ab-8091-030161c150a1,7cf3c256-32b9-4409-93fb-64afebede10d,Bolt,ca0dd966-70f1-4336-984e-512099f1fdb3,scooter,trip_end,57,2026-09-14T12:57:52Z,POINT (-9.17884 38.70011)
a7d55e02-47f9-452f-ae11-2a678c8bd3c3,7cf3c256-32b9-4409-93fb-64afebede10d,Bolt,492e08b4-b385-4ba2-b2f0-3a5b25d6ff70,scooter,trip_end,83,2026-09-14T13:11:07Z,POINT (-9.13849 38.71102)
9009262f-c005-401e-b15b-c1b758252b56,a08ff49b-6f77-4632-a16c-43069c43a8c3,Lime,c3b109bf-3623-4a20-9a44-df1ddaa9bc82,bicycle,low_battery,15,2026-09-14T13:40:18Z,POINT (-9.15397 38.73760)
c2111f45-17e1-4519-9ed9-2f501c8eea46,e8eb2af2-f261-45a8-91cd-424e42a85121,Dott,3537861c-b0cd-4770-ae8b-ad80cc16bef5,scooter,trip_start,70,2026-09-14T13:48:47Z,POINT (-9.14320 38.72677)
25c2d0e9-1f55-4a7e-ac3e-f9e86b498d00,e8eb2af2-f261-45a8-91cd-424e42a85121,Dott,1f1c2d49-3dda-41b5-9ae2-4a535d9def5e,scooter,provider_drop_off,68,2026-09-14T13:52:35Z,POINT (-9.13940 38.71199)
ca06fd23-8366-4a9e-a272-8fd26992cd62,aa1883c4-ffd0-40f5-bd14-dcc312684e4e,Voi,071a92c5-3948-499e-83d5-60f495ad6cdb,scooter,trip_start,82,2026-09-14T13:55:26Z,POINT (-9.12462 38.71923)
bdf38933-a0ed-4f8f-922c-2fcb16dc57b4,7cf3c256-32b9-4409-93fb-64afebede10d,Bolt,30263074-bcd3-496e-bf58-222725565161,scooter,trip_start,29,2026-09-14T14:11:27Z,POINT (-9.13539 38.72311)
d6dd5ce6-c475-4395-a1b7-d768c0bfb718,7cf3c256-32b9-4409-93fb-64afebede10d,Bolt,d7ea733f-446b-43e6-a7df-f72acb99fc17,scooter,trip_end,93,2026-09-14T14:21:01Z,POINT (-9.14460 38.71921)
ba3b0e98-27a7-4c19-b625-e6a488552e88,e8eb2af2-f261-45a8-91cd-424e42a85121,Dott,f58121e0-0c36-46d3-afab-8c17ab0a1d05,bicycle,low_battery,6,2026-09-14T14:33:04Z,POINT (-9.12234 38.71425)
d5a806a3-1be1-4a29-9f4f-12a654e0c807,e8eb2af2-f261-45a8-91cd-424e42a85121,Dott,0372c55a-852f-420b-84d5-5a335465307b,scooter,low_battery,11,2026-09-14T14:36:03Z,POINT (-9.14436 38.71151)
14edb6b2-ebe5-40a5-a3b3-784f49cd7036,aa36434e-f251-4c63-8d4e-86a538cc03aa,Gira,68b95738-6c48-47fa-861b-573b2f49f73e,bicycle,trip_end,52,2026-09-14T14:38:05Z,POINT (-9.14461 38.74445)
9bc7f607-a2dc-478a-acd5-5920962039ee,e8eb2af2-f261-45a8-91cd-424e42a85121,Dott,bd67f460-81d3-4c86-918b-a1da249d7648,scooter,trip_start,53,2026-09-14T14:52:41Z,POINT (-9.14812 38.74026)
56902aa0-7757-4980-8a9e-359d86feae3a,7cf3c256-32b9-4409-93fb-64afebede10d,Bolt,30263074-bcd3-496e-bf58-222725565161,scooter,trip_end,77,2026-09-14T15:00:05Z,POINT (-9.13620 38.71544)
883989f0-b9bc-49b5-bc0f-1c1a5bf6d9ea,a08ff49b-6f77-4632-a16c-43069c43a8c3,Lime,b6ef72b8-cd1d-45f7-94e0-181369664e5b,scooter,trip_end,41,2026-09-14T15:39:55Z,POINT (-9.10340 38.77218)
8b51023e-a84c-4b7c-b5ba-253f0050c9cb,e8eb2af2-f261-45a8-91cd-424e42a85121,Dott,36e6d145-c96c-4627-9c3e-dafaac1948b1,bicycle,rebalance_drop_off,59,2026-09-14T15:53:02Z,POINT (-9.12199 38.71459)
ea34cdf3-6267-474c-a776-cd7be6570f6a,a08ff49b-6f77-4632-a16c-43069c43a8c3,Lime,3b859743-b6a5-4f0a-851b-d9942d7d3784,scooter,trip_end,48,2026-09-14T16:38:46Z,POINT (-9.14122 38.71523)
598993ba-c9ba-44a0-bfb2-5321d36485dc,e8eb2af2-f261-45a8-91cd-424e42a85121,Dott,3418560a-eb21-4f1c-90c2-35b89146a1ea,scooter,trip_end,49,2026-09-14T16:38:55Z,POINT (-9.13972 38.71585)
cbe4a187-3005-456e-8161-ff2e83b7d7d7,7cf3c256-32b9-4409-93fb-64afebede10d,Bolt,22b90ef4-4f54-4380-aad7-4c99c40e3871,scooter,reserve,33,2026-09-14T16:51:50Z,POINT (-9.14549 38.74409)
a187d432-eb78-4a5d-a177-abfee5f185e1,e8eb2af2-f261-45a8-91cd-424e42a85121,Dott,45ac8f9b-cf49-48e1-ae54-7c945c8f70eb,bicycle,reserve,64,2026-09-14T17:11:40Z,POINT (-9.14690 38.72882)
50031d1e-bebb-4394-a938-f913921ee5ef,aa36434e-f251-4c63-8d4e-86a538cc03aa,Gira,783e89a4-d5dc-4115-a141-032a6e9748a8,bicycle,trip_end,40,2026-09-14T17:41:07Z,POINT (-9.16966 38.71154)
455f02db-347c-43c2-8466-de6eee7bdced,a08ff49b-6f77-4632-a16c-43069c43a8c3,Lime,78580c6d-d884-45fb-a8b4-ae764a97f441,scooter,trip_start,55,2026-09-14T17:46:02Z,POINT (-9.14605 38.73434)
aa1680d9-10c3-4902-bc25-d694b2b601e1,7cf3c256-32b9-4409-93fb-64afebede10d,Bolt,920d73a3-b403-4e23-b47e-0ac0f90305ff,scooter,cancel_reservation,28,2026-09-14T17:46:44Z,POINT (-9.17488 38.70112)
a862f3ad-d583-47e4-9760-f463105b2c61,7cf3c256-32b9-4409-93fb-64afebede10d,Bolt,528272e8-5213-4ccf-bf4d-8ce9d55d0f6b,scooter,trip_start,56,2026-09-14T17:49:13Z,POINT (-9.15216 38.72733)
cd440e11-1d2d-4732-9e63-643674133c24,aa1883c4-ffd0-40f5-bd14-dcc312684e4e,Voi,783d88f4-28b8-4371-8a4e-51a8b858b538,scooter,low_battery,5,2026-09-14T17:50:36Z,POINT (-9.20586 38.69667)
4c2fb3ca-7093-42be-9272-29d91f5dc937,a08ff49b-6f77-4632-a16c-43069c43a8c3,Lime,239eebd0-357a-4935-8b7f-8689585bbae2,bicycle,trip_end,74,2026-09-14T18:02:01Z,POINT (-9.12646 38.71123)
50cf431a-7bdf-4ab0-90cf-4b3e1e186278,e8eb2af2-f261-45a8-91cd-424e42a85121,Dott,c540596f-2e5c-4d49-8d9b-0771048d67a5,bicycle,trip_start,78,2026-09-14T18:05:47Z,POINT (-9.14129 38.71008)
e885579b-15f6-48cc-ac8a-4abce3a2688b,a08ff49b-6f77-4632-a16c-43069c43a8c3,Lime,54a34579-97d3-4406-ba95-a96046fc151b,scooter,trip_end,36,2026-09-14T18:06:50Z,POINT (-9.15249 38.72849)
92c729a9-3b1c-4a79-9817-96e28afae56b,a08ff49b-6f77-4632-a16c-43069c43a8c3,Lime,3c9f37e5-d143-4e3e-9999-f2ab1669306f,bicycle,trip_end,36,2026-09-14T18:13:15Z,POINT (-9.14079 38.71218)
f3d76972-4cfb-4087-aff2-5f14cf3a3990,aa1883c4-ffd0-40f5-bd14-dcc312684e4e,Voi,61645813-df32-4479-84c0-c246c8cd2a9c,scooter,rebalance_drop_off,65,2026-09-14T18:17:14Z,POINT (-9.17811 38.70398)
d5442c63-5400-4dd1-8b63-6a949fe6ea53,a08ff49b-6f77-4632-a16c-43069c43a8c3,Lime,4a146a3e-f991-4677-813b-23e9c34240c9,bicycle,trip_start,49,2026-09-14T18:18:00Z,POINT (-9.13736 38.71439)
af4eaa1b-a54c-4798-a701-3412552028c0,a08ff49b-6f77-4632-a16c-43069c43a8c3,Lime,0e9018d4-1a57-4ca3-8b80-c44a4ba5e259,bicycle,low_battery,8,2026-09-14T18:23:44Z,POINT (-9.18251 38.70232)
7d202eca-3489-436c-ae06-8321545a75a1,7cf3c256-32b9-4409-93fb-64afebede10d,Bolt,5f0e7639-f185-4751-ad9b-93a5677999af,scooter,trip_start,84,2026-09-14T18:27:54Z,POINT (-9.20077 38.69645)
7b5b9ec1-2401-41e2-bdf1-6b01d72f6308,aa1883c4-ffd0-40f5-bd14-dcc312684e4e,Voi,cdb3c3d7-dfe4-4c9f-b068-d2d0f8f6a0d3,scooter,trip_end,49,2026-09-14T18:32:36Z,POINT (-9.20144 38.70452)
51de0cf5-183c-4d96-8288-b145df0f02f8,aa36434e-f251-4c63-8d4e-86a538cc03aa,Gira,2df41e75-f15c-4e4e-9669-e51ca73f8a29,bicycle,trip_start,38,2026-09-14T18:36:27Z,POINT (-9.13280 38.74409)
3fabbfd3-26af-4d65-8539-31c1baee6983,a08ff49b-6f77-4632-a16c-43069c43a8c3,Lime,416cda3a-b625-4353-96b7-c5bdbeabdfb0,scooter,trip_start,50,2026-09-14T18:38:22Z,POINT (-9.10201 38.76291)
4bf48df2-953d-45d3-9e12-d254c8adfce7,e8eb2af2-f261-45a8-91cd-424e42a85121,Dott,ef1ee6c3-ab03-4de0-9ecf-07a8602da2e8,bicycle,low_battery,13,2026-09-14T18:47:38Z,POINT (-9.14259 38.73391)
486fd693-3bd9-4e5b-9351-77424c041f9d,a08ff49b-6f77-4632-a16c-43069c43a8c3,Lime,9a2e8ee3-b378-4d87-ae27-ec72c79dc27e,bicycle,trip_start,99,2026-09-14T18:53:04Z,POINT (-9.14629 38.73913)
54b7f35e-48bc-49f0-bcca-bc45f3b70915,7cf3c256-32b9-4409-93fb-64afebede10d,Bolt,5edfe977-8820-4692-b043-bb026ff5f108,scooter,trip_start,86,2026-09-14T18:56:28Z,POINT (-9.14960 38.72917)
52af4567-4906-4386-85c6-a9c4eab021b3,7cf3c256-32b9-4409-93fb-64afebede10d,Bolt,1227134d-371d-46de-a9f8-c75e5eb25659,scooter,trip_start,97,2026-09-14T19:05:06Z,POINT (-9.09363 38.76152)
bb7deb08-c4ef-46f7-8598-7f8a7408fc99,aa36434e-f251-4c63-8d4e-86a538cc03aa,Gira,6175d1f5-9fdd-4c04-8b86-6794db0d4030,bicycle,rebalance_pick_up,97,2026-09-14T19:16:43Z,POINT (-9.08848 38.77339)
751f0694-ae44-43f2-9099-6d479e6415cd,aa36434e-f251-4c63-8d4e-86a538cc03aa,Gira,14d9842e-a13f-4b2f-ab50-f6575a726d5e,bicycle,trip_end,54,2026-09-14T19:17:11Z,POINT (-9.14805 38.72726)
7b539e8d-7420-4799-a83d-ae9710cf3da9,aa1883c4-ffd0-40f5-bd14-dcc312684e4e,Voi,d961b548-c8c4-4470-a03b-0a7a153ba25d,scooter,trip_end,42,2026-09-14T19:19:03Z,POINT (-9.13116 38.71849)
fd9b5b20-7ded-4cf6-8287-b4f394870d2b,7cf3c256-32b9-4409-93fb-64afebede10d,Bolt,636fb7a8-389c-421b-8e87-e1365bfae7e3,scooter,trip_start,38,2026-09-14T19:24:00Z,POINT (-9.10853 38.76186)
695e38e5-9d21-4755-b7f8-0244070d377c,e8eb2af2-f261-45a8-91cd-424e42a85121,Dott,047af9f4-92c8-485c-bc45-a7e0bab81c72,bicycle,low_battery,10,2026-09-14T19:28:12Z,POINT (-9.17712 38.70451)
0ec15c6a-1b60-405c-82a4-72da0a42d725,a08ff49b-6f77-4632-a16c-43069c43a8c3,Lime,0203f6b9-5b86-448e-aa1b-5587bab5e0d0,bicycle,trip_end,37,2026-09-14T19:30:07Z,POINT (-9.14441 38.74355)
704597ac-1056-42ff-9189-65b5cf89958a,a08ff49b-6f77-4632-a16c-43069c43a8c3,Lime,c3b109bf-3623-4a20-9a44-df1ddaa9bc82,bicycle,trip_start,93,2026-09-14T19:33:24Z,POINT (-9.12269 38.71426)
0d8353dc-e838-4605-807f-f3702c5f1cdc,a08ff49b-6f77-4632-a16c-43069c43a8c3,Lime,db4fd9c8-4efb-471a-a772-c7ba04eedb66,scooter,trip_end,56,2026-09-14T19:40:03Z,POINT (-9.12745 38.74435)
76e86b5d-47dc-4152-98d8-e5af8776912a,aa36434e-f251-4c63-8d4e-86a538cc03aa,Gira,91f180be-cb45-4118-8807-8fffc5daa84a,bicycle,trip_start,76,2026-09-14T19:43:04Z,POINT (-9.14999 38.71694)
657311b6-c22f-49f6-a148-e6c2168791a6,a08ff49b-6f77-4632-a16c-43069c43a8c3,Lime,1763b74c-d9a8-4694-92cc-a109bb1ee938,bicycle,trip_start,27,2026-09-14T19:43:49Z,POINT (-9.14359 38.72287)
432c291a-34c6-47c0-babb-406ff852880d,7cf3c256-32b9-4409-93fb-64afebede10d,Bolt,fc9d10a4-c90e-43e0-8665-5370acf98dd0,scooter,trip_start,90,2026-09-14T19:48:49Z,POINT (-9.15702 38.72814)
5a23ad63-6278-4f3e-818f-ce13f521ea58,aa1883c4-ffd0-40f5-bd14-dcc312684e4e,Voi,9e67822d-2868-45fe-b4d4-69460bb7ddad,scooter,trip_start,25,2026-09-14T19:52:53Z,POINT (-9.14615 38.70760)
63218661-9912-4161-88cc-d9982281744b,7cf3c256-32b9-4409-93fb-64afebede10d,Bolt,8c71f5b3-43f9-49f9-9a39-cb14c6da5995,scooter,trip_start,72,2026-09-14T20:44:32Z,POINT (-9.14631 38.71030)
99c2b4e8-645b-469f-ae18-c886e6ff28c0,7cf3c256-32b9-4409-93fb-64afebede10d,Bolt,cca80457-1f1f-4cfd-b3cb-c6f5c10b0b5b,scooter,rebalance_drop_off,27,2026-09-14T21:15:20Z,POINT (-9.14377 38.71490)
b4b37af4-d1ac-4aa0-9c11-ae0cd0444a67,e8eb2af2-f261-45a8-91cd-424e42a85121,Dott,293bec1c-bd3e-40f4-9039-2dea84444e9d,scooter,trip_start,56,2026-09-14T22:08:04Z,POINT (-9.17708 38.70543)
2c43e890-e724-4440-80d1-33bf7f8af7b0,a08ff49b-6f77-4632-a16c-43069c43a8c3,Lime,7a67d56b-f640-4a48-9f5e-97f2ecd20944,scooter,trip_end,47,2026-09-14T23:09:38Z,POINT (-9.14282 38.70980)
7243fa15-f2b4-4aba-bbd3-9daa2392ee30,7cf3c256-32b9-4409-93fb-64afebede10d,Bolt,b8206349-ce47-49c8-bdb0-5d3a1a22f509,scooter,trip_end,56,2026-09-15T02:39:38Z,POINT (-9.12805 38.74177)
064c46d7-3dcb-4afb-b97e-c25f09b998f0,e8eb2af2-f261-45a8-91cd-424e42a85121,Dott,afe7ecad-5eb6-4a76-b5ed-1c3579c0705a,bicycle,trip_start,60,2026-09-15T02:56:59Z,POINT (-9.14147 38.71148)
7e845f33-8f8c-438e-95c8-9b7f22c9791f,aa1883c4-ffd0-40f5-bd14-dcc312684e4e,Voi,01e25e66-00ba-40ee-a58d-ad9344f99f69,scooter,provider_pick_up,75,2026-09-15T03:35:12Z,POINT (-9.14094 38.73232)
651a5e7e-b205-4948-b042-efda2bd0daf8,aa1883c4-ffd0-40f5-bd14-dcc312684e4e,Voi,89f58794-175c-45c1-82fd-bf3141ea3734,scooter,low_battery,14,2026-09-15T03:36:49Z,POINT (-9.09464 38.76817)
f9765b85-6f5a-49c7-aa66-3d77d820e592,e8eb2af2-f261-45a8-91cd-424e42a85121,Dott,7e0f786d-78d8-4076-9fed-41fbaf70753f,scooter,trip_end,89,2026-09-15T06:13:27Z,POINT (-9.13751 38.75853)
c2a91395-a332-4a83-b88f-5dc97db2df3b,a08ff49b-6f77-4632-a16c-43069c43a8c3,Lime,f0fe07c7-b727-45ef-bc1c-06d9505aeae5,scooter,trip_end,93,2026-09-15T07:08:55Z,POINT (-9.15226 38.73062)
17b40faf-064c-4273-942b-bdb59bfb8f68,a08ff49b-6f77-4632-a16c-43069c43a8c3,Lime,368dc614-82b2-403b-acdd-cb63b80997c0,bicycle,trip_start,56,2026-09-15T07:12:28Z,POINT (-9.13952 38.71677)
84920508-f85f-4ae7-90c6-921f5da1cf31,a08ff49b-6f77-4632-a16c-43069c43a8c3,Lime,f0fe07c7-b727-45ef-bc1c-06d9505aeae5,bicycle,reserve,52,2026-09-15T07:13:45Z,POINT (-9.14269 38.71997)
b2ba1173-5a2c-4078-bc18-215115f86e9a,e8eb2af2-f261-45a8-91cd-424e42a85121,Dott,3bb14d31-a83f-4ba7-bfa3-52099c2057db,bicycle,trip_start,26,2026-09-15T07:21:28Z,POINT (-9.16101 38.73129)
b46b7938-b58d-4e81-b74a-3d9ce54bf61e,7cf3c256-32b9-4409-93fb-64afebede10d,Bolt,9d22ada4-6a6f-44e8-bdc0-a95499eb387d,scooter,low_battery,10,2026-09-15T07:24:48Z,POINT (-9.12574 38.71156)
7b3af3bf-5be1-45dc-84d3-278f2182a213,7cf3c256-32b9-4409-93fb-64afebede10d,Bolt,8c71f5b3-43f9-49f9-9a39-cb14c6da5995,scooter,low_battery,13,2026-09-15T07:32:41Z,POINT (-9.14256 38.71524)
c1cf6e24-e156-4779-852c-7c8552af8d78,a08ff49b-6f77-4632-a16c-43069c43a8c3,Lime,c3b109bf-3623-4a20-9a44-df1ddaa9bc82,scooter,trip_end,91,2026-09-15T07:34:20Z,POINT (-9.10289 38.75927)
ce3dc73a-1044-4e23-938d-4e1b0d4d2a7f,aa36434e-f251-4c63-8d4e-86a538cc03aa,Gira,7bee37da-9dd7-4eb8-8ec7-22093562c203,bicycle,trip_start,30,2026-09-15T07:42:41Z,POINT (-9.15420 38.75744)
7a312411-c637-4eb5-91be-7934a8091fc2,7cf3c256-32b9-4409-93fb-64afebede10d,Bolt,c61537dd-d2bc-4b1a-a12f-e284c331508d,scooter,trip_end,66,2026-09-15T07:48:25Z,POINT (-9.15148 38.73134)
e8532e11-da0a-4957-a48e-53dbc19465b9,a08ff49b-6f77-4632-a16c-43069c43a8c3,Lime,3d45796b-7204-4136-b647-75ae94bcce81,bicycle,rebalance_drop_off,26,2026-09-15T07:48:58Z,POINT (-9.11693 38.71852)
16bf3484-9f66-450d-b373-02fb29c36aea,a08ff49b-6f77-4632-a16c-43069c43a8c3,Lime,6a6573de-c6be-48e9-af4b-f6b9f09507b9,bicycle,reserve,31,2026-09-15T07:51:03Z,POINT (-9.15626 38.71844)
b88f7f92-e5af-48d2-bf5b-d03387a58d26,7cf3c256-32b9-4409-93fb-64afebede10d,Bolt,b5188819-ee99-40d7-b7b4-744da20ef2d4,scooter,trip_end,26,2026-09-15T07:52:06Z,POINT (-9.14313 38.73612)
0115868f-3a18-4e1a-a80a-4032a387cfab,e8eb2af2-f261-45a8-91cd-424e42a85121,Dott,32a1fa1a-60cc-48ce-843c-1184c183d813,scooter,rebalance_drop_off,54,2026-09-15T07:53:25Z,POINT (-9.17059 38.70373)
04793145-08b7-4541-b8f3-fc31714a253c,7cf3c256-32b9-4409-93fb-64afebede10d,Bolt,55ac426d-73df-467b-91b8-37842bce8c2f,scooter,provider_pick_up,68,2026-09-15T07:54:43Z,POINT (-9.14271 38.70691)
32b6e122-527a-456e-a39e-faf09d82fafd,7cf3c256-32b9-4409-93fb-64afebede10d,Bolt,3949564b-b355-4809-b5ad-4763991502ab,scooter,low_battery,3,2026-09-15T08:05:05Z,POINT (-9.14390 38.75044)
321bf457-34c3-437d-bf07-f31317b4978d,7cf3c256-32b9-4409-93fb-64afebede10d,Bolt,3e5350ed-dc4e-4868-8250-32b3aee70442,scooter,reserve,29,2026-09-15T08:07:50Z,POINT (-9.20485 38.69866)
2b7d9151-6811-4cbc-a8a8-344513b65325,a08ff49b-6f77-4632-a16c-43069c43a8c3,Lime,fbc42510-806e-4fae-a3f3-44f79f21b705,bicycle,trip_start,83,2026-09-15T08:16:00Z,POINT (-9.16599 38.77705)
a337693d-7d3a-45bb-a87f-e590a6071e39,e8eb2af2-f261-45a8-91cd-424e42a85121,Dott,7e0f786d-78d8-4076-9fed-41fbaf70753f,scooter,trip_start,54,2026-09-15T08:20:46Z,POINT (-9.14268 38.75147)
2dff1fab-0b84-4eba-805e-3efcc773fbfc,a08ff49b-6f77-4632-a16c-43069c43a8c3,Lime,ab68a027-9ead-4272-9988-bd392fc0c85b,scooter,rebalance_pick_up,42,2026-09-15T08:22:19Z,POINT (-9.13903 38.71245)
07a317e1-a296-4f45-8a33-8fc6626ee565,a08ff49b-6f77-4632-a16c-43069c43a8c3,Lime,971c13bc-5841-4fb1-9f6d-0f973a83e40b,bicycle,trip_start,81,2026-09-15T08:26:00Z,POINT (-9.14841 38.72305)
a80f64f8-6469-4921-830b-c52bf18b5705,7cf3c256-32b9-4409-93fb-64afebede10d,Bolt,fcbf1b0a-7349-4f43-95c2-585922da8e83,scooter,trip_end,72,2026-09-15T08:29:46Z,POINT (-9.14939 38.72230)
6556f454-ef22-4e5c-b18c-81cb4997f71e,a08ff49b-6f77-4632-a16c-43069c43a8c3,Lime,6316b14d-87cf-4770-bd5a-959dfcebdbf5,bicycle,reserve,37,2026-09-15T08:32:46Z,POINT (-9.08186 38.77205)
392d9f83-3ee2-4604-9556-dcd9453c76c5,a08ff49b-6f77-4632-a16c-43069c43a8c3,Lime,24bcd670-0fa6-4c12-9b71-1aeda82a211f,scooter,reserve,40,2026-09-15T08:50:52Z,POINT (-9.15233 38.72672)
d129bc86-3ef9-48b3-bdc6-f2b112ea973b,a08ff49b-6f77-4632-a16c-43069c43a8c3,Lime,bb4e65a3-8848-43ee-bf99-c1f53591af0e,bicycle,reserve,34,2026-09-15T08:55:47Z,POINT (-9.14822 38.72433)
8a242532-ca22-43ca-a5a9-3aa44091b8fd,a08ff49b-6f77-4632-a16c-43069c43a8c3,Lime,6193320b-017d-42f1-82ab-97f628261e7c,bicycle,trip_end,36,2026-09-15T09:09:47Z,POINT (-9.20752 38.70184)
8268c75e-0655-43cf-bc20-a67db096cd69,a08ff49b-6f77-4632-a16c-43069c43a8c3,Lime,bb4e65a3-8848-43ee-bf99-c1f53591af0e,bicycle,maintenance,78,2026-09-15T09:10:38Z,POINT (-9.13298 38.71342)
119c4dd0-a50b-4fb8-921e-5534f264bfaf,7cf3c256-32b9-4409-93fb-64afebede10d,Bolt,a7f0654d-3632-4b53-993e-3cf492c91d44,scooter,trip_end,44,2026-09-15T09:13:51Z,POINT (-9.15664 38.73104)
5bbc9bed-6560-48f6-8ca4-96dac10d45a1,a08ff49b-6f77-4632-a16c-43069c43a8c3,Lime,567c7a9c-0022-4d60-9b79-a9c823ecf9ba,scooter,maintenance,50,2026-09-15T09:28:10Z,POINT (-9.14792 38.73493)
5836dbef-bd8f-4406-a918-da9e9209648e,7cf3c256-32b9-4409-93fb-64afebede10d,Bolt,73c82101-b9fe-4a66-99b4-de7ae181ad7d,scooter,trip_end,89,2026-09-15T09:53:40Z,POINT (-9.13881 38.74063)
b52e04d0-3f87-4262-bac1-3723017481c3,7cf3c256-32b9-4409-93fb-64afebede10d,Bolt,fc9d10a4-c90e-43e0-8665-5370acf98dd0,scooter,trip_end,67,2026-09-15T09:59:01Z,POINT (-9.14219 38.73798)
0fbaeeb2-d4ae-46d6-8ebf-b91bcac9c853,a08ff49b-6f77-4632-a16c-43069c43a8c3,Lime,ff41662a-417b-46de-aaa8-5d628452cc0b,scooter,trip_start,56,2026-09-15T09:59:25Z,POINT (-9.16054 38.72275)
c891a125-5097-4a68-8045-4fc2f065ac90,7cf3c256-32b9-4409-93fb-64afebede10d,Bolt,2e7418d0-0f0b-40c1-bf17-76055fb1341a,scooter,reserve,69,2026-09-15T10:00:48Z,POINT (-9.13518 38.72888)
fcf97793-4707-4674-8db9-6d26e224b9f3,aa36434e-f251-4c63-8d4e-86a538cc03aa,Gira,832396db-1db0-4f15-ab79-fa9057233da4,bicycle,trip_end,92,2026-09-15T10:06:23Z,POINT (-9.12495 38.71751)
d4fa1cba-92af-482d-bed8-b66f4c8c1630,a08ff49b-6f77-4632-a16c-43069c43a8c3,Lime,a2abc323-5295-46c9-8cd2-00f8bf1bfbf2,scooter,trip_start,42,2026-09-15T10:21:15Z,POINT (-9.20373 38.70519)
1d79ccd4-88d7-42c1-9439-bd781401467e,7cf3c256-32b9-4409-93fb-64afebede10d,Bolt,59fd1a30-96d1-4f7f-b425-1fbd4aa7fe6c,scooter,provider_drop_off,98,2026-09-15T10:24:58Z,POINT (-9.15975 38.76183)
be2fcc3d-5835-457f-8327-cb301b709bf8,7cf3c256-32b9-4409-93fb-64afebede10d,Bolt,debb5c7d-bf6b-4e87-8d03-418fda95caf6,scooter,reserve,100,2026-09-15T10:35:31Z,POINT (-9.13954 38.70887)
3fe5aad2-701a-41f1-a8ec-f5bab12e4cf1,7cf3c256-32b9-4409-93fb-64afebede10d,Bolt,3e5350ed-dc4e-4868-8250-32b3aee70442,scooter,trip_end,55,2026-09-15T10:36:00Z,POINT (-9.14326 38.70674)
a5c620c9-9a20-47ce-94fa-53505da6f0b6,e8eb2af2-f261-45a8-91cd-424e42a85121,Dott,ae9cdd57-7328-4d05-9eb2-50f9d0ea9f6d,scooter,trip_start,44,2026-09-15T10:37:36Z,POINT (-9.16127 38.71918)
f502ba48-4d75-4e39-90ba-6404b728f2ea,e8eb2af2-f261-45a8-91cd-424e42a85121,Dott,caf5d69a-3f09-4a2f-9792-d225524e7d95,scooter,low_battery,8,2026-09-15T10:41:03Z,POINT (-9.14547 38.72923)
d7cf4326-02db-4046-ab33-539371219b71,aa1883c4-ffd0-40f5-bd14-dcc312684e4e,Voi,5ae158e2-cb32-49ef-bfc3-e33766874621,scooter,cancel_reservation,56,2026-09-15T10:41:13Z,POINT (-9.15323 38.70932)
8460186c-ce1e-4c40-abc0-130e916b8edb,a08ff49b-6f77-4632-a16c-43069c43a8c3,Lime,3d45796b-7204-4136-b647-75ae94bcce81,scooter,reserve,56,2026-09-15T11:05:01Z,POINT (-9.12189 38.71746)
6ee9afe7-a4f6-4685-8c00-63608b22aedb,e8eb2af2-f261-45a8-91cd-424e42a85121,Dott,3bb14d31-a83f-4ba7-bfa3-52099c2057db,bicycle,trip_start,86,2026-09-15T11:23:59Z,POINT (-9.20637 38.69933)
97805834-bfe2-4bb8-94e8-9429670eb68b,aa36434e-f251-4c63-8d4e-86a538cc03aa,Gira,ba15144f-9864-410f-9c45-0cd80d43c790,bicycle,reserve,60,2026-09-15T11:44:21Z,POINT (-9.12811 38.71316)
57a26bd1-cd76-4a13-9d2d-004ef7d4df0d,aa36434e-f251-4c63-8d4e-86a538cc03aa,Gira,6175d1f5-9fdd-4c04-8b86-6794db0d4030,bicycle,trip_end,79,2026-09-15T11:52:06Z,POINT (-9.14273 38.72763)
7728fae3-6e5b-4a5c-8acc-c497e28acc14,a08ff49b-6f77-4632-a16c-43069c43a8c3,Lime,ad8e9f0e-dc8d-4000-bac7-95829e261bbd,bicycle,reserve,53,2026-09-15T11:52:51Z,POINT (-9.12871 38.71652)
8886cf1d-ca93-495f-9f50-4a6f3dd1379e,e8eb2af2-f261-45a8-91cd-424e42a85121,Dott,c32697e9-d900-4b85-8306-36d33914b224,bicycle,reserve,30,2026-09-15T11:56:42Z,POINT (-9.14361 38.70812)
314da9ae-9f5f-4dc2-8b94-03d6c0be84d2,a08ff49b-6f77-4632-a16c-43069c43a8c3,Lime,ff41662a-417b-46de-aaa8-5d628452cc0b,bicycle,trip_end,80,2026-09-15T12:36:17Z,POINT (-9.09560 38.75914)
beed883e-e06a-4d92-9a8b-6aa1be3cbe03,7cf3c256-32b9-4409-93fb-64afebede10d,Bolt,44b66dfb-0781-4543-9727-1a380cbfe8db,scooter,trip_start,94,2026-09-15T13:00:30Z,POINT (-9.09417 38.76579)
9117c6c2-40bb-4788-90c3-40db125c2d00,e8eb2af2-f261-45a8-91cd-424e42a85121,Dott,8569a374-0749-4780-bfc0-60b51059896d,bicycle,reserve,100,2026-09-15T13:30:26Z,POINT (-9.14390 38.71434)
83677620-418b-421d-a7e7-23ade7b4e6cd,aa1883c4-ffd0-40f5-bd14-dcc312684e4e,Voi,07204596-a43b-4a93-8039-275015775852,scooter,trip_start,46,2026-09-15T13:31:13Z,POINT (-9.12636 38.71373)
4570875b-1b36-465e-bb31-314b89eb9d19,aa36434e-f251-4c63-8d4e-86a538cc03aa,Gira,607d0e92-70d5-4a0f-9193-c2225494f02f,bicycle,rebalance_drop_off,37,2026-09-15T13:37:55Z,POINT (-9.14578 38.73770)
fc57ddbc-a62d-42b4-bb97-bb746ff3d085,a08ff49b-6f77-4632-a16c-43069c43a8c3,Lime,ad8e9f0e-dc8d-4000-bac7-95829e261bbd,bicycle,trip_end,88,2026-09-15T13:39:48Z,POINT (-9.14207 38.73778)
8b514909-be57-435a-a4d2-7604a4505847,a08ff49b-6f77-4632-a16c-43069c43a8c3,Lime,5790e377-afab-41f9-a2c8-19c8405d10a4,bicycle,provider_drop_off,93,2026-09-15T13:42:53Z,POINT (-9.09681 38.77040)
cdf51228-ca58-4940-818c-bee0aaabdfec,a08ff49b-6f77-4632-a16c-43069c43a8c3,Lime,567c7a9c-0022-4d60-9b79-a9c823ecf9ba,bicycle,trip_start,53,2026-09-15T13:45:07Z,POINT (-9.20677 38.69542)
7afb0677-f276-4319-8520-42edecde5c4b,aa1883c4-ffd0-40f5-bd14-dcc312684e4e,Voi,267dc7ae-e1a5-4be4-ae51-3d0d83bfc304,scooter,reserve,48,2026-09-15T13:48:13Z,POINT (-9.13717 38.71782)
ecd4f134-aab4-4383-a22c-4ed471627a6e,e8eb2af2-f261-45a8-91cd-424e42a85121,Dott,cc7fcba9-3dfa-4e6b-9c53-67705dddb6b5,scooter,trip_end,88,2026-09-15T13:52:37Z,POINT (-9.16181 38.75914)
fc81cb90-7f9b-4d78-8269-3a112929983c,7cf3c256-32b9-4409-93fb-64afebede10d,Bolt,8c71f5b3-43f9-49f9-9a39-cb14c6da5995,scooter,trip_end,57,2026-09-15T13:56:27Z,POINT (-9.15407 38.71489)
69ffdb06-5f78-4f96-8aee-f48a3a9be053,aa1883c4-ffd0-40f5-bd14-dcc312684e4e,Voi,267dc7ae-e1a5-4be4-ae51-3d0d83bfc304,scooter,trip_start,74,2026-09-15T14:18:37Z,POINT (-9.19877 38.69601)
86a413d1-a5e8-48c5-8987-e8a564d6860e,7cf3c256-32b9-4409-93fb-64afebede10d,Bolt,d96c982a-cd46-42ab-ad43-3f03cc68e4b2,scooter,rebalance_drop_off,29,2026-09-15T14:38:10Z,POINT (-9.15056 38.72835)
3d6813e8-8cf4-4be4-8f84-6c94f242329e,a08ff49b-6f77-4632-a16c-43069c43a8c3,Lime,7a67d56b-f640-4a48-9f5e-97f2ecd20944,bicycle,trip_end,98,2026-09-15T15:01:10Z,POINT (-9.14953 38.73339)
064f7f2e-0b84-4aee-9d2e-d6d60950bc81,aa1883c4-ffd0-40f5-bd14-dcc312684e4e,Voi,4ea25738-f504-4f29-b113-c52ce6313442,scooter,trip_end,96,2026-09-15T15:35:28Z,POINT (-9.14125 38.74991)
a7568125-923e-4317-9740-09774ddf3596,a08ff49b-6f77-4632-a16c-43069c43a8c3,Lime,e36bfe2e-9595-4bc4-afe7-def3d608355f,bicycle,trip_end,63,2026-09-15T15:48:40Z,POINT (-9.14182 38.71531)
ae476bbb-b9b8-4a3d-9c05-3cd7961b05c3,e8eb2af2-f261-45a8-91cd-424e42a85121,Dott,d4afcae5-a191-4e75-84fa-343eab696cc4,bicycle,reserve,40,2026-09-15T16:18:42Z,POINT (-9.15100 38.74262)
b1e5ed3d-fa5e-4a1a-a79e-aaf4feeb5a7e,e8eb2af2-f261-45a8-91cd-424e42a85121,Dott,7416e9c3-e357-4151-ac45-5f41bb36074f,bicycle,reserve,68,2026-09-15T16:34:29Z,POINT (-9.21516 38.69560)
e2d6a8b8-7af9-41f7-946e-d7588b2690fd,7cf3c256-32b9-4409-93fb-64afebede10d,Bolt,492e08b4-b385-4ba2-b2f0-3a5b25d6ff70,scooter,trip_start,44,2026-09-15T16:48:01Z,POINT (-9.14419 38.74337)
86ada956-6eda-4995-a1c2-15a84221191c,a08ff49b-6f77-4632-a16c-43069c43a8c3,Lime,368dc614-82b2-403b-acdd-cb63b80997c0,bicycle,provider_pick_up,57,2026-09-15T16:51:47Z,POINT (-9.17657 38.70424)
6c777153-eb15-44ad-b1eb-81025e29ca85,a08ff49b-6f77-4632-a16c-43069c43a8c3,Lime,9a2e8ee3-b378-4d87-ae27-ec72c79dc27e,bicycle,trip_end,92,2026-09-15T16:56:43Z,POINT (-9.13823 38.71554)
ff4388ba-a162-4de3-8b62-0b33017def80,e8eb2af2-f261-45a8-91cd-424e42a85121,Dott,8d89eb23-13b3-4a30-b1bd-4d3e9e3a72a8,bicycle,trip_end,59,2026-09-15T17:23:33Z,POINT (-9.15058 38.73657)
1f30ea3f-4df5-4d6b-ba29-45b843c16a02,aa36434e-f251-4c63-8d4e-86a538cc03aa,Gira,8df352cc-f417-4bef-a863-f8e5c0a2138f,bicycle,cancel_reservation,38,2026-09-15T17:30:16Z,POINT (-9.20108 38.70494)
5b83ca5c-d365-4790-8705-c5ed41467901,7cf3c256-32b9-4409-93fb-64afebede10d,Bolt,debb5c7d-bf6b-4e87-8d03-418fda95caf6,scooter,trip_start,96,2026-09-15T17:33:22Z,POINT (-9.14271 38.74339)
1576a020-b43f-431b-93fd-8040bf07c626,7cf3c256-32b9-4409-93fb-64afebede10d,Bolt,e2c7ed96-80cb-431e-9231-b957ec2f20e8,scooter,trip_start,70,2026-09-15T17:33:51Z,POINT (-9.13997 38.74011)
b26539c1-ac9e-46e1-ad9e-67cd02a5e46e,aa1883c4-ffd0-40f5-bd14-dcc312684e4e,Voi,3b91178e-eacf-4d61-9af7-85108f9d62d5,scooter,provider_drop_off,97,2026-09-15T17:34:18Z,POINT (-9.14151 38.71022)
4448312f-b568-4b43-95bb-33a6144a4f68,a08ff49b-6f77-4632-a16c-43069c43a8c3,Lime,4a40e713-fa23-4b8d-b574-acee683adece,bicycle,trip_start,72,2026-09-15T17:34:49Z,POINT (-9.14946 38.73497)
8737f033-c1bb-4ac5-896b-12e4149b348c,a08ff49b-6f77-4632-a16c-43069c43a8c3,Lime,a4ae37af-fe4a-4ca2-8b1d-42bbd0c94bd0,bicycle,trip_end,93,2026-09-15T17:42:29Z,POINT (-9.20768 38.70175)
ec2e3de6-dc30-44b1-9634-4f6463d6bed5,a08ff49b-6f77-4632-a16c-43069c43a8c3,Lime,156bb1ca-d760-4ab9-a5e1-dea83898e499,scooter,trip_end,32,2026-09-15T17:49:58Z,POINT (-9.15266 38.73375)
79917433-fdbb-47aa-8ef1-9f6ab23622a3,7cf3c256-32b9-4409-93fb-64afebede10d,Bolt,c61537dd-d2bc-4b1a-a12f-e284c331508d,scooter,trip_start,87,2026-09-15T17:50:15Z,POINT (-9.14221 38.70902)
0ac7be28-a802-4610-9eaa-4fb150592132,a08ff49b-6f77-4632-a16c-43069c43a8c3,Lime,4a779d01-94aa-4255-b9b4-482e3ffccb37,bicycle,rebalance_drop_off,66,2026-09-15T17:51:42Z,POINT (-9.15290 38.72449)
929cfb9a-46c7-4e4b-8d70-733554d90a7a,aa1883c4-ffd0-40f5-bd14-dcc312684e4e,Voi,5411592c-2160-4fe2-a8f9-f130b309d63b,scooter,maintenance,26,2026-09-15T17:59:40Z,POINT (-9.14710 38.74251)
c5b4ceac-526d-4355-8af4-346a53b37fd9,a08ff49b-6f77-4632-a16c-43069c43a8c3,Lime,156bb1ca-d760-4ab9-a5e1-dea83898e499,scooter,trip_start,59,2026-09-15T18:11:14Z,POINT (-9.13690 38.74392)
7a8a4d75-c4ba-4cc3-9783-660d3d7cb760,aa1883c4-ffd0-40f5-bd14-dcc312684e4e,Voi,d49ab237-5205-47d2-8439-e8c8aab0a4ac,scooter,trip_start,56,2026-09-15T18:23:10Z,POINT (-9.10491 38.73817)
1704aa58-dade-4aa5-9b68-b8c269d4d8d6,aa1883c4-ffd0-40f5-bd14-dcc312684e4e,Voi,c1470e19-52cb-4b02-bd45-6f60e4ec536d,scooter,trip_end,66,2026-09-15T18:34:46Z,POINT (-9.13110 38.71840)
347b6d16-c056-45ef-9de8-7a46616a545a,7cf3c256-32b9-4409-93fb-64afebede10d,Bolt,a10b93b8-5691-490e-8143-c3cf38d226df,scooter,trip_start,51,2026-09-15T18:43:31Z,POINT (-9.14578 38.74272)
be340bf1-2ddd-4ae7-8199-0b6ba7270aef,a08ff49b-6f77-4632-a16c-43069c43a8c3,Lime,83b65066-678d-4c4b-9cfb-41abf998a853,bicycle,trip_end,100,2026-09-15T18:55:30Z,POINT (-9.13936 38.73706)
f586e6bf-f318-44ba-bf39-1726dac249a8,7cf3c256-32b9-4409-93fb-64afebede10d,Bolt,d7ea733f-446b-43e6-a7df-f72acb99fc17,scooter,trip_start,54,2026-09-15T18:55:31Z,POINT (-9.13974 38.70676)
63185d34-774b-4e88-af38-004df8f92807,e8eb2af2-f261-45a8-91cd-424e42a85121,Dott,7f7c3924-5c88-4883-8a05-7e9775a4328f,bicycle,trip_end,30,2026-09-15T18:57:22Z,POINT (-9.14989 38.73829)
b4a298b2-4cd6-41eb-9d1b-745ebcca314b,e8eb2af2-f261-45a8-91cd-424e42a85121,Dott,7fa21d53-1976-46ef-abaf-94a99b2e8ca4,scooter,low_battery,5,2026-09-15T18:57:43Z,POINT (-9.13313 38.71573)
80c388fa-5355-4fe3-9fb8-a582205d09eb,a08ff49b-6f77-4632-a16c-43069c43a8c3,Lime,7f4990cc-90e3-442d-acf1-5c6bad4fad06,scooter,maintenance,22,2026-09-15T18:58:25Z,POINT (-9.13065 38.71190)
4e511341-6aad-46cd-b028-0aaaa29265b0,a08ff49b-6f77-4632-a16c-43069c43a8c3,Lime,1191616d-f10f-4ea2-b6dc-f9fc266913ba,scooter,trip_end,100,2026-09-15T19:03:41Z,POINT (-9.17802 38.70676)
e4a89a61-cc0c-427d-8dc4-6de6e02f1126,7cf3c256-32b9-4409-93fb-64afebede10d,Bolt,de1d1389-2c83-43c4-b145-f83cb33557d0,scooter,trip_end,81,2026-09-15T19:09:57Z,POINT (-9.13622 38.72028)
2dba39ff-050c-4311-a848-6c81e534b787,e8eb2af2-f261-45a8-91cd-424e42a85121,Dott,cb3d5f32-3123-4d0f-ab68-cc7e0f42371b,bicycle,reserve,85,2026-09-15T19:11:35Z,POINT (-9.18343 38.70501)
106a73b4-f291-4728-8c15-ca35b94ffb37,7cf3c256-32b9-4409-93fb-64afebede10d,Bolt,8c71f5b3-43f9-49f9-9a39-cb14c6da5995,scooter,trip_start,31,2026-09-15T19:20:14Z,POINT (-9.15644 38.72086)
a6550e52-2c7d-4e1b-ab24-9b5bbba1ba78,aa36434e-f251-4c63-8d4e-86a538cc03aa,Gira,3ac35e29-9946-4cb2-9735-a602595c88ec,bicycle,low_battery,6,2026-09-15T19:21:47Z,POINT (-9.13792 38.71497)
486d9b8f-60cc-4394-a072-f8ae78fb2175,a08ff49b-6f77-4632-a16c-43069c43a8c3,Lime,8bbe518e-5a77-471e-925b-80e13a69be26,bicycle,low_battery,6,2026-09-15T19:23:42Z,POINT (-9.08967 38.76628)
1c0de708-ee66-49fb-83ba-e3e04720baef,aa36434e-f251-4c63-8d4e-86a538cc03aa,Gira,52e4c27e-364d-47d8-809d-c0dde02b98f4,bicycle,trip_end,98,2026-09-15T19:30:58Z,POINT (-9.14601 38.72217)
5f6c8401-eb6a-48e1-8817-dd87a44a67ca,aa36434e-f251-4c63-8d4e-86a538cc03aa,Gira,38ce2da9-28d5-4f22-9f4b-99fd9a14c34f,bicycle,low_battery,7,2026-09-15T19:42:11Z,POINT (-9.14387 38.73494)
f84b7472-cea4-403e-be69-7f9c52a80e4a,a08ff49b-6f77-4632-a16c-43069c43a8c3,Lime,e763443a-df95-4054-a7d4-a2d23730a246,bicycle,rebalance_pick_up,95,2026-09-15T19:52:05Z,POINT (-9.09820 38.76917)
492ea00b-0ef1-4e4e-a2e5-46e477f1c105,a08ff49b-6f77-4632-a16c-43069c43a8c3,Lime,7f4990cc-90e3-442d-acf1-5c6bad4fad06,bicycle,trip_start,71,2026-09-15T19:54:03Z,POINT (-9.15021 38.74555)
5d30afad-633b-4247-8858-01e57de247bb,7cf3c256-32b9-4409-93fb-64afebede10d,Bolt,fcbf1b0a-7349-4f43-95c2-585922da8e83,scooter,cancel_reservation,32,2026-09-15T19:54:41Z,POINT (-9.11127 38.77178)
fd436009-8b6c-4826-92c6-ceb4665c55f1,a08ff49b-6f77-4632-a16c-43069c43a8c3,Lime,5e6994ef-58cb-4994-a5c1-44ebe3d7c256,bicycle,trip_end,28,2026-09-15T19:55:13Z,POINT (-9.11367 38.76343)
3b42bc40-c87a-453b-b315-212c3999ece7,e8eb2af2-f261-45a8-91cd-424e42a85121,Dott,86dc0c7f-4dce-455d-93cd-8638469a8deb,bicycle,trip_start,94,2026-09-15T20:13:19Z,POINT (-9.14856 38.71417)
33243d0e-f0ea-4880-88f1-2caf76844ca9,7cf3c256-32b9-4409-93fb-64afebede10d,Bolt,8c71f5b3-43f9-49f9-9a39-cb14c6da5995,scooter,trip_end,29,2026-09-15T20:18:46Z,POINT (-9.14640 38.76116)
413f3073-ba9e-4860-9eee-92a626978a32,7cf3c256-32b9-4409-93fb-64afebede10d,Bolt,73c82101-b9fe-4a66-99b4-de7ae181ad7d,scooter,reserve,95,2026-09-15T20:50:55Z,POINT (-9.14997 38.72022)
75403844-ec0c-4e4f-8829-7e0413752811,7cf3c256-32b9-4409-93fb-64afebede10d,Bolt,4d6fc572-dba1-4eb2-b0d5-a3a726ffa388,scooter,maintenance,60,2026-09-15T21:50:20Z,POINT (-9.14706 38.74938)
a319c320-bdd2-4ef8-ad61-d74a68046045,7cf3c256-32b9-4409-93fb-64afebede10d,Bolt,5af93444-6081-414d-8915-68af1146615f,scooter,trip_end,33,2026-09-16T01:31:42Z,POINT (-9.09759 38.76906)
76067d8b-6abb-44ae-9b68-7dcc7126855d,aa1883c4-ffd0-40f5-bd14-dcc312684e4e,Voi,84b4a246-d630-4f87-84fa-1072ec63caf4,scooter,reserve,81,2026-09-16T01:57:33Z,POINT (-9.13804 38.70661)
64c61c38-f792-4d1b-92e0-849506cdc0b2,7cf3c256-32b9-4409-93fb-64afebede10d,Bolt,50239dd0-0ceb-4c14-94cc-29386abbc94f,scooter,provider_pick_up,26,2026-09-16T02:07:17Z,POINT (-9.13874 38.71569)
9552f331-a773-41cf-871b-6d013f0c6676,a08ff49b-6f77-4632-a16c-43069c43a8c3,Lime,0203f6b9-5b86-448e-aa1b-5587bab5e0d0,scooter,low_battery,12,2026-09-16T03:34:59Z,POINT (-9.15088 38.75025)
4d68e74f-0db5-4e4b-8a3a-398c8e40cfce,a08ff49b-6f77-4632-a16c-43069c43a8c3,Lime,3037beb0-f65b-4922-a430-e9cffc0e9a7f,scooter,rebalance_drop_off,67,2026-09-16T04:38:19Z,POINT (-9.14960 38.73051)
19f13670-84d8-4213-8188-0c92f89092a3,aa1883c4-ffd0-40f5-bd14-dcc312684e4e,Voi,4ea25738-f504-4f29-b113-c52ce6313442,scooter,trip_end,32,2026-09-16T05:20:40Z,POINT (-9.08900 38.76849)
64f71b49-edbb-4f14-9a06-0ae543bd13df,a08ff49b-6f77-4632-a16c-43069c43a8c3,Lime,a1374f51-c7f9-49a0-bd02-2b9d68d2f3a1,scooter,rebalance_drop_off,52,2026-09-16T07:10:57Z,POINT (-9.14497 38.75215)
f04435b0-002a-4515-b707-cf57dcc267c3,7cf3c256-32b9-4409-93fb-64afebede10d,Bolt,d4eed933-ddf8-47af-890b-18fa5a4fe730,scooter,reserve,70,2026-09-16T07:11:54Z,POINT (-9.14744 38.72706)
0b9f4bbc-ffa5-4e26-b573-6a739d62cf84,a08ff49b-6f77-4632-a16c-43069c43a8c3,Lime,8bbe518e-5a77-471e-925b-80e13a69be26,scooter,trip_start,62,2026-09-16T07:34:11Z,POINT (-9.13987 38.73699)
2e3fb4f7-f99f-42cf-9689-726790203d37,a08ff49b-6f77-4632-a16c-43069c43a8c3,Lime,b6ef72b8-cd1d-45f7-94e0-181369664e5b,bicycle,reserve,88,2026-09-16T07:34:50Z,POINT (-9.13983 38.73045)
7a1dbade-3624-4655-abdb-60c280e9ec33,aa36434e-f251-4c63-8d4e-86a538cc03aa,Gira,2e307524-1725-4210-adeb-51c33cd6bb74,bicycle,maintenance,41,2026-09-16T07:39:42Z,POINT (-9.08728 38.77159)
8c4c8231-ad46-4c6d-a80b-a09578f99103,e8eb2af2-f261-45a8-91cd-424e42a85121,Dott,21e4401e-9669-4a8b-ad66-ea22afdffecd,scooter,trip_start,36,2026-09-16T07:40:31Z,POINT (-9.14599 38.71578)
69ba8ab1-ff4e-42c4-815d-23578464d3c9,a08ff49b-6f77-4632-a16c-43069c43a8c3,Lime,5e6994ef-58cb-4994-a5c1-44ebe3d7c256,scooter,cancel_reservation,44,2026-09-16T07:45:57Z,POINT (-9.13539 38.73785)
65bcecda-f300-4bd4-834d-df6c50246164,a08ff49b-6f77-4632-a16c-43069c43a8c3,Lime,bb4e65a3-8848-43ee-bf99-c1f53591af0e,bicycle,trip_start,64,2026-09-16T07:53:21Z,POINT (-9.14344 38.72946)
8e808332-1f88-42a1-8821-6c65b52d3633,7cf3c256-32b9-4409-93fb-64afebede10d,Bolt,55ac426d-73df-467b-91b8-37842bce8c2f,scooter,trip_start,31,2026-09-16T07:53:35Z,POINT (-9.14128 38.74300)
7b9c0dc8-b595-4545-9364-b6ec89dd1eb4,aa1883c4-ffd0-40f5-bd14-dcc312684e4e,Voi,2d047af4-19db-4404-895a-09f23d185cf8,scooter,trip_start,77,2026-09-16T08:20:42Z,POINT (-9.09810 38.75556)
d9378ac8-439c-497d-a8e4-14b647eab337,a08ff49b-6f77-4632-a16c-43069c43a8c3,Lime,713cdac6-b84b-49c3-bfd2-f3e5f587668c,scooter,rebalance_drop_off,53,2026-09-16T08:21:51Z,POINT (-9.20668 38.70153)
4f76c090-7eda-47af-9ffb-28d98dbd91c2,e8eb2af2-f261-45a8-91cd-424e42a85121,Dott,cb3d5f32-3123-4d0f-ab68-cc7e0f42371b,bicycle,provider_drop_off,79,2026-09-16T08:28:45Z,POINT (-9.16351 38.78347)
c56d53b4-40ef-4522-a228-57a94e03319a,aa1883c4-ffd0-40f5-bd14-dcc312684e4e,Voi,f26e0c46-8025-4804-8a4d-129ced9002b8,scooter,trip_end,99,2026-09-16T08:45:15Z,POINT (-9.08629 38.77374)
d42d6ca8-361c-4d92-b8ee-15631cb07a65,e8eb2af2-f261-45a8-91cd-424e42a85121,Dott,9a55834d-5416-4107-996b-3a3a95cc588d,scooter,reserve,96,2026-09-16T08:48:50Z,POINT (-9.14847 38.71803)
a03910b9-9d11-4a6a-badc-b4393ec44a57,7cf3c256-32b9-4409-93fb-64afebede10d,Bolt,de1d1389-2c83-43c4-b145-f83cb33557d0,scooter,trip_end,32,2026-09-16T08:52:51Z,POINT (-9.14851 38.71871)
d83bf990-ea57-4577-be03-a8dd15a3d183,a08ff49b-6f77-4632-a16c-43069c43a8c3,Lime,24bcd670-0fa6-4c12-9b71-1aeda82a211f,bicycle,rebalance_pick_up,95,2026-09-16T09:03:52Z,POINT (-9.13195 38.76236)
ec27bbd0-36c6-4847-96eb-49ec6db58905,7cf3c256-32b9-4409-93fb-64afebede10d,Bolt,370db622-9cc5-462b-bf2c-ec908b4f60da,scooter,trip_end,49,2026-09-16T09:09:35Z,POINT (-9.14256 38.71360)
28302962-028e-4e66-b86a-eb2da1621291,a08ff49b-6f77-4632-a16c-43069c43a8c3,Lime,83b65066-678d-4c4b-9cfb-41abf998a853,scooter,trip_end,80,2026-09-16T09:13:09Z,POINT (-9.08399 38.77276)
88b335c2-8d4f-49d7-9b80-d507ceb8da78,7cf3c256-32b9-4409-93fb-64afebede10d,Bolt,b8206349-ce47-49c8-bdb0-5d3a1a22f509,scooter,trip_start,92,2026-09-16T09:19:56Z,POINT (-9.13993 38.71198)
b78fc799-df7a-424d-8045-e3fa04746604,a08ff49b-6f77-4632-a16c-43069c43a8c3,Lime,368dc614-82b2-403b-acdd-cb63b80997c0,bicycle,trip_start,50,2026-09-16T09:32:28Z,POINT (-9.14175 38.71464)
5e4ba4ec-2999-4558-b64f-026cdf87a9f8,7cf3c256-32b9-4409-93fb-64afebede10d,Bolt,3c2f548f-4d29-4aba-9b36-1e80e813a5c1,scooter,trip_start,45,2026-09-16T09:33:00Z,POINT (-9.13294 38.71151)
f0159418-07fd-45f8-bd3f-ea1a1a981207,7cf3c256-32b9-4409-93fb-64afebede10d,Bolt,b8206349-ce47-49c8-bdb0-5d3a1a22f509,scooter,trip_end,54,2026-09-16T09:35:12Z,POINT (-9.13811 38.71696)
2b2783e1-c723-47f3-b344-f74b8a1bfe15,a08ff49b-6f77-4632-a16c-43069c43a8c3,Lime,ff41662a-417b-46de-aaa8-5d628452cc0b,bicycle,trip_end,76,2026-09-16T09:37:13Z,POINT (-9.14708 38.72749)
8395d755-6ab7-4800-9fa1-69f529349355,a08ff49b-6f77-4632-a16c-43069c43a8c3,Lime,ad8e9f0e-dc8d-4000-bac7-95829e261bbd,bicycle,trip_start,74,2026-09-16T09:39:50Z,POINT (-9.09611 38.76180)
8762a67f-1085-41df-92b3-1c890282bf78,e8eb2af2-f261-45a8-91cd-424e42a85121,Dott,10bb6ad7-9aac-4570-ba83-3821e3c1a4b8,bicycle,trip_end,76,2026-09-16T09:40:04Z,POINT (-9.14086 38.72760)
441f0848-4a07-4a76-adf9-6a7638fc9cdc,e8eb2af2-f261-45a8-91cd-424e42a85121,Dott,4ccaf013-fccc-4adc-8fa2-a03e02e38281,scooter,reserve,49,2026-09-16T09:45:49Z,POINT (-9.14650 38.72205)
4ae69f47-e0eb-469e-84b0-014965fcf043,a08ff49b-6f77-4632-a16c-43069c43a8c3,Lime,3d45796b-7204-4136-b647-75ae94bcce81,bicycle,cancel_reservation,87,2026-09-16T09:50:51Z,POINT (-9.20817 38.69608)
5b9af2ba-8604-44b9-885d-91462bfec7da,a08ff49b-6f77-4632-a16c-43069c43a8c3,Lime,b93e7681-bedb-4bbd-917a-957bd8778062,bicycle,trip_start,31,2026-09-16T09:54:39Z,POINT (-9.15851 38.76538)
b9537bb5-b2f1-4c97-96ce-5b5953d391a1,e8eb2af2-f261-45a8-91cd-424e42a85121,Dott,21e4401e-9669-4a8b-ad66-ea22afdffecd,bicycle,trip_start,96,2026-09-16T10:01:21Z,POINT (-9.14174 38.72822)
c1c11ea0-03fa-4de3-9ee4-8faec5504e24,e8eb2af2-f261-45a8-91cd-424e42a85121,Dott,9a55834d-5416-4107-996b-3a3a95cc588d,bicycle,reserve,38,2026-09-16T10:03:26Z,POINT (-9.15295 38.73141)
4cb9f6cd-62c5-4619-9539-3cd0525aac93,e8eb2af2-f261-45a8-91cd-424e42a85121,Dott,8569a374-0749-4780-bfc0-60b51059896d,scooter,trip_start,44,2026-09-16T10:21:38Z,POINT (-9.14397 38.72106)
3603799e-0f59-48d6-8590-cfc6aefbc3dd,a08ff49b-6f77-4632-a16c-43069c43a8c3,Lime,a4ae37af-fe4a-4ca2-8b1d-42bbd0c94bd0,scooter,low_battery,6,2026-09-16T10:25:03Z,POINT (-9.14268 38.71502)
c0235c55-7829-4f19-bd71-e72511fde4df,a08ff49b-6f77-4632-a16c-43069c43a8c3,Lime,ad8e9f0e-dc8d-4000-bac7-95829e261bbd,scooter,rebalance_drop_off,37,2026-09-16T10:39:22Z,POINT (-9.15561 38.71530)
ec4e6a60-32af-464a-84ea-4cb93dcb938d,a08ff49b-6f77-4632-a16c-43069c43a8c3,Lime,24bcd670-0fa6-4c12-9b71-1aeda82a211f,bicycle,low_battery,7,2026-09-16T10:41:38Z,POINT (-9.13938 38.71166)
b9916826-4291-4e44-92b7-9ea44f088032,e8eb2af2-f261-45a8-91cd-424e42a85121,Dott,8569a374-0749-4780-bfc0-60b51059896d,bicycle,trip_end,37,2026-09-16T10:46:48Z,POINT (-9.20914 38.69678)
f27b2023-7794-4235-b054-9071130b5d9e,a08ff49b-6f77-4632-a16c-43069c43a8c3,Lime,83b65066-678d-4c4b-9cfb-41abf998a853,scooter,trip_start,80,2026-09-16T11:02:35Z,POINT (-9.09888 38.76741)
d4ef251b-055c-42f9-953c-4cb12244010e,a08ff49b-6f77-4632-a16c-43069c43a8c3,Lime,1191616d-f10f-4ea2-b6dc-f9fc266913ba,bicycle,trip_end,36,2026-09-16T11:11:10Z,POINT (-9.14102 38.71325)
f70e965a-6849-4619-a666-de681b5525e6,e8eb2af2-f261-45a8-91cd-424e42a85121,Dott,7e0f786d-78d8-4076-9fed-41fbaf70753f,bicycle,provider_drop_off,78,2026-09-16T11:40:17Z,POINT (-9.15199 38.70818)
8cce474b-9ed9-4f0c-a79d-2234451afaea,e8eb2af2-f261-45a8-91cd-424e42a85121,Dott,0a3d5841-53d6-47ed-8f95-55af66c90bc8,scooter,trip_end,56,2026-09-16T11:50:37Z,POINT (-9.13063 38.71206)
d70179ab-7fb6-49ea-97c1-796bcf11bc21,7cf3c256-32b9-4409-93fb-64afebede10d,Bolt,fcbf1b0a-7349-4f43-95c2-585922da8e83,scooter,trip_end,63,2026-09-16T11:55:15Z,POINT (-9.14777 38.70613)
b5e1b253-fabb-4278-b50e-e95f0b06bfb2,7cf3c256-32b9-4409-93fb-64afebede10d,Bolt,a10b93b8-5691-490e-8143-c3cf38d226df,scooter,trip_start,50,2026-09-16T12:06:00Z,POINT (-9.09721 38.77069)
08ef15b7-f9ca-4476-83f5-6ae2de8ea1b5,e8eb2af2-f261-45a8-91cd-424e42a85121,Dott,30978901-c050-4aac-9fbb-a7910ecc9670,scooter,trip_start,99,2026-09-16T12:08:13Z,POINT (-9.20687 38.69750)
7a710d30-6aef-4cad-b6e6-82aabb926021,a08ff49b-6f77-4632-a16c-43069c43a8c3,Lime,156bb1ca-d760-4ab9-a5e1-dea83898e499,scooter,reserve,52,2026-09-16T12:25:38Z,POINT (-9.14366 38.73551)
e8165675-ab55-42c0-87ac-a558aa207e2e,7cf3c256-32b9-4409-93fb-64afebede10d,Bolt,fcbf1b0a-7349-4f43-95c2-585922da8e83,scooter,trip_end,78,2026-09-16T12:46:39Z,POINT (-9.14853 38.74144)
f2bda2ff-5cb6-43e8-9ec3-ceb319d2f478,a08ff49b-6f77-4632-a16c-43069c43a8c3,Lime,4f7570ac-31ab-4042-bf48-92c1fb887892,scooter,trip_end,43,2026-09-16T13:04:55Z,POINT (-9.14756 38.71826)
f3a2b240-5a80-4cee-a097-3c4770d61e27,7cf3c256-32b9-4409-93fb-64afebede10d,Bolt,b8206349-ce47-49c8-bdb0-5d3a1a22f509,scooter,trip_start,26,2026-09-16T13:17:18Z,POINT (-9.12995 38.73667)
03d2bf2f-51da-4e20-a496-9b819a38a56b,7cf3c256-32b9-4409-93fb-64afebede10d,Bolt,56776c3c-38e9-47b9-9e2a-0f19ea041741,scooter,reserve,93,2026-09-16T13:22:40Z,POINT (-9.14667 38.72289)
24903380-b3da-4b27-a14f-0c5311325325,e8eb2af2-f261-45a8-91cd-424e42a85121,Dott,45ac8f9b-cf49-48e1-ae54-7c945c8f70eb,bicycle,trip_start,34,2026-09-16T13:31:25Z,POINT (-9.12787 38.71352)
8bc09a9e-55c7-45ed-9ab1-368e814eaa34,aa36434e-f251-4c63-8d4e-86a538cc03aa,Gira,2ca359ff-a7d1-41f9-bb11-4a30f71fde90,bicycle,trip_end,76,2026-09-16T14:04:45Z,POINT (-9.14095 38.71099)
16a829c5-0bfb-40bf-98fe-d06600131dc1,e8eb2af2-f261-45a8-91cd-424e42a85121,Dott,86dc0c7f-4dce-455d-93cd-8638469a8deb,bicycle,rebalance_pick_up,38,2026-09-16T14:05:53Z,POINT (-9.14894 38.72502)
aa227102-1c59-4ade-88ac-f56f88794efd,a08ff49b-6f77-4632-a16c-43069c43a8c3,Lime,24bcd670-0fa6-4c12-9b71-1aeda82a211f,bicycle,cancel_reservation,62,2026-09-16T14:21:59Z,POINT (-9.13773 38.73650)
769f2400-369f-433e-ade2-880064d1e656,7cf3c256-32b9-4409-93fb-64afebede10d,Bolt,2e7418d0-0f0b-40c1-bf17-76055fb1341a,scooter,rebalance_drop_off,68,2026-09-16T14:26:50Z,POINT (-9.14195 38.71208)
708c2b91-b56d-40e5-a071-e712d1ac43b3,a08ff49b-6f77-4632-a16c-43069c43a8c3,Lime,5636df12-9f7c-4fdb-b92f-89c6fe9cbcf7,scooter,trip_end,75,2026-09-16T15:33:07Z,POINT (-9.17689 38.70568)
aa749c59-4945-4671-8d5e-636135a6cf0f,a08ff49b-6f77-4632-a16c-43069c43a8c3,Lime,b6ef72b8-cd1d-45f7-94e0-181369664e5b,bicycle,trip_end,58,2026-09-16T15:53:22Z,POINT (-9.14036 38.75274)
f18249c6-1302-4704-b89c-1db615d63075,7cf3c256-32b9-4409-93fb-64afebede10d,Bolt,d96c982a-cd46-42ab-ad43-3f03cc68e4b2,scooter,provider_drop_off,32,2026-09-16T16:11:51Z,POINT (-9.14129 38.74621)
f3aaf4bc-491d-4cdb-b5cd-a5854eaf1e18,a08ff49b-6f77-4632-a16c-43069c43a8c3,Lime,0e9018d4-1a57-4ca3-8b80-c44a4ba5e259,scooter,low_battery,9,2026-09-16T16:17:23Z,POINT (-9.10283 38.76999)
b659aaa6-0cd0-46a4-8413-bda33f5f6bce,e8eb2af2-f261-45a8-91cd-424e42a85121,Dott,0a3d5841-53d6-47ed-8f95-55af66c90bc8,scooter,trip_start,87,2026-09-16T16:28:23Z,POINT (-9.09323 38.76426)
ec9d0b4f-1fd8-4f97-ab28-feeceb02429a,aa36434e-f251-4c63-8d4e-86a538cc03aa,Gira,a38c4ef5-cb53-4d52-83c4-ab5bbe4fcd85,bicycle,provider_pick_up,68,2026-09-16T16:33:23Z,POINT (-9.17538 38.70210)
08d1d078-3ae2-4bee-b287-b250b8e99042,a08ff49b-6f77-4632-a16c-43069c43a8c3,Lime,7f4990cc-90e3-442d-acf1-5c6bad4fad06,bicycle,trip_end,39,2026-09-16T17:13:32Z,POINT (-9.13278 38.73781)
aae3dd92-9f58-41ae-a725-ced4fba2ff2a,e8eb2af2-f261-45a8-91cd-424e42a85121,Dott,cb3d5f32-3123-4d0f-ab68-cc7e0f42371b,bicycle,trip_end,86,2026-09-16T17:17:54Z,POINT (-9.09783 38.76746)
a0550d5b-87ab-4133-bd76-7c931b53f1fd,7cf3c256-32b9-4409-93fb-64afebede10d,Bolt,a6ee3b14-19c9-475b-8b33-0dd839a13c4e,scooter,rebalance_pick_up,65,2026-09-16T17:21:35Z,POINT (-9.14593 38.73060)
4a14cc4a-2622-470c-913e-bc12e468a1ce,a08ff49b-6f77-4632-a16c-43069c43a8c3,Lime,5e09d096-b3a1-496a-af9b-ccfbaa0c4548,scooter,trip_start,60,2026-09-16T17:25:41Z,POINT (-9.12574 38.71598)
8c4c4909-aca4-49c2-8d97-761c746e052b,7cf3c256-32b9-4409-93fb-64afebede10d,Bolt,ca0dd966-70f1-4336-984e-512099f1fdb3,scooter,trip_start,48,2026-09-16T17:28:51Z,POINT (-9.13508 38.75653)
6544e1af-34d4-4572-aaf6-39444d162135,7cf3c256-32b9-4409-93fb-64afebede10d,Bolt,a7f0654d-3632-4b53-993e-3cf492c91d44,scooter,reserve,83,2026-09-16T17:31:05Z,POINT (-9.14960 38.73110)
d8c431c1-1071-4f0b-8cbf-c0dff9524c3e,aa1883c4-ffd0-40f5-bd14-dcc312684e4e,Voi,0566db8d-95a1-4a1c-99b1-4df90c13b9e0,scooter,reserve,39,2026-09-16T17:34:34Z,POINT (-9.14532 38.73906)
d85e9a76-5818-402c-8b96-eeb81c107d70,a08ff49b-6f77-4632-a16c-43069c43a8c3,Lime,6b4f4a77-4686-4d1d-99f8-dfa799a3d9fb,scooter,trip_start,79,2026-09-16T17:38:29Z,POINT (-9.17716 38.70264)
fb3a618f-758a-4c32-9fe8-13a2699c21ee,aa36434e-f251-4c63-8d4e-86a538cc03aa,Gira,44b13eee-c2b2-4acc-bf87-e111610a87d0,bicycle,provider_drop_off,73,2026-09-16T17:38:30Z,POINT (-9.12790 38.72039)
1d788414-84b2-45f5-85fa-cb77f4f10156,a08ff49b-6f77-4632-a16c-43069c43a8c3,Lime,368dc614-82b2-403b-acdd-cb63b80997c0,bicycle,reserve,26,2026-09-16T17:47:56Z,POINT (-9.20300 38.69883)
c5764718-ab57-49e6-98c3-133be9449d95,7cf3c256-32b9-4409-93fb-64afebede10d,Bolt,3e5350ed-dc4e-4868-8250-32b3aee70442,scooter,trip_end,34,2026-09-16T17:49:28Z,POINT (-9.10019 38.76020)
7e68fedf-4de6-4c00-96fb-774262d7effa,e8eb2af2-f261-45a8-91cd-424e42a85121,Dott,5d1953b5-77df-4f10-8ac5-50acc85c22e3,scooter,trip_end,48,2026-09-16T17:54:38Z,POINT (-9.15365 38.73931)
498d10d9-4410-46a4-91f2-6213eee3c4e9,a08ff49b-6f77-4632-a16c-43069c43a8c3,Lime,1191616d-f10f-4ea2-b6dc-f9fc266913ba,scooter,trip_end,67,2026-09-16T18:01:07Z,POINT (-9.15057 38.70885)
af8d172c-840b-403d-ab2b-d925e27ab158,a08ff49b-6f77-4632-a16c-43069c43a8c3,Lime,156bb1ca-d760-4ab9-a5e1-dea83898e499,bicycle,maintenance,59,2026-09-16T18:03:22Z,POINT (-9.13345 38.71423)
d0c81262-e52d-4d7d-868d-8ed88fdd96ff,a08ff49b-6f77-4632-a16c-43069c43a8c3,Lime,7194b231-29fc-468c-9b41-7cf0e20e0ccf,bicycle,trip_end,80,2026-09-16T18:06:59Z,POINT (-9.17718 38.70507)
1641dee7-c9b3-40fe-bc42-9047e267b12e,e8eb2af2-f261-45a8-91cd-424e42a85121,Dott,05f64acc-67fd-42c6-b791-689ef6733401,bicycle,low_battery,12,2026-09-16T18:21:43Z,POINT (-9.15673 38.76372)
4e06e00a-19b3-422c-a904-213817b758a2,aa36434e-f251-4c63-8d4e-86a538cc03aa,Gira,9dab2a5c-224b-4c01-9dc8-c0c9e4c665ab,bicycle,low_battery,10,2026-09-16T18:23:24Z,POINT (-9.14554 38.73335)
174bf195-44bd-468b-af8e-af7f478e629a,aa1883c4-ffd0-40f5-bd14-dcc312684e4e,Voi,4ea25738-f504-4f29-b113-c52ce6313442,scooter,reserve,28,2026-09-16T18:27:47Z,POINT (-9.15317 38.72038)
d7e7b6c4-ec93-4c19-a6b4-38de639ec054,e8eb2af2-f261-45a8-91cd-424e42a85121,Dott,6d983729-9862-4b14-8e07-4db00ab18fd0,scooter,trip_start,45,2026-09-16T18:34:19Z,POINT (-9.14722 38.70554)
9e30f72b-7d1a-4024-97d1-f1ea86dfc17a,a08ff49b-6f77-4632-a16c-43069c43a8c3,Lime,db4fd9c8-4efb-471a-a772-c7ba04eedb66,scooter,rebalance_pick_up,82,2026-09-16T18:37:10Z,POINT (-9.14296 38.73379)
06976fca-9103-44b9-b642-4575fc7b2d07,7cf3c256-32b9-4409-93fb-64afebede10d,Bolt,22b90ef4-4f54-4380-aad7-4c99c40e3871,scooter,trip_end,26,2026-09-16T18:39:46Z,POINT (-9.15324 38.72062)
5cc33b29-2cfb-4eba-90e3-72cc0f9b1739,7cf3c256-32b9-4409-93fb-64afebede10d,Bolt,3949564b-b355-4809-b5ad-4763991502ab,scooter,trip_start,77,2026-09-16T18:42:55Z,POINT (-9.09269 38.77194)
42dd47e7-6628-4e4c-9ecb-ee6f19d26236,a08ff49b-6f77-4632-a16c-43069c43a8c3,Lime,5e6994ef-58cb-4994-a5c1-44ebe3d7c256,scooter,trip_start,25,2026-09-16T18:49:11Z,POINT (-9.13761 38.71808)
01662db2-1c2f-4812-8291-e86a79c910dd,a08ff49b-6f77-4632-a16c-43069c43a8c3,Lime,ab57ce07-4d3f-420b-8193-949496ce47e5,scooter,trip_end,47,2026-09-16T19:02:25Z,POINT (-9.15981 38.73744)
514dc200-ffb7-4e30-b9dc-230856b72f92,7cf3c256-32b9-4409-93fb-64afebede10d,Bolt,cca80457-1f1f-4cfd-b3cb-c6f5c10b0b5b,scooter,cancel_reservation,61,2026-09-16T19:17:47Z,POINT (-9.13436 38.73102)
0a5d703d-2a42-4616-a873-1c95ee504d56,aa36434e-f251-4c63-8d4e-86a538cc03aa,Gira,fddf2c05-3230-4769-9bb8-fb01135496e4,bicycle,trip_start,63,2026-09-16T19:23:10Z,POINT (-9.14497 38.72218)
a7ddc4b3-dd63-4663-b7ab-9934bfa37395,7cf3c256-32b9-4409-93fb-64afebede10d,Bolt,a10b93b8-5691-490e-8143-c3cf38d226df,scooter,trip_end,99,2026-09-16T19:37:32Z,POINT (-9.09011 38.76824)
43ace9e8-1eb9-4c2c-b359-b0a3ce202c33,a08ff49b-6f77-4632-a16c-43069c43a8c3,Lime,b93e7681-bedb-4bbd-917a-957bd8778062,scooter,provider_pick_up,91,2026-09-16T19:42:09Z,POINT (-9.09016 38.76810)
cfb2e234-a9a7-42a2-95f6-85361bd613bf,7cf3c256-32b9-4409-93fb-64afebede10d,Bolt,56776c3c-38e9-47b9-9e2a-0f19ea041741,scooter,trip_start,97,2026-09-16T19:47:18Z,POINT (-9.12655 38.71935)
1912ce70-19bb-4904-a7c1-465a5b68e2e2,aa1883c4-ffd0-40f5-bd14-dcc312684e4e,Voi,fdb7d4d8-54e6-4e89-979a-8457ab7c8205,scooter,reserve,45,2026-09-16T20:03:36Z,POINT (-9.14436 38.71523)
f97c9010-d913-46b5-8e6d-286914c8b23a,aa36434e-f251-4c63-8d4e-86a538cc03aa,Gira,f6e0627d-f4ae-4f89-9284-db32da88fc30,bicycle,trip_start,73,2026-09-16T20:08:54Z,POINT (-9.14616 38.70536)
2c5280f2-0783-44a0-9fbd-3539c44ed492,e8eb2af2-f261-45a8-91cd-424e42a85121,Dott,0a3d5841-53d6-47ed-8f95-55af66c90bc8,bicycle,trip_end,99,2026-09-16T20:14:57Z,POINT (-9.14669 38.70581)
0f970cf0-f0d4-4064-a421-e8a0211476cc,a08ff49b-6f77-4632-a16c-43069c43a8c3,Lime,3d45796b-7204-4136-b647-75ae94bcce81,bicycle,rebalance_drop_off,27,2026-09-16T22:32:05Z,POINT (-9.10200 38.75579)
e3462122-2826-45c5-80ec-8af73fd2b5f0,e8eb2af2-f261-45a8-91cd-424e42a85121,Dott,caf5d69a-3f09-4a2f-9792-d225524e7d95,bicycle,trip_end,39,2026-09-16T23:14:17Z,POINT (-9.13861 38.72279)
dbe21025-f408-494e-aeb5-83064173ef5d,aa1883c4-ffd0-40f5-bd14-dcc312684e4e,Voi,a32698fd-e08a-4c31-81e7-8c9a0f2225ff,scooter,trip_start,64,2026-09-16T23:17:45Z,POINT (-9.14884 38.70894)
633e9770-b6eb-47c2-9081-0a2c80bc46e4,a08ff49b-6f77-4632-a16c-43069c43a8c3,Lime,5790e377-afab-41f9-a2c8-19c8405d10a4,scooter,provider_pick_up,29,2026-09-17T00:41:53Z,POINT (-9.15544 38.76533)
6b3e6d36-6e89-48d9-87a8-8a14ece5bfeb,a08ff49b-6f77-4632-a16c-43069c43a8c3,Lime,4a779d01-94aa-4255-b9b4-482e3ffccb37,scooter,rebalance_pick_up,42,2026-09-17T00:47:27Z,POINT (-9.14061 38.73656)
98ba84de-7962-4a41-a6d4-342be301018b,e8eb2af2-f261-45a8-91cd-424e42a85121,Dott,8569a374-0749-4780-bfc0-60b51059896d,bicycle,trip_start,62,2026-09-17T00:55:24Z,POINT (-9.13438 38.70832)
09edc66b-cdd9-460c-bd47-b72edce1153e,a08ff49b-6f77-4632-a16c-43069c43a8c3,Lime,e36bfe2e-9595-4bc4-afe7-def3d608355f,scooter,rebalance_drop_off,49,2026-09-17T01:09:42Z,POINT (-9.09628 38.77127)
7afde8b0-ed81-4f6e-a7ff-739559bed0ce,aa1883c4-ffd0-40f5-bd14-dcc312684e4e,Voi,5f8fc6cc-d771-44d9-b2e3-53c25a80cf03,scooter,trip_end,35,2026-09-17T02:05:05Z,POINT (-9.13887 38.71103)
599f6314-bcc5-44cb-8ba3-f3ea4266f6ad,e8eb2af2-f261-45a8-91cd-424e42a85121,Dott,f58121e0-0c36-46d3-afab-8c17ab0a1d05,bicycle,low_battery,8,2026-09-17T03:08:50Z,POINT (-9.16106 38.76819)
412f7824-3558-46ab-9777-58c1c8c08049,7cf3c256-32b9-4409-93fb-64afebede10d,Bolt,50239dd0-0ceb-4c14-94cc-29386abbc94f,scooter,low_battery,14,2026-09-17T03:16:44Z,POINT (-9.15066 38.71105)
2f49ba2f-d78c-49c4-9ad4-c35cbd9f1245,7cf3c256-32b9-4409-93fb-64afebede10d,Bolt,c31308a1-4399-4af1-a41a-dc897614bcf9,scooter,trip_end,94,2026-09-17T03:35:20Z,POINT (-9.15071 38.73532)
b3a04464-d215-4ef6-81d3-b7f9585e3c71,e8eb2af2-f261-45a8-91cd-424e42a85121,Dott,86dc0c7f-4dce-455d-93cd-8638469a8deb,scooter,trip_end,92,2026-09-17T03:47:41Z,POINT (-9.14730 38.73940)
3ad3f397-c213-4e46-973a-ae754952a8b6,7cf3c256-32b9-4409-93fb-64afebede10d,Bolt,9d22ada4-6a6f-44e8-bdc0-a95499eb387d,scooter,trip_end,41,2026-09-17T05:11:03Z,POINT (-9.16383 38.76488)
30eb84de-41e8-47b7-87bb-b838c0b92cd8,a08ff49b-6f77-4632-a16c-43069c43a8c3,Lime,5e6994ef-58cb-4994-a5c1-44ebe3d7c256,bicycle,trip_end,77,2026-09-17T05:33:42Z,POINT (-9.14285 38.71377)
453e4d15-287a-4a93-981b-da94ff50d769,7cf3c256-32b9-4409-93fb-64afebede10d,Bolt,b5188819-ee99-40d7-b7b4-744da20ef2d4,scooter,trip_end,83,2026-09-17T07:00:20Z,POINT (-9.13916 38.71549)
c7ebc5f0-69d6-4a4b-ab2a-89a8844ed019,e8eb2af2-f261-45a8-91cd-424e42a85121,Dott,bd67f460-81d3-4c86-918b-a1da249d7648,scooter,rebalance_drop_off,43,2026-09-17T07:07:57Z,POINT (-9.16364 38.71707)
bf11a7f4-76eb-43b6-aadf-9b5939a5801b,7cf3c256-32b9-4409-93fb-64afebede10d,Bolt,335dca26-c4a6-4a12-b6da-b5a3e365ad0b,scooter,reserve,81,2026-09-17T07:20:01Z,POINT (-9.09686 38.77693)
cfcab4fa-f9e6-48ae-9f2e-f5456cbdccf5,e8eb2af2-f261-45a8-91cd-424e42a85121,Dott,7e0f786d-78d8-4076-9fed-41fbaf70753f,scooter,cancel_reservation,50,2026-09-17T07:36:06Z,POINT (-9.15350 38.71634)
723d682c-da61-47aa-9b71-6e40d3565a5b,7cf3c256-32b9-4409-93fb-64afebede10d,Bolt,c31308a1-4399-4af1-a41a-dc897614bcf9,scooter,trip_end,61,2026-09-17T07:44:05Z,POINT (-9.14631 38.73628)
6e7cd900-f636-4c6f-91ea-2e58f86fa311,7cf3c256-32b9-4409-93fb-64afebede10d,Bolt,9d22ada4-6a6f-44e8-bdc0-a95499eb387d,scooter,rebalance_drop_off,85,2026-09-17T07:46:38Z,POINT (-9.08622 38.77046)
b73ea8f9-6d60-4fc4-b028-3acbf45a063c,a08ff49b-6f77-4632-a16c-43069c43a8c3,Lime,7f4990cc-90e3-442d-acf1-5c6bad4fad06,bicycle,trip_start,86,2026-09-17T07:46:39Z,POINT (-9.14544 38.74805)
049bcf9c-5246-4e48-a0fc-82d516ca73ea,aa36434e-f251-4c63-8d4e-86a538cc03aa,Gira,29fa7209-62d5-47c2-9ff7-7b83b96c1c70,bicycle,trip_end,36,2026-09-17T07:56:50Z,POINT (-9.14491 38.74101)
987a74c5-4603-40b9-a16b-1d5533341539,a08ff49b-6f77-4632-a16c-43069c43a8c3,Lime,567c7a9c-0022-4d60-9b79-a9c823ecf9ba,bicycle,trip_start,58,2026-09-17T07:59:23Z,POINT (-9.14555 38.70676)
fd7b0738-387a-41e8-9f0d-ad6d4c1cc9e8,a08ff49b-6f77-4632-a16c-43069c43a8c3,Lime,dc99c0a3-a877-4adf-a2ac-176dab85cfba,bicycle,maintenance,66,2026-09-17T08:09:22Z,POINT (-9.14230 38.73455)
4b5504d0-2df0-4ed1-8c64-b216b487b6af,a08ff49b-6f77-4632-a16c-43069c43a8c3,Lime,78580c6d-d884-45fb-a8b4-ae764a97f441,scooter,trip_end,53,2026-09-17T08:10:50Z,POINT (-9.15334 38.73211)
540b5a3f-c030-4507-b4bd-b39ff02811ec,e8eb2af2-f261-45a8-91cd-424e42a85121,Dott,feb976b5-da66-45a8-b57b-7aec4713ec63,scooter,trip_start,26,2026-09-17T08:13:39Z,POINT (-9.08748 38.76630)
778bb27f-9840-47f0-a766-4846b42888d4,aa36434e-f251-4c63-8d4e-86a538cc03aa,Gira,7cbc9616-e6a5-4582-87f3-6959e464fcc3,bicycle,maintenance,40,2026-09-17T08:15:42Z,POINT (-9.12954 38.71441)
e57dfedd-4ebd-444a-a4f0-692e0bfaf030,7cf3c256-32b9-4409-93fb-64afebede10d,Bolt,22b90ef4-4f54-4380-aad7-4c99c40e3871,scooter,trip_start,30,2026-09-17T08:17:53Z,POINT (-9.15897 38.72230)
7b59016b-3ac1-432e-9ece-2d0d8c1cf52a,e8eb2af2-f261-45a8-91cd-424e42a85121,Dott,3bb14d31-a83f-4ba7-bfa3-52099c2057db,bicycle,trip_end,78,2026-09-17T08:31:03Z,POINT (-9.12245 38.71283)
880b66b8-9010-4306-8730-5ce1ff850e1f,a08ff49b-6f77-4632-a16c-43069c43a8c3,Lime,e3e4cb2d-5976-46ea-916f-6e5ef3ba3e32,bicycle,rebalance_pick_up,80,2026-09-17T08:36:37Z,POINT (-9.15540 38.72424)
877aebca-c8d6-4ac0-9444-f202bafedd4b,a08ff49b-6f77-4632-a16c-43069c43a8c3,Lime,4f7570ac-31ab-4042-bf48-92c1fb887892,bicycle,trip_end,26,2026-09-17T08:44:54Z,POINT (-9.15292 38.76168)
edce8960-c04f-4a37-977e-261a759e5e9b,a08ff49b-6f77-4632-a16c-43069c43a8c3,Lime,e763443a-df95-4054-a7d4-a2d23730a246,scooter,trip_end,58,2026-09-17T09:04:13Z,POINT (-9.14436 38.70570)
61862798-816f-4277-8bed-8f50e66af473,e8eb2af2-f261-45a8-91cd-424e42a85121,Dott,3418560a-eb21-4f1c-90c2-35b89146a1ea,bicycle,trip_start,85,2026-09-17T09:09:52Z,POINT (-9.18405 38.70462)
3df07fa6-2488-4dee-a0cd-8ab76177df9c,7cf3c256-32b9-4409-93fb-64afebede10d,Bolt,44dd210c-4a51-43f4-b216-b977461759b7,scooter,cancel_reservation,85,2026-09-17T09:11:18Z,POINT (-9.14601 38.72532)
d199df70-32a2-4b12-83b0-fac56b20901c,7cf3c256-32b9-4409-93fb-64afebede10d,Bolt,8c71f5b3-43f9-49f9-9a39-cb14c6da5995,scooter,reserve,77,2026-09-17T09:20:22Z,POINT (-9.14798 38.72727)
5e24c407-f831-45cc-98b8-02b15364984a,a08ff49b-6f77-4632-a16c-43069c43a8c3,Lime,4a146a3e-f991-4677-813b-23e9c34240c9,bicycle,trip_start,42,2026-09-17T09:22:29Z,POINT (-9.10022 38.76523)
ed10d64c-f6a6-4c76-920f-58bc3883a675,e8eb2af2-f261-45a8-91cd-424e42a85121,Dott,28073d88-9cef-4f4c-901f-e3e0928bc625,scooter,trip_end,73,2026-09-17T09:24:34Z,POINT (-9.12641 38.71568)
bf184820-2250-4f50-b88e-5e07c77eb99d,a08ff49b-6f77-4632-a16c-43069c43a8c3,Lime,a4ae37af-fe4a-4ca2-8b1d-42bbd0c94bd0,bicycle,low_battery,11,2026-09-17T09:31:39Z,POINT (-9.14806 38.73255)
7625c7d8-fd30-463e-8044-0c771f887b9d,7cf3c256-32b9-4409-93fb-64afebede10d,Bolt,e2c7ed96-80cb-431e-9231-b957ec2f20e8,scooter,trip_end,72,2026-09-17T09:53:30Z,POINT (-9.15390 38.72119)
e449b3da-ed31-4162-8f34-95bd6a3c4f29,7cf3c256-32b9-4409-93fb-64afebede10d,Bolt,3949564b-b355-4809-b5ad-4763991502ab,scooter,trip_end,60,2026-09-17T09:54:59Z,POINT (-9.09221 38.77221)
ef38fd7b-3a2a-49d7-8e3b-c30371ce77e5,7cf3c256-32b9-4409-93fb-64afebede10d,Bolt,4d6fc572-dba1-4eb2-b0d5-a3a726ffa388,scooter,maintenance,76,2026-09-17T10:29:15Z,POINT (-9.14050 38.70735)
2284670a-35d3-406b-9a7a-d5187a392514,7cf3c256-32b9-4409-93fb-64afebede10d,Bolt,b807201b-8215-41d2-8166-e192a2c75b24,scooter,rebalance_pick_up,45,2026-09-17T11:09:35Z,POINT (-9.10351 38.77803)
030d5ba5-c042-4558-9ac9-6f2777ee2d69,7cf3c256-32b9-4409-93fb-64afebede10d,Bolt,4d6fc572-dba1-4eb2-b0d5-a3a726ffa388,scooter,rebalance_pick_up,38,2026-09-17T11:25:51Z,POINT (-9.14242 38.73112)
f3fdee02-6353-4dbb-965d-04b1709e7c67,7cf3c256-32b9-4409-93fb-64afebede10d,Bolt,20e2e7e4-8b56-4026-a746-de705bec8cc5,scooter,low_battery,3,2026-09-17T11:34:42Z,POINT (-9.14305 38.70792)
9ede2844-e59a-471a-9f2d-6555e8629733,e8eb2af2-f261-45a8-91cd-424e42a85121,Dott,c540596f-2e5c-4d49-8d9b-0771048d67a5,bicycle,trip_start,100,2026-09-17T11:48:25Z,POINT (-9.14434 38.70711)
6231000a-f058-4535-89f7-4feaf1b18b8b,a08ff49b-6f77-4632-a16c-43069c43a8c3,Lime,5e6994ef-58cb-4994-a5c1-44ebe3d7c256,scooter,maintenance,60,2026-09-17T11:52:02Z,POINT (-9.14179 38.74807)
87358b11-98c0-444f-b375-db48ffa3686f,7cf3c256-32b9-4409-93fb-64afebede10d,Bolt,528272e8-5213-4ccf-bf4d-8ce9d55d0f6b,scooter,trip_end,39,2026-09-17T11:59:08Z,POINT (-9.15622 38.72267)
d4685560-74a7-4f0e-99a9-be1f3b5c4f22,7cf3c256-32b9-4409-93fb-64afebede10d,Bolt,8c71f5b3-43f9-49f9-9a39-cb14c6da5995,scooter,low_battery,14,2026-09-17T12:09:37Z,POINT (-9.14153 38.72570)
c70054c0-4306-4178-934c-361b79aea926,7cf3c256-32b9-4409-93fb-64afebede10d,Bolt,59fd1a30-96d1-4f7f-b425-1fbd4aa7fe6c,scooter,provider_pick_up,66,2026-09-17T12:15:53Z,POINT (-9.15998 38.71121)
218278e9-95cc-4d1e-b720-c403898e7997,aa36434e-f251-4c63-8d4e-86a538cc03aa,Gira,7bee37da-9dd7-4eb8-8ec7-22093562c203,bicycle,trip_start,34,2026-09-17T12:21:04Z,POINT (-9.15350 38.74075)
ba8a0b39-3841-4527-b504-9162862fdf15,aa1883c4-ffd0-40f5-bd14-dcc312684e4e,Voi,aaddcf3e-0c0d-4f29-92ab-2966660cadec,scooter,trip_end,50,2026-09-17T12:21:47Z,POINT (-9.13035 38.70942)
a6b03f34-7b98-4ecc-805b-96f379343e9f,a08ff49b-6f77-4632-a16c-43069c43a8c3,Lime,e763443a-df95-4054-a7d4-a2d23730a246,bicycle,rebalance_drop_off,73,2026-09-17T12:39:24Z,POINT (-9.21268 38.70242)
0ebbcf21-d6e3-4569-a1d9-092215563fba,a08ff49b-6f77-4632-a16c-43069c43a8c3,Lime,a2abc323-5295-46c9-8cd2-00f8bf1bfbf2,scooter,trip_end,45,2026-09-17T12:44:04Z,POINT (-9.14274 38.74987)
a516e977-b0aa-45e1-a961-ea20365ca5ab,7cf3c256-32b9-4409-93fb-64afebede10d,Bolt,73c82101-b9fe-4a66-99b4-de7ae181ad7d,scooter,trip_start,36,2026-09-17T12:49:56Z,POINT (-9.13675 38.71745)
5ca3c0b1-8dea-4b94-8eba-aff17505ae88,7cf3c256-32b9-4409-93fb-64afebede10d,Bolt,b8206349-ce47-49c8-bdb0-5d3a1a22f509,scooter,rebalance_drop_off,64,2026-09-17T12:55:08Z,POINT (-9.15793 38.76812)
4f60375b-f312-4b1b-a403-da9fbd3c8758,a08ff49b-6f77-4632-a16c-43069c43a8c3,Lime,567c7a9c-0022-4d60-9b79-a9c823ecf9ba,scooter,trip_start,48,2026-09-17T13:31:11Z,POINT (-9.15098 38.72405)
d954f196-a936-4f3a-b5f4-afd2aa320394,7cf3c256-32b9-4409-93fb-64afebede10d,Bolt,5f0e7639-f185-4751-ad9b-93a5677999af,scooter,trip_end,26,2026-09-17T13:33:04Z,POINT (-9.15286 38.71299)
2a0639de-d018-41ab-82e0-6673589cd0d2,a08ff49b-6f77-4632-a16c-43069c43a8c3,Lime,c3b109bf-3623-4a20-9a44-df1ddaa9bc82,scooter,trip_end,58,2026-09-17T14:09:35Z,POINT (-9.14619 38.70663)
43417517-7fd1-4225-8c35-b1848d56a83f,7cf3c256-32b9-4409-93fb-64afebede10d,Bolt,ca0dd966-70f1-4336-984e-512099f1fdb3,scooter,trip_end,100,2026-09-17T14:15:41Z,POINT (-9.17428 38.70625)
b5d7547a-8dbc-43c2-9275-0df6346b82a0,a08ff49b-6f77-4632-a16c-43069c43a8c3,Lime,f999ed29-b6e9-4ecb-8088-7fc7f6bf74a1,bicycle,trip_start,88,2026-09-17T14:24:13Z,POINT (-9.17702 38.70240)
e14390b5-f870-4ff5-8981-d365b250f793,a08ff49b-6f77-4632-a16c-43069c43a8c3,Lime,239eebd0-357a-4935-8b7f-8689585bbae2,scooter,trip_end,53,2026-09-17T14:42:20Z,POINT (-9.13550 38.70965)
33c985ba-53ae-4769-8c41-a507c2ce5047,a08ff49b-6f77-4632-a16c-43069c43a8c3,Lime,e36bfe2e-9595-4bc4-afe7-def3d608355f,scooter,trip_start,95,2026-09-17T15:11:43Z,POINT (-9.13286 38.74218)
0a771653-2329-4ff3-b94e-394ccc237368,e8eb2af2-f261-45a8-91cd-424e42a85121,Dott,cb3d5f32-3123-4d0f-ab68-cc7e0f42371b,bicycle,trip_start,48,2026-09-17T15:28:23Z,POINT (-9.12757 38.71646)
c6c3e4a3-66ab-4363-a244-fa3cc4c1ae6b,e8eb2af2-f261-45a8-91cd-424e42a85121,Dott,8d89eb23-13b3-4a30-b1bd-4d3e9e3a72a8,scooter,trip_start,84,2026-09-17T15:32:50Z,POINT (-9.14902 38.71266)
39c07d34-db85-45db-83bd-04a6b341def9,7cf3c256-32b9-4409-93fb-64afebede10d,Bolt,56776c3c-38e9-47b9-9e2a-0f19ea041741,scooter,trip_end,29,2026-09-17T15:35:57Z,POINT (-9.13721 38.76101)
33511b95-aa6a-478f-a222-bffd15bcce08,e8eb2af2-f261-45a8-91cd-424e42a85121,Dott,4ccaf013-fccc-4adc-8fa2-a03e02e38281,bicycle,low_battery,8,2026-09-17T15:37:43Z,POINT (-9.13193 38.71306)
9d9cf26a-3f36-43dc-a6cc-b7d503b4ccd3,aa36434e-f251-4c63-8d4e-86a538cc03aa,Gira,6e8d4d8b-8616-4adb-b3dd-3f52e5f94016,bicycle,cancel_reservation,50,2026-09-17T15:46:38Z,POINT (-9.14772 38.74964)
9417110b-3222-42b1-a4a6-303a5bd32bea,7cf3c256-32b9-4409-93fb-64afebede10d,Bolt,b807201b-8215-41d2-8166-e192a2c75b24,scooter,provider_pick_up,88,2026-09-17T15:48:26Z,POINT (-9.14099 38.71121)
7a67de3d-3cbb-487e-9f0d-1cc115dbe529,aa36434e-f251-4c63-8d4e-86a538cc03aa,Gira,6e8d4d8b-8616-4adb-b3dd-3f52e5f94016,bicycle,low_battery,8,2026-09-17T15:50:36Z,POINT (-9.14238 38.70767)
ba8692f2-99cb-44c4-a443-86f5ab7f2c9e,7cf3c256-32b9-4409-93fb-64afebede10d,Bolt,c61537dd-d2bc-4b1a-a12f-e284c331508d,scooter,trip_start,41,2026-09-17T15:53:31Z,POINT (-9.15857 38.71303)
45125844-3272-455c-a89f-c90ebfe4eba5,e8eb2af2-f261-45a8-91cd-424e42a85121,Dott,fba29c17-284c-4313-982c-963cdf81a1de,scooter,provider_pick_up,38,2026-09-17T15:54:42Z,POINT (-9.13853 38.74109)
50bc2da4-9e98-4274-aef6-affffbbcb5ca,a08ff49b-6f77-4632-a16c-43069c43a8c3,Lime,3d45796b-7204-4136-b647-75ae94bcce81,bicycle,trip_start,56,2026-09-17T16:00:31Z,POINT (-9.15932 38.72636)
ad1a42fe-f402-4536-8a0c-cedc7c1e36a4,a08ff49b-6f77-4632-a16c-43069c43a8c3,Lime,e763443a-df95-4054-a7d4-a2d23730a246,scooter,trip_start,34,2026-09-17T16:07:00Z,POINT (-9.14633 38.71173)
b213bfe7-2ff0-43d0-8f08-7945700071fa,a08ff49b-6f77-4632-a16c-43069c43a8c3,Lime,ab57ce07-4d3f-420b-8193-949496ce47e5,scooter,trip_start,34,2026-09-17T16:08:23Z,POINT (-9.15179 38.70800)
971c97e7-94b4-4232-b9c1-c84c07509a2a,7cf3c256-32b9-4409-93fb-64afebede10d,Bolt,a10b93b8-5691-490e-8143-c3cf38d226df,scooter,trip_start,43,2026-09-17T16:17:59Z,POINT (-9.17718 38.70156)
6c4592cc-8188-48d2-9353-7cde2524dec6,aa36434e-f251-4c63-8d4e-86a538cc03aa,Gira,a36ba348-58bc-4ccf-9677-bb2406adf4ed,bicycle,trip_end,55,2026-09-17T16:55:42Z,POINT (-9.16148 38.71084)
756a27b0-aa9d-45a4-ba93-48306c4dd286,aa1883c4-ffd0-40f5-bd14-dcc312684e4e,Voi,0ad3b81f-2c3f-416b-a938-4753d01927db,scooter,trip_end,42,2026-09-17T17:03:33Z,POINT (-9.15066 38.74063)
34c33d9d-6093-42d4-a6ff-2aacafcd8537,a08ff49b-6f77-4632-a16c-43069c43a8c3,Lime,5e09d096-b3a1-496a-af9b-ccfbaa0c4548,scooter,trip_start,57,2026-09-17T17:13:49Z,POINT (-9.13297 38.71385)
fdeefc8f-f345-4b06-9b66-cab6b6cbdac6,aa1883c4-ffd0-40f5-bd14-dcc312684e4e,Voi,b0c646ff-754e-4d82-8daf-a1ac2ae0e7d0,scooter,reserve,79,2026-09-17T17:16:33Z,POINT (-9.17516 38.70476)
5c68573f-bc2b-4703-a0bb-7442a0501c36,7cf3c256-32b9-4409-93fb-64afebede10d,Bolt,335dca26-c4a6-4a12-b6da-b5a3e365ad0b,scooter,trip_start,85,2026-09-17T17:19:09Z,POINT (-9.20974 38.69608)
b2b75fb4-6e8c-4e71-a5fc-5402c8332df1,aa36434e-f251-4c63-8d4e-86a538cc03aa,Gira,e244dfab-af53-4393-a7cc-bb9f7511cbaf,bicycle,trip_end,95,2026-09-17T17:22:27Z,POINT (-9.15086 38.74152)
1e37a4bd-3b54-4f7d-90a0-59b7355698dc,e8eb2af2-f261-45a8-91cd-424e42a85121,Dott,25fa4c2a-eb2d-4633-a7b0-46a722782600,bicycle,provider_drop_off,53,2026-09-17T17:24:24Z,POINT (-9.14362 38.71621)
12981c63-c57c-4582-9f32-131279ae6a42,a08ff49b-6f77-4632-a16c-43069c43a8c3,Lime,83b65066-678d-4c4b-9cfb-41abf998a853,scooter,rebalance_drop_off,89,2026-09-17T17:37:46Z,POINT (-9.14439 38.73781)
8173a7fd-a1c2-452c-b6aa-e73bb302be42,e8eb2af2-f261-45a8-91cd-424e42a85121,Dott,a4d95b93-754f-4b9a-bdd2-305dc5ee94be,bicycle,trip_end,91,2026-09-17T17:40:38Z,POINT (-9.14467 38.74594)
5c131c52-c515-4287-bd58-e8cf3f600bf9,e8eb2af2-f261-45a8-91cd-424e42a85121,Dott,7f7c3924-5c88-4883-8a05-7e9775a4328f,bicycle,trip_start,37,2026-09-17T17:40:56Z,POINT (-9.09504 38.77824)
0765e83c-cf1a-4929-a211-b80f9f5203cc,e8eb2af2-f261-45a8-91cd-424e42a85121,Dott,cb3d5f32-3123-4d0f-ab68-cc7e0f42371b,bicycle,trip_end,89,2026-09-17T17:43:54Z,POINT (-9.12349 38.71222)
ea107def-21dc-47aa-ad39-54b2edcbeca2,aa36434e-f251-4c63-8d4e-86a538cc03aa,Gira,69f6190b-612d-4c08-a69b-1ca819823489,bicycle,rebalance_drop_off,33,2026-09-17T17:43:55Z,POINT (-9.15169 38.73857)
75e3ee2e-19cf-4d1d-8cad-cf49d52ae460,a08ff49b-6f77-4632-a16c-43069c43a8c3,Lime,7a67d56b-f640-4a48-9f5e-97f2ecd20944,bicycle,trip_start,97,2026-09-17T17:55:54Z,POINT (-9.20063 38.69773)
bd891e01-67fb-43c4-8948-5a41a2616c61,e8eb2af2-f261-45a8-91cd-424e42a85121,Dott,047af9f4-92c8-485c-bc45-a7e0bab81c72,bicycle,rebalance_drop_off,61,2026-09-17T17:57:30Z,POINT (-9.15562 38.71542)
b48e222b-d507-4c2d-9cef-1a227838a644,e8eb2af2-f261-45a8-91cd-424e42a85121,Dott,5e12285e-1932-4311-ba42-fbda9800b9fc,bicycle,trip_end,78,2026-09-17T18:11:46Z,POINT (-9.10218 38.77328)
0529209a-719f-475a-a26e-c238d5d5f2ff,aa1883c4-ffd0-40f5-bd14-dcc312684e4e,Voi,fdb7d4d8-54e6-4e89-979a-8457ab7c8205,scooter,trip_start,76,2026-09-17T18:18:48Z,POINT (-9.14835 38.74096)
304b610e-af4c-4122-b247-310a4b7c8ee2,aa1883c4-ffd0-40f5-bd14-dcc312684e4e,Voi,07204596-a43b-4a93-8039-275015775852,scooter,provider_pick_up,63,2026-09-17T18:19:55Z,POINT (-9.14256 38.72850)
7b855e64-8634-4bd3-b921-7b4c14f889be,e8eb2af2-f261-45a8-91cd-424e42a85121,Dott,21e4401e-9669-4a8b-ad66-ea22afdffecd,scooter,trip_start,98,2026-09-17T18:24:10Z,POINT (-9.20064 38.70000)
75015a76-63f9-4df4-9e09-c25638e1d1cd,aa36434e-f251-4c63-8d4e-86a538cc03aa,Gira,5b210e09-10d9-42da-a0b0-095982e8e92b,bicycle,trip_end,38,2026-09-17T18:32:07Z,POINT (-9.12241 38.71387)
11993ce1-3780-4390-86ac-1199f6860b57,e8eb2af2-f261-45a8-91cd-424e42a85121,Dott,36e6d145-c96c-4627-9c3e-dafaac1948b1,scooter,trip_end,76,2026-09-17T18:37:07Z,POINT (-9.14558 38.73381)
ceee3514-3ae4-4e53-970a-7a2eb5d01f39,7cf3c256-32b9-4409-93fb-64afebede10d,Bolt,3e5350ed-dc4e-4868-8250-32b3aee70442,scooter,maintenance,70,2026-09-17T18:37:32Z,POINT (-9.14957 38.72663)
de2ed638-dfdf-45bf-a91f-5da41e414455,e8eb2af2-f261-45a8-91cd-424e42a85121,Dott,36e6d145-c96c-4627-9c3e-dafaac1948b1,scooter,reserve,46,2026-09-17T18:45:07Z,POINT (-9.14362 38.70981)
03e78aa2-46f8-41ea-be49-bc9d6f2785bd,7cf3c256-32b9-4409-93fb-64afebede10d,Bolt,ededfc18-5e00-4782-895f-363c777a79d6,scooter,rebalance_pick_up,51,2026-09-17T18:46:41Z,POINT (-9.14663 38.73531)
3f8bb1e7-1241-4095-bfcb-f03317a26228,a08ff49b-6f77-4632-a16c-43069c43a8c3,Lime,3037beb0-f65b-4922-a430-e9cffc0e9a7f,bicycle,rebalance_drop_off,96,2026-09-17T18:47:27Z,POINT (-9.13283 38.74934)
aeb5d4d2-0165-4b85-bcd1-205507aacc82,7cf3c256-32b9-4409-93fb-64afebede10d,Bolt,370db622-9cc5-462b-bf2c-ec908b4f60da,scooter,provider_pick_up,93,2026-09-17T18:50:26Z,POINT (-9.14629 38.70521)
647bc7e7-b360-4f82-9ae3-0dc2fefd37eb,7cf3c256-32b9-4409-93fb-64afebede10d,Bolt,4d6fc572-dba1-4eb2-b0d5-a3a726ffa388,scooter,trip_start,83,2026-09-17T18:50:36Z,POINT (-9.12861 38.74268)
f63f39a3-45a2-4e12-8d04-a93f145cf548,7cf3c256-32b9-4409-93fb-64afebede10d,Bolt,636fb7a8-389c-421b-8e87-e1365bfae7e3,scooter,trip_start,69,2026-09-17T18:52:46Z,POINT (-9.14167 38.71910)
50ad8b53-13c8-4af1-b03e-6b88e59e6e56,7cf3c256-32b9-4409-93fb-64afebede10d,Bolt,2e7418d0-0f0b-40c1-bf17-76055fb1341a,scooter,trip_end,46,2026-09-17T18:58:57Z,POINT (-9.15463 38.74032)
1ea29566-9434-4271-8be4-43a4d7b75e56,e8eb2af2-f261-45a8-91cd-424e42a85121,Dott,3fe87991-bb3d-43c5-8092-d6b2ae3eb390,scooter,trip_start,69,2026-09-17T19:00:04Z,POINT (-9.14317 38.73149)
b43cfc2f-5b7a-4b83-a66a-d79fc88f0d9d,aa1883c4-ffd0-40f5-bd14-dcc312684e4e,Voi,5411592c-2160-4fe2-a8f9-f130b309d63b,scooter,trip_start,100,2026-09-17T19:00:42Z,POINT (-9.13646 38.73963)
e9e370aa-3b0b-48ea-863b-a93cfc2799d4,7cf3c256-32b9-4409-93fb-64afebede10d,Bolt,18181d5e-9d5b-4270-8b9a-9b87d374fe50,scooter,trip_end,96,2026-09-17T19:19:45Z,POINT (-9.14549 38.71181)
f0b5eba0-bc23-4a49-b32b-f3c04e414074,e8eb2af2-f261-45a8-91cd-424e42a85121,Dott,afe7ecad-5eb6-4a76-b5ed-1c3579c0705a,bicycle,trip_end,31,2026-09-17T19:33:33Z,POINT (-9.13193 38.73610)
1263e656-a06d-46c6-acd9-059a18c7aead,e8eb2af2-f261-45a8-91cd-424e42a85121,Dott,5d1953b5-77df-4f10-8ac5-50acc85c22e3,bicycle,rebalance_drop_off,40,2026-09-17T19:34:13Z,POINT (-9.14388 38.70870)
88defc48-7be6-4411-ae7d-66902d094587,7cf3c256-32b9-4409-93fb-64afebede10d,Bolt,528272e8-5213-4ccf-bf4d-8ce9d55d0f6b,scooter,reserve,76,2026-09-17T19:34:35Z,POINT (-9.13474 38.71373)
16d46504-ccfe-44ac-bf2f-4f417aed96e6,aa1883c4-ffd0-40f5-bd14-dcc312684e4e,Voi,d902301d-806d-410e-b62b-09564b361dfe,scooter,trip_start,32,2026-09-17T19:38:29Z,POINT (-9.12197 38.71751)
8475a585-a67b-413a-9913-127387791c33,e8eb2af2-f261-45a8-91cd-424e42a85121,Dott,8d89eb23-13b3-4a30-b1bd-4d3e9e3a72a8,scooter,rebalance_pick_up,75,2026-09-17T19:41:59Z,POINT (-9.13976 38.73643)
048bc407-47a4-405e-8b2c-072e19e4b597,a08ff49b-6f77-4632-a16c-43069c43a8c3,Lime,4a779d01-94aa-4255-b9b4-482e3ffccb37,scooter,rebalance_pick_up,57,2026-09-17T19:42:54Z,POINT (-9.14713 38.70724)
4caa1d36-a71b-4539-8ebc-ab1a99095499,e8eb2af2-f261-45a8-91cd-424e42a85121,Dott,433b99b7-7407-42b1-bb74-249f84ecbc48,scooter,trip_start,46,2026-09-17T19:44:02Z,POINT (-9.14743 38.74083)
c3ee8289-2d31-436f-8f74-3a7a14b3c460,a08ff49b-6f77-4632-a16c-43069c43a8c3,Lime,4a40e713-fa23-4b8d-b574-acee683adece,bicycle,low_battery,15,2026-09-17T19:45:02Z,POINT (-9.10394 38.77208)
df5945c8-2076-4e2a-8a85-61f26b3e0771,7cf3c256-32b9-4409-93fb-64afebede10d,Bolt,295b7d83-6d22-421a-a4e5-23e8cace8f77,scooter,trip_end,65,2026-09-17T20:36:08Z,POINT (-9.11071 38.73710)
65b21799-05ed-40ea-970d-f80729aa71a9,aa1883c4-ffd0-40f5-bd14-dcc312684e4e,Voi,dcbb7365-96c0-4232-9975-3c1663aa4ada,scooter,rebalance_drop_off,45,2026-09-17T21:18:02Z,POINT (-9.20033 38.70327)
0f807b55-9249-496b-8cec-5a8d17167ab2,a08ff49b-6f77-4632-a16c-43069c43a8c3,Lime,0e9018d4-1a57-4ca3-8b80-c44a4ba5e259,bicycle,trip_end,75,2026-09-17T23:29:05Z,POINT (-9.14642 38.73864)
4d2bba96-5d8d-4ab4-836a-6f70754f3b65,e8eb2af2-f261-45a8-91cd-424e42a85121,Dott,728240dc-f495-4f20-a43e-5f553d2fcffa,bicycle,trip_start,37,2026-09-17T23:35:17Z,POINT (-9.14452 38.70988)
bf81113e-6d5b-4b22-b206-06b1127d5942,aa1883c4-ffd0-40f5-bd14-dcc312684e4e,Voi,e71b72d6-ec2f-4ad2-8ea7-67852afdc424,scooter,reserve,55,2026-09-18T00:27:12Z,POINT (-9.13143 38.74211)
d3b731a8-629c-4d90-bb7e-220a6026edbb,e8eb2af2-f261-45a8-91cd-424e42a85121,Dott,5d1953b5-77df-4f10-8ac5-50acc85c22e3,bicycle,trip_start,64,2026-09-18T01:13:35Z,POINT (-9.13540 38.74207)
153cbdcc-6f2d-492e-a783-778b8a7f3625,aa1883c4-ffd0-40f5-bd14-dcc312684e4e,Voi,e71b72d6-ec2f-4ad2-8ea7-67852afdc424,scooter,trip_start,69,2026-09-18T02:09:17Z,POINT (-9.14294 38.71361)
45604384-278a-4d8f-9b64-688024f66bb3,aa1883c4-ffd0-40f5-bd14-dcc312684e4e,Voi,e4edf51c-be9f-49b9-b51a-eaa62f7e43c6,scooter,trip_end,70,2026-09-18T02:36:24Z,POINT (-9.13432 38.71627)
a31f8f5d-0e8c-4588-8ad4-eb485903bdbd,aa36434e-f251-4c63-8d4e-86a538cc03aa,Gira,54d03f85-e3fa-44f5-ba2a-8886aa847864,bicycle,trip_end,34,2026-09-18T03:23:01Z,POINT (-9.14513 38.71215)
e216f6e5-ed9b-4c88-9c15-d1eff6cf0e37,a08ff49b-6f77-4632-a16c-43069c43a8c3,Lime,3d45796b-7204-4136-b647-75ae94bcce81,bicycle,reserve,34,2026-09-18T04:58:35Z,POINT (-9.14484 38.70585)
70744275-95d6-489a-a162-a5b1f2b07767,e8eb2af2-f261-45a8-91cd-424e42a85121,Dott,5e12285e-1932-4311-ba42-fbda9800b9fc,scooter,trip_start,71,2026-09-18T06:25:28Z,POINT (-9.14474 38.71312)
f31ec92f-65fd-4c01-975e-2617b607450d,a08ff49b-6f77-4632-a16c-43069c43a8c3,Lime,b93e7681-bedb-4bbd-917a-957bd8778062,bicycle,reserve,97,2026-09-18T06:33:47Z,POINT (-9.13979 38.71463)
b39b69b6-8d9f-4f9d-972f-25130b547ce2,e8eb2af2-f261-45a8-91cd-424e42a85121,Dott,c3b7c263-5617-4661-817f-6bb666ec1d21,bicycle,rebalance_pick_up,95,2026-09-18T06:57:52Z,POINT (-9.14235 38.71461)
f73ae7f0-c75e-4afd-8588-3dcde63353f4,e8eb2af2-f261-45a8-91cd-424e42a85121,Dott,5e12285e-1932-4311-ba42-fbda9800b9fc,bicycle,low_battery,6,2026-09-18T07:04:45Z,POINT (-9.14043 38.74256)
346a917a-2819-4172-bbec-e4b04f1e5a70,aa1883c4-ffd0-40f5-bd14-dcc312684e4e,Voi,5f8fc6cc-d771-44d9-b2e3-53c25a80cf03,scooter,low_battery,13,2026-09-18T07:05:36Z,POINT (-9.09249 38.76927)
44e1f102-b410-444f-8966-7e0c871b767c,7cf3c256-32b9-4409-93fb-64afebede10d,Bolt,df5b2828-58cd-432d-bc55-aa2c8420c3ec,scooter,trip_start,59,2026-09-18T07:38:32Z,POINT (-9.14473 38.73413)
6bfbe2dc-03f5-411b-88eb-5e11761dfc41,a08ff49b-6f77-4632-a16c-43069c43a8c3,Lime,4a779d01-94aa-4255-b9b4-482e3ffccb37,bicycle,trip_start,89,2026-09-18T07:41:31Z,POINT (-9.15149 38.73516)
59c0accc-e48a-487a-b79f-7ede7a00d7c4,a08ff49b-6f77-4632-a16c-43069c43a8c3,Lime,5790e377-afab-41f9-a2c8-19c8405d10a4,bicycle,rebalance_pick_up,79,2026-09-18T07:50:23Z,POINT (-9.14394 38.70930)
72403a41-45e2-44c7-a99e-c1bc27ed1514,7cf3c256-32b9-4409-93fb-64afebede10d,Bolt,8d943767-66fa-4329-a57e-d3f3dd2514c2,scooter,trip_end,28,2026-09-18T07:51:07Z,POINT (-9.14065 38.73276)
195671b8-96a4-442d-84d2-6ba78c0e89cc,a08ff49b-6f77-4632-a16c-43069c43a8c3,Lime,a2abc323-5295-46c9-8cd2-00f8bf1bfbf2,scooter,reserve,38,2026-09-18T07:57:11Z,POINT (-9.14463 38.73023)
0d4036b4-b556-44dd-a7c1-ad86c3ffb294,aa36434e-f251-4c63-8d4e-86a538cc03aa,Gira,db49e331-6ce8-4c69-b703-2db27ba53ec6,bicycle,reserve,39,2026-09-18T08:05:03Z,POINT (-9.15162 38.71873)
c73c0c48-6238-4874-8171-3faefa29b10f,7cf3c256-32b9-4409-93fb-64afebede10d,Bolt,3949564b-b355-4809-b5ad-4763991502ab,scooter,provider_drop_off,72,2026-09-18T08:06:48Z,POINT (-9.09144 38.76271)
9e7fe728-7a74-4efa-b4ef-4e1c3469de82,a08ff49b-6f77-4632-a16c-43069c43a8c3,Lime,78580c6d-d884-45fb-a8b4-ae764a97f441,bicycle,trip_start,29,2026-09-18T08:08:43Z,POINT (-9.13413 38.75115)
ce64bfb9-4730-4df1-8659-61822aae0be0,aa1883c4-ffd0-40f5-bd14-dcc312684e4e,Voi,03fb9fd8-ea75-45f7-b003-228d335ad55f,scooter,cancel_reservation,88,2026-09-18T08:24:50Z,POINT (-9.13524 38.73764)
0de86c72-61e3-4604-adda-d102c79c2eaa,7cf3c256-32b9-4409-93fb-64afebede10d,Bolt,ededfc18-5e00-4782-895f-363c777a79d6,scooter,low_battery,5,2026-09-18T08:36:53Z,POINT (-9.13876 38.75395)
51607d96-b527-44f5-bb83-c776597b241a,7cf3c256-32b9-4409-93fb-64afebede10d,Bolt,335dca26-c4a6-4a12-b6da-b5a3e365ad0b,scooter,trip_start,69,2026-09-18T08:41:42Z,POINT (-9.14652 38.71412)
41b28dc7-c1b6-4c75-abe5-69467bbc87de,7cf3c256-32b9-4409-93fb-64afebede10d,Bolt,ca0dd966-70f1-4336-984e-512099f1fdb3,scooter,trip_start,74,2026-09-18T08:56:03Z,POINT (-9.12786 38.71564)
6349c80b-80e9-47d7-bd8e-5f7a91a80727,7cf3c256-32b9-4409-93fb-64afebede10d,Bolt,56776c3c-38e9-47b9-9e2a-0f19ea041741,scooter,trip_end,66,2026-09-18T09:17:46Z,POINT (-9.09168 38.76508)
098721e2-f855-401d-a6ea-fbb3bae26037,7cf3c256-32b9-4409-93fb-64afebede10d,Bolt,55ac426d-73df-467b-91b8-37842bce8c2f,scooter,reserve,91,2026-09-18T09:19:33Z,POINT (-9.20956 38.70006)
56eea573-3c67-4309-bbbd-354e87493cb7,e8eb2af2-f261-45a8-91cd-424e42a85121,Dott,7811a11d-01f5-481e-922b-436f704d883b,bicycle,trip_start,88,2026-09-18T09:30:37Z,POINT (-9.14283 38.73715)
ecb62290-7222-44fd-92db-34eaae52fee7,e8eb2af2-f261-45a8-91cd-424e42a85121,Dott,4ccaf013-fccc-4adc-8fa2-a03e02e38281,scooter,rebalance_pick_up,98,2026-09-18T09:32:36Z,POINT (-9.09398 38.76631)
239ea002-5779-4a88-9e27-cd852c7a43d9,7cf3c256-32b9-4409-93fb-64afebede10d,Bolt,56776c3c-38e9-47b9-9e2a-0f19ea041741,scooter,trip_start,62,2026-09-18T09:33:03Z,POINT (-9.14173 38.73826)
0b0c0c7f-24e4-44a8-a301-56bafeead621,a08ff49b-6f77-4632-a16c-43069c43a8c3,Lime,f0fe07c7-b727-45ef-bc1c-06d9505aeae5,scooter,trip_start,56,2026-09-18T09:36:18Z,POINT (-9.09351 38.76559)
bc1db738-87b0-44e4-ac01-e18744ac47b9,7cf3c256-32b9-4409-93fb-64afebede10d,Bolt,cca80457-1f1f-4cfd-b3cb-c6f5c10b0b5b,scooter,low_battery,12,2026-09-18T09:38:39Z,POINT (-9.13431 38.71713)
b145ae0a-7b61-438d-883c-b38a6fe07109,e8eb2af2-f261-45a8-91cd-424e42a85121,Dott,25fa4c2a-eb2d-4633-a7b0-46a722782600,scooter,trip_end,73,2026-09-18T09:39:59Z,POINT (-9.14745 38.73994)
39b2349a-d45f-4a15-ae12-4d1bfa973eee,aa1883c4-ffd0-40f5-bd14-dcc312684e4e,Voi,43272e90-be59-43fb-8fa7-25638d07e6e2,scooter,trip_start,79,2026-09-18T09:52:06Z,POINT (-9.14092 38.71683)
fb340a57-2277-4bdc-aebe-c830d936cd40,a08ff49b-6f77-4632-a16c-43069c43a8c3,Lime,a2abc323-5295-46c9-8cd2-00f8bf1bfbf2,bicycle,trip_start,45,2026-09-18T10:00:27Z,POINT (-9.21023 38.69775)
7bca82de-bab6-46d7-ba03-4ff5ffe33336,7cf3c256-32b9-4409-93fb-64afebede10d,Bolt,c31308a1-4399-4af1-a41a-dc897614bcf9,scooter,trip_start,27,2026-09-18T10:27:14Z,POINT (-9.13855 38.71347)
08f44717-cee5-4901-a195-124f70325353,aa36434e-f251-4c63-8d4e-86a538cc03aa,Gira,7bee37da-9dd7-4eb8-8ec7-22093562c203,bicycle,trip_end,75,2026-09-18T10:45:33Z,POINT (-9.15125 38.71305)
1b7d709e-dbbc-4874-8390-083717ec0380,7cf3c256-32b9-4409-93fb-64afebede10d,Bolt,99efdc1a-29b7-4ed2-b6d3-893e3ed77c6b,scooter,low_battery,5,2026-09-18T11:26:51Z,POINT (-9.14319 38.73046)
1810d7cc-c185-4f59-bff6-aee242df86f0,aa36434e-f251-4c63-8d4e-86a538cc03aa,Gira,522a19fd-a791-4a87-be3c-777b6ba0e649,bicycle,rebalance_pick_up,63,2026-09-18T11:30:50Z,POINT (-9.15270 38.73865)
b25ea030-cac4-425d-9951-975ef4ae3dde,e8eb2af2-f261-45a8-91cd-424e42a85121,Dott,ef1ee6c3-ab03-4de0-9ecf-07a8602da2e8,bicycle,maintenance,51,2026-09-18T12:01:53Z,POINT (-9.18180 38.70368)
1319d675-6d7c-4e62-a341-348e4fb75244,e8eb2af2-f261-45a8-91cd-424e42a85121,Dott,0a3d5841-53d6-47ed-8f95-55af66c90bc8,bicycle,trip_start,37,2026-09-18T12:02:30Z,POINT (-9.16081 38.76849)
5efed31e-7cc8-484f-812d-24cf94a16b6a,a08ff49b-6f77-4632-a16c-43069c43a8c3,Lime,3c9f37e5-d143-4e3e-9999-f2ab1669306f,scooter,trip_start,31,2026-09-18T12:13:27Z,POINT (-9.14626 38.73021)
22e38e6d-220a-43e5-a387-2a600bbd7638,a08ff49b-6f77-4632-a16c-43069c43a8c3,Lime,368dc614-82b2-403b-acdd-cb63b80997c0,scooter,trip_start,62,2026-09-18T12:15:31Z,POINT (-9.14141 38.70865)
a8fe9f06-5192-4f10-b7d8-522bab28a9ef,7cf3c256-32b9-4409-93fb-64afebede10d,Bolt,3e5350ed-dc4e-4868-8250-32b3aee70442,scooter,trip_end,53,2026-09-18T12:32:00Z,POINT (-9.19828 38.69753)
fc54b313-c70b-42d2-9739-4c2dc6b885b6,7cf3c256-32b9-4409-93fb-64afebede10d,Bolt,5af93444-6081-414d-8915-68af1146615f,scooter,trip_start,34,2026-09-18T12:37:45Z,POINT (-9.15612 38.72407)
5208e521-05d6-4adb-a2ae-7345fbede814,7cf3c256-32b9-4409-93fb-64afebede10d,Bolt,debb5c7d-bf6b-4e87-8d03-418fda95caf6,scooter,low_battery,14,2026-09-18T12:47:19Z,POINT (-9.10645 38.77448)
62f567a3-1d55-46a6-812f-b30eda21ad62,a08ff49b-6f77-4632-a16c-43069c43a8c3,Lime,83b65066-678d-4c4b-9cfb-41abf998a853,bicycle,trip_start,29,2026-09-18T12:48:51Z,POINT (-9.14910 38.75700)
6cb6805f-d6ab-4897-85ba-8027155d1e01,aa36434e-f251-4c63-8d4e-86a538cc03aa,Gira,8c78b5a0-483f-49e2-a661-e896cbd4ded5,bicycle,trip_start,37,2026-09-18T13:02:21Z,POINT (-9.14825 38.74167)
78a1a97d-85a6-4d4b-b59b-846ff078d7a0,7cf3c256-32b9-4409-93fb-64afebede10d,Bolt,5f0e7639-f185-4751-ad9b-93a5677999af,scooter,trip_end,35,2026-09-18T13:32:23Z,POINT (-9.14129 38.71111)
8b62fedd-edb4-4b88-a589-403f7ed9cbf2,7cf3c256-32b9-4409-93fb-64afebede10d,Bolt,370db622-9cc5-462b-bf2c-ec908b4f60da,scooter,low_battery,11,2026-09-18T13:34:50Z,POINT (-9.15043 38.73692)
398e699c-459c-4ece-ab3d-92a839ec8929,aa1883c4-ffd0-40f5-bd14-dcc312684e4e,Voi,c729e73f-cf45-44ae-b9c3-07b3708898ca,scooter,trip_start,61,2026-09-18T13:49:27Z,POINT (-9.12762 38.71526)
17d5f36c-84df-40d5-875e-6422ce62a501,aa36434e-f251-4c63-8d4e-86a538cc03aa,Gira,1e614fce-aaa1-4b1e-ab31-9e10939c78e9,bicycle,rebalance_pick_up,93,2026-09-18T14:10:01Z,POINT (-9.17550 38.70588)
391b017f-5974-421a-ad11-f6c7d4e6a59b,aa36434e-f251-4c63-8d4e-86a538cc03aa,Gira,6685314e-5877-4760-acb2-1fe1b1fb379e,bicycle,reserve,56,2026-09-18T14:17:08Z,POINT (-9.17794 38.70222)
0a8efd3c-7dde-4255-ab5b-b046645b06b5,e8eb2af2-f261-45a8-91cd-424e42a85121,Dott,0a3d5841-53d6-47ed-8f95-55af66c90bc8,bicycle,maintenance,60,2026-09-18T14:41:25Z,POINT (-9.20807 38.70027)
7d87b491-7fdb-4495-925f-5e7824bc0b91,a08ff49b-6f77-4632-a16c-43069c43a8c3,Lime,5790e377-afab-41f9-a2c8-19c8405d10a4,scooter,cancel_reservation,27,2026-09-18T14:51:33Z,POINT (-9.17810 38.70143)
778b2564-e9c7-43a2-b28b-c685e100b48b,aa1883c4-ffd0-40f5-bd14-dcc312684e4e,Voi,7767d1b4-129a-4224-9328-a288c5c137a6,scooter,provider_pick_up,85,2026-09-18T15:11:09Z,POINT (-9.15239 38.72483)
0baea520-60d4-4f19-9f49-02b843830b39,aa1883c4-ffd0-40f5-bd14-dcc312684e4e,Voi,4327f11d-a842-40c2-8cdf-3dee00cd67e8,scooter,trip_start,62,2026-09-18T15:40:41Z,POINT (-9.14644 38.72557)
510ac2e5-1a72-4718-860b-82b5c5d26ca5,e8eb2af2-f261-45a8-91cd-424e42a85121,Dott,6d983729-9862-4b14-8e07-4db00ab18fd0,bicycle,trip_start,68,2026-09-18T15:42:45Z,POINT (-9.13979 38.75634)
fd8037c6-3727-480c-aad3-3fafc69ec353,aa36434e-f251-4c63-8d4e-86a538cc03aa,Gira,e244dfab-af53-4393-a7cc-bb9f7511cbaf,bicycle,low_battery,5,2026-09-18T16:04:12Z,POINT (-9.13283 38.75951)
7ea5cdca-9445-446a-8ad7-6bfa1c350001,e8eb2af2-f261-45a8-91cd-424e42a85121,Dott,25fa4c2a-eb2d-4633-a7b0-46a722782600,scooter,rebalance_pick_up,83,2026-09-18T16:11:06Z,POINT (-9.13890 38.70676)
631684f6-6c81-4ef5-a597-856b84d57f4a,e8eb2af2-f261-45a8-91cd-424e42a85121,Dott,7f7c3924-5c88-4883-8a05-7e9775a4328f,bicycle,trip_start,30,2026-09-18T16:12:06Z,POINT (-9.15908 38.72070)
5f3d00e1-47fa-4ded-850a-545cda5f307c,7cf3c256-32b9-4409-93fb-64afebede10d,Bolt,ca0dd966-70f1-4336-984e-512099f1fdb3,scooter,reserve,54,2026-09-18T16:29:37Z,POINT (-9.13231 38.71232)
6f55ed92-976a-45e0-bf91-f1e28722fc7b,e8eb2af2-f261-45a8-91cd-424e42a85121,Dott,8d89eb23-13b3-4a30-b1bd-4d3e9e3a72a8,bicycle,trip_end,75,2026-09-18T16:55:11Z,POINT (-9.13578 38.70970)
236a976c-3750-46da-8fda-551aded347d3,a08ff49b-6f77-4632-a16c-43069c43a8c3,Lime,54a34579-97d3-4406-ba95-a96046fc151b,scooter,provider_pick_up,77,2026-09-18T17:02:37Z,POINT (-9.13089 38.73990)
949d3cb7-7cff-4490-82ed-e0ed9f5a638e,a08ff49b-6f77-4632-a16c-43069c43a8c3,Lime,239eebd0-357a-4935-8b7f-8689585bbae2,bicycle,trip_start,46,2026-09-18T17:07:19Z,POINT (-9.18003 38.70226)
a36ac75e-ceb7-4356-86c1-6b7e8a964643,7cf3c256-32b9-4409-93fb-64afebede10d,Bolt,99efdc1a-29b7-4ed2-b6d3-893e3ed77c6b,scooter,trip_start,71,2026-09-18T17:15:58Z,POINT (-9.13617 38.71508)
46e4dd33-8c80-4989-a8f1-dabbdd23834e,7cf3c256-32b9-4409-93fb-64afebede10d,Bolt,b807201b-8215-41d2-8166-e192a2c75b24,scooter,trip_end,94,2026-09-18T17:20:22Z,POINT (-9.14104 38.74272)
c4fbcefd-7512-4087-add5-4185b464c679,7cf3c256-32b9-4409-93fb-64afebede10d,Bolt,30263074-bcd3-496e-bf58-222725565161,scooter,reserve,87,2026-09-18T17:36:44Z,POINT (-9.12358 38.71372)
ff9688e3-9e5f-4e90-857a-419a7c486fb6,aa1883c4-ffd0-40f5-bd14-dcc312684e4e,Voi,27d3e620-d3ae-41b0-b72c-4b22bf5bf6c3,scooter,trip_end,27,2026-09-18T17:51:29Z,POINT (-9.11860 38.71663)
52d91a4f-7659-4178-8bd3-dfeff48cfd09,aa1883c4-ffd0-40f5-bd14-dcc312684e4e,Voi,c1470e19-52cb-4b02-bd45-6f60e4ec536d,scooter,trip_start,51,2026-09-18T17:52:04Z,POINT (-9.17798 38.70887)
459d0ce6-5c08-41b3-8f72-bbd937f2ac29,e8eb2af2-f261-45a8-91cd-424e42a85121,Dott,feb976b5-da66-45a8-b57b-7aec4713ec63,bicycle,rebalance_drop_off,33,2026-09-18T18:14:42Z,POINT (-9.14710 38.71247)
23966907-7b7e-47d5-b903-bfa765e98069,7cf3c256-32b9-4409-93fb-64afebede10d,Bolt,59fd1a30-96d1-4f7f-b425-1fbd4aa7fe6c,scooter,reserve,73,2026-09-18T18:16:43Z,POINT (-9.20497 38.69496)
3a79d9c5-f136-40ab-b2c5-36e6d3094b8c,a08ff49b-6f77-4632-a16c-43069c43a8c3,Lime,54a34579-97d3-4406-ba95-a96046fc151b,bicycle,trip_start,72,2026-09-18T18:26:53Z,POINT (-9.15138 38.73050)
78b29504-2b93-4260-8451-8d249c113a01,e8eb2af2-f261-45a8-91cd-424e42a85121,Dott,5e12285e-1932-4311-ba42-fbda9800b9fc,scooter,rebalance_drop_off,76,2026-09-18T18:27:36Z,POINT (-9.14527 38.70698)
3149cb50-0a15-49ae-a722-7bd5a30cc720,aa1883c4-ffd0-40f5-bd14-dcc312684e4e,Voi,07204596-a43b-4a93-8039-275015775852,scooter,reserve,60,2026-09-18T18:57:11Z,POINT (-9.12602 38.71555)
ef759537-17bc-4986-a97b-2bd0bce4583c,aa1883c4-ffd0-40f5-bd14-dcc312684e4e,Voi,4ea25738-f504-4f29-b113-c52ce6313442,scooter,reserve,96,2026-09-18T19:03:23Z,POINT (-9.11792 38.75680)
443cdbd1-b77f-4e44-a2a6-1b225f492f93,e8eb2af2-f261-45a8-91cd-424e42a85121,Dott,399fbf3c-7833-423a-8836-027b8e6a5477,bicycle,reserve,81,2026-09-18T19:05:52Z,POINT (-9.15389 38.72141)
72ee184e-6e80-47f8-8d85-d66050533ebf,a08ff49b-6f77-4632-a16c-43069c43a8c3,Lime,5e6994ef-58cb-4994-a5c1-44ebe3d7c256,scooter,rebalance_drop_off,82,2026-09-18T19:08:44Z,POINT (-9.14737 38.72461)
1991da0e-f6f9-462b-b66b-ac926f858e0f,a08ff49b-6f77-4632-a16c-43069c43a8c3,Lime,7f4990cc-90e3-442d-acf1-5c6bad4fad06,bicycle,trip_end,34,2026-09-18T19:10:07Z,POINT (-9.15133 38.75375)
6f937db8-714c-4b69-b2ea-23c793c33457,e8eb2af2-f261-45a8-91cd-424e42a85121,Dott,c32697e9-d900-4b85-8306-36d33914b224,bicycle,low_battery,13,2026-09-18T19:13:50Z,POINT (-9.12036 38.72205)
3d054780-1baa-403a-9282-ba67939599be,e8eb2af2-f261-45a8-91cd-424e42a85121,Dott,a4d95b93-754f-4b9a-bdd2-305dc5ee94be,bicycle,reserve,95,2026-09-18T19:16:41Z,POINT (-9.15024 38.73520)
a0e244b6-ba55-4328-9887-79a38c216a41,a08ff49b-6f77-4632-a16c-43069c43a8c3,Lime,a4ae37af-fe4a-4ca2-8b1d-42bbd0c94bd0,bicycle,provider_drop_off,65,2026-09-18T19:37:00Z,POINT (-9.15123 38.73486)
58ee5a28-9d17-4e75-8d6f-afba5ab93967,a08ff49b-6f77-4632-a16c-43069c43a8c3,Lime,6a6573de-c6be-48e9-af4b-f6b9f09507b9,scooter,reserve,48,2026-09-18T19:52:20Z,POINT (-9.11244 38.76592)
faa0459f-0cdf-4f98-87ae-6058ab7c471b,a08ff49b-6f77-4632-a16c-43069c43a8c3,Lime,d6b03f30-702e-4b14-ae5c-c94065f9ba6f,scooter,trip_start,49,2026-09-18T20:00:55Z,POINT (-9.08850 38.76847)
b9334415-d7a7-41f1-99e7-2584d7f5ce09,a08ff49b-6f77-4632-a16c-43069c43a8c3,Lime,713cdac6-b84b-49c3-bfd2-f3e5f587668c,bicycle,trip_end,50,2026-09-18T20:03:59Z,POINT (-9.14440 38.71721)
8ce44354-e6b2-4bf3-92a9-94d2089b3d6a,aa1883c4-ffd0-40f5-bd14-dcc312684e4e,Voi,f909d486-ca38-4e28-b3b4-ea1a1588687f,scooter,trip_start,46,2026-09-18T22:12:08Z,POINT (-9.13799 38.71657)
2fcc1ea8-58a9-45c3-a703-aaab4da12dab,aa1883c4-ffd0-40f5-bd14-dcc312684e4e,Voi,c1470e19-52cb-4b02-bd45-6f60e4ec536d,scooter,trip_end,86,2026-09-18T23:52:39Z,POINT (-9.09777 38.76449)
7d1fa772-cca9-4a2a-a20b-f7486646a7a7,a08ff49b-6f77-4632-a16c-43069c43a8c3,Lime,db4fd9c8-4efb-471a-a772-c7ba04eedb66,scooter,reserve,91,2026-09-19T00:05:37Z,POINT (-9.16481 38.71382)
8cccb2b2-173f-4845-b1fd-04a51f43a64f,a08ff49b-6f77-4632-a16c-43069c43a8c3,Lime,971c13bc-5841-4fb1-9f6d-0f973a83e40b,scooter,trip_end,32,2026-09-19T00:27:32Z,POINT (-9.13998 38.75524)
3226da6b-2920-41bf-a5a9-85aa65e35c02,7cf3c256-32b9-4409-93fb-64afebede10d,Bolt,c61537dd-d2bc-4b1a-a12f-e284c331508d,scooter,trip_end,97,2026-09-19T00:43:04Z,POINT (-9.14258 38.71476)
c67ae75d-4b24-419f-8971-1eaecb492200,a08ff49b-6f77-4632-a16c-43069c43a8c3,Lime,5636df12-9f7c-4fdb-b92f-89c6fe9cbcf7,bicycle,low_battery,8,2026-09-19T01:03:36Z,POINT (-9.20594 38.70106)
45d8559f-6cda-475a-9821-36ffb5859109,7cf3c256-32b9-4409-93fb-64afebede10d,Bolt,de1d1389-2c83-43c4-b145-f83cb33557d0,scooter,trip_start,70,2026-09-19T02:37:32Z,POINT (-9.14729 38.71460)
94594c7b-e1aa-4de4-abb3-4d3e36cb3766,a08ff49b-6f77-4632-a16c-43069c43a8c3,Lime,1191616d-f10f-4ea2-b6dc-f9fc266913ba,scooter,trip_end,42,2026-09-19T02:52:06Z,POINT (-9.13489 38.71455)
93b722b9-300d-400b-923c-171ebbe545f6,e8eb2af2-f261-45a8-91cd-424e42a85121,Dott,c9b3ffd9-be3a-424d-ab77-a81443b62ca8,bicycle,trip_start,83,2026-09-19T03:52:42Z,POINT (-9.15075 38.76250)
d249a5e9-a83b-4409-9473-fa815f212073,7cf3c256-32b9-4409-93fb-64afebede10d,Bolt,ca0dd966-70f1-4336-984e-512099f1fdb3,scooter,trip_start,41,2026-09-19T03:58:40Z,POINT (-9.14115 38.72864)
c1564b4c-c424-490e-a2b1-e6ae8582776f,7cf3c256-32b9-4409-93fb-64afebede10d,Bolt,de1d1389-2c83-43c4-b145-f83cb33557d0,scooter,trip_end,99,2026-09-19T04:07:12Z,POINT (-9.14016 38.71878)
dee29097-3520-40e7-81db-d6030e174624,a08ff49b-6f77-4632-a16c-43069c43a8c3,Lime,3c9f37e5-d143-4e3e-9999-f2ab1669306f,scooter,trip_end,52,2026-09-19T04:31:57Z,POINT (-9.13571 38.71372)
09fc0dce-66c0-45da-8504-71a6fda9c636,a08ff49b-6f77-4632-a16c-43069c43a8c3,Lime,4f7570ac-31ab-4042-bf48-92c1fb887892,bicycle,low_battery,14,2026-09-19T04:49:15Z,POINT (-9.12453 38.71199)
33d90074-fd1c-4ee0-84e0-bf74682781ce,7cf3c256-32b9-4409-93fb-64afebede10d,Bolt,812aefea-12b3-4bd4-97e1-3b1d8847ec46,scooter,trip_end,68,2026-09-19T05:12:31Z,POINT (-9.15019 38.72547)
7343ab55-4f76-47fd-9c4e-aa6bb9ed015a,7cf3c256-32b9-4409-93fb-64afebede10d,Bolt,9d22ada4-6a6f-44e8-bdc0-a95499eb387d,scooter,trip_end,53,2026-09-19T05:31:52Z,POINT (-9.16004 38.71970)
19d797b6-329b-448b-8446-633d2e9a834e,e8eb2af2-f261-45a8-91cd-424e42a85121,Dott,1f1c2d49-3dda-41b5-9ae2-4a535d9def5e,bicycle,low_battery,11,2026-09-19T05:48:49Z,POINT (-9.14131 38.70780)
e4cfdfed-1e51-41ea-966e-31b49e268f1e,7cf3c256-32b9-4409-93fb-64afebede10d,Bolt,d7ea733f-446b-43e6-a7df-f72acb99fc17,scooter,trip_end,58,2026-09-19T05:49:22Z,POINT (-9.18305 38.70367)
e80ef040-b647-4e53-823e-5ac3fada5efb,e8eb2af2-f261-45a8-91cd-424e42a85121,Dott,293bec1c-bd3e-40f4-9039-2dea84444e9d,bicycle,reserve,45,2026-09-19T06:27:16Z,POINT (-9.14444 38.71134)
5ed97ecf-d06e-474f-8156-25f8438ee966,a08ff49b-6f77-4632-a16c-43069c43a8c3,Lime,7194b231-29fc-468c-9b41-7cf0e20e0ccf,bicycle,low_battery,4,2026-09-19T07:22:44Z,POINT (-9.14033 38.71319)
0cd11e22-fb34-4496-a10b-395185e1ef16,a08ff49b-6f77-4632-a16c-43069c43a8c3,Lime,b6ef72b8-cd1d-45f7-94e0-181369664e5b,scooter,trip_end,37,2026-09-19T07:30:24Z,POINT (-9.13276 38.71026)
aed35459-97a0-4958-a241-089b0a4c2881,7cf3c256-32b9-4409-93fb-64afebede10d,Bolt,882ff6da-9925-4fce-8790-159c37bf5c35,scooter,trip_start,77,2026-09-19T07:41:40Z,POINT (-9.14677 38.70544)
b8cdf17c-4d2e-4c7c-ab31-b5a5ff28fd67,aa36434e-f251-4c63-8d4e-86a538cc03aa,Gira,2e307524-1725-4210-adeb-51c33cd6bb74,bicycle,rebalance_drop_off,25,2026-09-19T08:00:53Z,POINT (-9.20330 38.69676)
c8df79b1-9658-4708-9b8c-7b0bb108cfeb,7cf3c256-32b9-4409-93fb-64afebede10d,Bolt,d7ea733f-446b-43e6-a7df-f72acb99fc17,scooter,trip_start,36,2026-09-19T09:39:41Z,POINT (-9.13529 38.72166)
e2aa6734-2b09-422e-ba75-278030a86c65,a08ff49b-6f77-4632-a16c-43069c43a8c3,Lime,fbc42510-806e-4fae-a3f3-44f79f21b705,bicycle,provider_pick_up,43,2026-09-19T09:42:26Z,POINT (-9.13448 38.74825)
d2a775f2-20af-4c05-a927-093d65c50c67,aa1883c4-ffd0-40f5-bd14-dcc312684e4e,Voi,5ae158e2-cb32-49ef-bfc3-e33766874621,scooter,trip_start,34,2026-09-19T10:08:24Z,POINT (-9.13600 38.70741)
54846f1e-750e-4c14-a5e6-ea88f66b670e,7cf3c256-32b9-4409-93fb-64afebede10d,Bolt,c31308a1-4399-4af1-a41a-dc897614bcf9,scooter,provider_drop_off,56,2026-09-19T10:19:28Z,POINT (-9.08877 38.76523)
68209c1d-7e8d-446b-b36f-a67f3abda2eb,a08ff49b-6f77-4632-a16c-43069c43a8c3,Lime,416cda3a-b625-4353-96b7-c5bdbeabdfb0,scooter,trip_start,95,2026-09-19T10:20:17Z,POINT (-9.13421 38.71195)
72f952fb-a352-4cfc-b2c1-72d94f930a30,aa1883c4-ffd0-40f5-bd14-dcc312684e4e,Voi,8043256e-97aa-4fb6-9e8d-e9b13919dbd7,scooter,trip_start,35,2026-09-19T10:25:53Z,POINT (-9.14381 38.71610)
d84275d0-daa9-4688-9d5f-a07f74823966,e8eb2af2-f261-45a8-91cd-424e42a85121,Dott,cb3d5f32-3123-4d0f-ab68-cc7e0f42371b,scooter,trip_end,27,2026-09-19T10:28:12Z,POINT (-9.15116 38.70934)
f1fcfb64-c4f2-4907-8eb4-41d10bdca8b1,a08ff49b-6f77-4632-a16c-43069c43a8c3,Lime,3b859743-b6a5-4f0a-851b-d9942d7d3784,bicycle,trip_start,92,2026-09-19T10:40:53Z,POINT (-9.09623 38.76524)
cd43830c-ce68-41bd-a58d-ec1db0eb4e9d,a08ff49b-6f77-4632-a16c-43069c43a8c3,Lime,6193320b-017d-42f1-82ab-97f628261e7c,scooter,trip_end,83,2026-09-19T10:42:31Z,POINT (-9.08799 38.76533)
9bfc295b-620b-4c75-b855-8c85a781664d,aa36434e-f251-4c63-8d4e-86a538cc03aa,Gira,9dab2a5c-224b-4c01-9dc8-c0c9e4c665ab,bicycle,maintenance,40,2026-09-19T10:46:29Z,POINT (-9.14504 38.70806)
9afcdd88-524e-4841-9bed-58f9a822b86b,e8eb2af2-f261-45a8-91cd-424e42a85121,Dott,c32697e9-d900-4b85-8306-36d33914b224,bicycle,rebalance_drop_off,89,2026-09-19T10:48:46Z,POINT (-9.12635 38.71661)
7d59b864-aa04-4887-99bd-71cfbd99b85b,e8eb2af2-f261-45a8-91cd-424e42a85121,Dott,45ac8f9b-cf49-48e1-ae54-7c945c8f70eb,bicycle,provider_pick_up,72,2026-09-19T10:52:39Z,POINT (-9.17537 38.70802)
fafcc674-01f5-463d-a888-5e0463c3f8d2,7cf3c256-32b9-4409-93fb-64afebede10d,Bolt,3e5350ed-dc4e-4868-8250-32b3aee70442,scooter,rebalance_drop_off,67,2026-09-19T11:01:42Z,POINT (-9.17908 38.70852)
345e056d-f186-437a-b6cd-e20ad4e02efd,e8eb2af2-f261-45a8-91cd-424e42a85121,Dott,10bb6ad7-9aac-4570-ba83-3821e3c1a4b8,scooter,trip_start,61,2026-09-19T11:16:01Z,POINT (-9.20681 38.70182)
c53073f3-72b3-4562-9b74-e38a381cbd91,aa1883c4-ffd0-40f5-bd14-dcc312684e4e,Voi,0566db8d-95a1-4a1c-99b1-4df90c13b9e0,scooter,trip_end,56,2026-09-19T11:21:59Z,POINT (-9.15007 38.72021)
4b7d23f2-bcc8-4751-8f79-b0e8c4e8f47d,aa36434e-f251-4c63-8d4e-86a538cc03aa,Gira,838abeb6-9799-48c7-b24d-03bb261d6f4b,bicycle,trip_start,32,2026-09-19T11:27:24Z,POINT (-9.14324 38.72038)
c976bf28-8a41-4784-bc74-66fe45dea2c5,e8eb2af2-f261-45a8-91cd-424e42a85121,Dott,3418560a-eb21-4f1c-90c2-35b89146a1ea,scooter,low_battery,13,2026-09-19T11:29:53Z,POINT (-9.17021 38.76106)
88f515ef-b9b5-4a89-9b61-208d511a98d0,e8eb2af2-f261-45a8-91cd-424e42a85121,Dott,e9022de4-f5cc-4fb8-80a5-c9b0b7a40cf3,scooter,trip_start,60,2026-09-19T11:36:47Z,POINT (-9.10482 38.77526)
e0b7b898-c3e1-4e70-ba7c-5d25d160a899,aa1883c4-ffd0-40f5-bd14-dcc312684e4e,Voi,27d3e620-d3ae-41b0-b72c-4b22bf5bf6c3,scooter,trip_start,28,2026-09-19T11:40:03Z,POINT (-9.13640 38.74133)
1ec7de68-1adf-410b-b1c7-1ab5797a0764,7cf3c256-32b9-4409-93fb-64afebede10d,Bolt,8c71f5b3-43f9-49f9-9a39-cb14c6da5995,scooter,trip_start,93,2026-09-19T11:44:32Z,POINT (-9.10121 38.76040)
328dbe2a-4023-46ac-87ff-a91ca5181cdb,aa1883c4-ffd0-40f5-bd14-dcc312684e4e,Voi,5f8fc6cc-d771-44d9-b2e3-53c25a80cf03,scooter,cancel_reservation,83,2026-09-19T11:45:50Z,POINT (-9.13529 38.71492)
705f634b-5639-4421-b206-08793ce7c2cd,e8eb2af2-f261-45a8-91cd-424e42a85121,Dott,2dd65b26-1706-4623-8a22-02d7d605a60c,bicycle,trip_end,64,2026-09-19T11:50:16Z,POINT (-9.14949 38.76963)
b7d08367-6a6b-4be1-80f2-056ef6fd88d8,aa36434e-f251-4c63-8d4e-86a538cc03aa,Gira,ba15144f-9864-410f-9c45-0cd80d43c790,bicycle,trip_start,42,2026-09-19T11:54:11Z,POINT (-9.14341 38.75047)
bac0489e-0415-493d-b077-76104d3ca18c,7cf3c256-32b9-4409-93fb-64afebede10d,Bolt,18181d5e-9d5b-4270-8b9a-9b87d374fe50,scooter,reserve,78,2026-09-19T12:02:37Z,POINT (-9.17743 38.70133)
e7cc140a-c00d-4943-9ffa-78be8c4c1c2e,a08ff49b-6f77-4632-a16c-43069c43a8c3,Lime,b93e7681-bedb-4bbd-917a-957bd8778062,bicycle,trip_start,34,2026-09-19T12:08:07Z,POINT (-9.14279 38.73620)
04e2d037-7efb-4063-ac1f-c5b2d578f861,a08ff49b-6f77-4632-a16c-43069c43a8c3,Lime,1763b74c-d9a8-4694-92cc-a109bb1ee938,bicycle,trip_end,86,2026-09-19T12:08:31Z,POINT (-9.19636 38.69953)
e1e9bda3-2456-48fa-9571-61a2e96d3d02,a08ff49b-6f77-4632-a16c-43069c43a8c3,Lime,ab68a027-9ead-4272-9988-bd392fc0c85b,scooter,trip_start,33,2026-09-19T12:26:59Z,POINT (-9.13995 38.71101)
5a7ac6d6-ddc5-4d84-9171-ef9ed8815ea7,7cf3c256-32b9-4409-93fb-64afebede10d,Bolt,1227134d-371d-46de-a9f8-c75e5eb25659,scooter,trip_start,92,2026-09-19T12:28:59Z,POINT (-9.12380 38.71364)
e9609c33-d27e-45c3-8985-731e4eecab73,7cf3c256-32b9-4409-93fb-64afebede10d,Bolt,fcbf1b0a-7349-4f43-95c2-585922da8e83,scooter,maintenance,53,2026-09-19T12:35:47Z,POINT (-9.14280 38.71311)
9c5c6394-ae41-489c-aefa-6f0176cc16e3,7cf3c256-32b9-4409-93fb-64afebede10d,Bolt,2e7418d0-0f0b-40c1-bf17-76055fb1341a,scooter,rebalance_pick_up,57,2026-09-19T12:37:11Z,POINT (-9.13515 38.73957)
b639a57b-493b-4fd4-a2cd-d6b3f6d66f48,7cf3c256-32b9-4409-93fb-64afebede10d,Bolt,295b7d83-6d22-421a-a4e5-23e8cace8f77,scooter,maintenance,32,2026-09-19T12:38:44Z,POINT (-9.14386 38.72932)
db993599-0764-40b6-84b5-c10b1362d1d7,a08ff49b-6f77-4632-a16c-43069c43a8c3,Lime,fc028e89-6985-4463-a22c-fe1375003876,scooter,trip_start,59,2026-09-19T12:42:43Z,POINT (-9.12924 38.74202)
38dd6ecf-2943-4b01-94dd-61ac796c6208,7cf3c256-32b9-4409-93fb-64afebede10d,Bolt,debb5c7d-bf6b-4e87-8d03-418fda95caf6,scooter,trip_start,80,2026-09-19T13:04:45Z,POINT (-9.10527 38.73441)
30599262-649b-4e6c-bd99-e135fed03e4b,a08ff49b-6f77-4632-a16c-43069c43a8c3,Lime,239eebd0-357a-4935-8b7f-8689585bbae2,scooter,low_battery,13,2026-09-19T13:53:37Z,POINT (-9.21306 38.70203)
5d30bf62-9931-45a3-bd4b-b44dcd81c3b4,aa1883c4-ffd0-40f5-bd14-dcc312684e4e,Voi,d49ab237-5205-47d2-8439-e8c8aab0a4ac,scooter,trip_start,50,2026-09-19T14:04:06Z,POINT (-9.16405 38.70659)
53a4a4ff-ad00-4c53-be3f-a6f73b65980c,aa1883c4-ffd0-40f5-bd14-dcc312684e4e,Voi,84b4a246-d630-4f87-84fa-1072ec63caf4,scooter,trip_start,86,2026-09-19T14:12:59Z,POINT (-9.13736 38.74249)
b72cb654-3eb3-4569-b9f5-676fee3a1882,aa36434e-f251-4c63-8d4e-86a538cc03aa,Gira,522a19fd-a791-4a87-be3c-777b6ba0e649,bicycle,trip_end,83,2026-09-19T14:13:02Z,POINT (-9.14420 38.70989)
e71b80e6-16ce-4a60-b9e0-83a0db773439,a08ff49b-6f77-4632-a16c-43069c43a8c3,Lime,b6ef72b8-cd1d-45f7-94e0-181369664e5b,bicycle,trip_end,55,2026-09-19T14:13:06Z,POINT (-9.20770 38.69633)
30a0dee9-77a6-45fa-a9bb-e282cb302ec4,a08ff49b-6f77-4632-a16c-43069c43a8c3,Lime,5790e377-afab-41f9-a2c8-19c8405d10a4,bicycle,trip_start,46,2026-09-19T14:14:17Z,POINT (-9.13529 38.71459)
ca4c18ba-6602-4599-bba4-1428fbbadc19,a08ff49b-6f77-4632-a16c-43069c43a8c3,Lime,78580c6d-d884-45fb-a8b4-ae764a97f441,scooter,trip_end,48,2026-09-19T14:16:40Z,POINT (-9.13385 38.71626)
f84876be-67b3-46e1-a4c1-1f17bbc939de,a08ff49b-6f77-4632-a16c-43069c43a8c3,Lime,b6ef72b8-cd1d-45f7-94e0-181369664e5b,bicycle,trip_start,50,2026-09-19T14:26:42Z,POINT (-9.13917 38.71498)
7a1f5bff-8446-4cfb-b4be-f4294fd4ac20,e8eb2af2-f261-45a8-91cd-424e42a85121,Dott,92f9069a-1c20-4840-ad50-1cc91fce52b7,scooter,trip_start,84,2026-09-19T14:26:46Z,POINT (-9.14726 38.70583)
9f55477c-11a9-4423-91b4-1ba638ba34ba,e8eb2af2-f261-45a8-91cd-424e42a85121,Dott,ae9cdd57-7328-4d05-9eb2-50f9d0ea9f6d,bicycle,low_battery,5,2026-09-19T14:48:02Z,POINT (-9.14526 38.72807)
ab1d2caf-982b-487e-93d8-39c5baeb5878,a08ff49b-6f77-4632-a16c-43069c43a8c3,Lime,e3e4cb2d-5976-46ea-916f-6e5ef3ba3e32,scooter,trip_start,35,2026-09-19T14:49:28Z,POINT (-9.13136 38.71793)
164941c7-30fa-4b2c-93d4-f49bcb6afbe1,a08ff49b-6f77-4632-a16c-43069c43a8c3,Lime,fbc42510-806e-4fae-a3f3-44f79f21b705,scooter,reserve,31,2026-09-19T15:01:07Z,POINT (-9.16782 38.71021)
d77597e7-437d-4b4c-a089-8febdb2815e6,e8eb2af2-f261-45a8-91cd-424e42a85121,Dott,5e12285e-1932-4311-ba42-fbda9800b9fc,bicycle,trip_start,63,2026-09-19T15:24:17Z,POINT (-9.13018 38.71409)
5e75f66d-8fdc-4bcd-b316-92cb2de922fe,a08ff49b-6f77-4632-a16c-43069c43a8c3,Lime,7f66a58a-eae7-47e3-8580-1a0e28239a44,scooter,trip_start,53,2026-09-19T15:28:12Z,POINT (-9.12902 38.71150)
f0ff432c-fcbf-495c-af54-84dee4a44bea,7cf3c256-32b9-4409-93fb-64afebede10d,Bolt,de1d1389-2c83-43c4-b145-f83cb33557d0,scooter,low_battery,13,2026-09-19T15:33:49Z,POINT (-9.21225 38.69384)
1bced300-0b97-4a0f-8645-1597f856a9d0,a08ff49b-6f77-4632-a16c-43069c43a8c3,Lime,e3e4cb2d-5976-46ea-916f-6e5ef3ba3e32,bicycle,trip_start,55,2026-09-19T15:43:47Z,POINT (-9.14949 38.70658)
ce715e1b-4143-4c11-a239-8d4181371592,aa1883c4-ffd0-40f5-bd14-dcc312684e4e,Voi,89f58794-175c-45c1-82fd-bf3141ea3734,scooter,trip_start,77,2026-09-19T15:48:43Z,POINT (-9.14176 38.71492)
6b709842-e889-41dc-80fa-006481ead57c,7cf3c256-32b9-4409-93fb-64afebede10d,Bolt,44b66dfb-0781-4543-9727-1a380cbfe8db,scooter,trip_start,42,2026-09-19T15:53:49Z,POINT (-9.13710 38.71631)
8d8d166a-0b03-43d4-9bdc-d4e5f3495423,aa1883c4-ffd0-40f5-bd14-dcc312684e4e,Voi,783d88f4-28b8-4371-8a4e-51a8b858b538,scooter,trip_end,62,2026-09-19T16:01:37Z,POINT (-9.14388 38.71195)
188e7292-bf8d-4c89-9d6a-1cb104d26791,e8eb2af2-f261-45a8-91cd-424e42a85121,Dott,0a3d5841-53d6-47ed-8f95-55af66c90bc8,scooter,trip_start,80,2026-09-19T16:31:45Z,POINT (-9.14679 38.70876)
f9a34d8f-563d-4cbd-9633-cbf12c0c3d48,7cf3c256-32b9-4409-93fb-64afebede10d,Bolt,c61537dd-d2bc-4b1a-a12f-e284c331508d,scooter,trip_end,40,2026-09-19T16:32:51Z,POINT (-9.13025 38.74474)
d3d4dd25-1543-48aa-987a-62e89e34accb,a08ff49b-6f77-4632-a16c-43069c43a8c3,Lime,8bbe518e-5a77-471e-925b-80e13a69be26,bicycle,low_battery,3,2026-09-19T16:47:25Z,POINT (-9.13895 38.71262)
bf054280-c742-414b-9dec-1bb0793c0dec,a08ff49b-6f77-4632-a16c-43069c43a8c3,Lime,3037beb0-f65b-4922-a430-e9cffc0e9a7f,scooter,low_battery,7,2026-09-19T17:20:34Z,POINT (-9.13727 38.74617)
adfe5f61-8d6b-44c7-b912-94fa084a63e3,aa1883c4-ffd0-40f5-bd14-dcc312684e4e,Voi,c1470e19-52cb-4b02-bd45-6f60e4ec536d,scooter,trip_start,74,2026-09-19T17:21:07Z,POINT (-9.09340 38.76725)
a75918ae-e5da-4ca1-a301-ed7eee3f10b1,e8eb2af2-f261-45a8-91cd-424e42a85121,Dott,047af9f4-92c8-485c-bc45-a7e0bab81c72,scooter,rebalance_pick_up,59,2026-09-19T17:58:02Z,POINT (-9.13123 38.71699)
dbb8b44f-85d5-4ef3-830e-27497819afa3,aa1883c4-ffd0-40f5-bd14-dcc312684e4e,Voi,13f8b892-9c72-426d-9d87-f509dd93360e,scooter,trip_start,37,2026-09-19T18:03:20Z,POINT (-9.14619 38.70792)
32721fa1-8723-4885-81da-c1a7cee0e1fe,aa1883c4-ffd0-40f5-bd14-dcc312684e4e,Voi,8043256e-97aa-4fb6-9e8d-e9b13919dbd7,scooter,reserve,87,2026-09-19T18:14:13Z,POINT (-9.14455 38.71095)
1fe90248-e26e-4e81-a0a9-5ba6377d954a,7cf3c256-32b9-4409-93fb-64afebede10d,Bolt,812aefea-12b3-4bd4-97e1-3b1d8847ec46,scooter,trip_start,94,2026-09-19T18:20:46Z,POINT (-9.13615 38.71942)
e5060582-6e7e-4487-9ce8-5c2dfaae1dda,e8eb2af2-f261-45a8-91cd-424e42a85121,Dott,28073d88-9cef-4f4c-901f-e3e0928bc625,bicycle,trip_start,35,2026-09-19T18:24:03Z,POINT (-9.20663 38.69800)
43130436-5c47-429d-a653-8f5309fd1740,aa1883c4-ffd0-40f5-bd14-dcc312684e4e,Voi,8021919d-dade-4ba6-a061-b5d7b0cbf698,scooter,trip_start,46,2026-09-19T18:25:49Z,POINT (-9.13213 38.71169)
4fba872a-498c-4548-b1a2-d01a64b65e00,a08ff49b-6f77-4632-a16c-43069c43a8c3,Lime,3b859743-b6a5-4f0a-851b-d9942d7d3784,scooter,low_battery,4,2026-09-19T18:29:01Z,POINT (-9.20242 38.69756)
c7ab4430-889e-479e-8f34-db5de8106bcc,e8eb2af2-f261-45a8-91cd-424e42a85121,Dott,7fa21d53-1976-46ef-abaf-94a99b2e8ca4,bicycle,trip_start,42,2026-09-19T18:33:56Z,POINT (-9.14581 38.73255)
fbe0e230-b044-407b-a6e6-7b24c0484583,a08ff49b-6f77-4632-a16c-43069c43a8c3,Lime,24bcd670-0fa6-4c12-9b71-1aeda82a211f,scooter,rebalance_drop_off,63,2026-09-19T18:41:36Z,POINT (-9.13201 38.70960)
cb70ec93-6638-4519-8ce1-b4daaed26e48,aa36434e-f251-4c63-8d4e-86a538cc03aa,Gira,838abeb6-9799-48c7-b24d-03bb261d6f4b,bicycle,trip_start,37,2026-09-19T18:46:04Z,POINT (-9.14398 38.71488)
edebb1a1-d5a2-4c58-9091-3cee0445e5ea,a08ff49b-6f77-4632-a16c-43069c43a8c3,Lime,c6816f7e-12d4-4aa4-911f-e4e0181a4476,scooter,trip_end,45,2026-09-19T18:47:32Z,POINT (-9.17226 38.70326)
2fa02bcf-86d4-4a5a-9e53-f5ab1a4a7c27,7cf3c256-32b9-4409-93fb-64afebede10d,Bolt,99efdc1a-29b7-4ed2-b6d3-893e3ed77c6b,scooter,trip_start,34,2026-09-19T18:51:37Z,POINT (-9.14069 38.70711)
4def2a81-1136-4534-9a7b-9ed0f0564f3a,aa36434e-f251-4c63-8d4e-86a538cc03aa,Gira,db49e331-6ce8-4c69-b703-2db27ba53ec6,bicycle,trip_end,89,2026-09-19T18:52:18Z,POINT (-9.18262 38.70526)
2a7f80f7-1426-4b10-b626-ec93e3f83443,7cf3c256-32b9-4409-93fb-64afebede10d,Bolt,a6ee3b14-19c9-475b-8b33-0dd839a13c4e,scooter,trip_end,88,2026-09-19T19:34:27Z,POINT (-9.15298 38.72212)
df1bccd9-35c4-4682-bf86-636a9e856452,a08ff49b-6f77-4632-a16c-43069c43a8c3,Lime,e36bfe2e-9595-4bc4-afe7-def3d608355f,bicycle,trip_end,98,2026-09-19T19:39:58Z,POINT (-9.14823 38.71273)
3854b1db-aa81-4190-934b-e66e1f4c4661,7cf3c256-32b9-4409-93fb-64afebede10d,Bolt,73c82101-b9fe-4a66-99b4-de7ae181ad7d,scooter,trip_end,44,2026-09-19T19:41:01Z,POINT (-9.16407 38.70492)
3eeafeeb-1402-42cf-a1ac-ac6f804147a5,7cf3c256-32b9-4409-93fb-64afebede10d,Bolt,c61537dd-d2bc-4b1a-a12f-e284c331508d,scooter,trip_end,90,2026-09-19T19:41:45Z,POINT (-9.14869 38.71413)
172a2616-5cf9-41b6-a042-db6c58a3c5fe,aa1883c4-ffd0-40f5-bd14-dcc312684e4e,Voi,783d88f4-28b8-4371-8a4e-51a8b858b538,scooter,rebalance_drop_off,94,2026-09-19T19:42:34Z,POINT (-9.11605 38.76567)
f0291797-0743-4548-952d-69241826ca43,aa1883c4-ffd0-40f5-bd14-dcc312684e4e,Voi,e71b72d6-ec2f-4ad2-8ea7-67852afdc424,scooter,trip_end,86,2026-09-19T19:57:04Z,POINT (-9.15143 38.73528)
ed1cbceb-93b4-4270-8a7b-1ab0efdcc02f,7cf3c256-32b9-4409-93fb-64afebede10d,Bolt,22b90ef4-4f54-4380-aad7-4c99c40e3871,scooter,trip_end,47,2026-09-19T20:02:12Z,POINT (-9.14779 38.70983)
d374c661-f09d-4c7a-b6d3-657fe7b15b84,aa1883c4-ffd0-40f5-bd14-dcc312684e4e,Voi,07204596-a43b-4a93-8039-275015775852,scooter,trip_start,88,2026-09-19T20:13:56Z,POINT (-9.15952 38.72031)
1ffc7f61-fc39-4a1f-9a7b-2f07d7246075,e8eb2af2-f261-45a8-91cd-424e42a85121,Dott,89868fc4-e104-44a3-8d8c-20a6298ce565,bicycle,trip_start,82,2026-09-19T20:15:55Z,POINT (-9.14650 38.71269)
9e623791-9558-4dbe-854a-5bd29a8c465a,aa1883c4-ffd0-40f5-bd14-dcc312684e4e,Voi,1f968a3a-5d19-4df8-9aec-4e7ccfd90cd8,scooter,provider_drop_off,40,2026-09-19T20:16:02Z,POINT (-9.13632 38.71543)
3af04754-0b6b-45eb-b3e3-b6b9142f8f58,a08ff49b-6f77-4632-a16c-43069c43a8c3,Lime,156bb1ca-d760-4ab9-a5e1-dea83898e499,scooter,low_battery,3,2026-09-19T20:27:03Z,POINT (-9.10307 38.76908)
b2c63ee0-4b17-4281-b653-fccdbe49a92e,7cf3c256-32b9-4409-93fb-64afebede10d,Bolt,3c2f548f-4d29-4aba-9b36-1e80e813a5c1,scooter,low_battery,12,2026-09-19T20:35:49Z,POINT (-9.17590 38.70073)
e8ee2571-a703-4488-ab56-625c4d4e8a52,7cf3c256-32b9-4409-93fb-64afebede10d,Bolt,3c2f548f-4d29-4aba-9b36-1e80e813a5c1,scooter,maintenance,20,2026-09-19T20:40:47Z,POINT (-9.14334 38.70656)
45a2216d-7c30-4dc3-b7a2-dac2e8dcdcdd,e8eb2af2-f261-45a8-91cd-424e42a85121,Dott,5e12285e-1932-4311-ba42-fbda9800b9fc,bicycle,trip_end,47,2026-09-19T20:44:16Z,POINT (-9.14028 38.71152)
7d68c517-b616-4be0-83a9-7e2affc777b1,e8eb2af2-f261-45a8-91cd-424e42a85121,Dott,d3e44787-d4ea-4982-bb63-c1b85c0dd9d5,scooter,reserve,100,2026-09-19T20:48:11Z,POINT (-9.10991 38.73280)
7dd6bd0c-4d09-4447-bbda-57686da87d86,7cf3c256-32b9-4409-93fb-64afebede10d,Bolt,fc9d10a4-c90e-43e0-8665-5370acf98dd0,scooter,trip_end,37,2026-09-19T21:29:02Z,POINT (-9.10825 38.73621)
25fc03f8-58b3-43df-a919-77f24e82fb25,e8eb2af2-f261-45a8-91cd-424e42a85121,Dott,b2500007-10f5-4f5d-a077-33dd912884f5,scooter,trip_start,76,2026-09-19T23:28:07Z,POINT (-9.15470 38.73297)
4d02869d-c8e6-4276-b4b4-26be3491a790,a08ff49b-6f77-4632-a16c-43069c43a8c3,Lime,713cdac6-b84b-49c3-bfd2-f3e5f587668c,scooter,trip_end,76,2026-09-20T01:24:50Z,POINT (-9.15031 38.72903)
6f3e2bba-970f-4544-b10d-a4cd2628c784,aa1883c4-ffd0-40f5-bd14-dcc312684e4e,Voi,89f58794-175c-45c1-82fd-bf3141ea3734,scooter,trip_end,89,2026-09-20T02:39:12Z,POINT (-9.14336 38.70733)
0c722ce2-26bc-43df-b526-712748ad8732,a08ff49b-6f77-4632-a16c-43069c43a8c3,Lime,368dc614-82b2-403b-acdd-cb63b80997c0,bicycle,rebalance_pick_up,37,2026-09-20T02:58:04Z,POINT (-9.14949 38.70755)
5df7e39f-89d2-450b-8dcc-408836c3c3ce,a08ff49b-6f77-4632-a16c-43069c43a8c3,Lime,e3e4cb2d-5976-46ea-916f-6e5ef3ba3e32,scooter,low_battery,15,2026-09-20T03:36:41Z,POINT (-9.09142 38.76361)
8a0fcf2f-c396-434c-8238-8d39e69bbf19,aa1883c4-ffd0-40f5-bd14-dcc312684e4e,Voi,e4edf51c-be9f-49b9-b51a-eaa62f7e43c6,scooter,trip_end,35,2026-09-20T03:40:37Z,POINT (-9.14076 38.71365)
6a9328be-2799-4655-bd81-e8dd7c9d2992,e8eb2af2-f261-45a8-91cd-424e42a85121,Dott,293bec1c-bd3e-40f4-9039-2dea84444e9d,bicycle,trip_start,30,2026-09-20T03:45:49Z,POINT (-9.13428 38.71120)
07cb9377-5237-4958-8dcc-23d4291fda63,e8eb2af2-f261-45a8-91cd-424e42a85121,Dott,25fa4c2a-eb2d-4633-a7b0-46a722782600,scooter,trip_end,68,2026-09-20T03:55:53Z,POINT (-9.13895 38.71234)
5d949599-5d9f-4c95-a847-62d88c7c4eaa,a08ff49b-6f77-4632-a16c-43069c43a8c3,Lime,5636df12-9f7c-4fdb-b92f-89c6fe9cbcf7,scooter,trip_start,33,2026-09-20T04:05:55Z,POINT (-9.10968 38.73979)
a8df2a9d-f28f-4842-b0de-76d893c77dd1,a08ff49b-6f77-4632-a16c-43069c43a8c3,Lime,156bb1ca-d760-4ab9-a5e1-dea83898e499,scooter,trip_end,39,2026-09-20T04:08:17Z,POINT (-9.12338 38.71328)
98552c6e-18f6-4934-9204-5b32096a3286,7cf3c256-32b9-4409-93fb-64afebede10d,Bolt,528272e8-5213-4ccf-bf4d-8ce9d55d0f6b,scooter,reserve,93,2026-09-20T04:40:39Z,POINT (-9.09087 38.76565)
907a26a0-7f92-4544-8ad5-703b3191c2f3,aa1883c4-ffd0-40f5-bd14-dcc312684e4e,Voi,4ea25738-f504-4f29-b113-c52ce6313442,scooter,trip_end,69,2026-09-20T05:26:54Z,POINT (-9.10304 38.77040)
d2db9789-1e00-4d67-8f66-ed0614414e26,7cf3c256-32b9-4409-93fb-64afebede10d,Bolt,8c71f5b3-43f9-49f9-9a39-cb14c6da5995,scooter,rebalance_drop_off,80,2026-09-20T05:43:09Z,POINT (-9.10320 38.76318)
2dda8abe-b99d-4037-a261-df9adb011f5e,a08ff49b-6f77-4632-a16c-43069c43a8c3,Lime,8bbe518e-5a77-471e-925b-80e13a69be26,scooter,low_battery,13,2026-09-20T06:02:42Z,POINT (-9.14032 38.71525)
aedf7c49-d73d-4a73-89f7-a2e0221074d2,aa36434e-f251-4c63-8d4e-86a538cc03aa,Gira,220fd217-b2b2-4d02-a242-aad1acb68ab8,bicycle,trip_start,97,2026-09-20T06:20:36Z,POINT (-9.13883 38.74052)
af9acc62-ca5f-46d3-9164-597b575c2c91,a08ff49b-6f77-4632-a16c-43069c43a8c3,Lime,156bb1ca-d760-4ab9-a5e1-dea83898e499,scooter,rebalance_drop_off,43,2026-09-20T06:24:42Z,POINT (-9.15126 38.75742)
8e587474-9d07-4c87-a250-d6dfc5bb9a0f,7cf3c256-32b9-4409-93fb-64afebede10d,Bolt,22b90ef4-4f54-4380-aad7-4c99c40e3871,scooter,provider_drop_off,44,2026-09-20T07:35:37Z,POINT (-9.14591 38.73282)
a2869309-f4a7-4e58-a6ce-6ad51dba3973,e8eb2af2-f261-45a8-91cd-424e42a85121,Dott,399fbf3c-7833-423a-8836-027b8e6a5477,scooter,reserve,39,2026-09-20T10:02:00Z,POINT (-9.15261 38.73917)
a4fbe566-9764-46d7-8ffe-867be80ba5ec,e8eb2af2-f261-45a8-91cd-424e42a85121,Dott,8d89eb23-13b3-4a30-b1bd-4d3e9e3a72a8,scooter,provider_pick_up,89,2026-09-20T10:05:06Z,POINT (-9.13293 38.72071)
6d002368-af6b-4a74-a649-4679a1a653c1,7cf3c256-32b9-4409-93fb-64afebede10d,Bolt,d7ea733f-446b-43e6-a7df-f72acb99fc17,scooter,trip_start,66,2026-09-20T10:14:23Z,POINT (-9.09776 38.76199)
b3d11a3a-063e-44be-aac8-8cdb466fa373,aa36434e-f251-4c63-8d4e-86a538cc03aa,Gira,db49e331-6ce8-4c69-b703-2db27ba53ec6,bicycle,trip_end,65,2026-09-20T10:15:25Z,POINT (-9.13924 38.71595)
a1fe6bcb-46c7-4bf0-a0fe-edc8ab5b0fc0,e8eb2af2-f261-45a8-91cd-424e42a85121,Dott,21e4401e-9669-4a8b-ad66-ea22afdffecd,scooter,low_battery,5,2026-09-20T10:15:49Z,POINT (-9.14936 38.72763)
eb6b872e-b86a-4493-be9f-ae59904edfae,7cf3c256-32b9-4409-93fb-64afebede10d,Bolt,528272e8-5213-4ccf-bf4d-8ce9d55d0f6b,scooter,reserve,100,2026-09-20T10:18:08Z,POINT (-9.10992 38.72795)
4183bc7d-b2e8-4c90-beec-d69956acf0e6,a08ff49b-6f77-4632-a16c-43069c43a8c3,Lime,368dc614-82b2-403b-acdd-cb63b80997c0,bicycle,low_battery,15,2026-09-20T10:18:46Z,POINT (-9.13795 38.71580)
c17bf55a-53c9-44ee-8ec3-ee7456d10edf,7cf3c256-32b9-4409-93fb-64afebede10d,Bolt,30263074-bcd3-496e-bf58-222725565161,scooter,trip_start,50,2026-09-20T10:23:51Z,POINT (-9.13021 38.71075)
7922429b-90ad-483b-9849-34abf22cc79e,7cf3c256-32b9-4409-93fb-64afebede10d,Bolt,44b66dfb-0781-4543-9727-1a380cbfe8db,scooter,reserve,96,2026-09-20T10:29:54Z,POINT (-9.12822 38.74186)
3e74b6f8-22e1-4ca6-8c52-1337ec3ee6cc,e8eb2af2-f261-45a8-91cd-424e42a85121,Dott,8569a374-0749-4780-bfc0-60b51059896d,scooter,rebalance_pick_up,73,2026-09-20T10:36:43Z,POINT (-9.13295 38.75789)
05a75b11-def3-4e53-bcae-2fdb038c6526,e8eb2af2-f261-45a8-91cd-424e42a85121,Dott,293bec1c-bd3e-40f4-9039-2dea84444e9d,bicycle,trip_end,85,2026-09-20T10:37:07Z,POINT (-9.13208 38.71241)
31319fec-282a-4679-9b0d-f7ac02b66d3c,7cf3c256-32b9-4409-93fb-64afebede10d,Bolt,d96c982a-cd46-42ab-ad43-3f03cc68e4b2,scooter,trip_start,51,2026-09-20T10:58:16Z,POINT (-9.13304 38.70955)
5ffa3245-b1c0-4a9d-b1c5-436070852ad6,a08ff49b-6f77-4632-a16c-43069c43a8c3,Lime,83b65066-678d-4c4b-9cfb-41abf998a853,bicycle,low_battery,14,2026-09-20T11:02:46Z,POINT (-9.14322 38.71140)
6e0ee73d-6621-4ae3-b9e1-5173cf9c560e,e8eb2af2-f261-45a8-91cd-424e42a85121,Dott,cc7fcba9-3dfa-4e6b-9c53-67705dddb6b5,bicycle,trip_start,80,2026-09-20T11:07:48Z,POINT (-9.20527 38.69612)
bfa591ea-cd36-4ab6-b467-6f0eb4da63f5,e8eb2af2-f261-45a8-91cd-424e42a85121,Dott,c540596f-2e5c-4d49-8d9b-0771048d67a5,bicycle,trip_end,74,2026-09-20T11:28:05Z,POINT (-9.14258 38.70732)
fc56021a-c184-4296-8a4c-af78999ec689,7cf3c256-32b9-4409-93fb-64afebede10d,Bolt,ca0dd966-70f1-4336-984e-512099f1fdb3,scooter,trip_end,97,2026-09-20T11:53:04Z,POINT (-9.18130 38.70241)
8d9da0f4-c173-4014-9ced-2173f67b0af1,7cf3c256-32b9-4409-93fb-64afebede10d,Bolt,44dd210c-4a51-43f4-b216-b977461759b7,scooter,trip_start,62,2026-09-20T12:00:11Z,POINT (-9.14044 38.70930)
106d4bb2-03d8-4902-9907-f332b62126a5,7cf3c256-32b9-4409-93fb-64afebede10d,Bolt,370db622-9cc5-462b-bf2c-ec908b4f60da,scooter,maintenance,66,2026-09-20T12:01:01Z,POINT (-9.14193 38.71492)
08d3a287-ae15-46ce-9784-8a9b6debb403,7cf3c256-32b9-4409-93fb-64afebede10d,Bolt,812aefea-12b3-4bd4-97e1-3b1d8847ec46,scooter,trip_end,85,2026-09-20T12:39:48Z,POINT (-9.11530 38.74069)
208ce7e1-c309-4cb4-8bdf-ed410769f699,a08ff49b-6f77-4632-a16c-43069c43a8c3,Lime,4a40e713-fa23-4b8d-b574-acee683adece,bicycle,cancel_reservation,70,2026-09-20T13:09:04Z,POINT (-9.14500 38.71684)
4843b677-c8f9-463f-ad7d-75a7b6fe5416,aa1883c4-ffd0-40f5-bd14-dcc312684e4e,Voi,2d9f1172-5161-4dbc-8c2e-450f677fcf26,scooter,reserve,96,2026-09-20T13:11:33Z,POINT (-9.14546 38.71486)
deb7b770-9b07-436c-8192-65808c4c2cbb,e8eb2af2-f261-45a8-91cd-424e42a85121,Dott,9a55834d-5416-4107-996b-3a3a95cc588d,scooter,rebalance_drop_off,39,2026-09-20T13:15:24Z,POINT (-9.20480 38.69550)
a635e999-6d28-4cd8-b8f8-41c7465c74f4,aa1883c4-ffd0-40f5-bd14-dcc312684e4e,Voi,1f968a3a-5d19-4df8-9aec-4e7ccfd90cd8,scooter,trip_start,75,2026-09-20T13:21:32Z,POINT (-9.16455 38.76619)
3517c7a5-b04c-4af2-aec6-4132bbbe5e1a,e8eb2af2-f261-45a8-91cd-424e42a85121,Dott,6d983729-9862-4b14-8e07-4db00ab18fd0,scooter,trip_start,83,2026-09-20T13:34:23Z,POINT (-9.20029 38.70377)
5fea417b-2027-4c1a-897d-e50f4aae7ef0,7cf3c256-32b9-4409-93fb-64afebede10d,Bolt,295b7d83-6d22-421a-a4e5-23e8cace8f77,scooter,trip_start,60,2026-09-20T13:35:27Z,POINT (-9.11741 38.73378)
34837bc4-f7ab-4807-a20d-cace93eca6b2,e8eb2af2-f261-45a8-91cd-424e42a85121,Dott,afe7ecad-5eb6-4a76-b5ed-1c3579c0705a,scooter,trip_end,62,2026-09-20T13:39:56Z,POINT (-9.14414 38.70518)
dd5f6f53-ceb6-4a4b-bba0-16afb05ae8ed,7cf3c256-32b9-4409-93fb-64afebede10d,Bolt,393cd7a7-04a8-4dbb-b2f7-f26ba543bb20,scooter,trip_start,35,2026-09-20T13:46:01Z,POINT (-9.13722 38.71188)
8701b5e5-5fbb-42da-9141-30a4c63a7cce,7cf3c256-32b9-4409-93fb-64afebede10d,Bolt,5f0e7639-f185-4751-ad9b-93a5677999af,scooter,low_battery,9,2026-09-20T13:46:23Z,POINT (-9.15342 38.76007)
257f4cd5-9ca3-457c-9ed8-45fdb7356436,7cf3c256-32b9-4409-93fb-64afebede10d,Bolt,c31308a1-4399-4af1-a41a-dc897614bcf9,scooter,trip_start,76,2026-09-20T13:54:34Z,POINT (-9.20918 38.70624)
dfb9b05d-c86a-43c1-9302-2b53bfcc51ba,7cf3c256-32b9-4409-93fb-64afebede10d,Bolt,3c2f548f-4d29-4aba-9b36-1e80e813a5c1,scooter,rebalance_drop_off,34,2026-09-20T14:10:39Z,POINT (-9.17574 38.70207)
30fd19fb-77d8-4026-ae18-8ba4ae622be0,e8eb2af2-f261-45a8-91cd-424e42a85121,Dott,c9b3ffd9-be3a-424d-ab77-a81443b62ca8,bicycle,trip_start,59,2026-09-20T14:11:50Z,POINT (-9.13185 38.71700)
e2c9d6da-d48e-48a6-adca-be4db730e099,7cf3c256-32b9-4409-93fb-64afebede10d,Bolt,debb5c7d-bf6b-4e87-8d03-418fda95caf6,scooter,trip_start,27,2026-09-20T14:40:47Z,POINT (-9.14622 38.70781)
aa9ae448-a686-4140-8b97-df71e0f58738,aa36434e-f251-4c63-8d4e-86a538cc03aa,Gira,3d964bb4-2cf8-4cfc-8a5e-c09beab76a37,bicycle,trip_end,100,2026-09-20T14:42:50Z,POINT (-9.13226 38.71728)
b7745b79-3f76-439c-9ba4-5e0317cf6e51,7cf3c256-32b9-4409-93fb-64afebede10d,Bolt,5af93444-6081-414d-8915-68af1146615f,scooter,trip_end,82,2026-09-20T14:52:23Z,POINT (-9.12839 38.71379)
5f951fa7-cb1b-412a-94d1-6d0cea95e7e0,a08ff49b-6f77-4632-a16c-43069c43a8c3,Lime,368dc614-82b2-403b-acdd-cb63b80997c0,scooter,provider_drop_off,72,2026-09-20T14:56:15Z,POINT (-9.09746 38.75693)
676a030c-49e3-4493-8847-9d40bbc0afdf,a08ff49b-6f77-4632-a16c-43069c43a8c3,Lime,4f7570ac-31ab-4042-bf48-92c1fb887892,bicycle,trip_start,74,2026-09-20T15:00:59Z,POINT (-9.13468 38.71401)
e0f83456-b222-494c-903d-9340848d7412,a08ff49b-6f77-4632-a16c-43069c43a8c3,Lime,e763443a-df95-4054-a7d4-a2d23730a246,bicycle,trip_start,57,2026-09-20T15:07:58Z,POINT (-9.17844 38.70132)
d983c291-2ba3-49a4-8d86-60fbe118303b,aa36434e-f251-4c63-8d4e-86a538cc03aa,Gira,38ce2da9-28d5-4f22-9f4b-99fd9a14c34f,bicycle,trip_end,83,2026-09-20T15:14:55Z,POINT (-9.13504 38.71376)
beeddfc1-9d60-4752-8d61-7462bb4249fd,7cf3c256-32b9-4409-93fb-64afebede10d,Bolt,3949564b-b355-4809-b5ad-4763991502ab,scooter,maintenance,25,2026-09-20T15:29:23Z,POINT (-9.17140 38.71227)
8608ea33-2a1a-4263-b039-c5f048860368,7cf3c256-32b9-4409-93fb-64afebede10d,Bolt,e2c7ed96-80cb-431e-9231-b957ec2f20e8,scooter,trip_start,27,2026-09-20T15:39:03Z,POINT (-9.13925 38.70996)
ff89fed7-71b9-4e39-993b-8bdee251c807,e8eb2af2-f261-45a8-91cd-424e42a85121,Dott,e232b2ea-5383-4206-9d78-9df63da2a3fb,scooter,reserve,92,2026-09-20T15:52:48Z,POINT (-9.13037 38.71310)
17199a30-ca6f-4943-aeb9-119505c9ea8f,7cf3c256-32b9-4409-93fb-64afebede10d,Bolt,ca0dd966-70f1-4336-984e-512099f1fdb3,scooter,provider_drop_off,78,2026-09-20T15:55:39Z,POINT (-9.09247 38.76486)
d9195315-de9d-420f-8305-aece4f6357dc,a08ff49b-6f77-4632-a16c-43069c43a8c3,Lime,c6816f7e-12d4-4aa4-911f-e4e0181a4476,scooter,trip_end,58,2026-09-20T16:00:45Z,POINT (-9.13921 38.70879)
57b6e3b8-c1d6-48d9-9b40-a99b7f9d9982,7cf3c256-32b9-4409-93fb-64afebede10d,Bolt,393cd7a7-04a8-4dbb-b2f7-f26ba543bb20,scooter,provider_drop_off,26,2026-09-20T16:02:30Z,POINT (-9.14997 38.71536)
2ff344ec-d32e-447a-a17a-05def086ef18,aa1883c4-ffd0-40f5-bd14-dcc312684e4e,Voi,783d88f4-28b8-4371-8a4e-51a8b858b538,scooter,reserve,70,2026-09-20T16:02:46Z,POINT (-9.13917 38.71891)
d667103e-4c7f-4efd-8ce1-10a21308425b,7cf3c256-32b9-4409-93fb-64afebede10d,Bolt,a10b93b8-5691-490e-8143-c3cf38d226df,scooter,rebalance_pick_up,74,2026-09-20T16:05:21Z,POINT (-9.15993 38.76789)
c9c5b238-898d-4a8c-aff1-8dcd36c3253c,7cf3c256-32b9-4409-93fb-64afebede10d,Bolt,2e7418d0-0f0b-40c1-bf17-76055fb1341a,scooter,trip_end,56,2026-09-20T16:12:28Z,POINT (-9.09379 38.76677)
63157fee-5204-49d5-a64f-bb20ad1c00a3,a08ff49b-6f77-4632-a16c-43069c43a8c3,Lime,ff41662a-417b-46de-aaa8-5d628452cc0b,bicycle,cancel_reservation,75,2026-09-20T16:18:26Z,POINT (-9.12872 38.71300)
ab402af7-b16d-473f-b6c9-671ff897161e,e8eb2af2-f261-45a8-91cd-424e42a85121,Dott,f58121e0-0c36-46d3-afab-8c17ab0a1d05,scooter,trip_start,90,2026-09-20T16:24:09Z,POINT (-9.18038 38.70271)
ce43b52c-ef8a-4391-8bfb-cb5c2e38d6d8,7cf3c256-32b9-4409-93fb-64afebede10d,Bolt,8d943767-66fa-4329-a57e-d3f3dd2514c2,scooter,reserve,29,2026-09-20T16:27:47Z,POINT (-9.14799 38.71130)
bbf25c39-a80a-40ef-9a63-2ba2a452915a,7cf3c256-32b9-4409-93fb-64afebede10d,Bolt,df5b2828-58cd-432d-bc55-aa2c8420c3ec,scooter,rebalance_pick_up,32,2026-09-20T16:27:55Z,POINT (-9.12493 38.74458)
e9e0242b-9f4e-4e26-88cb-1bf4e686b588,e8eb2af2-f261-45a8-91cd-424e42a85121,Dott,21e4401e-9669-4a8b-ad66-ea22afdffecd,bicycle,rebalance_pick_up,56,2026-09-20T16:29:14Z,POINT (-9.13507 38.71808)
15df5b14-3ea5-41e7-9b41-186981f2b84e,a08ff49b-6f77-4632-a16c-43069c43a8c3,Lime,4f7570ac-31ab-4042-bf48-92c1fb887892,scooter,trip_end,65,2026-09-20T16:47:44Z,POINT (-9.14648 38.71266)
e5f87e73-704e-45ef-97ad-056c5fb1046e,a08ff49b-6f77-4632-a16c-43069c43a8c3,Lime,54a34579-97d3-4406-ba95-a96046fc151b,bicycle,trip_end,99,2026-09-20T16:51:29Z,POINT (-9.15195 38.72912)
72a943fc-d785-4efa-a7e1-fc03edc9cdf7,7cf3c256-32b9-4409-93fb-64afebede10d,Bolt,18181d5e-9d5b-4270-8b9a-9b87d374fe50,scooter,trip_end,71,2026-09-20T16:58:47Z,POINT (-9.14104 38.71589)
21fdbc66-1492-4075-83d5-f2d2262ee3ed,a08ff49b-6f77-4632-a16c-43069c43a8c3,Lime,a1374f51-c7f9-49a0-bd02-2b9d68d2f3a1,scooter,provider_pick_up,43,2026-09-20T17:03:17Z,POINT (-9.20657 38.69922)
8a46cf83-83b5-4197-8e22-35038de66c64,a08ff49b-6f77-4632-a16c-43069c43a8c3,Lime,156bb1ca-d760-4ab9-a5e1-dea83898e499,bicycle,trip_end,76,2026-09-20T17:25:46Z,POINT (-9.14189 38.70854)
7108f2f1-047f-440b-9fd2-24b53286b65a,aa1883c4-ffd0-40f5-bd14-dcc312684e4e,Voi,487330a5-db52-4f12-8943-ae48c694f070,scooter,trip_end,49,2026-09-20T17:27:27Z,POINT (-9.10550 38.73463)
ef0d27ad-745a-4d0d-9037-ef7ef58ece43,aa36434e-f251-4c63-8d4e-86a538cc03aa,Gira,832396db-1db0-4f15-ab79-fa9057233da4,bicycle,trip_start,43,2026-09-20T17:46:33Z,POINT (-9.20750 38.69684)
63afbd24-2e9a-442e-b2e2-2b9202f1dc5c,a08ff49b-6f77-4632-a16c-43069c43a8c3,Lime,ad8e9f0e-dc8d-4000-bac7-95829e261bbd,bicycle,provider_drop_off,32,2026-09-20T17:59:55Z,POINT (-9.16921 38.71565)
972c296f-76ee-4e1a-8794-b347b4f65c11,e8eb2af2-f261-45a8-91cd-424e42a85121,Dott,0a3d5841-53d6-47ed-8f95-55af66c90bc8,scooter,provider_drop_off,36,2026-09-20T18:04:08Z,POINT (-9.11651 38.71643)
fe7dcbf6-26cd-4ef5-abac-d235ad7b125e,7cf3c256-32b9-4409-93fb-64afebede10d,Bolt,ccf0b5f3-3d5e-4dbb-86e6-742ac1c321f4,scooter,trip_start,26,2026-09-20T18:33:27Z,POINT (-9.10848 38.77014)
329bc430-e2d4-49ae-a31a-862df38642ca,aa36434e-f251-4c63-8d4e-86a538cc03aa,Gira,522a19fd-a791-4a87-be3c-777b6ba0e649,bicycle,trip_start,77,2026-09-20T18:37:13Z,POINT (-9.14860 38.71068)
f9030b30-374f-4a91-b511-7bf65dba2b1b,7cf3c256-32b9-4409-93fb-64afebede10d,Bolt,a7f0654d-3632-4b53-993e-3cf492c91d44,scooter,trip_end,98,2026-09-20T18:39:11Z,POINT (-9.13468 38.71208)
e1de5725-e336-4693-a337-128f2f1b62d2,aa1883c4-ffd0-40f5-bd14-dcc312684e4e,Voi,487330a5-db52-4f12-8943-ae48c694f070,scooter,trip_end,70,2026-09-20T18:41:47Z,POINT (-9.14146 38.71640)
93e25a37-4fac-4da1-9ad2-6c5dc57c25bd,a08ff49b-6f77-4632-a16c-43069c43a8c3,Lime,156bb1ca-d760-4ab9-a5e1-dea83898e499,bicycle,reserve,44,2026-09-20T18:45:09Z,POINT (-9.17894 38.70302)
78ad40bb-e087-4233-9f6c-bec6b82552c7,a08ff49b-6f77-4632-a16c-43069c43a8c3,Lime,ad8e9f0e-dc8d-4000-bac7-95829e261bbd,bicycle,trip_end,57,2026-09-20T18:49:35Z,POINT (-9.14082 38.70824)
264ed015-0d22-4d74-a917-4001a3b94771,e8eb2af2-f261-45a8-91cd-424e42a85121,Dott,9a55834d-5416-4107-996b-3a3a95cc588d,bicycle,trip_start,73,2026-09-20T18:49:38Z,POINT (-9.13819 38.74710)
6b3a46e5-36a3-4475-bc6e-62ff0e76dbb1,aa1883c4-ffd0-40f5-bd14-dcc312684e4e,Voi,f909d486-ca38-4e28-b3b4-ea1a1588687f,scooter,trip_end,99,2026-09-20T18:50:11Z,POINT (-9.15534 38.71314)
cfde62f9-3e65-4ff9-aa9e-f3fa3502e6d4,7cf3c256-32b9-4409-93fb-64afebede10d,Bolt,370db622-9cc5-462b-bf2c-ec908b4f60da,scooter,trip_end,100,2026-09-20T18:57:31Z,POINT (-9.09840 38.77126)
f8ca95be-b5b6-4a58-9a07-d4580f11a1f8,e8eb2af2-f261-45a8-91cd-424e42a85121,Dott,fba29c17-284c-4313-982c-963cdf81a1de,bicycle,rebalance_pick_up,40,2026-09-20T18:59:12Z,POINT (-9.17317 38.70144)
775e64f8-5345-4c71-92de-5dcb2dc0eb3f,7cf3c256-32b9-4409-93fb-64afebede10d,Bolt,3e5350ed-dc4e-4868-8250-32b3aee70442,scooter,rebalance_drop_off,80,2026-09-20T19:07:30Z,POINT (-9.13629 38.76376)
688ef0fa-c58e-4ba8-b632-14d3939aa82d,e8eb2af2-f261-45a8-91cd-424e42a85121,Dott,45ac8f9b-cf49-48e1-ae54-7c945c8f70eb,scooter,rebalance_drop_off,62,2026-09-20T19:13:08Z,POINT (-9.12302 38.71735)
569cd0c3-7043-4ca9-ae48-67439fd1bbac,e8eb2af2-f261-45a8-91cd-424e42a85121,Dott,e4888369-f396-4be8-abe2-98cf28412cf0,bicycle,rebalance_pick_up,89,2026-09-20T19:18:13Z,POINT (-9.12777 38.71108)
652170d2-579c-451c-abe7-4330fca079fd,7cf3c256-32b9-4409-93fb-64afebede10d,Bolt,cca80457-1f1f-4cfd-b3cb-c6f5c10b0b5b,scooter,trip_end,94,2026-09-20T19:20:17Z,POINT (-9.11334 38.74142)
81a8a4de-edcf-4f03-b418-ccbe10f843a3,e8eb2af2-f261-45a8-91cd-424e42a85121,Dott,30978901-c050-4aac-9fbb-a7910ecc9670,scooter,trip_end,35,2026-09-20T19:22:44Z,POINT (-9.14292 38.71234)
04bbf1df-04a5-4aa8-af15-62764a3a28a1,e8eb2af2-f261-45a8-91cd-424e42a85121,Dott,f58121e0-0c36-46d3-afab-8c17ab0a1d05,scooter,trip_start,54,2026-09-20T19:25:59Z,POINT (-9.14672 38.70653)
b869a81d-e1c7-4783-a0a5-a341a9d0c3b7,a08ff49b-6f77-4632-a16c-43069c43a8c3,Lime,6a6573de-c6be-48e9-af4b-f6b9f09507b9,scooter,low_battery,4,2026-09-20T19:54:19Z,POINT (-9.13549 38.70970)
6c9db761-13c0-411c-8f0c-bbb538103d70,e8eb2af2-f261-45a8-91cd-424e42a85121,Dott,4ccaf013-fccc-4adc-8fa2-a03e02e38281,bicycle,trip_end,97,2026-09-20T20:07:30Z,POINT (-9.14993 38.71430)
95408613-0023-4b1a-837b-092ccb0f1d5a,e8eb2af2-f261-45a8-91cd-424e42a85121,Dott,399fbf3c-7833-423a-8836-027b8e6a5477,bicycle,trip_end,48,2026-09-20T20:19:12Z,POINT (-9.13860 38.70677)
61e1aaa3-47e4-4790-967f-718185365537,e8eb2af2-f261-45a8-91cd-424e42a85121,Dott,bd67f460-81d3-4c86-918b-a1da249d7648,scooter,trip_start,86,2026-09-20T20:25:18Z,POINT (-9.13828 38.71014)
3bf0bd5a-854b-405a-a582-d0916e0f3c60,e8eb2af2-f261-45a8-91cd-424e42a85121,Dott,d3e44787-d4ea-4982-bb63-c1b85c0dd9d5,scooter,trip_end,55,2026-09-20T20:41:08Z,POINT (-9.14598 38.70957)
a18ea5fb-f7cb-4c8a-b929-c89880db4911,aa1883c4-ffd0-40f5-bd14-dcc312684e4e,Voi,b0a6a976-fcdb-4cae-b985-63575e53df5b,scooter,rebalance_pick_up,45,2026-09-20T20:44:35Z,POINT (-9.13950 38.70790)
9a97b6c2-3680-4a22-9902-0e4948eb8b25,7cf3c256-32b9-4409-93fb-64afebede10d,Bolt,18181d5e-9d5b-4270-8b9a-9b87d374fe50,scooter,trip_start,35,2026-09-20T21:18:27Z,POINT (-9.12849 38.74314)
b71c18f6-f1c6-4d9d-a9dd-ce2b7c03c5d6,7cf3c256-32b9-4409-93fb-64afebede10d,Bolt,c31308a1-4399-4af1-a41a-dc897614bcf9,scooter,maintenance,34,2026-09-20T21:21:29Z,POINT (-9.14166 38.71241)
bac57360-4fce-404f-b7f2-1f4b9c2b1278,e8eb2af2-f261-45a8-91cd-424e42a85121,Dott,25fa4c2a-eb2d-4633-a7b0-46a722782600,bicycle,provider_drop_off,93,2026-09-20T21:52:19Z,POINT (-9.14965 38.70709)
adc0319a-e7e3-4c6a-b71f-a2f9cf2ae8c1,e8eb2af2-f261-45a8-91cd-424e42a85121,Dott,6d983729-9862-4b14-8e07-4db00ab18fd0,bicycle,trip_start,95,2026-09-20T22:18:03Z,POINT (-9.14824 38.75186)
48aa6133-354d-4d67-90ee-ca8a3cfa72fa,a08ff49b-6f77-4632-a16c-43069c43a8c3,Lime,fbc42510-806e-4fae-a3f3-44f79f21b705,bicycle,trip_start,75,2026-09-20T22:37:50Z,POINT (-9.15557 38.71316)
90bb1266-0916-4410-95de-83100952dcdb,a08ff49b-6f77-4632-a16c-43069c43a8c3,Lime,1191616d-f10f-4ea2-b6dc-f9fc266913ba,scooter,rebalance_pick_up,84,2026-09-20T22:56:47Z,POINT (-9.12539 38.71918)
a4f11a40-c471-4489-9b0e-844057f48e59,7cf3c256-32b9-4409-93fb-64afebede10d,Bolt,1227134d-371d-46de-a9f8-c75e5eb25659,scooter,reserve,89,2026-09-21T00:02:08Z,POINT (-9.14935 38.70695)
0ac13350-2c7b-4357-8d7e-97dff6fb6a44,a08ff49b-6f77-4632-a16c-43069c43a8c3,Lime,78580c6d-d884-45fb-a8b4-ae764a97f441,bicycle,trip_start,50,2026-09-21T00:04:58Z,POINT (-9.14421 38.70538)
9fe278b1-bffb-4eaf-a545-120071ec33d5,7cf3c256-32b9-4409-93fb-64afebede10d,Bolt,8d943767-66fa-4329-a57e-d3f3dd2514c2,scooter,trip_end,93,2026-09-21T00:13:33Z,POINT (-9.14100 38.71026)
650cbb3c-68cc-445d-8a17-372e55b4a845,7cf3c256-32b9-4409-93fb-64afebede10d,Bolt,528272e8-5213-4ccf-bf4d-8ce9d55d0f6b,scooter,trip_start,70,2026-09-21T00:15:24Z,POINT (-9.14253 38.73609)
659c9be7-146a-4b05-9f32-97a812df828b,a08ff49b-6f77-4632-a16c-43069c43a8c3,Lime,f999ed29-b6e9-4ecb-8088-7fc7f6bf74a1,bicycle,maintenance,66,2026-09-21T01:49:05Z,POINT (-9.11459 38.72825)
9ca26440-1770-4db0-9670-a32a5fefb34b,aa1883c4-ffd0-40f5-bd14-dcc312684e4e,Voi,b0a6a976-fcdb-4cae-b985-63575e53df5b,scooter,trip_start,69,2026-09-21T02:11:49Z,POINT (-9.12767 38.71388)
691e0111-2420-49f3-b765-fbc680245efa,a08ff49b-6f77-4632-a16c-43069c43a8c3,Lime,78580c6d-d884-45fb-a8b4-ae764a97f441,bicycle,low_battery,9,2026-09-21T02:38:03Z,POINT (-9.14867 38.73066)
59d6b104-7d48-4e75-915e-49a64bf2ce7e,a08ff49b-6f77-4632-a16c-43069c43a8c3,Lime,416cda3a-b625-4353-96b7-c5bdbeabdfb0,bicycle,maintenance,43,2026-09-21T03:08:31Z,POINT (-9.14135 38.73432)
d2058b9c-8b1a-4e1b-adc8-2e0272213135,a08ff49b-6f77-4632-a16c-43069c43a8c3,Lime,ab68a027-9ead-4272-9988-bd392fc0c85b,scooter,low_battery,6,2026-09-21T04:36:17Z,POINT (-9.13145 38.72074)
5192f778-b733-48bd-967e-10a9d3e1bbad,e8eb2af2-f261-45a8-91cd-424e42a85121,Dott,afe7ecad-5eb6-4a76-b5ed-1c3579c0705a,bicycle,trip_start,95,2026-09-21T04:41:11Z,POINT (-9.14675 38.72429)
f74380d0-0cf6-4ded-bf41-c3fda66f519a,a08ff49b-6f77-4632-a16c-43069c43a8c3,Lime,4a779d01-94aa-4255-b9b4-482e3ffccb37,scooter,low_battery,14,2026-09-21T04:57:50Z,POINT (-9.14043 38.73807)
1584d748-6b54-4fbe-93d1-c12fadac1cb7,a08ff49b-6f77-4632-a16c-43069c43a8c3,Lime,5e6994ef-58cb-4994-a5c1-44ebe3d7c256,scooter,trip_start,37,2026-09-21T04:58:44Z,POINT (-9.15789 38.72336)
377f126d-2b77-4bc3-8abb-7ff077fea14c,aa1883c4-ffd0-40f5-bd14-dcc312684e4e,Voi,a32698fd-e08a-4c31-81e7-8c9a0f2225ff,scooter,provider_drop_off,45,2026-09-21T05:09:33Z,POINT (-9.12795 38.71194)
7de247ab-7b98-490a-abfa-36e0cd7a624c,e8eb2af2-f261-45a8-91cd-424e42a85121,Dott,ae9cdd57-7328-4d05-9eb2-50f9d0ea9f6d,bicycle,trip_end,46,2026-09-21T05:15:11Z,POINT (-9.10293 38.76655)
5acd7730-4e28-4239-8f5a-50c4a8748c70,aa36434e-f251-4c63-8d4e-86a538cc03aa,Gira,372073c4-db87-4247-89a6-fcaed6f12a4b,bicycle,trip_end,95,2026-09-21T05:19:20Z,POINT (-9.09753 38.76761)
966334b8-853c-4370-8fb0-cd03d943cdd1,a08ff49b-6f77-4632-a16c-43069c43a8c3,Lime,f0fe07c7-b727-45ef-bc1c-06d9505aeae5,scooter,low_battery,9,2026-09-21T05:47:25Z,POINT (-9.09964 38.77007)
87ada131-e07c-4a95-9151-7705f80696f6,7cf3c256-32b9-4409-93fb-64afebede10d,Bolt,99efdc1a-29b7-4ed2-b6d3-893e3ed77c6b,scooter,trip_start,61,2026-09-21T06:08:59Z,POINT (-9.13244 38.73249)
373acf5e-d80a-445f-8e74-792a8e86d99a,e8eb2af2-f261-45a8-91cd-424e42a85121,Dott,c3b7c263-5617-4661-817f-6bb666ec1d21,scooter,trip_start,51,2026-09-21T06:47:04Z,POINT (-9.14647 38.74164)
6b8bcbe2-4a28-4173-a33e-ac9303ed9835,a08ff49b-6f77-4632-a16c-43069c43a8c3,Lime,d6b03f30-702e-4b14-ae5c-c94065f9ba6f,scooter,trip_end,25,2026-09-21T07:04:38Z,POINT (-9.14518 38.74302)
ebf38ef9-d0c8-45ef-8e6e-685b47f6d3a6,aa1883c4-ffd0-40f5-bd14-dcc312684e4e,Voi,20d2647d-b6ac-46a5-be0a-83c0745d7689,scooter,rebalance_drop_off,45,2026-09-21T07:13:33Z,POINT (-9.16065 38.77228)
9089118e-2346-4c2e-b8c2-73c2f8033afc,a08ff49b-6f77-4632-a16c-43069c43a8c3,Lime,d6b03f30-702e-4b14-ae5c-c94065f9ba6f,bicycle,reserve,49,2026-09-21T07:15:26Z,POINT (-9.10085 38.76361)
1267ea33-0dd9-44c2-9cea-fba03849e7b6,e8eb2af2-f261-45a8-91cd-424e42a85121,Dott,cc7fcba9-3dfa-4e6b-9c53-67705dddb6b5,scooter,trip_end,78,2026-09-21T07:15:50Z,POINT (-9.15457 38.72524)
eb4f724b-348a-4dcc-a4d7-f0aba1d1f252,a08ff49b-6f77-4632-a16c-43069c43a8c3,Lime,7f66a58a-eae7-47e3-8580-1a0e28239a44,bicycle,reserve,90,2026-09-21T07:17:22Z,POINT (-9.14338 38.72001)
cd535600-e48f-4f7d-817d-d41566275465,a08ff49b-6f77-4632-a16c-43069c43a8c3,Lime,156bb1ca-d760-4ab9-a5e1-dea83898e499,bicycle,reserve,64,2026-09-21T07:19:59Z,POINT (-9.14746 38.73970)
23667adc-be17-4135-b7dc-b5173ba313f9,7cf3c256-32b9-4409-93fb-64afebede10d,Bolt,3c2f548f-4d29-4aba-9b36-1e80e813a5c1,scooter,trip_end,25,2026-09-21T07:22:23Z,POINT (-9.14426 38.73067)
b8e8257d-dda3-4302-87a7-02db23f67b7e,7cf3c256-32b9-4409-93fb-64afebede10d,Bolt,528272e8-5213-4ccf-bf4d-8ce9d55d0f6b,scooter,trip_end,38,2026-09-21T07:44:55Z,POINT (-9.15350 38.72227)
4116f0f8-9672-4886-a45d-c064366c97a7,aa36434e-f251-4c63-8d4e-86a538cc03aa,Gira,5b210e09-10d9-42da-a0b0-095982e8e92b,bicycle,trip_end,82,2026-09-21T07:47:23Z,POINT (-9.14728 38.72220)
95877a9e-4a79-4bcd-af96-8072ce470fb7,a08ff49b-6f77-4632-a16c-43069c43a8c3,Lime,ab57ce07-4d3f-420b-8193-949496ce47e5,scooter,low_battery,5,2026-09-21T08:00:02Z,POINT (-9.09459 38.76280)
a4281a5a-91d4-4855-bc24-95564e1ee5cb,a08ff49b-6f77-4632-a16c-43069c43a8c3,Lime,e36bfe2e-9595-4bc4-afe7-def3d608355f,scooter,trip_start,43,2026-09-21T08:05:11Z,POINT (-9.11024 38.73577)
ba7e0331-7776-45d3-815f-352417e9b7e3,7cf3c256-32b9-4409-93fb-64afebede10d,Bolt,c61537dd-d2bc-4b1a-a12f-e284c331508d,scooter,provider_drop_off,69,2026-09-21T08:08:14Z,POINT (-9.13843 38.71287)
9ff33677-c36b-4d8b-980c-6a295ee79890,aa1883c4-ffd0-40f5-bd14-dcc312684e4e,Voi,2879fd7d-e648-47e0-84be-e5da81c62c4e,scooter,trip_start,74,2026-09-21T08:19:38Z,POINT (-9.14829 38.73155)
30e5d524-9c73-4bbb-9b65-03805a312d0b,a08ff49b-6f77-4632-a16c-43069c43a8c3,Lime,a1374f51-c7f9-49a0-bd02-2b9d68d2f3a1,scooter,rebalance_pick_up,32,2026-09-21T08:21:25Z,POINT (-9.14009 38.72983)
ef4e02f3-fd00-4ff8-83c0-a478f1bd13d7,a08ff49b-6f77-4632-a16c-43069c43a8c3,Lime,54a34579-97d3-4406-ba95-a96046fc151b,bicycle,trip_start,59,2026-09-21T08:22:24Z,POINT (-9.15086 38.74168)
01859d2a-4e3e-4f1f-a257-1123769c9ac4,7cf3c256-32b9-4409-93fb-64afebede10d,Bolt,debb5c7d-bf6b-4e87-8d03-418fda95caf6,scooter,trip_start,29,2026-09-21T08:41:40Z,POINT (-9.11758 38.76775)
24fb40e0-1508-4554-8a74-3aa6db28affd,7cf3c256-32b9-4409-93fb-64afebede10d,Bolt,debb5c7d-bf6b-4e87-8d03-418fda95caf6,scooter,trip_end,57,2026-09-21T08:47:29Z,POINT (-9.12605 38.71938)
acc9a1c5-348b-4761-8be6-b44523753d6c,aa1883c4-ffd0-40f5-bd14-dcc312684e4e,Voi,c1470e19-52cb-4b02-bd45-6f60e4ec536d,scooter,trip_end,78,2026-09-21T08:50:25Z,POINT (-9.09807 38.76025)
cc21b418-4c9a-4e2e-847b-ea4ed599f877,e8eb2af2-f261-45a8-91cd-424e42a85121,Dott,92f9069a-1c20-4840-ad50-1cc91fce52b7,scooter,trip_end,100,2026-09-21T09:00:19Z,POINT (-9.14443 38.73734)
acb56a46-8748-46d8-a357-c1aef8ae9a4a,7cf3c256-32b9-4409-93fb-64afebede10d,Bolt,36d0fbc2-b532-4596-8962-2661fe174ed4,scooter,trip_start,61,2026-09-21T09:03:40Z,POINT (-9.14963 38.73721)
116f969a-7bc1-4349-8053-e9fc7f9724c7,7cf3c256-32b9-4409-93fb-64afebede10d,Bolt,492e08b4-b385-4ba2-b2f0-3a5b25d6ff70,scooter,low_battery,10,2026-09-21T09:06:16Z,POINT (-9.14909 38.73159)
540ac0c7-5aae-4ee9-87a4-a4035354c5c8,e8eb2af2-f261-45a8-91cd-424e42a85121,Dott,05f64acc-67fd-42c6-b791-689ef6733401,scooter,rebalance_drop_off,86,2026-09-21T09:08:16Z,POINT (-9.12716 38.71726)
ade63d22-cca3-495c-97c4-a1db267d74d4,e8eb2af2-f261-45a8-91cd-424e42a85121,Dott,1f1c2d49-3dda-41b5-9ae2-4a535d9def5e,bicycle,trip_start,85,2026-09-21T09:09:26Z,POINT (-9.14123 38.71822)
495d5e03-3e4f-4e11-8504-d46c9877e142,aa36434e-f251-4c63-8d4e-86a538cc03aa,Gira,832396db-1db0-4f15-ab79-fa9057233da4,bicycle,trip_end,68,2026-09-21T09:10:44Z,POINT (-9.12265 38.71389)
d8c20d97-714c-4db5-bd94-47163a21e3fd,7cf3c256-32b9-4409-93fb-64afebede10d,Bolt,30263074-bcd3-496e-bf58-222725565161,scooter,trip_end,91,2026-09-21T09:13:39Z,POINT (-9.15159 38.74062)
d3aadc2f-6dd0-4619-8f98-7ed7065ccd77,aa1883c4-ffd0-40f5-bd14-dcc312684e4e,Voi,b6a36ed0-c2a9-42d2-b362-297a6bd05a2e,scooter,cancel_reservation,49,2026-09-21T09:25:54Z,POINT (-9.14255 38.71145)
0b942f06-b606-4af2-8c72-152bb09c4484,e8eb2af2-f261-45a8-91cd-424e42a85121,Dott,2dd65b26-1706-4623-8a22-02d7d605a60c,scooter,provider_pick_up,58,2026-09-21T09:31:10Z,POINT (-9.14868 38.73544)
9421d5ba-2542-49c4-995f-a699f450d449,e8eb2af2-f261-45a8-91cd-424e42a85121,Dott,e9022de4-f5cc-4fb8-80a5-c9b0b7a40cf3,scooter,trip_end,30,2026-09-21T09:41:43Z,POINT (-9.14503 38.73870)
faa7de4a-de04-43cf-b416-50a0431c5500,e8eb2af2-f261-45a8-91cd-424e42a85121,Dott,ef1ee6c3-ab03-4de0-9ecf-07a8602da2e8,scooter,trip_start,57,2026-09-21T09:45:09Z,POINT (-9.13530 38.73898)
b6785f24-492a-4ce5-91f4-8f478e21eded,a08ff49b-6f77-4632-a16c-43069c43a8c3,Lime,6a6573de-c6be-48e9-af4b-f6b9f09507b9,scooter,trip_end,73,2026-09-21T09:45:46Z,POINT (-9.12634 38.71833)
c6fed19a-15d3-4243-a8e5-ce40340bd6ed,a08ff49b-6f77-4632-a16c-43069c43a8c3,Lime,5e09d096-b3a1-496a-af9b-ccfbaa0c4548,scooter,rebalance_pick_up,81,2026-09-21T09:48:12Z,POINT (-9.15539 38.72476)
70d1cdd0-4fe5-44e4-8d13-cdcbe2bf7a99,7cf3c256-32b9-4409-93fb-64afebede10d,Bolt,d4eed933-ddf8-47af-890b-18fa5a4fe730,scooter,trip_end,48,2026-09-21T09:57:10Z,POINT (-9.13804 38.73291)
ca162b67-9138-45df-b680-8b63e9f2e592,aa1883c4-ffd0-40f5-bd14-dcc312684e4e,Voi,9e67822d-2868-45fe-b4d4-69460bb7ddad,scooter,maintenance,47,2026-09-21T10:12:00Z,POINT (-9.20847 38.69459)
19cc38b2-6044-4097-ab26-3add649e8c91,aa36434e-f251-4c63-8d4e-86a538cc03aa,Gira,9ac69a2d-124e-4810-bd84-ae87f7d53c77,bicycle,maintenance,29,2026-09-21T10:33:53Z,POINT (-9.09031 38.77191)
a9256531-464d-4602-951f-464cf060d564,aa36434e-f251-4c63-8d4e-86a538cc03aa,Gira,3ac35e29-9946-4cb2-9735-a602595c88ec,bicycle,provider_drop_off,52,2026-09-21T10:42:07Z,POINT (-9.14828 38.73162)
ada9efce-b8f0-46dd-a3d2-0b786a7bb101,e8eb2af2-f261-45a8-91cd-424e42a85121,Dott,3bb14d31-a83f-4ba7-bfa3-52099c2057db,scooter,trip_start,60,2026-09-21T10:56:36Z,POINT (-9.13825 38.71872)
cf5ccd47-d1ef-42b1-9d8a-0751286535e8,e8eb2af2-f261-45a8-91cd-424e42a85121,Dott,28073d88-9cef-4f4c-901f-e3e0928bc625,scooter,trip_start,59,2026-09-21T11:25:19Z,POINT (-9.14908 38.71230)
f6cc2dda-adef-44de-b6a8-c23edbbf877b,e8eb2af2-f261-45a8-91cd-424e42a85121,Dott,cb3d5f32-3123-4d0f-ab68-cc7e0f42371b,scooter,trip_end,26,2026-09-21T11:30:03Z,POINT (-9.17786 38.70579)
1f6a61ad-baf4-46e8-9b70-05d6502cde13,a08ff49b-6f77-4632-a16c-43069c43a8c3,Lime,5e09d096-b3a1-496a-af9b-ccfbaa0c4548,scooter,trip_start,52,2026-09-21T11:36:37Z,POINT (-9.15176 38.73253)
9cbbd742-3025-4eed-822f-ff94c7dbfbf0,e8eb2af2-f261-45a8-91cd-424e42a85121,Dott,e232b2ea-5383-4206-9d78-9df63da2a3fb,scooter,reserve,49,2026-09-21T11:43:52Z,POINT (-9.20975 38.70010)
f6559581-95f8-4a46-8fe4-9959ffba9219,a08ff49b-6f77-4632-a16c-43069c43a8c3,Lime,7f66a58a-eae7-47e3-8580-1a0e28239a44,scooter,trip_start,63,2026-09-21T11:52:32Z,POINT (-9.11788 38.71765)
ac246b8d-cb7c-4499-aa76-cb27df13d335,a08ff49b-6f77-4632-a16c-43069c43a8c3,Lime,0e9018d4-1a57-4ca3-8b80-c44a4ba5e259,scooter,rebalance_pick_up,91,2026-09-21T12:10:16Z,POINT (-9.14448 38.70534)
fff130c6-5b4b-4b66-b125-83e8682b63cb,7cf3c256-32b9-4409-93fb-64afebede10d,Bolt,636fb7a8-389c-421b-8e87-e1365bfae7e3,scooter,rebalance_pick_up,26,2026-09-21T12:25:00Z,POINT (-9.21077 38.69611)
1aa5ddd8-bc7d-41e4-91ff-2d5fded3db39,e8eb2af2-f261-45a8-91cd-424e42a85121,Dott,d4afcae5-a191-4e75-84fa-343eab696cc4,bicycle,trip_start,100,2026-09-21T12:37:40Z,POINT (-9.13891 38.72700)
244cd59b-776e-43a3-931b-0d948d3fa302,aa1883c4-ffd0-40f5-bd14-dcc312684e4e,Voi,03fb9fd8-ea75-45f7-b003-228d335ad55f,scooter,trip_end,99,2026-09-21T12:39:15Z,POINT (-9.12603 38.71486)
b362f95f-7372-4187-af4d-d4df0baa0f6b,7cf3c256-32b9-4409-93fb-64afebede10d,Bolt,56776c3c-38e9-47b9-9e2a-0f19ea041741,scooter,trip_start,80,2026-09-21T12:49:19Z,POINT (-9.14657 38.71213)
cbd3b580-7f1f-49e6-baf0-adc501d96889,7cf3c256-32b9-4409-93fb-64afebede10d,Bolt,73c82101-b9fe-4a66-99b4-de7ae181ad7d,scooter,trip_end,90,2026-09-21T13:04:04Z,POINT (-9.21542 38.69656)
09b7946f-814c-4906-8169-d77072b35ef1,7cf3c256-32b9-4409-93fb-64afebede10d,Bolt,3c2f548f-4d29-4aba-9b36-1e80e813a5c1,scooter,maintenance,48,2026-09-21T13:48:18Z,POINT (-9.13583 38.71402)
92ba5815-29cc-4035-bb70-ab77b4fed36b,e8eb2af2-f261-45a8-91cd-424e42a85121,Dott,b2500007-10f5-4f5d-a077-33dd912884f5,scooter,trip_end,39,2026-09-21T14:18:55Z,POINT (-9.13857 38.70849)
b37d152a-c7e5-4e6c-a438-2b23b94b68a7,a08ff49b-6f77-4632-a16c-43069c43a8c3,Lime,368dc614-82b2-403b-acdd-cb63b80997c0,scooter,provider_drop_off,74,2026-09-21T14:27:23Z,POINT (-9.14743 38.73525)
265a3247-ef1a-434e-9b1f-c8b23565e5c9,e8eb2af2-f261-45a8-91cd-424e42a85121,Dott,bd67f460-81d3-4c86-918b-a1da249d7648,scooter,trip_start,39,2026-09-21T14:44:53Z,POINT (-9.15734 38.71551)
c7988a46-f0ca-408e-a296-815b691d1846,a08ff49b-6f77-4632-a16c-43069c43a8c3,Lime,6316b14d-87cf-4770-bd5a-959dfcebdbf5,scooter,trip_start,96,2026-09-21T15:09:25Z,POINT (-9.14578 38.75334)
078bf58b-b01d-44d8-82b0-39c96be76aff,aa36434e-f251-4c63-8d4e-86a538cc03aa,Gira,91f180be-cb45-4118-8807-8fffc5daa84a,bicycle,reserve,80,2026-09-21T15:27:36Z,POINT (-9.12639 38.71308)
4baae471-6d67-41e4-b7ec-aee98ae18037,7cf3c256-32b9-4409-93fb-64afebede10d,Bolt,fc9d10a4-c90e-43e0-8665-5370acf98dd0,scooter,rebalance_drop_off,46,2026-09-21T15:31:02Z,POINT (-9.14392 38.73862)
57037d32-2227-4aa6-8797-f0518f9c9a96,e8eb2af2-f261-45a8-91cd-424e42a85121,Dott,b2500007-10f5-4f5d-a077-33dd912884f5,bicycle,provider_drop_off,55,2026-09-21T15:43:02Z,POINT (-9.15455 38.70913)
15c9bb7b-e71f-446a-b717-c574828e2c29,7cf3c256-32b9-4409-93fb-64afebede10d,Bolt,df5b2828-58cd-432d-bc55-aa2c8420c3ec,scooter,trip_start,66,2026-09-21T15:45:47Z,POINT (-9.13834 38.71668)
52c74531-30df-4e7d-b42a-50199671e808,a08ff49b-6f77-4632-a16c-43069c43a8c3,Lime,a1374f51-c7f9-49a0-bd02-2b9d68d2f3a1,scooter,trip_start,27,2026-09-21T15:51:34Z,POINT (-9.14883 38.71287)
50703b49-ba4d-421d-90f1-b5ebe72368a3,a08ff49b-6f77-4632-a16c-43069c43a8c3,Lime,ff41662a-417b-46de-aaa8-5d628452cc0b,bicycle,trip_start,70,2026-09-21T15:52:56Z,POINT (-9.11872 38.71636)
832a07aa-97c8-48f6-916b-5d76f98af298,7cf3c256-32b9-4409-93fb-64afebede10d,Bolt,ededfc18-5e00-4782-895f-363c777a79d6,scooter,trip_end,50,2026-09-21T15:52:59Z,POINT (-9.15461 38.73665)
bbb3a549-3ad5-44e8-a486-ad5a66a9629a,aa1883c4-ffd0-40f5-bd14-dcc312684e4e,Voi,89f58794-175c-45c1-82fd-bf3141ea3734,scooter,rebalance_pick_up,32,2026-09-21T15:53:22Z,POINT (-9.14601 38.74947)
b035a4f4-5bfb-4526-b077-8a6a4ac997ba,aa36434e-f251-4c63-8d4e-86a538cc03aa,Gira,38ce2da9-28d5-4f22-9f4b-99fd9a14c34f,bicycle,reserve,50,2026-09-21T16:05:17Z,POINT (-9.12775 38.71670)
84b6c533-717b-4d6b-968c-a53d25d7bb42,aa1883c4-ffd0-40f5-bd14-dcc312684e4e,Voi,3b91178e-eacf-4d61-9af7-85108f9d62d5,scooter,trip_end,28,2026-09-21T16:09:13Z,POINT (-9.14699 38.72675)
2c16424b-7806-4e64-ae91-af165bc328b1,e8eb2af2-f261-45a8-91cd-424e42a85121,Dott,ae9cdd57-7328-4d05-9eb2-50f9d0ea9f6d,scooter,rebalance_pick_up,44,2026-09-21T16:11:21Z,POINT (-9.10688 38.73267)
89cfdd0d-fb89-43a6-963d-5236b6693898,a08ff49b-6f77-4632-a16c-43069c43a8c3,Lime,4a779d01-94aa-4255-b9b4-482e3ffccb37,scooter,trip_start,92,2026-09-21T16:14:59Z,POINT (-9.13054 38.71532)
530218cc-d9d2-46a6-9be6-6d84a9766464,a08ff49b-6f77-4632-a16c-43069c43a8c3,Lime,7a67d56b-f640-4a48-9f5e-97f2ecd20944,scooter,low_battery,5,2026-09-21T16:25:49Z,POINT (-9.12970 38.74609)
20fcfc7d-ae0b-477b-a2f0-e44c18d08b81,a08ff49b-6f77-4632-a16c-43069c43a8c3,Lime,3b859743-b6a5-4f0a-851b-d9942d7d3784,scooter,rebalance_pick_up,28,2026-09-21T17:00:51Z,POINT (-9.14862 38.72989)
96e94c35-cd12-4538-9e6d-1bdecc634fbe,7cf3c256-32b9-4409-93fb-64afebede10d,Bolt,920d73a3-b403-4e23-b47e-0ac0f90305ff,scooter,trip_end,77,2026-09-21T17:15:02Z,POINT (-9.15045 38.71403)
349986fc-f37f-44fe-8212-f95a46b84747,a08ff49b-6f77-4632-a16c-43069c43a8c3,Lime,dc99c0a3-a877-4adf-a2ac-176dab85cfba,bicycle,maintenance,42,2026-09-21T17:16:29Z,POINT (-9.10762 38.76431)
ec662cb5-a8ae-4743-baff-ffd589e88524,7cf3c256-32b9-4409-93fb-64afebede10d,Bolt,af9ceb79-1bd7-4d19-8a69-32365a79c529,scooter,maintenance,46,2026-09-21T17:17:43Z,POINT (-9.14813 38.72998)
bafc2c5d-311f-48ad-b0c9-643b2b9aa3e9,e8eb2af2-f261-45a8-91cd-424e42a85121,Dott,8d89eb23-13b3-4a30-b1bd-4d3e9e3a72a8,scooter,low_battery,3,2026-09-21T17:35:09Z,POINT (-9.20324 38.69576)
63eb9b2c-1590-4556-a215-322323621948,e8eb2af2-f261-45a8-91cd-424e42a85121,Dott,0372c55a-852f-420b-84d5-5a335465307b,scooter,trip_end,42,2026-09-21T17:35:13Z,POINT (-9.08199 38.77125)
6c9358bf-95b8-4598-90c4-ee4fda9bbd7d,7cf3c256-32b9-4409-93fb-64afebede10d,Bolt,b5188819-ee99-40d7-b7b4-744da20ef2d4,scooter,trip_end,100,2026-09-21T17:41:53Z,POINT (-9.14669 38.71401)
f02c89ca-3859-4df8-b23e-e06188a47047,a08ff49b-6f77-4632-a16c-43069c43a8c3,Lime,6316b14d-87cf-4770-bd5a-959dfcebdbf5,scooter,trip_start,90,2026-09-21T17:50:12Z,POINT (-9.19465 38.69686)
66bc31dc-1822-4985-9c3c-1a2b5745e7d8,a08ff49b-6f77-4632-a16c-43069c43a8c3,Lime,1763b74c-d9a8-4694-92cc-a109bb1ee938,scooter,trip_start,76,2026-09-21T17:57:44Z,POINT (-9.13088 38.72041)
44922097-e40f-42be-a46c-8f1b7e7b9939,7cf3c256-32b9-4409-93fb-64afebede10d,Bolt,882ff6da-9925-4fce-8790-159c37bf5c35,scooter,trip_start,25,2026-09-21T17:57:52Z,POINT (-9.15562 38.72557)
73aed1e6-1dc1-44e5-96aa-72205b572907,aa36434e-f251-4c63-8d4e-86a538cc03aa,Gira,ba15144f-9864-410f-9c45-0cd80d43c790,bicycle,rebalance_drop_off,50,2026-09-21T17:59:21Z,POINT (-9.09624 38.75543)
1156e4fc-3f86-4350-9bca-96585bfd3bed,e8eb2af2-f261-45a8-91cd-424e42a85121,Dott,25fa4c2a-eb2d-4633-a7b0-46a722782600,scooter,trip_start,67,2026-09-21T17:59:32Z,POINT (-9.09058 38.76926)
99bcd6d1-af7c-4051-815d-91a56088d005,e8eb2af2-f261-45a8-91cd-424e42a85121,Dott,e232b2ea-5383-4206-9d78-9df63da2a3fb,scooter,trip_start,96,2026-09-21T18:01:47Z,POINT (-9.13989 38.73161)
f7e72a80-9e91-409d-8ddf-df45469963ba,e8eb2af2-f261-45a8-91cd-424e42a85121,Dott,ae9cdd57-7328-4d05-9eb2-50f9d0ea9f6d,bicycle,trip_end,90,2026-09-21T18:03:00Z,POINT (-9.14441 38.72361)
ef28cc5d-cb90-40c9-a630-22f197a5938b,e8eb2af2-f261-45a8-91cd-424e42a85121,Dott,7fa21d53-1976-46ef-abaf-94a99b2e8ca4,bicycle,rebalance_pick_up,90,2026-09-21T18:09:28Z,POINT (-9.14676 38.72384)
7d897499-694f-4db7-9d6c-10f813121d7c,a08ff49b-6f77-4632-a16c-43069c43a8c3,Lime,3037beb0-f65b-4922-a430-e9cffc0e9a7f,bicycle,trip_end,76,2026-09-21T18:20:25Z,POINT (-9.09661 38.76318)
5e5add6c-b336-4ab5-a2de-d24723044a81,a08ff49b-6f77-4632-a16c-43069c43a8c3,Lime,3b859743-b6a5-4f0a-851b-d9942d7d3784,scooter,provider_drop_off,59,2026-09-21T18:26:42Z,POINT (-9.15106 38.73175)
53923ec7-bdf3-482f-876e-8ce6721ece1a,aa36434e-f251-4c63-8d4e-86a538cc03aa,Gira,f72ac981-c4ba-4a9b-b2f4-92492a8c3f5c,bicycle,trip_start,58,2026-09-21T18:30:41Z,POINT (-9.17773 38.70293)
82b602a9-6bcb-486b-b4c9-a1474d2ca7f2,aa1883c4-ffd0-40f5-bd14-dcc312684e4e,Voi,20d2647d-b6ac-46a5-be0a-83c0745d7689,scooter,trip_start,65,2026-09-21T18:40:20Z,POINT (-9.11415 38.74089)
66509ee5-c083-4272-ae23-f4d2a76fab14,e8eb2af2-f261-45a8-91cd-424e42a85121,Dott,caf5d69a-3f09-4a2f-9792-d225524e7d95,bicycle,low_battery,11,2026-09-21T18:45:06Z,POINT (-9.14449 38.71412)
ee176bd9-ab99-4e5d-9c73-a59ee779f6aa,7cf3c256-32b9-4409-93fb-64afebede10d,Bolt,73c82101-b9fe-4a66-99b4-de7ae181ad7d,scooter,trip_start,84,2026-09-21T18:45:54Z,POINT (-9.13334 38.71861)
3f9434f2-bf54-43d2-9704-cf5f752342ae,7cf3c256-32b9-4409-93fb-64afebede10d,Bolt,882ff6da-9925-4fce-8790-159c37bf5c35,scooter,trip_end,31,2026-09-21T18:48:27Z,POINT (-9.14415 38.73952)
df92e9b3-155c-4e0d-b937-bed887799097,a08ff49b-6f77-4632-a16c-43069c43a8c3,Lime,bb4e65a3-8848-43ee-bf99-c1f53591af0e,scooter,trip_start,39,2026-09-21T18:50:44Z,POINT (-9.09981 38.76655)
eebf034d-a024-463f-8b2d-2862809fd0b7,a08ff49b-6f77-4632-a16c-43069c43a8c3,Lime,fbc42510-806e-4fae-a3f3-44f79f21b705,bicycle,trip_start,94,2026-09-21T18:57:27Z,POINT (-9.14990 38.74043)
4179bec9-cde6-4826-8fea-02cdea022d13,e8eb2af2-f261-45a8-91cd-424e42a85121,Dott,0a3d5841-53d6-47ed-8f95-55af66c90bc8,bicycle,trip_start,31,2026-09-21T19:15:12Z,POINT (-9.13721 38.71514)
c4fe029d-23e1-46f7-b4fa-2ca2ab4120a2,e8eb2af2-f261-45a8-91cd-424e42a85121,Dott,ef1ee6c3-ab03-4de0-9ecf-07a8602da2e8,scooter,trip_start,79,2026-09-21T19:16:38Z,POINT (-9.09714 38.76020)
2a00c3a5-edaa-4be3-b0c7-65653a481f42,7cf3c256-32b9-4409-93fb-64afebede10d,Bolt,335dca26-c4a6-4a12-b6da-b5a3e365ad0b,scooter,trip_start,28,2026-09-21T19:35:08Z,POINT (-9.14065 38.72054)
936a2540-a63f-450f-a9f5-528dcaa987de,7cf3c256-32b9-4409-93fb-64afebede10d,Bolt,812aefea-12b3-4bd4-97e1-3b1d8847ec46,scooter,trip_start,48,2026-09-21T19:39:52Z,POINT (-9.09521 38.76099)
7f8e0d1a-4b34-4f99-bc66-368553bc2d32,e8eb2af2-f261-45a8-91cd-424e42a85121,Dott,92f9069a-1c20-4840-ad50-1cc91fce52b7,bicycle,trip_start,37,2026-09-21T19:50:03Z,POINT (-9.14400 38.73281)
5267012d-c8c5-403f-be88-b2f05ff2e75d,aa36434e-f251-4c63-8d4e-86a538cc03aa,Gira,8c78b5a0-483f-49e2-a661-e896cbd4ded5,bicycle,trip_start,46,2026-09-21T20:54:41Z,POINT (-9.14828 38.70664)
48ca73af-fc86-43a1-9799-6a6d0f4b8114,e8eb2af2-f261-45a8-91cd-424e42a85121,Dott,7e0f786d-78d8-4076-9fed-41fbaf70753f,bicycle,low_battery,7,2026-09-21T21:31:44Z,POINT (-9.14695 38.70851)
757955a6-4a33-48da-86f3-7e854cb7ef92,7cf3c256-32b9-4409-93fb-64afebede10d,Bolt,2e7418d0-0f0b-40c1-bf17-76055fb1341a,scooter,trip_start,80,2026-09-21T21:32:01Z,POINT (-9.13137 38.71384)
336244e3-20a1-4bd1-b53f-edc25b279ac8,7cf3c256-32b9-4409-93fb-64afebede10d,Bolt,3949564b-b355-4809-b5ad-4763991502ab,scooter,trip_start,97,2026-09-21T21:35:26Z,POINT (-9.14744 38.71099)
18f3ea8a-25f8-475e-8078-4d0febdf97c2,e8eb2af2-f261-45a8-91cd-424e42a85121,Dott,c540596f-2e5c-4d49-8d9b-0771048d67a5,bicycle,trip_start,79,2026-09-21T21:42:34Z,POINT (-9.13745 38.71430)
f0fcf79b-0b3e-47ca-b0d2-9e04c27d37dd,7cf3c256-32b9-4409-93fb-64afebede10d,Bolt,59fd1a30-96d1-4f7f-b425-1fbd4aa7fe6c,scooter,rebalance_drop_off,34,2026-09-21T21:50:10Z,POINT (-9.10191 38.77205)
4f82779e-7f21-45f6-9841-d775c0f806c5,7cf3c256-32b9-4409-93fb-64afebede10d,Bolt,d7ea733f-446b-43e6-a7df-f72acb99fc17,scooter,trip_end,37,2026-09-21T22:13:59Z,POINT (-9.13884 38.71919)
244dedb3-ea51-47d4-b067-aab647835294,a08ff49b-6f77-4632-a16c-43069c43a8c3,Lime,dc99c0a3-a877-4adf-a2ac-176dab85cfba,scooter,provider_pick_up,42,2026-09-21T23:08:37Z,POINT (-9.13615 38.75822)
2ba36b83-c7bd-49f3-86d2-6e3c816ef7f5,e8eb2af2-f261-45a8-91cd-424e42a85121,Dott,0a3d5841-53d6-47ed-8f95-55af66c90bc8,bicycle,trip_start,30,2026-09-21T23:44:42Z,POINT (-9.14498 38.70581)
770aa5a4-c6eb-4975-b250-2f1f547082a6,a08ff49b-6f77-4632-a16c-43069c43a8c3,Lime,3b859743-b6a5-4f0a-851b-d9942d7d3784,bicycle,trip_start,37,2026-09-22T00:30:02Z,POINT (-9.14537 38.72344)
f7eaed95-83c1-466f-8993-73504f6f7860,e8eb2af2-f261-45a8-91cd-424e42a85121,Dott,8d89eb23-13b3-4a30-b1bd-4d3e9e3a72a8,scooter,trip_start,84,2026-09-22T00:46:44Z,POINT (-9.16720 38.71565)
4f110672-e0f6-4abb-be21-41fe3d3219de,7cf3c256-32b9-4409-93fb-64afebede10d,Bolt,3c2f548f-4d29-4aba-9b36-1e80e813a5c1,scooter,reserve,50,2026-09-22T01:44:01Z,POINT (-9.12754 38.71143)
82b41367-d30e-4470-a764-e2bb87991290,a08ff49b-6f77-4632-a16c-43069c43a8c3,Lime,a2abc323-5295-46c9-8cd2-00f8bf1bfbf2,scooter,trip_start,91,2026-09-22T01:59:44Z,POINT (-9.13949 38.71533)
64802689-97dc-44dd-a335-58bbbccd1bdb,e8eb2af2-f261-45a8-91cd-424e42a85121,Dott,86dc0c7f-4dce-455d-93cd-8638469a8deb,bicycle,trip_start,76,2026-09-22T02:20:20Z,POINT (-9.14310 38.71052)
92764844-6b13-47dc-9b5c-756d1a862eee,e8eb2af2-f261-45a8-91cd-424e42a85121,Dott,86dc0c7f-4dce-455d-93cd-8638469a8deb,bicycle,trip_end,95,2026-09-22T03:21:39Z,POINT (-9.13738 38.71773)
8ce137b4-254e-4b94-af85-933067a9207d,a08ff49b-6f77-4632-a16c-43069c43a8c3,Lime,5e09d096-b3a1-496a-af9b-ccfbaa0c4548,bicycle,rebalance_pick_up,68,2026-09-22T03:47:10Z,POINT (-9.14201 38.73856)
3c4da6c2-383b-4906-be64-ab780a0a3b96,aa36434e-f251-4c63-8d4e-86a538cc03aa,Gira,78c9c081-2bd7-4eb9-8b33-52b7cd45e8c3,bicycle,reserve,27,2026-09-22T04:07:03Z,POINT (-9.14480 38.72717)
b842b37e-3d15-41e5-bdd4-fb36294b84f8,7cf3c256-32b9-4409-93fb-64afebede10d,Bolt,44dd210c-4a51-43f4-b216-b977461759b7,scooter,trip_end,42,2026-09-22T04:45:59Z,POINT (-9.14432 38.73359)
348e150f-6f8b-411d-a931-2c4c88f02503,a08ff49b-6f77-4632-a16c-43069c43a8c3,Lime,ab57ce07-4d3f-420b-8193-949496ce47e5,scooter,trip_end,72,2026-09-22T05:12:15Z,POINT (-9.14761 38.73306)
0972be5a-e223-4f06-8a62-e8d14df3db7a,aa1883c4-ffd0-40f5-bd14-dcc312684e4e,Voi,2d047af4-19db-4404-895a-09f23d185cf8,scooter,trip_end,88,2026-09-22T06:35:12Z,POINT (-9.14054 38.71474)
64921d65-b821-4302-8212-8c0c51017467,aa1883c4-ffd0-40f5-bd14-dcc312684e4e,Voi,2d9f1172-5161-4dbc-8c2e-450f677fcf26,scooter,maintenance,50,2026-09-22T07:00:50Z,POINT (-9.09970 38.76827)
f386667b-1efc-4574-b773-eb1e685a0519,e8eb2af2-f261-45a8-91cd-424e42a85121,Dott,cb3d5f32-3123-4d0f-ab68-cc7e0f42371b,scooter,trip_end,37,2026-09-22T07:20:26Z,POINT (-9.09211 38.76111)
2ec6cc90-d436-4340-9dc6-bf2fff457c2a,a08ff49b-6f77-4632-a16c-43069c43a8c3,Lime,0203f6b9-5b86-448e-aa1b-5587bab5e0d0,bicycle,trip_start,87,2026-09-22T07:25:44Z,POINT (-9.15102 38.74146)
63b56a25-0e94-46e7-a732-5148233985b4,a08ff49b-6f77-4632-a16c-43069c43a8c3,Lime,e3e4cb2d-5976-46ea-916f-6e5ef3ba3e32,bicycle,trip_start,85,2026-09-22T07:26:32Z,POINT (-9.13561 38.73985)
7261970c-0323-458e-8afa-bdb147fd3a63,7cf3c256-32b9-4409-93fb-64afebede10d,Bolt,393cd7a7-04a8-4dbb-b2f7-f26ba543bb20,scooter,rebalance_drop_off,47,2026-09-22T07:29:13Z,POINT (-9.14777 38.72399)
ff116590-09f4-4dc9-80ad-a1879dff616f,7cf3c256-32b9-4409-93fb-64afebede10d,Bolt,b807201b-8215-41d2-8166-e192a2c75b24,scooter,low_battery,10,2026-09-22T07:31:05Z,POINT (-9.14220 38.74552)
765919ac-2eee-46cd-b149-1eebbced7b3b,aa36434e-f251-4c63-8d4e-86a538cc03aa,Gira,edce8068-1074-4864-95f3-d69a1e24fce5,bicycle,trip_start,40,2026-09-22T07:38:56Z,POINT (-9.15690 38.72550)
68c4d137-1c4d-455d-b001-e37f93b48e17,a08ff49b-6f77-4632-a16c-43069c43a8c3,Lime,e763443a-df95-4054-a7d4-a2d23730a246,bicycle,reserve,25,2026-09-22T07:51:58Z,POINT (-9.18110 38.70180)
fef96641-e17c-4c5b-aeec-921894aa2341,a08ff49b-6f77-4632-a16c-43069c43a8c3,Lime,156bb1ca-d760-4ab9-a5e1-dea83898e499,bicycle,rebalance_pick_up,51,2026-09-22T07:57:28Z,POINT (-9.14075 38.74222)
9f5bc077-d340-4826-a49b-84b016c74ef6,aa1883c4-ffd0-40f5-bd14-dcc312684e4e,Voi,43272e90-be59-43fb-8fa7-25638d07e6e2,scooter,trip_start,39,2026-09-22T08:01:50Z,POINT (-9.14845 38.73670)
925d20ea-17c6-49fa-91f9-7e92c79bdfb7,e8eb2af2-f261-45a8-91cd-424e42a85121,Dott,45ac8f9b-cf49-48e1-ae54-7c945c8f70eb,bicycle,trip_end,93,2026-09-22T08:04:10Z,POINT (-9.20056 38.69561)
c5ddb51e-34d6-4b11-9d43-6ee4855edbcf,7cf3c256-32b9-4409-93fb-64afebede10d,Bolt,df5b2828-58cd-432d-bc55-aa2c8420c3ec,scooter,trip_end,66,2026-09-22T08:08:36Z,POINT (-9.14438 38.73149)
be9efebb-ab97-498e-a155-b6d294dc4614,aa1883c4-ffd0-40f5-bd14-dcc312684e4e,Voi,4ac47eaa-9269-4ff0-9fd9-e9ef0272259e,scooter,maintenance,22,2026-09-22T08:09:39Z,POINT (-9.13745 38.71881)
e12b26f9-bbd3-48fa-b1e8-a29f8742cb33,e8eb2af2-f261-45a8-91cd-424e42a85121,Dott,7f7c3924-5c88-4883-8a05-7e9775a4328f,scooter,trip_end,46,2026-09-22T08:23:55Z,POINT (-9.14747 38.74101)
069ddc8f-9b25-40ca-9b06-b018ad2b211f,a08ff49b-6f77-4632-a16c-43069c43a8c3,Lime,971c13bc-5841-4fb1-9f6d-0f973a83e40b,scooter,rebalance_drop_off,25,2026-09-22T08:30:01Z,POINT (-9.12430 38.71652)
c5e3ca3d-aadd-4670-949d-64ab11a964dc,e8eb2af2-f261-45a8-91cd-424e42a85121,Dott,7fa21d53-1976-46ef-abaf-94a99b2e8ca4,bicycle,provider_drop_off,87,2026-09-22T08:35:45Z,POINT (-9.10497 38.76169)
7ab63d96-09e9-479e-8eaa-40131284875a,7cf3c256-32b9-4409-93fb-64afebede10d,Bolt,59fd1a30-96d1-4f7f-b425-1fbd4aa7fe6c,scooter,provider_pick_up,58,2026-09-22T08:37:24Z,POINT (-9.14247 38.71385)
d54ca767-1024-486d-aa3f-950cc3f28377,aa1883c4-ffd0-40f5-bd14-dcc312684e4e,Voi,03fb9fd8-ea75-45f7-b003-228d335ad55f,scooter,trip_end,58,2026-09-22T08:48:19Z,POINT (-9.10596 38.76731)
6de85829-b8ee-4437-8cdf-a0a0ba17e808,a08ff49b-6f77-4632-a16c-43069c43a8c3,Lime,4a146a3e-f991-4677-813b-23e9c34240c9,bicycle,trip_start,80,2026-09-22T09:15:35Z,POINT (-9.15462 38.72563)
b81bef74-2db2-4f37-ac20-32ef7d5c526e,e8eb2af2-f261-45a8-91cd-424e42a85121,Dott,28073d88-9cef-4f4c-901f-e3e0928bc625,bicycle,trip_end,93,2026-09-22T09:25:13Z,POINT (-9.13027 38.74922)
6e562538-58d7-44c0-9a17-28a9c3058cc0,a08ff49b-6f77-4632-a16c-43069c43a8c3,Lime,a2abc323-5295-46c9-8cd2-00f8bf1bfbf2,scooter,trip_end,32,2026-09-22T09:42:07Z,POINT (-9.14999 38.72035)
0f041e5f-17f5-4ffb-bf73-9174399936ec,aa36434e-f251-4c63-8d4e-86a538cc03aa,Gira,d04c8daf-bb76-4fe3-80b4-9a2dc6fbfb56,bicycle,trip_end,34,2026-09-22T09:45:12Z,POINT (-9.13547 38.71103)
747d8841-cb4a-47cb-8054-e0f60d605564,7cf3c256-32b9-4409-93fb-64afebede10d,Bolt,a7f0654d-3632-4b53-993e-3cf492c91d44,scooter,trip_end,86,2026-09-22T09:49:20Z,POINT (-9.08865 38.76451)
a25092df-6f5b-49b7-b5f8-ad025e1f63ed,aa1883c4-ffd0-40f5-bd14-dcc312684e4e,Voi,b0a6a976-fcdb-4cae-b985-63575e53df5b,scooter,maintenance,52,2026-09-22T09:50:33Z,POINT (-9.12816 38.71376)
eb4f005d-8890-42e6-88e5-4d7d757ca15c,e8eb2af2-f261-45a8-91cd-424e42a85121,Dott,9c83caf4-9979-4772-b945-176d481e86d4,bicycle,reserve,91,2026-09-22T09:50:52Z,POINT (-9.16057 38.72739)
652f8f40-c486-4a76-9f27-30dab646549e,e8eb2af2-f261-45a8-91cd-424e42a85121,Dott,7fa21d53-1976-46ef-abaf-94a99b2e8ca4,scooter,trip_end,75,2026-09-22T09:56:12Z,POINT (-9.15234 38.73770)
55087673-1ac7-4a27-a6bb-15ab047594c4,e8eb2af2-f261-45a8-91cd-424e42a85121,Dott,3418560a-eb21-4f1c-90c2-35b89146a1ea,bicycle,trip_start,73,2026-09-22T10:37:00Z,POINT (-9.15084 38.74130)
c776fe9c-7413-4755-93f8-6fbb7e07ca8a,7cf3c256-32b9-4409-93fb-64afebede10d,Bolt,a6ee3b14-19c9-475b-8b33-0dd839a13c4e,scooter,rebalance_drop_off,42,2026-09-22T11:25:43Z,POINT (-9.13366 38.71281)
9f5c0fe7-6045-460d-9bbd-74b062406412,e8eb2af2-f261-45a8-91cd-424e42a85121,Dott,2dd65b26-1706-4623-8a22-02d7d605a60c,scooter,rebalance_pick_up,27,2026-09-22T11:37:07Z,POINT (-9.21167 38.69867)
4b4dab02-f3be-468b-bd47-53db74bd794d,a08ff49b-6f77-4632-a16c-43069c43a8c3,Lime,f999ed29-b6e9-4ecb-8088-7fc7f6bf74a1,scooter,cancel_reservation,99,2026-09-22T11:53:23Z,POINT (-9.14627 38.71834)
d6cfb16e-e6be-4576-a016-834e1ed5c4c9,e8eb2af2-f261-45a8-91cd-424e42a85121,Dott,de10aef2-1ef4-4d1e-83da-1e1fc7493528,bicycle,trip_start,66,2026-09-22T11:54:12Z,POINT (-9.12351 38.71514)
298d7605-6c99-4eae-ac51-6710b16a1dbf,a08ff49b-6f77-4632-a16c-43069c43a8c3,Lime,fbc42510-806e-4fae-a3f3-44f79f21b705,scooter,reserve,94,2026-09-22T12:08:26Z,POINT (-9.21100 38.70215)
887db4bb-b3fa-4a69-87d6-bc05e92d3ab0,a08ff49b-6f77-4632-a16c-43069c43a8c3,Lime,ad8e9f0e-dc8d-4000-bac7-95829e261bbd,bicycle,trip_start,49,2026-09-22T12:27:24Z,POINT (-9.13341 38.75489)
bee282cd-eb5b-4957-878e-24dd2a2bb321,a08ff49b-6f77-4632-a16c-43069c43a8c3,Lime,3c9f37e5-d143-4e3e-9999-f2ab1669306f,bicycle,trip_end,98,2026-09-22T12:32:32Z,POINT (-9.12986 38.71559)
dac44940-edc4-4280-85df-63589fc83951,a08ff49b-6f77-4632-a16c-43069c43a8c3,Lime,5e6994ef-58cb-4994-a5c1-44ebe3d7c256,bicycle,rebalance_pick_up,64,2026-09-22T12:40:03Z,POINT (-9.12675 38.71165)
debac085-0dcc-42ac-92f4-2e2cd16d5d36,aa36434e-f251-4c63-8d4e-86a538cc03aa,Gira,6175d1f5-9fdd-4c04-8b86-6794db0d4030,bicycle,trip_end,51,2026-09-22T12:48:02Z,POINT (-9.13983 38.71413)
eb651ae9-5ff5-4673-b4b7-9c815e3f0401,aa1883c4-ffd0-40f5-bd14-dcc312684e4e,Voi,322a0f98-df7a-411d-bb97-0f77217fdea9,scooter,reserve,92,2026-09-22T12:50:24Z,POINT (-9.14691 38.74486)
e685469e-9e31-467b-852f-d7ab468633ee,7cf3c256-32b9-4409-93fb-64afebede10d,Bolt,335dca26-c4a6-4a12-b6da-b5a3e365ad0b,scooter,trip_end,54,2026-09-22T12:57:53Z,POINT (-9.14233 38.74362)
f668ae03-ca06-4639-b8d3-579b593fae5c,7cf3c256-32b9-4409-93fb-64afebede10d,Bolt,5f0e7639-f185-4751-ad9b-93a5677999af,scooter,trip_end,92,2026-09-22T13:43:44Z,POINT (-9.13978 38.70815)
efca6bc9-74bf-49e3-bf1f-12d7fb7414ba,7cf3c256-32b9-4409-93fb-64afebede10d,Bolt,1227134d-371d-46de-a9f8-c75e5eb25659,scooter,provider_drop_off,29,2026-09-22T13:52:13Z,POINT (-9.12837 38.75326)
a2649b89-f707-4309-9556-7e09e7710408,7cf3c256-32b9-4409-93fb-64afebede10d,Bolt,8c71f5b3-43f9-49f9-9a39-cb14c6da5995,scooter,provider_pick_up,74,2026-09-22T14:03:27Z,POINT (-9.18045 38.70185)
0390841b-7056-4514-aa59-2cd7576778a1,a08ff49b-6f77-4632-a16c-43069c43a8c3,Lime,5790e377-afab-41f9-a2c8-19c8405d10a4,bicycle,trip_start,29,2026-09-22T14:26:11Z,POINT (-9.14550 38.70972)
991e6914-c45d-491c-a15e-6fc568068830,a08ff49b-6f77-4632-a16c-43069c43a8c3,Lime,3037beb0-f65b-4922-a430-e9cffc0e9a7f,bicycle,trip_end,67,2026-09-22T14:31:52Z,POINT (-9.12523 38.74806)
c1b3295c-04ef-4a4d-be6d-588a5b204601,7cf3c256-32b9-4409-93fb-64afebede10d,Bolt,c18064a7-5703-4731-b421-d068f2c50eaa,scooter,trip_start,76,2026-09-22T15:02:21Z,POINT (-9.14378 38.73038)
28c7c651-fd14-415c-8bd8-5eb67e7c7d8f,a08ff49b-6f77-4632-a16c-43069c43a8c3,Lime,7f4990cc-90e3-442d-acf1-5c6bad4fad06,bicycle,reserve,47,2026-09-22T15:02:27Z,POINT (-9.20581 38.69836)
c570b1e6-a63b-4214-8f1d-7445e9ac07bd,a08ff49b-6f77-4632-a16c-43069c43a8c3,Lime,5636df12-9f7c-4fdb-b92f-89c6fe9cbcf7,scooter,trip_end,97,2026-09-22T15:04:01Z,POINT (-9.12999 38.71484)
081bb1a9-8193-4552-b785-49799d07e1f3,e8eb2af2-f261-45a8-91cd-424e42a85121,Dott,3537861c-b0cd-4770-ae8b-ad80cc16bef5,scooter,trip_end,57,2026-09-22T15:23:17Z,POINT (-9.13829 38.73662)
02f369ce-f423-4bd8-bcff-1bf624633ca1,7cf3c256-32b9-4409-93fb-64afebede10d,Bolt,636fb7a8-389c-421b-8e87-e1365bfae7e3,scooter,trip_start,89,2026-09-22T16:31:27Z,POINT (-9.14470 38.71636)
7665abf0-ecb5-4a91-b50b-78bce8faca26,a08ff49b-6f77-4632-a16c-43069c43a8c3,Lime,7f66a58a-eae7-47e3-8580-1a0e28239a44,bicycle,trip_start,99,2026-09-22T16:39:55Z,POINT (-9.18158 38.70509)
bf0e42fa-9fe1-410e-8a4a-c0d8ed4dcf25,7cf3c256-32b9-4409-93fb-64afebede10d,Bolt,812aefea-12b3-4bd4-97e1-3b1d8847ec46,scooter,trip_start,96,2026-09-22T17:10:46Z,POINT (-9.14203 38.74641)
349f4ed5-8a7e-44ad-ae55-cfadb03f2d45,a08ff49b-6f77-4632-a16c-43069c43a8c3,Lime,24bcd670-0fa6-4c12-9b71-1aeda82a211f,scooter,maintenance,73,2026-09-22T17:24:25Z,POINT (-9.11013 38.74016)
7c761a77-b432-44ee-8974-8d50d03f1b44,a08ff49b-6f77-4632-a16c-43069c43a8c3,Lime,5e6994ef-58cb-4994-a5c1-44ebe3d7c256,scooter,trip_end,70,2026-09-22T17:35:42Z,POINT (-9.14306 38.72835)
4d1a6ecf-6b36-4741-931a-a9fb5bcb1c3f,7cf3c256-32b9-4409-93fb-64afebede10d,Bolt,44b66dfb-0781-4543-9727-1a380cbfe8db,scooter,rebalance_pick_up,88,2026-09-22T17:42:19Z,POINT (-9.15546 38.71982)
fc7081b3-df3c-4a26-8f86-d21c84476541,aa1883c4-ffd0-40f5-bd14-dcc312684e4e,Voi,5f8fc6cc-d771-44d9-b2e3-53c25a80cf03,scooter,trip_end,41,2026-09-22T17:50:24Z,POINT (-9.18151 38.70004)
ad93a62f-5435-4322-bc7c-4bd5134e174c,a08ff49b-6f77-4632-a16c-43069c43a8c3,Lime,24bcd670-0fa6-4c12-9b71-1aeda82a211f,scooter,trip_start,81,2026-09-22T17:59:17Z,POINT (-9.20175 38.70332)
718221a1-6f70-428f-b90d-8a0fcd74f16c,e8eb2af2-f261-45a8-91cd-424e42a85121,Dott,2dd65b26-1706-4623-8a22-02d7d605a60c,bicycle,trip_end,53,2026-09-22T18:15:16Z,POINT (-9.13096 38.74616)
e35c4fb4-d52e-4f81-9b45-4c8b97ff87f1,7cf3c256-32b9-4409-93fb-64afebede10d,Bolt,44b66dfb-0781-4543-9727-1a380cbfe8db,scooter,trip_start,57,2026-09-22T18:32:46Z,POINT (-9.14740 38.72673)
3f3103a2-e1b6-4476-bfbd-44f5f12f67f1,aa36434e-f251-4c63-8d4e-86a538cc03aa,Gira,38ce2da9-28d5-4f22-9f4b-99fd9a14c34f,bicycle,trip_start,58,2026-09-22T18:34:52Z,POINT (-9.14577 38.74651)
ce3937e9-2761-4b5a-aab8-7a549543d7b8,7cf3c256-32b9-4409-93fb-64afebede10d,Bolt,a7f0654d-3632-4b53-993e-3cf492c91d44,scooter,trip_start,29,2026-09-22T18:37:12Z,POINT (-9.09717 38.76267)
a16be789-9b13-4fb1-b899-d4b5de30203e,a08ff49b-6f77-4632-a16c-43069c43a8c3,Lime,0e9018d4-1a57-4ca3-8b80-c44a4ba5e259,bicycle,trip_start,73,2026-09-22T18:41:29Z,POINT (-9.17673 38.70460)
c611b0fb-ce00-46f8-8063-12879d5674e7,e8eb2af2-f261-45a8-91cd-424e42a85121,Dott,ef1ee6c3-ab03-4de0-9ecf-07a8602da2e8,scooter,trip_start,53,2026-09-22T18:42:41Z,POINT (-9.14329 38.73363)
5d20d876-4b31-4133-bc83-892c1cc6618c,7cf3c256-32b9-4409-93fb-64afebede10d,Bolt,af9ceb79-1bd7-4d19-8a69-32365a79c529,scooter,trip_end,38,2026-09-22T18:45:33Z,POINT (-9.14251 38.74729)
be2ce2ed-fd22-4f72-bcb2-37a8c57e7ccd,a08ff49b-6f77-4632-a16c-43069c43a8c3,Lime,6b4f4a77-4686-4d1d-99f8-dfa799a3d9fb,bicycle,trip_end,41,2026-09-22T18:48:05Z,POINT (-9.12855 38.71196)
30618352-f2cb-492a-ba1c-57795df78981,a08ff49b-6f77-4632-a16c-43069c43a8c3,Lime,b6ef72b8-cd1d-45f7-94e0-181369664e5b,scooter,trip_start,54,2026-09-22T18:49:47Z,POINT (-9.09873 38.76586)
3cb01220-bdbf-4e06-8bc9-2502ad632761,e8eb2af2-f261-45a8-91cd-424e42a85121,Dott,433b99b7-7407-42b1-bb74-249f84ecbc48,bicycle,trip_start,86,2026-09-22T19:05:36Z,POINT (-9.13659 38.71345)
1290164b-a3e2-44cd-8ca6-8c874fb3397d,a08ff49b-6f77-4632-a16c-43069c43a8c3,Lime,bb4e65a3-8848-43ee-bf99-c1f53591af0e,bicycle,provider_pick_up,30,2026-09-22T19:10:37Z,POINT (-9.14464 38.72921)
736e2548-ef23-4c93-baf3-cb1dbe9243e3,e8eb2af2-f261-45a8-91cd-424e42a85121,Dott,21e4401e-9669-4a8b-ad66-ea22afdffecd,bicycle,trip_start,92,2026-09-22T19:16:10Z,POINT (-9.13725 38.71260)
fc80253d-7e66-4928-9f47-3ae21ba7112d,a08ff49b-6f77-4632-a16c-43069c43a8c3,Lime,6a6573de-c6be-48e9-af4b-f6b9f09507b9,scooter,trip_end,61,2026-09-22T19:18:45Z,POINT (-9.13012 38.71559)
287e9353-e831-4b03-ab82-c0c81d2ab03f,7cf3c256-32b9-4409-93fb-64afebede10d,Bolt,a10b93b8-5691-490e-8143-c3cf38d226df,scooter,trip_start,28,2026-09-22T19:27:53Z,POINT (-9.13833 38.75459)
70460795-bbe1-4c18-8a07-65186e0ef5f4,e8eb2af2-f261-45a8-91cd-424e42a85121,Dott,c540596f-2e5c-4d49-8d9b-0771048d67a5,scooter,trip_end,32,2026-09-22T19:29:58Z,POINT (-9.09868 38.77237)
ef134621-8c29-4077-b4dc-1d62b308b19a,aa1883c4-ffd0-40f5-bd14-dcc312684e4e,Voi,64428920-fe4a-4720-b887-5f037fed4f3e,scooter,trip_start,100,2026-09-22T19:45:21Z,POINT (-9.13989 38.71338)
2dd43a33-3bbe-4346-895f-4a163c2d6ad5,aa1883c4-ffd0-40f5-bd14-dcc312684e4e,Voi,a32698fd-e08a-4c31-81e7-8c9a0f2225ff,scooter,rebalance_drop_off,61,2026-09-22T19:55:49Z,POINT (-9.14908 38.74522)
0f9893f4-9846-45b3-8a99-550d02be8e2d,aa1883c4-ffd0-40f5-bd14-dcc312684e4e,Voi,4728f2d5-483d-49ec-82b2-656fdf097164,scooter,low_battery,4,2026-09-22T19:56:50Z,POINT (-9.12012 38.71514)
c49d9108-e315-4c33-8466-39f17788377a,a08ff49b-6f77-4632-a16c-43069c43a8c3,Lime,c6816f7e-12d4-4aa4-911f-e4e0181a4476,scooter,trip_end,95,2026-09-22T20:04:20Z,POINT (-9.09707 38.76993)
460386a3-f3db-4016-a2a5-aa2380e96ca3,e8eb2af2-f261-45a8-91cd-424e42a85121,Dott,399fbf3c-7833-423a-8836-027b8e6a5477,bicycle,provider_pick_up,88,2026-09-22T20:06:25Z,POINT (-9.14441 38.71280)
d3efbe2a-c497-4d19-a828-234aa89164a5,7cf3c256-32b9-4409-93fb-64afebede10d,Bolt,335dca26-c4a6-4a12-b6da-b5a3e365ad0b,scooter,trip_end,52,2026-09-22T21:21:25Z,POINT (-9.14611 38.71347)
6f8a918f-9d43-4f01-9b82-607d7387e74c,aa1883c4-ffd0-40f5-bd14-dcc312684e4e,Voi,9e67822d-2868-45fe-b4d4-69460bb7ddad,scooter,rebalance_drop_off,90,2026-09-22T22:58:37Z,POINT (-9.14957 38.72382)
7b880524-8397-4141-a9c7-f1bf399cf113,a08ff49b-6f77-4632-a16c-43069c43a8c3,Lime,6193320b-017d-42f1-82ab-97f628261e7c,scooter,trip_start,42,2026-09-22T23:08:33Z,POINT (-9.16676 38.71531)
26fda96d-dae9-41ea-af6b-9018eed72476,a08ff49b-6f77-4632-a16c-43069c43a8c3,Lime,1763b74c-d9a8-4694-92cc-a109bb1ee938,scooter,trip_end,71,2026-09-23T00:27:03Z,POINT (-9.14606 38.73507)
5c3301f5-4dc4-4896-84c1-c882af473c1a,e8eb2af2-f261-45a8-91cd-424e42a85121,Dott,7f7c3924-5c88-4883-8a05-7e9775a4328f,scooter,reserve,40,2026-09-23T00:43:27Z,POINT (-9.14116 38.71539)
f1a4cd05-c6ef-4005-b75a-1d24f2b66614,e8eb2af2-f261-45a8-91cd-424e42a85121,Dott,b2500007-10f5-4f5d-a077-33dd912884f5,scooter,trip_end,57,2026-09-23T00:49:38Z,POINT (-9.14895 38.70953)
079fae50-84b0-4a83-bb46-cdc70013bc96,aa1883c4-ffd0-40f5-bd14-dcc312684e4e,Voi,c1470e19-52cb-4b02-bd45-6f60e4ec536d,scooter,rebalance_drop_off,58,2026-09-23T01:41:23Z,POINT (-9.14508 38.71123)
00e0aafc-5f09-407c-87e4-81985aa607e9,7cf3c256-32b9-4409-93fb-64afebede10d,Bolt,d96c982a-cd46-42ab-ad43-3f03cc68e4b2,scooter,trip_start,71,2026-09-23T02:50:33Z,POINT (-9.13022 38.71392)
7ed04d68-6798-43eb-ba7c-767ff2cae78f,aa36434e-f251-4c63-8d4e-86a538cc03aa,Gira,5b210e09-10d9-42da-a0b0-095982e8e92b,bicycle,trip_end,66,2026-09-23T04:41:37Z,POINT (-9.09527 38.76022)
4a1f13a2-ad62-4532-85f3-6120c4869d2a,a08ff49b-6f77-4632-a16c-43069c43a8c3,Lime,ab57ce07-4d3f-420b-8193-949496ce47e5,scooter,trip_end,85,2026-09-23T04:51:06Z,POINT (-9.11207 38.73044)
ed74a927-cb77-404f-af76-1701f6ca5434,e8eb2af2-f261-45a8-91cd-424e42a85121,Dott,05f64acc-67fd-42c6-b791-689ef6733401,scooter,provider_pick_up,38,2026-09-23T05:07:51Z,POINT (-9.13122 38.71341)
4a32ac60-26da-4912-9024-b3b92101fea0,7cf3c256-32b9-4409-93fb-64afebede10d,Bolt,cca80457-1f1f-4cfd-b3cb-c6f5c10b0b5b,scooter,trip_start,58,2026-09-23T05:41:07Z,POINT (-9.13974 38.73860)
3aa660f0-9463-4a12-8e97-67cb702df681,7cf3c256-32b9-4409-93fb-64afebede10d,Bolt,3c2f548f-4d29-4aba-9b36-1e80e813a5c1,scooter,provider_drop_off,68,2026-09-23T05:41:40Z,POINT (-9.14557 38.74659)
9271c256-b8e7-446f-8187-de77a39ae1b7,aa1883c4-ffd0-40f5-bd14-dcc312684e4e,Voi,84b4a246-d630-4f87-84fa-1072ec63caf4,scooter,rebalance_pick_up,96,2026-09-23T05:44:28Z,POINT (-9.13949 38.71099)
f2ff32a5-c968-4cf2-bc7e-c9a92c5f9107,e8eb2af2-f261-45a8-91cd-424e42a85121,Dott,c540596f-2e5c-4d49-8d9b-0771048d67a5,scooter,provider_pick_up,41,2026-09-23T07:04:49Z,POINT (-9.14697 38.72667)
f2e964fb-cd88-46e8-88a6-c1ffdba45095,7cf3c256-32b9-4409-93fb-64afebede10d,Bolt,22b90ef4-4f54-4380-aad7-4c99c40e3871,scooter,trip_end,73,2026-09-23T07:05:29Z,POINT (-9.13224 38.74590)
fa10aed5-83d1-4ac2-8c73-6b8a471a39e3,a08ff49b-6f77-4632-a16c-43069c43a8c3,Lime,4a40e713-fa23-4b8d-b574-acee683adece,scooter,reserve,60,2026-09-23T07:12:39Z,POINT (-9.13447 38.73972)
c1ee9260-a35f-4079-8ee2-37b4fad5c07c,e8eb2af2-f261-45a8-91cd-424e42a85121,Dott,caf5d69a-3f09-4a2f-9792-d225524e7d95,bicycle,trip_end,85,2026-09-23T07:20:21Z,POINT (-9.14575 38.71990)
fefbd9de-2385-4bcb-acf2-cf96de99ae7c,7cf3c256-32b9-4409-93fb-64afebede10d,Bolt,df5b2828-58cd-432d-bc55-aa2c8420c3ec,scooter,trip_end,92,2026-09-23T07:32:09Z,POINT (-9.14110 38.73300)
40725241-8494-4891-93f5-501baff457ee,e8eb2af2-f261-45a8-91cd-424e42a85121,Dott,92f9069a-1c20-4840-ad50-1cc91fce52b7,bicycle,low_battery,8,2026-09-23T07:35:36Z,POINT (-9.13362 38.71516)
8cb72cb5-d64f-40ec-8d1a-16831718da64,aa1883c4-ffd0-40f5-bd14-dcc312684e4e,Voi,d961b548-c8c4-4470-a03b-0a7a153ba25d,scooter,trip_start,67,2026-09-23T07:39:27Z,POINT (-9.14624 38.72853)
5dcb6a78-ffdf-43b7-8f95-b057091a8635,a08ff49b-6f77-4632-a16c-43069c43a8c3,Lime,db4fd9c8-4efb-471a-a772-c7ba04eedb66,scooter,trip_start,85,2026-09-23T07:43:57Z,POINT (-9.14110 38.73961)
8ff43e6e-8756-44c2-b07a-8e5e453f16d5,7cf3c256-32b9-4409-93fb-64afebede10d,Bolt,e2c7ed96-80cb-431e-9231-b957ec2f20e8,scooter,rebalance_drop_off,57,2026-09-23T07:47:01Z,POINT (-9.15035 38.73325)
28ae63f1-85fe-44e2-b78a-31343f946d23,aa36434e-f251-4c63-8d4e-86a538cc03aa,Gira,620f47f4-d470-45b5-b61a-350f07136ed4,bicycle,reserve,65,2026-09-23T07:49:37Z,POINT (-9.14953 38.70622)
72b64759-f0ed-487f-9689-2fd5f035b763,aa36434e-f251-4c63-8d4e-86a538cc03aa,Gira,44b13eee-c2b2-4acc-bf87-e111610a87d0,bicycle,reserve,63,2026-09-23T07:57:05Z,POINT (-9.09235 38.76595)
783eac13-b991-496a-90e8-4e9674676e7a,aa36434e-f251-4c63-8d4e-86a538cc03aa,Gira,58614505-4b70-450d-aad9-daba89bf89e4,bicycle,trip_start,91,2026-09-23T08:09:52Z,POINT (-9.14873 38.74302)
3059f9ab-c3af-45ef-b9cb-6d66b8e26efa,a08ff49b-6f77-4632-a16c-43069c43a8c3,Lime,368dc614-82b2-403b-acdd-cb63b80997c0,bicycle,trip_start,30,2026-09-23T08:09:57Z,POINT (-9.13750 38.73115)
c822e27c-db96-4fcb-a355-f65d43577ec4,a08ff49b-6f77-4632-a16c-43069c43a8c3,Lime,b93e7681-bedb-4bbd-917a-957bd8778062,bicycle,trip_end,38,2026-09-23T08:11:20Z,POINT (-9.13804 38.73422)
a38c4e38-0287-4517-b3d5-521818b74ee6,e8eb2af2-f261-45a8-91cd-424e42a85121,Dott,cb3d5f32-3123-4d0f-ab68-cc7e0f42371b,scooter,trip_end,43,2026-09-23T08:29:25Z,POINT (-9.13751 38.75689)
a468d50d-1351-4bee-937f-ab061d17fac9,aa1883c4-ffd0-40f5-bd14-dcc312684e4e,Voi,9e67822d-2868-45fe-b4d4-69460bb7ddad,scooter,trip_start,43,2026-09-23T08:29:34Z,POINT (-9.10802 38.76155)
0aa1c3e5-3a2d-43be-a0f9-b031bb8fb754,e8eb2af2-f261-45a8-91cd-424e42a85121,Dott,e9022de4-f5cc-4fb8-80a5-c9b0b7a40cf3,scooter,trip_start,50,2026-09-23T08:30:37Z,POINT (-9.14098 38.73789)
708ba090-f7ea-43aa-b901-f4825b11eafb,a08ff49b-6f77-4632-a16c-43069c43a8c3,Lime,f999ed29-b6e9-4ecb-8088-7fc7f6bf74a1,bicycle,trip_start,65,2026-09-23T08:45:14Z,POINT (-9.20999 38.69515)
0099fa3c-4775-4533-9313-eb1fd23b337b,aa36434e-f251-4c63-8d4e-86a538cc03aa,Gira,6565f168-e2a6-45d9-b1d5-59066cb69f1a,bicycle,rebalance_pick_up,49,2026-09-23T08:57:20Z,POINT (-9.15095 38.72443)
1cfc49c8-71a6-4f8e-8823-068e22187acb,7cf3c256-32b9-4409-93fb-64afebede10d,Bolt,9d22ada4-6a6f-44e8-bdc0-a95499eb387d,scooter,provider_drop_off,67,2026-09-23T09:04:38Z,POINT (-9.15014 38.73619)
4f595a80-ed4c-4ee1-b1e9-c26f29099e47,a08ff49b-6f77-4632-a16c-43069c43a8c3,Lime,6193320b-017d-42f1-82ab-97f628261e7c,bicycle,trip_start,70,2026-09-23T09:13:15Z,POINT (-9.14284 38.73423)
de1ffba6-40fa-4eb1-9cf3-dc0b7cf56ef4,a08ff49b-6f77-4632-a16c-43069c43a8c3,Lime,3d45796b-7204-4136-b647-75ae94bcce81,bicycle,trip_end,69,2026-09-23T09:20:55Z,POINT (-9.20438 38.69595)
4d6ae2d8-fe20-40a8-9f35-483cdc3dc234,7cf3c256-32b9-4409-93fb-64afebede10d,Bolt,af9ceb79-1bd7-4d19-8a69-32365a79c529,scooter,cancel_reservation,46,2026-09-23T09:23:14Z,POINT (-9.13988 38.71619)
60d440c4-c638-4ccb-b132-8946da31da1e,aa36434e-f251-4c63-8d4e-86a538cc03aa,Gira,54d03f85-e3fa-44f5-ba2a-8886aa847864,bicycle,trip_end,83,2026-09-23T09:25:28Z,POINT (-9.14743 38.72925)
b984db61-063f-44e4-b4ba-313487ea0573,7cf3c256-32b9-4409-93fb-64afebede10d,Bolt,528272e8-5213-4ccf-bf4d-8ce9d55d0f6b,scooter,trip_start,88,2026-09-23T09:29:48Z,POINT (-9.13922 38.71229)
21915f5a-7333-41ac-a4bb-b1f9c5aed425,7cf3c256-32b9-4409-93fb-64afebede10d,Bolt,340b6270-efa5-48df-95cd-1514611f278e,scooter,trip_end,32,2026-09-23T09:32:02Z,POINT (-9.14786 38.73381)
1c93d2e7-c8b7-4606-b686-d5571c03983e,e8eb2af2-f261-45a8-91cd-424e42a85121,Dott,0a3d5841-53d6-47ed-8f95-55af66c90bc8,bicycle,trip_end,46,2026-09-23T09:47:17Z,POINT (-9.15190 38.72823)
873c563f-58fe-47a2-b34f-9f82d09cb907,aa36434e-f251-4c63-8d4e-86a538cc03aa,Gira,369d8206-b7f7-4642-8c25-1ba6d6d66468,bicycle,trip_end,96,2026-09-23T09:47:27Z,POINT (-9.09272 38.76074)
78fe2162-6df0-48ef-8839-a51b9bdd7d09,e8eb2af2-f261-45a8-91cd-424e42a85121,Dott,21e4401e-9669-4a8b-ad66-ea22afdffecd,scooter,trip_end,60,2026-09-23T09:48:38Z,POINT (-9.14359 38.71473)
593dea8b-1a12-43bc-b6d2-97cfc21c1c60,7cf3c256-32b9-4409-93fb-64afebede10d,Bolt,9d22ada4-6a6f-44e8-bdc0-a95499eb387d,scooter,trip_start,99,2026-09-23T09:49:58Z,POINT (-9.13827 38.71581)
a07cde08-daf1-4ec9-a546-d761a39932c1,a08ff49b-6f77-4632-a16c-43069c43a8c3,Lime,6b4f4a77-4686-4d1d-99f8-dfa799a3d9fb,scooter,trip_start,77,2026-09-23T10:04:41Z,POINT (-9.13685 38.75534)
0d013d10-9254-44bf-a950-80770d03d9b3,7cf3c256-32b9-4409-93fb-64afebede10d,Bolt,fc9d10a4-c90e-43e0-8665-5370acf98dd0,scooter,rebalance_pick_up,58,2026-09-23T10:33:50Z,POINT (-9.13254 38.71391)
fd939c1d-9c06-467c-a01e-79d92e3d3d7a,a08ff49b-6f77-4632-a16c-43069c43a8c3,Lime,0e9018d4-1a57-4ca3-8b80-c44a4ba5e259,scooter,trip_start,41,2026-09-23T10:46:42Z,POINT (-9.11650 38.71953)
11de9450-3fbe-493f-8196-a43195a57c40,aa1883c4-ffd0-40f5-bd14-dcc312684e4e,Voi,4ee451ad-a72c-4fd6-b033-7490b1a92654,scooter,cancel_reservation,96,2026-09-23T10:50:18Z,POINT (-9.12172 38.71669)
768edf0e-65f5-4ec1-9ba6-5cbbac03fa12,7cf3c256-32b9-4409-93fb-64afebede10d,Bolt,5af93444-6081-414d-8915-68af1146615f,scooter,provider_pick_up,76,2026-09-23T10:58:40Z,POINT (-9.14763 38.73118)
10519f32-9076-4dde-821b-00d2b1c5ddb0,aa1883c4-ffd0-40f5-bd14-dcc312684e4e,Voi,783d88f4-28b8-4371-8a4e-51a8b858b538,scooter,trip_end,74,2026-09-23T11:50:10Z,POINT (-9.20305 38.69686)
55746e6d-470f-4135-9280-1f1eda437803,a08ff49b-6f77-4632-a16c-43069c43a8c3,Lime,d6b03f30-702e-4b14-ae5c-c94065f9ba6f,bicycle,maintenance,76,2026-09-23T12:04:49Z,POINT (-9.14410 38.72033)
45101582-27cd-432f-897c-750ec5870873,e8eb2af2-f261-45a8-91cd-424e42a85121,Dott,ef1ee6c3-ab03-4de0-9ecf-07a8602da2e8,scooter,trip_start,80,2026-09-23T12:32:38Z,POINT (-9.12985 38.71057)
e7a49389-bcb6-4aa1-b378-908f8759ae40,aa1883c4-ffd0-40f5-bd14-dcc312684e4e,Voi,267dc7ae-e1a5-4be4-ae51-3d0d83bfc304,scooter,rebalance_pick_up,83,2026-09-23T13:20:38Z,POINT (-9.14997 38.73833)
ecf418ce-2895-4f1a-90a3-dd7ce32efbeb,a08ff49b-6f77-4632-a16c-43069c43a8c3,Lime,e763443a-df95-4054-a7d4-a2d23730a246,scooter,low_battery,4,2026-09-23T13:26:50Z,POINT (-9.20898 38.69638)
efc3ed58-e128-4ab1-92b0-ee8928d60ace,a08ff49b-6f77-4632-a16c-43069c43a8c3,Lime,0203f6b9-5b86-448e-aa1b-5587bab5e0d0,scooter,trip_start,93,2026-09-23T13:41:48Z,POINT (-9.20971 38.69459)
5586ca2c-8084-444b-85b9-ddc4632f2430,aa1883c4-ffd0-40f5-bd14-dcc312684e4e,Voi,13f8b892-9c72-426d-9d87-f509dd93360e,scooter,trip_start,95,2026-09-23T13:58:10Z,POINT (-9.12456 38.71739)
dd000d01-4fb8-4236-a3e4-afaedc9a79b2,e8eb2af2-f261-45a8-91cd-424e42a85121,Dott,bd67f460-81d3-4c86-918b-a1da249d7648,bicycle,trip_start,66,2026-09-23T14:06:55Z,POINT (-9.10016 38.76418)
72ba0449-094c-4a85-836f-8a49f8f81af1,aa1883c4-ffd0-40f5-bd14-dcc312684e4e,Voi,6eac88ce-b968-45ef-9388-ff88c59acbba,scooter,trip_end,25,2026-09-23T14:16:54Z,POINT (-9.14976 38.73216)
825328ff-f38b-4024-b3ab-0c00b09385ca,7cf3c256-32b9-4409-93fb-64afebede10d,Bolt,920d73a3-b403-4e23-b47e-0ac0f90305ff,scooter,trip_start,41,2026-09-23T14:17:59Z,POINT (-9.14769 38.71415)
e3cca0fe-48af-4c21-ad01-fc4efae38053,e8eb2af2-f261-45a8-91cd-424e42a85121,Dott,8569a374-0749-4780-bfc0-60b51059896d,bicycle,maintenance,57,2026-09-23T14:23:48Z,POINT (-9.13161 38.71445)
2c07bb79-9d47-4610-b636-cefe973ba15c,aa36434e-f251-4c63-8d4e-86a538cc03aa,Gira,fddf2c05-3230-4769-9bb8-fb01135496e4,bicycle,trip_end,84,2026-09-23T14:29:58Z,POINT (-9.15297 38.71334)
8bcfa9fe-d9f1-47a3-b86a-89158c98ef92,a08ff49b-6f77-4632-a16c-43069c43a8c3,Lime,4a779d01-94aa-4255-b9b4-482e3ffccb37,scooter,rebalance_drop_off,32,2026-09-23T14:30:08Z,POINT (-9.13233 38.73814)
bf0a5c82-d290-4d74-bdcc-43616840bdc8,7cf3c256-32b9-4409-93fb-64afebede10d,Bolt,8d943767-66fa-4329-a57e-d3f3dd2514c2,scooter,trip_end,100,2026-09-23T14:46:20Z,POINT (-9.14132 38.70679)
7ece6373-c452-4d9b-b6ee-29b4d2910ebd,aa1883c4-ffd0-40f5-bd14-dcc312684e4e,Voi,b0c646ff-754e-4d82-8daf-a1ac2ae0e7d0,scooter,provider_pick_up,64,2026-09-23T14:47:49Z,POINT (-9.17256 38.70200)
af12918c-5b09-4304-87bf-6b4e6a59bdc4,7cf3c256-32b9-4409-93fb-64afebede10d,Bolt,812aefea-12b3-4bd4-97e1-3b1d8847ec46,scooter,trip_end,90,2026-09-23T15:16:07Z,POINT (-9.17696 38.70318)
d09cc40e-6fa4-4d62-a3c2-5cde30b66d4f,e8eb2af2-f261-45a8-91cd-424e42a85121,Dott,047af9f4-92c8-485c-bc45-a7e0bab81c72,bicycle,trip_start,71,2026-09-23T15:17:56Z,POINT (-9.18284 38.70186)
04b97ab7-78d5-45dc-b96c-b650c398fa3c,7cf3c256-32b9-4409-93fb-64afebede10d,Bolt,c61537dd-d2bc-4b1a-a12f-e284c331508d,scooter,reserve,25,2026-09-23T15:25:48Z,POINT (-9.20621 38.69981)
92ccc40c-de64-4785-a3ce-47bee921d92c,a08ff49b-6f77-4632-a16c-43069c43a8c3,Lime,dc99c0a3-a877-4adf-a2ac-176dab85cfba,scooter,trip_start,97,2026-09-23T15:35:23Z,POINT (-9.17757 38.70713)
a5b612a3-04fa-4e0d-bed8-e8c697023357,a08ff49b-6f77-4632-a16c-43069c43a8c3,Lime,c6816f7e-12d4-4aa4-911f-e4e0181a4476,scooter,cancel_reservation,29,2026-09-23T15:48:50Z,POINT (-9.14344 38.70639)
52521aaa-5486-49a3-ba7d-f38e94affa41,7cf3c256-32b9-4409-93fb-64afebede10d,Bolt,59fd1a30-96d1-4f7f-b425-1fbd4aa7fe6c,scooter,trip_end,61,2026-09-23T15:57:52Z,POINT (-9.13348 38.71466)
cd8e4c61-1fa7-4e82-be49-e330f9808fa1,7cf3c256-32b9-4409-93fb-64afebede10d,Bolt,ca0dd966-70f1-4336-984e-512099f1fdb3,scooter,maintenance,52,2026-09-23T16:06:13Z,POINT (-9.20517 38.69590)
43141b14-93f7-4d0f-9091-2ac908771265,e8eb2af2-f261-45a8-91cd-424e42a85121,Dott,7e0f786d-78d8-4076-9fed-41fbaf70753f,bicycle,trip_end,34,2026-09-23T16:56:44Z,POINT (-9.14083 38.71188)
c4e4f1a0-0d0f-427e-a736-88495f4a338b,aa1883c4-ffd0-40f5-bd14-dcc312684e4e,Voi,fdb7d4d8-54e6-4e89-979a-8457ab7c8205,scooter,maintenance,57,2026-09-23T16:59:01Z,POINT (-9.18561 38.70728)
05aee6c2-008d-4087-80bd-230474b9f67d,aa1883c4-ffd0-40f5-bd14-dcc312684e4e,Voi,43272e90-be59-43fb-8fa7-25638d07e6e2,scooter,trip_end,67,2026-09-23T17:00:39Z,POINT (-9.14362 38.70951)
72db79b6-01cd-4730-b9a5-e75018fd6847,aa1883c4-ffd0-40f5-bd14-dcc312684e4e,Voi,84b4a246-d630-4f87-84fa-1072ec63caf4,scooter,trip_start,63,2026-09-23T17:15:07Z,POINT (-9.20132 38.69948)
d604b311-c8d3-42ac-af27-4b0ec7118147,7cf3c256-32b9-4409-93fb-64afebede10d,Bolt,d7ea733f-446b-43e6-a7df-f72acb99fc17,scooter,trip_end,80,2026-09-23T17:20:10Z,POINT (-9.20586 38.70248)
75842972-c500-4005-b3fa-61089b1a474f,aa1883c4-ffd0-40f5-bd14-dcc312684e4e,Voi,822cc5e9-42eb-4a47-a01a-4824d8fa8091,scooter,trip_start,80,2026-09-23T17:23:00Z,POINT (-9.13824 38.71578)
5129a204-7776-4c03-b758-b41c445919c3,7cf3c256-32b9-4409-93fb-64afebede10d,Bolt,ca0dd966-70f1-4336-984e-512099f1fdb3,scooter,reserve,45,2026-09-23T18:07:33Z,POINT (-9.14416 38.70644)
bef4a213-8150-4dec-93c4-8d422306ed7d,a08ff49b-6f77-4632-a16c-43069c43a8c3,Lime,9a2e8ee3-b378-4d87-ae27-ec72c79dc27e,bicycle,trip_start,73,2026-09-23T18:08:18Z,POINT (-9.14072 38.71083)
1e7f77ae-919a-4ea8-8e41-37724eb27a2c,a08ff49b-6f77-4632-a16c-43069c43a8c3,Lime,0203f6b9-5b86-448e-aa1b-5587bab5e0d0,scooter,trip_start,32,2026-09-23T18:11:25Z,POINT (-9.15206 38.70922)
92cc3172-c905-4a7d-ae8d-da0a07330a4d,e8eb2af2-f261-45a8-91cd-424e42a85121,Dott,2dd65b26-1706-4623-8a22-02d7d605a60c,scooter,trip_end,37,2026-09-23T18:18:07Z,POINT (-9.14303 38.71883)
ab36890a-77da-46d7-a336-6fcd4d0a81be,a08ff49b-6f77-4632-a16c-43069c43a8c3,Lime,6316b14d-87cf-4770-bd5a-959dfcebdbf5,bicycle,reserve,86,2026-09-23T18:22:48Z,POINT (-9.14878 38.76762)
4b5d95de-91a4-462f-957a-a04664cd05ad,7cf3c256-32b9-4409-93fb-64afebede10d,Bolt,4d6fc572-dba1-4eb2-b0d5-a3a726ffa388,scooter,rebalance_drop_off,90,2026-09-23T18:32:19Z,POINT (-9.14389 38.72609)
3eb0f59a-52ee-44e2-87c8-a7013876b899,e8eb2af2-f261-45a8-91cd-424e42a85121,Dott,1f1c2d49-3dda-41b5-9ae2-4a535d9def5e,bicycle,trip_end,31,2026-09-23T18:40:23Z,POINT (-9.14756 38.72201)
77a0b6d6-51f7-4b86-8ec7-3945533b4163,a08ff49b-6f77-4632-a16c-43069c43a8c3,Lime,a4ae37af-fe4a-4ca2-8b1d-42bbd0c94bd0,scooter,trip_start,37,2026-09-23T18:55:51Z,POINT (-9.14809 38.71087)
17a8ff17-0049-42ec-a0aa-2d5616bb2635,7cf3c256-32b9-4409-93fb-64afebede10d,Bolt,b8206349-ce47-49c8-bdb0-5d3a1a22f509,scooter,low_battery,3,2026-09-23T19:03:40Z,POINT (-9.14923 38.73899)
96d7cec4-ad86-4869-824b-6746d0822154,e8eb2af2-f261-45a8-91cd-424e42a85121,Dott,92f9069a-1c20-4840-ad50-1cc91fce52b7,bicycle,reserve,32,2026-09-23T19:18:31Z,POINT (-9.14518 38.73898)
3aa64a46-fa63-421a-98b9-079abed77acb,7cf3c256-32b9-4409-93fb-64afebede10d,Bolt,a10b93b8-5691-490e-8143-c3cf38d226df,scooter,low_battery,7,2026-09-23T19:28:27Z,POINT (-9.12878 38.71791)
820ae56f-fef2-4b11-81fb-dbe04d0fcb32,e8eb2af2-f261-45a8-91cd-424e42a85121,Dott,8569a374-0749-4780-bfc0-60b51059896d,bicycle,trip_end,36,2026-09-23T19:38:22Z,POINT (-9.10710 38.73471)
34feb5e7-02bb-4b17-a8fc-a5c9062a1436,a08ff49b-6f77-4632-a16c-43069c43a8c3,Lime,156bb1ca-d760-4ab9-a5e1-dea83898e499,scooter,low_battery,8,2026-09-23T19:38:43Z,POINT (-9.14073 38.71169)
a9e60694-d353-4a6e-970c-bf8337442736,a08ff49b-6f77-4632-a16c-43069c43a8c3,Lime,c3b109bf-3623-4a20-9a44-df1ddaa9bc82,bicycle,trip_start,50,2026-09-23T19:51:46Z,POINT (-9.09072 38.76490)
bccbf238-c15d-4f41-a7c9-29f079753266,a08ff49b-6f77-4632-a16c-43069c43a8c3,Lime,dc99c0a3-a877-4adf-a2ac-176dab85cfba,bicycle,low_battery,13,2026-09-23T19:52:18Z,POINT (-9.16324 38.72478)
6bf48ac1-999c-4026-bbd4-d60d99984254,7cf3c256-32b9-4409-93fb-64afebede10d,Bolt,a7f0654d-3632-4b53-993e-3cf492c91d44,scooter,reserve,72,2026-09-23T19:53:43Z,POINT (-9.11256 38.75104)
761f40d8-bdfb-4755-a37d-5b61810d47f6,7cf3c256-32b9-4409-93fb-64afebede10d,Bolt,30263074-bcd3-496e-bf58-222725565161,scooter,trip_start,31,2026-09-23T20:33:34Z,POINT (-9.09967 38.75462)
6c5f1d14-2c9c-423a-96a8-e53d6e0b7e0a,e8eb2af2-f261-45a8-91cd-424e42a85121,Dott,36e6d145-c96c-4627-9c3e-dafaac1948b1,bicycle,trip_end,61,2026-09-23T20:43:49Z,POINT (-9.15254 38.72269)
81d6120c-1291-47f1-b25f-d9c100b02bfe,a08ff49b-6f77-4632-a16c-43069c43a8c3,Lime,567c7a9c-0022-4d60-9b79-a9c823ecf9ba,bicycle,trip_end,50,2026-09-23T20:48:27Z,POINT (-9.16066 38.71208)
499fec50-6c69-4807-8cb5-33d187a74927,7cf3c256-32b9-4409-93fb-64afebede10d,Bolt,22b90ef4-4f54-4380-aad7-4c99c40e3871,scooter,trip_end,55,2026-09-23T21:18:03Z,POINT (-9.12923 38.71648)
583cacca-e288-40eb-bbbd-97b1f2d45226,aa1883c4-ffd0-40f5-bd14-dcc312684e4e,Voi,4ac47eaa-9269-4ff0-9fd9-e9ef0272259e,scooter,trip_start,42,2026-09-23T22:37:40Z,POINT (-9.13056 38.71703)
281d1e59-b627-4d1b-81e2-b968a27853d7,7cf3c256-32b9-4409-93fb-64afebede10d,Bolt,a10b93b8-5691-490e-8143-c3cf38d226df,scooter,trip_start,45,2026-09-24T02:21:22Z,POINT (-9.13432 38.75610)
e581a820-e6ac-4d1d-960a-7e3d45472de1,e8eb2af2-f261-45a8-91cd-424e42a85121,Dott,afe7ecad-5eb6-4a76-b5ed-1c3579c0705a,scooter,trip_start,70,2026-09-24T03:00:59Z,POINT (-9.12125 38.71778)
e7b0f545-b0f4-41f5-a62c-dca00c753e6d,7cf3c256-32b9-4409-93fb-64afebede10d,Bolt,d96c982a-cd46-42ab-ad43-3f03cc68e4b2,scooter,rebalance_drop_off,38,2026-09-24T03:16:08Z,POINT (-9.14495 38.71093)
005c267a-9cef-452d-ad67-fa12ba0663c6,7cf3c256-32b9-4409-93fb-64afebede10d,Bolt,370db622-9cc5-462b-bf2c-ec908b4f60da,scooter,trip_end,57,2026-09-24T06:15:05Z,POINT (-9.13787 38.71719)
cb98a1b0-adbc-4c5e-9d8e-ec9846c57b50,a08ff49b-6f77-4632-a16c-43069c43a8c3,Lime,3b859743-b6a5-4f0a-851b-d9942d7d3784,bicycle,trip_start,78,2026-09-24T07:04:16Z,POINT (-9.12474 38.71443)
5539831a-cd03-41f0-a30c-4ca1dfeb52d1,e8eb2af2-f261-45a8-91cd-424e42a85121,Dott,a4d95b93-754f-4b9a-bdd2-305dc5ee94be,bicycle,reserve,41,2026-09-24T07:04:52Z,POINT (-9.13447 38.71733)
febcea13-eb71-4937-8656-d793878c64c7,a08ff49b-6f77-4632-a16c-43069c43a8c3,Lime,d6b03f30-702e-4b14-ae5c-c94065f9ba6f,bicycle,trip_end,77,2026-09-24T07:05:41Z,POINT (-9.14856 38.74254)
8353ae26-a628-4c57-ab57-b21ad1d9572e,7cf3c256-32b9-4409-93fb-64afebede10d,Bolt,b5188819-ee99-40d7-b7b4-744da20ef2d4,scooter,rebalance_pick_up,84,2026-09-24T07:08:59Z,POINT (-9.09708 38.76867)
05a99c39-b59c-4571-a8f7-73deafd9efb0,aa1883c4-ffd0-40f5-bd14-dcc312684e4e,Voi,43272e90-be59-43fb-8fa7-25638d07e6e2,scooter,trip_start,48,2026-09-24T07:14:49Z,POINT (-9.14934 38.74261)
8c3deef9-561d-4ae2-8722-89c8cc093d6e,7cf3c256-32b9-4409-93fb-64afebede10d,Bolt,99efdc1a-29b7-4ed2-b6d3-893e3ed77c6b,scooter,trip_start,28,2026-09-24T07:17:00Z,POINT (-9.09840 38.77943)
d7b16fc3-ddbc-4836-8c95-1857d2de5742,7cf3c256-32b9-4409-93fb-64afebede10d,Bolt,a7f0654d-3632-4b53-993e-3cf492c91d44,scooter,trip_start,46,2026-09-24T07:29:19Z,POINT (-9.10625 38.75843)
5480a068-42d5-4d34-8ac4-ef952fccc410,aa36434e-f251-4c63-8d4e-86a538cc03aa,Gira,52e4c27e-364d-47d8-809d-c0dde02b98f4,bicycle,trip_end,77,2026-09-24T07:37:56Z,POINT (-9.14068 38.73956)
12873394-4673-4bba-aede-845aa477908e,e8eb2af2-f261-45a8-91cd-424e42a85121,Dott,1f1c2d49-3dda-41b5-9ae2-4a535d9def5e,bicycle,reserve,75,2026-09-24T07:45:57Z,POINT (-9.14262 38.74264)
44f18033-89e7-469b-a384-a8301134cfee,e8eb2af2-f261-45a8-91cd-424e42a85121,Dott,32a1fa1a-60cc-48ce-843c-1184c183d813,bicycle,trip_end,76,2026-09-24T07:51:38Z,POINT (-9.13469 38.71640)
848e3b11-89a7-4ace-9a7f-21e2868eeb37,e8eb2af2-f261-45a8-91cd-424e42a85121,Dott,d4afcae5-a191-4e75-84fa-343eab696cc4,scooter,maintenance,64,2026-09-24T07:59:23Z,POINT (-9.15707 38.72528)
5255013f-8e64-4d7f-b93e-0eabe2d123e5,aa1883c4-ffd0-40f5-bd14-dcc312684e4e,Voi,8043256e-97aa-4fb6-9e8d-e9b13919dbd7,scooter,trip_start,84,2026-09-24T08:04:21Z,POINT (-9.14467 38.74284)
668ab493-aaa5-47b1-8336-2f4e19a1160d,e8eb2af2-f261-45a8-91cd-424e42a85121,Dott,9c83caf4-9979-4772-b945-176d481e86d4,scooter,trip_end,86,2026-09-24T08:23:00Z,POINT (-9.14753 38.73557)
f25c3ac7-2b45-4d8f-be00-9b95f9cd5b3c,e8eb2af2-f261-45a8-91cd-424e42a85121,Dott,b2500007-10f5-4f5d-a077-33dd912884f5,scooter,low_battery,11,2026-09-24T08:27:06Z,POINT (-9.17886 38.70247)
8772f79d-8cf6-4dd2-a4a9-1f36aa6f9086,7cf3c256-32b9-4409-93fb-64afebede10d,Bolt,ededfc18-5e00-4782-895f-363c777a79d6,scooter,trip_end,84,2026-09-24T08:29:07Z,POINT (-9.15188 38.71822)
96a87fa2-f74c-407a-904e-6f2e1b5efc43,7cf3c256-32b9-4409-93fb-64afebede10d,Bolt,fcbf1b0a-7349-4f43-95c2-585922da8e83,scooter,maintenance,60,2026-09-24T08:37:07Z,POINT (-9.14508 38.74392)
cfc94991-492f-4490-bf07-2133b9aeb8c4,a08ff49b-6f77-4632-a16c-43069c43a8c3,Lime,c3b109bf-3623-4a20-9a44-df1ddaa9bc82,scooter,reserve,89,2026-09-24T08:37:57Z,POINT (-9.10206 38.76232)
4bc105dd-2873-42df-b2da-f599cdb2ca8e,aa36434e-f251-4c63-8d4e-86a538cc03aa,Gira,605b903e-fe54-4592-becc-19990bdfdb49,bicycle,trip_end,81,2026-09-24T08:44:00Z,POINT (-9.15460 38.72986)
5e0bef6a-0a33-4530-93c2-981d9b169ce9,aa36434e-f251-4c63-8d4e-86a538cc03aa,Gira,200a698d-20a8-4268-91cf-a9e0196f7e92,bicycle,trip_end,70,2026-09-24T08:58:32Z,POINT (-9.15341 38.71808)
2976b31b-d121-48f1-b0fe-b566791c3d57,a08ff49b-6f77-4632-a16c-43069c43a8c3,Lime,4a40e713-fa23-4b8d-b574-acee683adece,bicycle,trip_start,31,2026-09-24T08:59:15Z,POINT (-9.14931 38.73625)
709e63b5-f281-40a0-8edd-69b967a17cf9,aa1883c4-ffd0-40f5-bd14-dcc312684e4e,Voi,973bd090-a2e1-4fd9-b3dd-73c3bf06ae51,scooter,trip_end,66,2026-09-24T09:08:29Z,POINT (-9.09720 38.75991)
c959a929-1768-438a-933b-8e488aadf4d5,aa1883c4-ffd0-40f5-bd14-dcc312684e4e,Voi,2d9f1172-5161-4dbc-8c2e-450f677fcf26,scooter,trip_end,31,2026-09-24T09:33:26Z,POINT (-9.14760 38.73980)
28dd30a5-9f1a-4494-b0ec-92039537667b,7cf3c256-32b9-4409-93fb-64afebede10d,Bolt,a7f0654d-3632-4b53-993e-3cf492c91d44,scooter,provider_drop_off,61,2026-09-24T09:43:31Z,POINT (-9.14667 38.74095)
ca2196c4-fc4f-480f-a9c0-4bd8e014f93d,e8eb2af2-f261-45a8-91cd-424e42a85121,Dott,8d89eb23-13b3-4a30-b1bd-4d3e9e3a72a8,bicycle,rebalance_drop_off,35,2026-09-24T09:48:57Z,POINT (-9.15880 38.71528)
db478298-ea91-4b30-b406-630e08cecaed,a08ff49b-6f77-4632-a16c-43069c43a8c3,Lime,e763443a-df95-4054-a7d4-a2d23730a246,bicycle,trip_start,70,2026-09-24T09:49:34Z,POINT (-9.14863 38.72407)
5a64bc2b-a36b-4924-a9f1-5cdaec8f1a52,a08ff49b-6f77-4632-a16c-43069c43a8c3,Lime,239eebd0-357a-4935-8b7f-8689585bbae2,bicycle,trip_start,33,2026-09-24T10:33:30Z,POINT (-9.14879 38.71609)
c90ed690-b9b1-465d-a14a-9ac5d8a736cb,e8eb2af2-f261-45a8-91cd-424e42a85121,Dott,ae9cdd57-7328-4d05-9eb2-50f9d0ea9f6d,bicycle,low_battery,3,2026-09-24T11:04:50Z,POINT (-9.14442 38.72005)
849779b6-e826-4003-8f23-70e081b3e40f,a08ff49b-6f77-4632-a16c-43069c43a8c3,Lime,7f4990cc-90e3-442d-acf1-5c6bad4fad06,bicycle,trip_start,39,2026-09-24T11:13:48Z,POINT (-9.11766 38.71750)
86538ac2-3d77-4d0c-9538-ba9759965ef1,7cf3c256-32b9-4409-93fb-64afebede10d,Bolt,18181d5e-9d5b-4270-8b9a-9b87d374fe50,scooter,provider_pick_up,90,2026-09-24T11:20:13Z,POINT (-9.13345 38.71418)
31a7862d-60d2-45ee-80a0-0d183ff8a8dd,e8eb2af2-f261-45a8-91cd-424e42a85121,Dott,89868fc4-e104-44a3-8d8c-20a6298ce565,scooter,reserve,59,2026-09-24T11:39:23Z,POINT (-9.18358 38.70047)
bdadb45b-7484-4acc-92e3-5bfea46ccced,7cf3c256-32b9-4409-93fb-64afebede10d,Bolt,882ff6da-9925-4fce-8790-159c37bf5c35,scooter,trip_start,48,2026-09-24T11:50:15Z,POINT (-9.14197 38.75329)
d6094ea6-8a67-4b27-9e7e-990fcb6eca14,e8eb2af2-f261-45a8-91cd-424e42a85121,Dott,433b99b7-7407-42b1-bb74-249f84ecbc48,scooter,trip_end,34,2026-09-24T11:51:06Z,POINT (-9.09261 38.76066)
6daa6068-63b5-44bb-89e5-f1488d5d787f,7cf3c256-32b9-4409-93fb-64afebede10d,Bolt,e2c7ed96-80cb-431e-9231-b957ec2f20e8,scooter,trip_start,90,2026-09-24T12:03:29Z,POINT (-9.12755 38.71532)
98448ef8-e7d9-48bd-9e86-b1ca02f20990,7cf3c256-32b9-4409-93fb-64afebede10d,Bolt,ededfc18-5e00-4782-895f-363c777a79d6,scooter,trip_end,44,2026-09-24T12:29:04Z,POINT (-9.14573 38.74421)
15be2061-1c8c-4e18-94a3-bd2e037c1887,e8eb2af2-f261-45a8-91cd-424e42a85121,Dott,c3b7c263-5617-4661-817f-6bb666ec1d21,bicycle,trip_end,30,2026-09-24T12:42:08Z,POINT (-9.17604 38.70179)
ce837778-0ac5-4b6c-807f-c745cd271fab,7cf3c256-32b9-4409-93fb-64afebede10d,Bolt,5edfe977-8820-4692-b043-bb026ff5f108,scooter,cancel_reservation,34,2026-09-24T12:44:53Z,POINT (-9.14510 38.74104)
bf867e06-5307-4ea2-8490-52523652886f,7cf3c256-32b9-4409-93fb-64afebede10d,Bolt,b8206349-ce47-49c8-bdb0-5d3a1a22f509,scooter,trip_start,66,2026-09-24T12:45:18Z,POINT (-9.13421 38.71510)
36ffb373-fdf9-4e20-8995-5f6d3315d84c,aa1883c4-ffd0-40f5-bd14-dcc312684e4e,Voi,822cc5e9-42eb-4a47-a01a-4824d8fa8091,scooter,provider_pick_up,47,2026-09-24T12:45:34Z,POINT (-9.18043 38.70197)
6589b774-aaea-4e40-ad7c-04b283c8b6bc,e8eb2af2-f261-45a8-91cd-424e42a85121,Dott,5e12285e-1932-4311-ba42-fbda9800b9fc,bicycle,reserve,91,2026-09-24T12:47:01Z,POINT (-9.12799 38.71772)
dba18cae-3577-4897-bb42-3c9fdd028de3,7cf3c256-32b9-4409-93fb-64afebede10d,Bolt,59fd1a30-96d1-4f7f-b425-1fbd4aa7fe6c,scooter,reserve,40,2026-09-24T12:53:56Z,POINT (-9.13243 38.71681)
46c1fab3-2c89-4c00-a3eb-686e93ae522a,7cf3c256-32b9-4409-93fb-64afebede10d,Bolt,335dca26-c4a6-4a12-b6da-b5a3e365ad0b,scooter,trip_end,50,2026-09-24T12:57:56Z,POINT (-9.13373 38.74274)
94665085-cc4f-40d0-ae0b-41821b1fc114,aa1883c4-ffd0-40f5-bd14-dcc312684e4e,Voi,322a0f98-df7a-411d-bb97-0f77217fdea9,scooter,trip_end,88,2026-09-24T13:13:11Z,POINT (-9.18285 38.70183)
6d8e5729-9275-4ab5-95de-b64cccb9639e,aa1883c4-ffd0-40f5-bd14-dcc312684e4e,Voi,a3c72f74-7ccc-4eff-af0a-68e1bcb539e1,scooter,low_battery,8,2026-09-24T13:21:30Z,POINT (-9.13345 38.71042)
e3c12e73-4fcd-47ce-ba4d-21c2e311f43e,a08ff49b-6f77-4632-a16c-43069c43a8c3,Lime,24bcd670-0fa6-4c12-9b71-1aeda82a211f,bicycle,trip_start,85,2026-09-24T13:22:39Z,POINT (-9.13933 38.71217)
98d8fc02-a78e-4524-bb41-904b6048d26e,a08ff49b-6f77-4632-a16c-43069c43a8c3,Lime,dc99c0a3-a877-4adf-a2ac-176dab85cfba,bicycle,trip_end,91,2026-09-24T13:44:37Z,POINT (-9.13490 38.74795)
f2e27e4f-2b0a-4893-a972-715008b312f8,a08ff49b-6f77-4632-a16c-43069c43a8c3,Lime,5e09d096-b3a1-496a-af9b-ccfbaa0c4548,bicycle,rebalance_drop_off,55,2026-09-24T13:45:18Z,POINT (-9.20398 38.70013)
fe8535ea-3af6-49e6-a72f-a7996af394fd,e8eb2af2-f261-45a8-91cd-424e42a85121,Dott,05f64acc-67fd-42c6-b791-689ef6733401,bicycle,trip_end,86,2026-09-24T13:48:50Z,POINT (-9.14138 38.71459)
212a4ad7-add0-461a-947f-06c1689f620a,e8eb2af2-f261-45a8-91cd-424e42a85121,Dott,30978901-c050-4aac-9fbb-a7910ecc9670,bicycle,trip_end,89,2026-09-24T13:58:17Z,POINT (-9.13829 38.71680)
668ca0c9-715b-4908-b1c2-cbf2b9ff5d72,7cf3c256-32b9-4409-93fb-64afebede10d,Bolt,5af93444-6081-414d-8915-68af1146615f,scooter,rebalance_drop_off,80,2026-09-24T14:25:02Z,POINT (-9.12938 38.71932)
04e5aaff-b791-4237-9f2d-30ab78f35aa2,aa36434e-f251-4c63-8d4e-86a538cc03aa,Gira,8df352cc-f417-4bef-a863-f8e5c0a2138f,bicycle,reserve,72,2026-09-24T14:48:35Z,POINT (-9.15438 38.72877)
d26efd08-c1a3-4da9-9426-bb61640541bb,e8eb2af2-f261-45a8-91cd-424e42a85121,Dott,86dc0c7f-4dce-455d-93cd-8638469a8deb,bicycle,maintenance,69,2026-09-24T15:01:46Z,POINT (-9.18033 38.70859)
df62fe94-5bfa-4e28-a98a-963133cb241c,aa1883c4-ffd0-40f5-bd14-dcc312684e4e,Voi,2d047af4-19db-4404-895a-09f23d185cf8,scooter,trip_end,66,2026-09-24T15:02:08Z,POINT (-9.12150 38.71372)
4daa0ddb-284b-4cdd-8163-f47b3594de5c,a08ff49b-6f77-4632-a16c-43069c43a8c3,Lime,8bbe518e-5a77-471e-925b-80e13a69be26,bicycle,trip_end,37,2026-09-24T15:03:58Z,POINT (-9.18003 38.70254)
1a9c128b-1e59-4c5c-ad9b-2319400e4d6d,a08ff49b-6f77-4632-a16c-43069c43a8c3,Lime,dc99c0a3-a877-4adf-a2ac-176dab85cfba,bicycle,trip_end,25,2026-09-24T15:20:11Z,POINT (-9.21081 38.70041)
4491d2f7-69a5-484e-a930-07715247dacc,a08ff49b-6f77-4632-a16c-43069c43a8c3,Lime,239eebd0-357a-4935-8b7f-8689585bbae2,scooter,trip_end,88,2026-09-24T15:23:31Z,POINT (-9.10058 38.76789)
f0f24332-27af-4a30-a274-c7037db99f1b,a08ff49b-6f77-4632-a16c-43069c43a8c3,Lime,b6ef72b8-cd1d-45f7-94e0-181369664e5b,scooter,trip_end,32,2026-09-24T15:44:26Z,POINT (-9.21102 38.69497)
e6a2f47c-81d4-46ba-abf5-84d15f72a4f7,e8eb2af2-f261-45a8-91cd-424e42a85121,Dott,10bb6ad7-9aac-4570-ba83-3821e3c1a4b8,bicycle,low_battery,4,2026-09-24T15:46:10Z,POINT (-9.13947 38.74455)
234d20c3-ac8e-44a7-baed-1f86598699d3,a08ff49b-6f77-4632-a16c-43069c43a8c3,Lime,dc99c0a3-a877-4adf-a2ac-176dab85cfba,bicycle,reserve,84,2026-09-24T15:50:12Z,POINT (-9.20859 38.70004)
6741d8b0-0feb-48af-b532-50434cc7ba89,7cf3c256-32b9-4409-93fb-64afebede10d,Bolt,e2c7ed96-80cb-431e-9231-b957ec2f20e8,scooter,trip_end,70,2026-09-24T15:50:40Z,POINT (-9.18170 38.70273)
2f4592c8-ec5d-430d-b9e8-478ae6ee1d85,7cf3c256-32b9-4409-93fb-64afebede10d,Bolt,22b90ef4-4f54-4380-aad7-4c99c40e3871,scooter,maintenance,63,2026-09-24T15:59:10Z,POINT (-9.11856 38.72223)
d637c283-5637-413f-8b37-f089f3daf048,aa1883c4-ffd0-40f5-bd14-dcc312684e4e,Voi,4ea25738-f504-4f29-b113-c52ce6313442,scooter,trip_end,81,2026-09-24T16:20:34Z,POINT (-9.13538 38.71499)
6d0198fb-df00-4e5f-a237-492d93b6face,a08ff49b-6f77-4632-a16c-43069c43a8c3,Lime,4f7570ac-31ab-4042-bf48-92c1fb887892,scooter,trip_start,83,2026-09-24T16:36:36Z,POINT (-9.20908 38.70225)
a91117a8-9521-45fd-aed6-08da8ea3df76,a08ff49b-6f77-4632-a16c-43069c43a8c3,Lime,a1374f51-c7f9-49a0-bd02-2b9d68d2f3a1,scooter,trip_start,28,2026-09-24T16:40:41Z,POINT (-9.14678 38.71332)
fe0bb8de-732b-4a73-8971-18b241e47935,e8eb2af2-f261-45a8-91cd-424e42a85121,Dott,f58121e0-0c36-46d3-afab-8c17ab0a1d05,scooter,rebalance_pick_up,60,2026-09-24T16:45:40Z,POINT (-9.15114 38.70631)
23718d26-2a3d-43e0-a5f0-c24c46c65ec1,aa36434e-f251-4c63-8d4e-86a538cc03aa,Gira,edce8068-1074-4864-95f3-d69a1e24fce5,bicycle,trip_start,38,2026-09-24T16:52:33Z,POINT (-9.14736 38.71159)
14ad2395-b5bb-4e46-80c0-559960779bbf,aa36434e-f251-4c63-8d4e-86a538cc03aa,Gira,522a19fd-a791-4a87-be3c-777b6ba0e649,bicycle,trip_end,41,2026-09-24T17:06:52Z,POINT (-9.15477 38.72662)
80f62b5d-95b9-4b17-b559-7a52dcccea61,e8eb2af2-f261-45a8-91cd-424e42a85121,Dott,89868fc4-e104-44a3-8d8c-20a6298ce565,bicycle,maintenance,59,2026-09-24T17:50:05Z,POINT (-9.15171 38.73133)
2d8272c5-d08b-4390-b8f2-dd71563e3d99,a08ff49b-6f77-4632-a16c-43069c43a8c3,Lime,54a34579-97d3-4406-ba95-a96046fc151b,bicycle,trip_start,82,2026-09-24T17:53:20Z,POINT (-9.09336 38.77907)
bb1a4d4c-37ec-4437-8d88-2cf3e27e9920,a08ff49b-6f77-4632-a16c-43069c43a8c3,Lime,3c9f37e5-d143-4e3e-9999-f2ab1669306f,bicycle,trip_end,88,2026-09-24T17:56:28Z,POINT (-9.14870 38.72782)
0682ea33-d332-4c36-a9ff-eecd842c4ed9,aa36434e-f251-4c63-8d4e-86a538cc03aa,Gira,832396db-1db0-4f15-ab79-fa9057233da4,bicycle,trip_end,88,2026-09-24T18:02:38Z,POINT (-9.14504 38.70948)
5633ca3b-e654-439f-af14-c02c1ac0cc6c,a08ff49b-6f77-4632-a16c-43069c43a8c3,Lime,4a779d01-94aa-4255-b9b4-482e3ffccb37,bicycle,trip_start,36,2026-09-24T18:11:37Z,POINT (-9.14721 38.71850)
a86278df-b714-4eaa-8c95-d53d1a77bf2b,e8eb2af2-f261-45a8-91cd-424e42a85121,Dott,9a55834d-5416-4107-996b-3a3a95cc588d,bicycle,trip_end,99,2026-09-24T18:15:51Z,POINT (-9.14682 38.74419)
db0bb683-b634-4fc7-a68d-41883ec5dd90,7cf3c256-32b9-4409-93fb-64afebede10d,Bolt,59fd1a30-96d1-4f7f-b425-1fbd4aa7fe6c,scooter,rebalance_pick_up,58,2026-09-24T18:21:26Z,POINT (-9.13577 38.71711)
a54f0979-ad7c-46cb-916d-8932f9bb841f,7cf3c256-32b9-4409-93fb-64afebede10d,Bolt,59fd1a30-96d1-4f7f-b425-1fbd4aa7fe6c,scooter,trip_start,99,2026-09-24T18:30:03Z,POINT (-9.13904 38.75300)
139e1bb6-3c84-4ecf-ac0b-cc2c7cf346ce,e8eb2af2-f261-45a8-91cd-424e42a85121,Dott,cb3d5f32-3123-4d0f-ab68-cc7e0f42371b,bicycle,trip_end,33,2026-09-24T18:36:33Z,POINT (-9.14991 38.72224)
7ae27bc7-a262-4b5b-96c7-786c1bb60dbf,e8eb2af2-f261-45a8-91cd-424e42a85121,Dott,c9b3ffd9-be3a-424d-ab77-a81443b62ca8,bicycle,reserve,67,2026-09-24T18:55:53Z,POINT (-9.14501 38.71140)
35934f69-8a8b-4ff8-9cc1-d94bfd4d4bee,aa1883c4-ffd0-40f5-bd14-dcc312684e4e,Voi,4ee451ad-a72c-4fd6-b033-7490b1a92654,scooter,trip_start,55,2026-09-24T19:04:15Z,POINT (-9.15140 38.72484)
7ee098a4-c40c-44aa-b44d-1a3cf60352c4,7cf3c256-32b9-4409-93fb-64afebede10d,Bolt,636fb7a8-389c-421b-8e87-e1365bfae7e3,scooter,trip_end,45,2026-09-24T19:07:02Z,POINT (-9.14836 38.72122)
35ab688c-b0f5-4c8e-84f1-46722991d21d,a08ff49b-6f77-4632-a16c-43069c43a8c3,Lime,3d45796b-7204-4136-b647-75ae94bcce81,bicycle,trip_start,73,2026-09-24T19:12:31Z,POINT (-9.14606 38.73818)
0915ade7-80c0-424b-a3ec-22080b5eb9a2,7cf3c256-32b9-4409-93fb-64afebede10d,Bolt,5f0e7639-f185-4751-ad9b-93a5677999af,scooter,reserve,60,2026-09-24T19:19:59Z,POINT (-9.13930 38.73311)
a8b32b36-c671-46dc-8761-b46cb18e1130,a08ff49b-6f77-4632-a16c-43069c43a8c3,Lime,6316b14d-87cf-4770-bd5a-959dfcebdbf5,scooter,rebalance_pick_up,66,2026-09-24T19:32:21Z,POINT (-9.12291 38.71342)
5d7053f8-baed-40f7-a632-42c0a63130b3,e8eb2af2-f261-45a8-91cd-424e42a85121,Dott,28073d88-9cef-4f4c-901f-e3e0928bc625,scooter,trip_start,68,2026-09-24T19:32:23Z,POINT (-9.14511 38.70582)
c0b449a6-931f-4af8-a028-8b8d0e9e0372,a08ff49b-6f77-4632-a16c-43069c43a8c3,Lime,4a40e713-fa23-4b8d-b574-acee683adece,scooter,trip_end,83,2026-09-24T19:32:50Z,POINT (-9.12642 38.71558)
228592d8-c190-414f-b2a6-54a6825058b5,a08ff49b-6f77-4632-a16c-43069c43a8c3,Lime,239eebd0-357a-4935-8b7f-8689585bbae2,bicycle,trip_end,92,2026-09-24T19:38:06Z,POINT (-9.17528 38.70153)
3c5d262f-fa99-4a55-b639-a111245fd6e8,7cf3c256-32b9-4409-93fb-64afebede10d,Bolt,c31308a1-4399-4af1-a41a-dc897614bcf9,scooter,trip_start,100,2026-09-24T19:42:16Z,POINT (-9.15680 38.71826)
67ed00a6-7e1b-481f-b14d-b07d446062f0,aa36434e-f251-4c63-8d4e-86a538cc03aa,Gira,71bcda98-1399-433f-a9c7-77b2d03e1b88,bicycle,low_battery,15,2026-09-24T19:43:57Z,POINT (-9.14853 38.73850)
6b8bbe70-6538-42d7-a5c9-f274bfed584f,aa36434e-f251-4c63-8d4e-86a538cc03aa,Gira,200a698d-20a8-4268-91cf-a9e0196f7e92,bicycle,trip_start,28,2026-09-24T19:49:40Z,POINT (-9.14137 38.72659)
781a2d74-e3d9-4fdb-9bfc-dba28b659bc3,a08ff49b-6f77-4632-a16c-43069c43a8c3,Lime,8bbe518e-5a77-471e-925b-80e13a69be26,scooter,trip_end,85,2026-09-24T19:50:47Z,POINT (-9.11176 38.73779)
93a566a9-e89e-459a-8469-43e70af21c08,7cf3c256-32b9-4409-93fb-64afebede10d,Bolt,8c71f5b3-43f9-49f9-9a39-cb14c6da5995,scooter,trip_end,54,2026-09-24T19:51:15Z,POINT (-9.08753 38.76963)
b16df8b3-645b-4e4c-a69e-42f627279a0d,e8eb2af2-f261-45a8-91cd-424e42a85121,Dott,cc7fcba9-3dfa-4e6b-9c53-67705dddb6b5,scooter,trip_start,42,2026-09-24T19:51:25Z,POINT (-9.11978 38.71807)
09b34c22-6afe-4bed-981d-6e2d4549b53a,7cf3c256-32b9-4409-93fb-64afebede10d,Bolt,9d22ada4-6a6f-44e8-bdc0-a95499eb387d,scooter,trip_start,71,2026-09-24T19:55:26Z,POINT (-9.20330 38.69498)
85c3f936-0207-4ccb-bf27-c89d6d914ceb,7cf3c256-32b9-4409-93fb-64afebede10d,Bolt,c61537dd-d2bc-4b1a-a12f-e284c331508d,scooter,trip_start,92,2026-09-24T19:59:08Z,POINT (-9.14860 38.72512)
5bb9f7fe-e559-469b-a860-3a6ee2ad83f6,aa1883c4-ffd0-40f5-bd14-dcc312684e4e,Voi,8021919d-dade-4ba6-a061-b5d7b0cbf698,scooter,trip_start,70,2026-09-24T20:55:36Z,POINT (-9.14498 38.73109)
9a5acc63-5a32-4bf2-9201-b7f3922a01e9,7cf3c256-32b9-4409-93fb-64afebede10d,Bolt,812aefea-12b3-4bd4-97e1-3b1d8847ec46,scooter,trip_start,95,2026-09-24T22:05:12Z,POINT (-9.09916 38.76814)
7ba7c972-9812-4b11-bb4a-8d75383e3d18,a08ff49b-6f77-4632-a16c-43069c43a8c3,Lime,4f7570ac-31ab-4042-bf48-92c1fb887892,bicycle,trip_start,26,2026-09-24T22:32:04Z,POINT (-9.14876 38.70888)
66692ec3-b6df-4b7e-ae02-adac8d4d9b2e,7cf3c256-32b9-4409-93fb-64afebede10d,Bolt,de1d1389-2c83-43c4-b145-f83cb33557d0,scooter,reserve,85,2026-09-24T22:33:37Z,POINT (-9.10473 38.73566)
de065a13-9baa-41f2-ba58-8a26d3d15c83,a08ff49b-6f77-4632-a16c-43069c43a8c3,Lime,ff41662a-417b-46de-aaa8-5d628452cc0b,bicycle,rebalance_drop_off,64,2026-09-25T00:24:08Z,POINT (-9.13667 38.73200)
14cdb0cc-9af8-4f22-8b1b-76353a64dcf1,a08ff49b-6f77-4632-a16c-43069c43a8c3,Lime,db4fd9c8-4efb-471a-a772-c7ba04eedb66,bicycle,trip_start,72,2026-09-25T00:43:27Z,POINT (-9.13273 38.73662)
a42708f2-0a88-42b4-b808-dba97f5346a1,7cf3c256-32b9-4409-93fb-64afebede10d,Bolt,c61537dd-d2bc-4b1a-a12f-e284c331508d,scooter,trip_start,30,2026-09-25T02:18:29Z,POINT (-9.16902 38.77490)
dccad479-35a0-43ef-865f-04a1b2c218d1,e8eb2af2-f261-45a8-91cd-424e42a85121,Dott,6d983729-9862-4b14-8e07-4db00ab18fd0,bicycle,rebalance_drop_off,91,2026-09-25T02:43:14Z,POINT (-9.13649 38.71862)
94d69b2f-f3d5-44c8-8dc4-86f540fcc41a,e8eb2af2-f261-45a8-91cd-424e42a85121,Dott,ef1ee6c3-ab03-4de0-9ecf-07a8602da2e8,bicycle,trip_end,64,2026-09-25T03:01:30Z,POINT (-9.11057 38.76883)
28623c6f-198f-412e-8a0c-6cd7c221b1f7,e8eb2af2-f261-45a8-91cd-424e42a85121,Dott,e232b2ea-5383-4206-9d78-9df63da2a3fb,bicycle,trip_end,46,2026-09-25T03:30:44Z,POINT (-9.14646 38.71524)
601d6ffc-3061-4f8d-9f0e-debd8fcfe78f,aa36434e-f251-4c63-8d4e-86a538cc03aa,Gira,607d0e92-70d5-4a0f-9193-c2225494f02f,bicycle,cancel_reservation,57,2026-09-25T03:58:45Z,POINT (-9.16537 38.72101)
973a7a9b-0aa0-477c-9b5d-9ff8691b96e7,aa1883c4-ffd0-40f5-bd14-dcc312684e4e,Voi,b0a6a976-fcdb-4cae-b985-63575e53df5b,scooter,trip_start,95,2026-09-25T04:09:53Z,POINT (-9.15055 38.73653)
4c033264-281d-467c-8833-c8734c535e85,7cf3c256-32b9-4409-93fb-64afebede10d,Bolt,99efdc1a-29b7-4ed2-b6d3-893e3ed77c6b,scooter,trip_start,93,2026-09-25T06:18:52Z,POINT (-9.13776 38.72059)
3f039900-bc95-4cb6-9a8d-d8bc2021e4a4,7cf3c256-32b9-4409-93fb-64afebede10d,Bolt,a6ee3b14-19c9-475b-8b33-0dd839a13c4e,scooter,trip_start,50,2026-09-25T06:20:47Z,POINT (-9.14548 38.73176)
7e8659a7-ea21-4f02-984b-ba16eec105eb,a08ff49b-6f77-4632-a16c-43069c43a8c3,Lime,a4ae37af-fe4a-4ca2-8b1d-42bbd0c94bd0,bicycle,low_battery,15,2026-09-25T06:34:56Z,POINT (-9.10899 38.76133)
45825d71-3216-4dec-9cd5-c35aa80a9f0a,a08ff49b-6f77-4632-a16c-43069c43a8c3,Lime,3d45796b-7204-4136-b647-75ae94bcce81,scooter,trip_start,63,2026-09-25T06:46:16Z,POINT (-9.13241 38.71414)
3b14908e-7cb2-4b3e-887b-d391bf00f307,e8eb2af2-f261-45a8-91cd-424e42a85121,Dott,86dc0c7f-4dce-455d-93cd-8638469a8deb,scooter,reserve,80,2026-09-25T06:49:01Z,POINT (-9.10787 38.76812)
dbd8932e-611a-44b5-838a-5bfaafdb07e6,7cf3c256-32b9-4409-93fb-64afebede10d,Bolt,5edfe977-8820-4692-b043-bb026ff5f108,scooter,trip_start,44,2026-09-25T06:55:46Z,POINT (-9.14877 38.72537)
c4244249-ec94-4a62-a02d-4812f1479b09,a08ff49b-6f77-4632-a16c-43069c43a8c3,Lime,e36bfe2e-9595-4bc4-afe7-def3d608355f,scooter,maintenance,44,2026-09-25T07:00:34Z,POINT (-9.12655 38.74287)
dc572bbc-479c-4572-beb2-ffd3dd8ec0aa,e8eb2af2-f261-45a8-91cd-424e42a85121,Dott,3fe87991-bb3d-43c5-8092-d6b2ae3eb390,bicycle,rebalance_drop_off,47,2026-09-25T07:04:54Z,POINT (-9.15417 38.72481)
36e6a99f-d70f-4748-a3ed-e91c2050ed0d,a08ff49b-6f77-4632-a16c-43069c43a8c3,Lime,0e9018d4-1a57-4ca3-8b80-c44a4ba5e259,scooter,reserve,70,2026-09-25T07:14:46Z,POINT (-9.14579 38.73636)
8213cd01-f6d4-4d36-afdd-60eaf162557e,e8eb2af2-f261-45a8-91cd-424e42a85121,Dott,5d1953b5-77df-4f10-8ac5-50acc85c22e3,bicycle,reserve,34,2026-09-25T07:20:41Z,POINT (-9.14850 38.74428)
8d22b2cc-784b-499a-b7d0-dbc4885575be,a08ff49b-6f77-4632-a16c-43069c43a8c3,Lime,5636df12-9f7c-4fdb-b92f-89c6fe9cbcf7,scooter,reserve,35,2026-09-25T07:35:33Z,POINT (-9.13922 38.72655)
87e6ef2f-15c4-4a93-a83f-2efd08956cf3,7cf3c256-32b9-4409-93fb-64afebede10d,Bolt,d4eed933-ddf8-47af-890b-18fa5a4fe730,scooter,trip_start,97,2026-09-25T07:39:22Z,POINT (-9.13840 38.73274)
e1df2738-de60-4531-92d0-70d9575e5b3d,7cf3c256-32b9-4409-93fb-64afebede10d,Bolt,ededfc18-5e00-4782-895f-363c777a79d6,scooter,trip_start,83,2026-09-25T07:47:44Z,POINT (-9.14909 38.70705)
09cd1f35-b43e-4007-8346-1e29372f9e42,e8eb2af2-f261-45a8-91cd-424e42a85121,Dott,d4afcae5-a191-4e75-84fa-343eab696cc4,bicycle,trip_end,29,2026-09-25T08:04:28Z,POINT (-9.14223 38.73646)
a1858a96-5dae-4ba2-b4a9-125d50181cb9,7cf3c256-32b9-4409-93fb-64afebede10d,Bolt,cca80457-1f1f-4cfd-b3cb-c6f5c10b0b5b,scooter,low_battery,4,2026-09-25T08:18:13Z,POINT (-9.15893 38.72214)
ea8afbc6-1b62-489f-9a2f-3ee3f00d2f21,7cf3c256-32b9-4409-93fb-64afebede10d,Bolt,fc9d10a4-c90e-43e0-8665-5370acf98dd0,scooter,trip_start,70,2026-09-25T08:19:48Z,POINT (-9.15003 38.72422)
65f7541c-557a-41b2-95cc-da6984e7d533,e8eb2af2-f261-45a8-91cd-424e42a85121,Dott,d4afcae5-a191-4e75-84fa-343eab696cc4,bicycle,provider_pick_up,67,2026-09-25T08:21:23Z,POINT (-9.14761 38.72210)
0967d983-9865-4db3-8f02-362ddc1a3278,7cf3c256-32b9-4409-93fb-64afebede10d,Bolt,812aefea-12b3-4bd4-97e1-3b1d8847ec46,scooter,reserve,66,2026-09-25T08:25:18Z,POINT (-9.13652 38.71327)
a75a091a-d28f-43fb-b0cd-82cc302f4d69,7cf3c256-32b9-4409-93fb-64afebede10d,Bolt,22b90ef4-4f54-4380-aad7-4c99c40e3871,scooter,trip_end,58,2026-09-25T08:27:22Z,POINT (-9.13523 38.73358)
f437854a-f93e-4d4e-97b2-b97deed5574c,e8eb2af2-f261-45a8-91cd-424e42a85121,Dott,3fe87991-bb3d-43c5-8092-d6b2ae3eb390,scooter,trip_end,39,2026-09-25T08:30:31Z,POINT (-9.14869 38.73885)
94f74c0d-e440-4164-a825-23311446027f,e8eb2af2-f261-45a8-91cd-424e42a85121,Dott,25fa4c2a-eb2d-4633-a7b0-46a722782600,scooter,trip_end,26,2026-09-25T08:32:10Z,POINT (-9.10782 38.73259)
2fe690f4-d011-412e-b96d-53aa7a74dca9,7cf3c256-32b9-4409-93fb-64afebede10d,Bolt,a10b93b8-5691-490e-8143-c3cf38d226df,scooter,trip_start,98,2026-09-25T08:33:40Z,POINT (-9.14448 38.71829)
00e087ed-8611-4dae-928a-c4fb058f2f63,7cf3c256-32b9-4409-93fb-64afebede10d,Bolt,5af93444-6081-414d-8915-68af1146615f,scooter,trip_start,90,2026-09-25T08:37:35Z,POINT (-9.14061 38.72886)
ab2771cd-bef1-4260-9c83-7bfcc895803e,e8eb2af2-f261-45a8-91cd-424e42a85121,Dott,c540596f-2e5c-4d49-8d9b-0771048d67a5,scooter,low_battery,5,2026-09-25T08:42:33Z,POINT (-9.15953 38.71615)
970b932d-0b2e-4535-bf57-590c8b40f3ad,e8eb2af2-f261-45a8-91cd-424e42a85121,Dott,25fa4c2a-eb2d-4633-a7b0-46a722782600,scooter,trip_start,57,2026-09-25T08:42:50Z,POINT (-9.13092 38.71083)
962a84be-cee0-4423-a444-fb62d716ca9f,a08ff49b-6f77-4632-a16c-43069c43a8c3,Lime,fc028e89-6985-4463-a22c-fe1375003876,bicycle,trip_end,52,2026-09-25T08:43:14Z,POINT (-9.10347 38.76225)
a19d6e3a-fcc9-4900-abcc-6062d4412e65,e8eb2af2-f261-45a8-91cd-424e42a85121,Dott,293bec1c-bd3e-40f4-9039-2dea84444e9d,scooter,rebalance_drop_off,51,2026-09-25T08:47:46Z,POINT (-9.15277 38.74068)
fc03f352-58d1-4d8b-8a58-c7162195f03b,7cf3c256-32b9-4409-93fb-64afebede10d,Bolt,3c2f548f-4d29-4aba-9b36-1e80e813a5c1,scooter,cancel_reservation,35,2026-09-25T08:48:26Z,POINT (-9.14781 38.73192)
b2c7c977-ef13-4c03-a739-2b240e5d8f79,e8eb2af2-f261-45a8-91cd-424e42a85121,Dott,de10aef2-1ef4-4d1e-83da-1e1fc7493528,scooter,trip_end,76,2026-09-25T08:50:43Z,POINT (-9.09519 38.76482)
a71a1352-8a20-47c6-91f3-4305549f28b3,e8eb2af2-f261-45a8-91cd-424e42a85121,Dott,b2500007-10f5-4f5d-a077-33dd912884f5,bicycle,trip_end,52,2026-09-25T08:52:40Z,POINT (-9.14315 38.74395)
f08ff360-172e-452c-85bf-33afd52cab8a,7cf3c256-32b9-4409-93fb-64afebede10d,Bolt,1227134d-371d-46de-a9f8-c75e5eb25659,scooter,trip_start,77,2026-09-25T08:58:13Z,POINT (-9.14921 38.72499)
d5d097e0-b34d-4c92-88c7-0f84e13236b3,aa1883c4-ffd0-40f5-bd14-dcc312684e4e,Voi,0566db8d-95a1-4a1c-99b1-4df90c13b9e0,scooter,trip_end,27,2026-09-25T08:59:24Z,POINT (-9.14633 38.72365)
5b6fa965-fd0e-4ce9-9d42-e36e6d0e9465,aa1883c4-ffd0-40f5-bd14-dcc312684e4e,Voi,e71b72d6-ec2f-4ad2-8ea7-67852afdc424,scooter,trip_start,76,2026-09-25T09:02:21Z,POINT (-9.14558 38.72837)
961a105b-c986-4dab-8e8d-82a8917ccd8e,7cf3c256-32b9-4409-93fb-64afebede10d,Bolt,3e5350ed-dc4e-4868-8250-32b3aee70442,scooter,rebalance_pick_up,48,2026-09-25T09:13:28Z,POINT (-9.13678 38.72714)
61c7035b-2256-4b5e-9f8d-548ebea8d46b,a08ff49b-6f77-4632-a16c-43069c43a8c3,Lime,d6b03f30-702e-4b14-ae5c-c94065f9ba6f,bicycle,trip_start,85,2026-09-25T09:29:22Z,POINT (-9.15048 38.72176)
959b72f7-57c6-401c-a6a1-d965f7e952c5,aa1883c4-ffd0-40f5-bd14-dcc312684e4e,Voi,2879fd7d-e648-47e0-84be-e5da81c62c4e,scooter,trip_end,92,2026-09-25T09:33:30Z,POINT (-9.14468 38.74444)
14c399f9-fab1-4a0a-bd9f-f1e26522a769,a08ff49b-6f77-4632-a16c-43069c43a8c3,Lime,b6ef72b8-cd1d-45f7-94e0-181369664e5b,scooter,provider_pick_up,76,2026-09-25T09:35:58Z,POINT (-9.14079 38.70978)
fba00977-e268-4660-9c5d-9165706e1e8f,e8eb2af2-f261-45a8-91cd-424e42a85121,Dott,d4afcae5-a191-4e75-84fa-343eab696cc4,bicycle,trip_end,49,2026-09-25T09:47:42Z,POINT (-9.14562 38.73174)
cc968857-a54a-4abb-a797-6c79bb54a8dc,aa36434e-f251-4c63-8d4e-86a538cc03aa,Gira,d430555b-c64b-4272-b63c-79cc23a7576c,bicycle,low_battery,12,2026-09-25T10:02:33Z,POINT (-9.14553 38.70862)
861f098f-49a4-42c0-b18b-b5962cd0790f,a08ff49b-6f77-4632-a16c-43069c43a8c3,Lime,fc028e89-6985-4463-a22c-fe1375003876,bicycle,rebalance_drop_off,42,2026-09-25T10:17:27Z,POINT (-9.14616 38.74522)
1356a67f-2bb9-4578-b618-4a75d2f7ca2b,a08ff49b-6f77-4632-a16c-43069c43a8c3,Lime,5636df12-9f7c-4fdb-b92f-89c6fe9cbcf7,scooter,provider_drop_off,48,2026-09-25T10:31:35Z,POINT (-9.12082 38.71900)
701ad76d-fa7a-4fb6-893b-5a8c0bdf3487,a08ff49b-6f77-4632-a16c-43069c43a8c3,Lime,7194b231-29fc-468c-9b41-7cf0e20e0ccf,bicycle,provider_pick_up,47,2026-09-25T10:44:28Z,POINT (-9.13246 38.71342)
b5625f6a-4226-4f39-92fb-f9d51b7ef272,a08ff49b-6f77-4632-a16c-43069c43a8c3,Lime,3b8d7e4f-a4a7-4eb6-b006-7779fe79a4d8,bicycle,trip_end,73,2026-09-25T10:46:33Z,POINT (-9.13897 38.73303)
80ff4893-06e0-4d70-9568-ac66a3ecaad5,e8eb2af2-f261-45a8-91cd-424e42a85121,Dott,feb976b5-da66-45a8-b57b-7aec4713ec63,bicycle,low_battery,14,2026-09-25T11:14:28Z,POINT (-9.14712 38.70898)
91006ea1-6131-4480-b093-62fd98f2ec3d,e8eb2af2-f261-45a8-91cd-424e42a85121,Dott,5e12285e-1932-4311-ba42-fbda9800b9fc,bicycle,reserve,43,2026-09-25T11:15:01Z,POINT (-9.14429 38.71154)
7dec4e5f-d72a-4c60-b650-3708bd8343ca,aa1883c4-ffd0-40f5-bd14-dcc312684e4e,Voi,c1470e19-52cb-4b02-bd45-6f60e4ec536d,scooter,reserve,35,2026-09-25T11:19:47Z,POINT (-9.14603 38.71831)
a57c68d3-5f4e-4a71-b5c5-e24fdacf5f16,a08ff49b-6f77-4632-a16c-43069c43a8c3,Lime,0e9018d4-1a57-4ca3-8b80-c44a4ba5e259,scooter,provider_drop_off,66,2026-09-25T11:32:31Z,POINT (-9.10213 38.76023)
d7b41251-b81e-4618-9862-b06a53841f83,7cf3c256-32b9-4409-93fb-64afebede10d,Bolt,c18064a7-5703-4731-b421-d068f2c50eaa,scooter,low_battery,5,2026-09-25T11:32:39Z,POINT (-9.20231 38.69585)
65bd9dce-abd5-4a8e-9292-3fb04c71915e,aa1883c4-ffd0-40f5-bd14-dcc312684e4e,Voi,cdb3c3d7-dfe4-4c9f-b068-d2d0f8f6a0d3,scooter,trip_start,64,2026-09-25T11:37:22Z,POINT (-9.13128 38.75321)
12e83a56-f147-4491-9567-d2a44fa599f3,a08ff49b-6f77-4632-a16c-43069c43a8c3,Lime,3c9f37e5-d143-4e3e-9999-f2ab1669306f,scooter,rebalance_drop_off,61,2026-09-25T11:53:41Z,POINT (-9.13543 38.71518)
b2175f3a-92a7-4386-863c-7a3aef51041d,e8eb2af2-f261-45a8-91cd-424e42a85121,Dott,45ac8f9b-cf49-48e1-ae54-7c945c8f70eb,scooter,trip_start,54,2026-09-25T12:03:25Z,POINT (-9.20294 38.69573)
ee79808d-b02c-4e4a-a4fd-8758a144936b,e8eb2af2-f261-45a8-91cd-424e42a85121,Dott,1f1c2d49-3dda-41b5-9ae2-4a535d9def5e,scooter,trip_end,92,2026-09-25T12:22:11Z,POINT (-9.14012 38.70874)
2e73d94c-1afc-4b57-b7b3-1bd93eab843b,aa36434e-f251-4c63-8d4e-86a538cc03aa,Gira,e244dfab-af53-4393-a7cc-bb9f7511cbaf,bicycle,reserve,48,2026-09-25T12:50:49Z,POINT (-9.13085 38.71532)
bb42eacc-5ac5-4efa-b69c-ad79e6fd5cf8,7cf3c256-32b9-4409-93fb-64afebede10d,Bolt,a7f0654d-3632-4b53-993e-3cf492c91d44,scooter,trip_start,83,2026-09-25T13:05:32Z,POINT (-9.17743 38.70429)
299c678a-9338-4654-abc0-be496df7cd78,aa1883c4-ffd0-40f5-bd14-dcc312684e4e,Voi,cdb3c3d7-dfe4-4c9f-b068-d2d0f8f6a0d3,scooter,trip_start,100,2026-09-25T13:12:16Z,POINT (-9.16508 38.72817)
3145c317-66fb-4026-baeb-acfe1b5472fc,7cf3c256-32b9-4409-93fb-64afebede10d,Bolt,8c71f5b3-43f9-49f9-9a39-cb14c6da5995,scooter,trip_start,99,2026-09-25T13:23:16Z,POINT (-9.21751 38.69957)
c12ae8da-409e-4a4e-9591-3bf22f25d8fe,7cf3c256-32b9-4409-93fb-64afebede10d,Bolt,335dca26-c4a6-4a12-b6da-b5a3e365ad0b,scooter,maintenance,61,2026-09-25T13:29:22Z,POINT (-9.13338 38.71478)
c8114924-bec0-442a-af48-312ce7a1544f,e8eb2af2-f261-45a8-91cd-424e42a85121,Dott,728240dc-f495-4f20-a43e-5f553d2fcffa,bicycle,trip_end,26,2026-09-25T13:30:51Z,POINT (-9.14147 38.71435)
6fce9126-c3e9-44fc-918d-88868a89e451,a08ff49b-6f77-4632-a16c-43069c43a8c3,Lime,83b65066-678d-4c4b-9cfb-41abf998a853,bicycle,cancel_reservation,32,2026-09-25T13:44:11Z,POINT (-9.14029 38.71521)
963c10a9-e112-44d0-9dac-c98f80079793,aa36434e-f251-4c63-8d4e-86a538cc03aa,Gira,655118f4-079a-4625-80ce-418ced50293e,bicycle,trip_start,87,2026-09-25T13:49:15Z,POINT (-9.13145 38.71894)
33957af0-b767-41cc-81d2-382716d7eef1,aa1883c4-ffd0-40f5-bd14-dcc312684e4e,Voi,4728f2d5-483d-49ec-82b2-656fdf097164,scooter,trip_end,66,2026-09-25T13:52:44Z,POINT (-9.13290 38.71386)
a66f3286-3d95-47d7-9ba6-ad131fece005,e8eb2af2-f261-45a8-91cd-424e42a85121,Dott,e4888369-f396-4be8-abe2-98cf28412cf0,scooter,rebalance_drop_off,64,2026-09-25T13:54:08Z,POINT (-9.15201 38.74459)
0dc51049-ae3f-4ede-adba-6f3db2261e39,7cf3c256-32b9-4409-93fb-64afebede10d,Bolt,d96c982a-cd46-42ab-ad43-3f03cc68e4b2,scooter,trip_start,34,2026-09-25T14:06:23Z,POINT (-9.14333 38.70531)
32a8f31f-c6f4-4b88-b727-d4c2a46729d2,a08ff49b-6f77-4632-a16c-43069c43a8c3,Lime,1763b74c-d9a8-4694-92cc-a109bb1ee938,bicycle,trip_start,45,2026-09-25T14:17:00Z,POINT (-9.14597 38.71776)
4f70f9be-f64d-4da7-b6c4-ef240cf76cdd,7cf3c256-32b9-4409-93fb-64afebede10d,Bolt,3e5350ed-dc4e-4868-8250-32b3aee70442,scooter,cancel_reservation,72,2026-09-25T14:43:11Z,POINT (-9.17929 38.70266)
544198eb-618b-4ba9-81ed-306b1c87e809,7cf3c256-32b9-4409-93fb-64afebede10d,Bolt,99efdc1a-29b7-4ed2-b6d3-893e3ed77c6b,scooter,trip_start,76,2026-09-25T14:57:59Z,POINT (-9.12932 38.71535)
713cf795-da13-4ad1-836d-c864eecef254,7cf3c256-32b9-4409-93fb-64afebede10d,Bolt,3c2f548f-4d29-4aba-9b36-1e80e813a5c1,scooter,trip_end,26,2026-09-25T15:04:32Z,POINT (-9.09793 38.76699)
15741211-a65a-4919-9152-4a2a22398f2c,a08ff49b-6f77-4632-a16c-43069c43a8c3,Lime,6b4f4a77-4686-4d1d-99f8-dfa799a3d9fb,bicycle,trip_end,44,2026-09-25T15:11:50Z,POINT (-9.15223 38.72786)
9a2a77fb-c56b-406e-843b-c172d8834543,e8eb2af2-f261-45a8-91cd-424e42a85121,Dott,de10aef2-1ef4-4d1e-83da-1e1fc7493528,scooter,trip_end,26,2026-09-25T15:12:05Z,POINT (-9.21137 38.70086)
1fa03445-7963-4530-8e54-ed8315fbcd07,7cf3c256-32b9-4409-93fb-64afebede10d,Bolt,debb5c7d-bf6b-4e87-8d03-418fda95caf6,scooter,cancel_reservation,48,2026-09-25T15:23:05Z,POINT (-9.10853 38.77187)
59cdafe7-1228-4462-82c9-7f633d253c53,e8eb2af2-f261-45a8-91cd-424e42a85121,Dott,7416e9c3-e357-4151-ac45-5f41bb36074f,bicycle,trip_end,59,2026-09-25T15:50:00Z,POINT (-9.20930 38.70004)
54de444e-af9b-4631-8ddc-3c775e9cebda,a08ff49b-6f77-4632-a16c-43069c43a8c3,Lime,3c9f37e5-d143-4e3e-9999-f2ab1669306f,bicycle,trip_end,75,2026-09-25T15:57:09Z,POINT (-9.14657 38.70672)
457684fd-bcbc-4b18-a38f-a9e084f20f1b,aa1883c4-ffd0-40f5-bd14-dcc312684e4e,Voi,a3c72f74-7ccc-4eff-af0a-68e1bcb539e1,scooter,trip_end,82,2026-09-25T16:00:08Z,POINT (-9.20355 38.70058)
d8a6e278-eb45-429f-b43a-e9784546157a,a08ff49b-6f77-4632-a16c-43069c43a8c3,Lime,b93e7681-bedb-4bbd-917a-957bd8778062,bicycle,trip_end,26,2026-09-25T16:12:36Z,POINT (-9.14748 38.70685)
48d0b5b7-1a10-4c83-9dfb-3d987926c6a3,e8eb2af2-f261-45a8-91cd-424e42a85121,Dott,9a55834d-5416-4107-996b-3a3a95cc588d,scooter,trip_end,45,2026-09-25T16:43:36Z,POINT (-9.15183 38.74257)
1b0857f4-aab7-4e03-ae75-a15a5923c117,a08ff49b-6f77-4632-a16c-43069c43a8c3,Lime,9a2e8ee3-b378-4d87-ae27-ec72c79dc27e,bicycle,trip_start,55,2026-09-25T17:08:12Z,POINT (-9.12751 38.74749)
fda889ce-470e-44bb-82b8-943eac8422aa,a08ff49b-6f77-4632-a16c-43069c43a8c3,Lime,ad8e9f0e-dc8d-4000-bac7-95829e261bbd,bicycle,trip_start,44,2026-09-25T17:19:03Z,POINT (-9.09893 38.76652)
24b2281a-7665-4a7f-9097-126093a7727f,aa1883c4-ffd0-40f5-bd14-dcc312684e4e,Voi,4ea25738-f504-4f29-b113-c52ce6313442,scooter,trip_end,58,2026-09-25T17:22:33Z,POINT (-9.13815 38.71789)
5ce51aec-8233-45f1-af0c-ca1c8aa4854d,e8eb2af2-f261-45a8-91cd-424e42a85121,Dott,caf5d69a-3f09-4a2f-9792-d225524e7d95,bicycle,cancel_reservation,67,2026-09-25T17:29:51Z,POINT (-9.11388 38.73490)
be4d3416-f74e-42c2-9e28-05264455619c,7cf3c256-32b9-4409-93fb-64afebede10d,Bolt,3c2f548f-4d29-4aba-9b36-1e80e813a5c1,scooter,trip_start,44,2026-09-25T17:29:52Z,POINT (-9.17863 38.70100)
32da36c5-3064-4aaf-b23d-a60276c909a2,a08ff49b-6f77-4632-a16c-43069c43a8c3,Lime,4a40e713-fa23-4b8d-b574-acee683adece,scooter,low_battery,12,2026-09-25T17:32:41Z,POINT (-9.13331 38.71980)
f1957e87-8771-4c57-be39-2e09f7136d69,e8eb2af2-f261-45a8-91cd-424e42a85121,Dott,a4d95b93-754f-4b9a-bdd2-305dc5ee94be,bicycle,trip_start,31,2026-09-25T17:37:24Z,POINT (-9.20600 38.70370)
c3af81d8-2fad-4c24-b748-0e545eee19bb,e8eb2af2-f261-45a8-91cd-424e42a85121,Dott,32a1fa1a-60cc-48ce-843c-1184c183d813,scooter,trip_end,58,2026-09-25T17:39:11Z,POINT (-9.14558 38.72522)
dae7a422-7c6f-47ea-ba88-36e16aea0779,7cf3c256-32b9-4409-93fb-64afebede10d,Bolt,3c2f548f-4d29-4aba-9b36-1e80e813a5c1,scooter,trip_start,58,2026-09-25T17:48:32Z,POINT (-9.13918 38.70947)
4ac5d718-2de7-4fda-9117-981b2fc24240,7cf3c256-32b9-4409-93fb-64afebede10d,Bolt,920d73a3-b403-4e23-b47e-0ac0f90305ff,scooter,trip_end,67,2026-09-25T18:11:43Z,POINT (-9.14763 38.74966)
15809163-d043-4389-b253-41608f096990,aa1883c4-ffd0-40f5-bd14-dcc312684e4e,Voi,4ac47eaa-9269-4ff0-9fd9-e9ef0272259e,scooter,cancel_reservation,72,2026-09-25T18:32:45Z,POINT (-9.08849 38.76703)
86f54c05-a358-4aed-b8c9-272d60f6f619,aa1883c4-ffd0-40f5-bd14-dcc312684e4e,Voi,e71b72d6-ec2f-4ad2-8ea7-67852afdc424,scooter,trip_end,43,2026-09-25T18:45:18Z,POINT (-9.12641 38.71839)
07288d8b-09b4-4652-96ed-b592bb431f3f,a08ff49b-6f77-4632-a16c-43069c43a8c3,Lime,dc99c0a3-a877-4adf-a2ac-176dab85cfba,bicycle,rebalance_drop_off,39,2026-09-25T18:46:34Z,POINT (-9.15879 38.73985)
34d0072b-257f-4364-abaa-92e4a2823bd6,a08ff49b-6f77-4632-a16c-43069c43a8c3,Lime,83b65066-678d-4c4b-9cfb-41abf998a853,bicycle,provider_pick_up,56,2026-09-25T18:47:50Z,POINT (-9.12278 38.72035)
55426d21-d07c-4d72-9a22-ab1d71732d65,e8eb2af2-f261-45a8-91cd-424e42a85121,Dott,3fe87991-bb3d-43c5-8092-d6b2ae3eb390,bicycle,trip_end,35,2026-09-25T18:48:39Z,POINT (-9.13190 38.71739)
5f558c03-6bb5-4bf0-ba14-ac78ad6ce52e,a08ff49b-6f77-4632-a16c-43069c43a8c3,Lime,6316b14d-87cf-4770-bd5a-959dfcebdbf5,bicycle,rebalance_pick_up,47,2026-09-25T18:52:01Z,POINT (-9.14823 38.70710)
ce7e5a22-a5d7-4fd6-9845-59999eba5055,a08ff49b-6f77-4632-a16c-43069c43a8c3,Lime,3b859743-b6a5-4f0a-851b-d9942d7d3784,bicycle,trip_start,44,2026-09-25T18:57:01Z,POINT (-9.15579 38.72259)
e970ff35-2cf8-4023-8d3f-339c06b53e3e,e8eb2af2-f261-45a8-91cd-424e42a85121,Dott,3537861c-b0cd-4770-ae8b-ad80cc16bef5,bicycle,reserve,42,2026-09-25T18:57:13Z,POINT (-9.17842 38.70645)
5ca9b8e4-2ec4-41bc-a3a1-6d171312e79e,7cf3c256-32b9-4409-93fb-64afebede10d,Bolt,73c82101-b9fe-4a66-99b4-de7ae181ad7d,scooter,trip_end,69,2026-09-25T19:00:01Z,POINT (-9.12338 38.71372)
275a392d-aea2-4674-a7b4-9ec97d2921bd,e8eb2af2-f261-45a8-91cd-424e42a85121,Dott,a4d95b93-754f-4b9a-bdd2-305dc5ee94be,scooter,trip_end,100,2026-09-25T19:05:26Z,POINT (-9.10368 38.75368)
2b6e917d-6f60-41cc-b7b2-474418a09a11,e8eb2af2-f261-45a8-91cd-424e42a85121,Dott,5e12285e-1932-4311-ba42-fbda9800b9fc,bicycle,trip_end,39,2026-09-25T19:06:06Z,POINT (-9.14804 38.71742)
18add94f-dd54-4062-b855-ccd23bdd5423,a08ff49b-6f77-4632-a16c-43069c43a8c3,Lime,dc99c0a3-a877-4adf-a2ac-176dab85cfba,scooter,trip_start,25,2026-09-25T19:11:04Z,POINT (-9.14768 38.73678)
b6a21860-6c43-44b2-8d91-ee1c410c05f3,a08ff49b-6f77-4632-a16c-43069c43a8c3,Lime,5790e377-afab-41f9-a2c8-19c8405d10a4,bicycle,reserve,37,2026-09-25T19:18:10Z,POINT (-9.10157 38.75995)
46f2ff95-26df-4820-948c-85a7fc96b8e7,e8eb2af2-f261-45a8-91cd-424e42a85121,Dott,92f9069a-1c20-4840-ad50-1cc91fce52b7,bicycle,trip_end,63,2026-09-25T19:19:19Z,POINT (-9.15652 38.70944)
1b6fe722-e607-4e4c-92ad-6bef002fe939,a08ff49b-6f77-4632-a16c-43069c43a8c3,Lime,4a40e713-fa23-4b8d-b574-acee683adece,scooter,trip_end,58,2026-09-25T19:20:08Z,POINT (-9.15404 38.71966)
8046f2a6-e90c-48f0-a269-7bce3a673a80,a08ff49b-6f77-4632-a16c-43069c43a8c3,Lime,7f66a58a-eae7-47e3-8580-1a0e28239a44,scooter,trip_end,42,2026-09-25T19:21:15Z,POINT (-9.15669 38.72095)
aebbff0e-6e6d-4a9d-9dca-489759559edd,a08ff49b-6f77-4632-a16c-43069c43a8c3,Lime,3c9f37e5-d143-4e3e-9999-f2ab1669306f,scooter,trip_end,61,2026-09-25T19:24:10Z,POINT (-9.14130 38.73063)
6397495f-102e-424d-8ab3-1746eb87a3a4,e8eb2af2-f261-45a8-91cd-424e42a85121,Dott,d3e44787-d4ea-4982-bb63-c1b85c0dd9d5,scooter,trip_start,36,2026-09-25T19:31:00Z,POINT (-9.14911 38.72710)
63dba5f2-39c0-46e9-8a7c-717812f6f39b,a08ff49b-6f77-4632-a16c-43069c43a8c3,Lime,e36bfe2e-9595-4bc4-afe7-def3d608355f,scooter,trip_end,61,2026-09-25T19:32:06Z,POINT (-9.15270 38.72357)
fc1ae08f-5e74-45d4-9b4e-c96fc6d426ff,7cf3c256-32b9-4409-93fb-64afebede10d,Bolt,ccf0b5f3-3d5e-4dbb-86e6-742ac1c321f4,scooter,trip_end,79,2026-09-25T19:33:18Z,POINT (-9.14212 38.70695)
e79c12d7-7c5f-47e2-bbaa-fc2c99d94c1b,aa1883c4-ffd0-40f5-bd14-dcc312684e4e,Voi,20d2647d-b6ac-46a5-be0a-83c0745d7689,scooter,trip_end,83,2026-09-25T19:35:51Z,POINT (-9.15163 38.73832)
b504464d-dc0f-48dc-8c16-6e8f53c87e3e,aa1883c4-ffd0-40f5-bd14-dcc312684e4e,Voi,03fb9fd8-ea75-45f7-b003-228d335ad55f,scooter,trip_start,90,2026-09-25T19:38:47Z,POINT (-9.13960 38.73245)
2cd95b77-c808-4444-885d-75fd7409ec5e,a08ff49b-6f77-4632-a16c-43069c43a8c3,Lime,713cdac6-b84b-49c3-bfd2-f3e5f587668c,scooter,trip_start,45,2026-09-25T19:39:07Z,POINT (-9.13974 38.73422)
b53e7394-3e7e-4c67-a7f4-d5beb79842bd,a08ff49b-6f77-4632-a16c-43069c43a8c3,Lime,416cda3a-b625-4353-96b7-c5bdbeabdfb0,bicycle,low_battery,12,2026-09-25T19:46:55Z,POINT (-9.14027 38.71960)
f5a0c1ef-0858-4b1c-a30d-1b45d4de0bf2,7cf3c256-32b9-4409-93fb-64afebede10d,Bolt,a7f0654d-3632-4b53-993e-3cf492c91d44,scooter,trip_end,37,2026-09-25T19:53:53Z,POINT (-9.14579 38.73767)
9a59481d-42b5-4f42-bb14-c57c2af01f7e,a08ff49b-6f77-4632-a16c-43069c43a8c3,Lime,3b859743-b6a5-4f0a-851b-d9942d7d3784,bicycle,trip_end,52,2026-09-25T20:50:10Z,POINT (-9.15169 38.70900)
35430b15-d119-4ab0-ae43-0e5994fb769a,a08ff49b-6f77-4632-a16c-43069c43a8c3,Lime,f0fe07c7-b727-45ef-bc1c-06d9505aeae5,scooter,trip_start,68,2026-09-25T22:15:24Z,POINT (-9.20887 38.69398)
780b6c0b-21e7-457b-8db1-ce117af1a02d,e8eb2af2-f261-45a8-91cd-424e42a85121,Dott,c3b7c263-5617-4661-817f-6bb666ec1d21,bicycle,trip_start,57,2026-09-25T22:17:58Z,POINT (-9.14409 38.71015)
e899bc3b-4615-43f2-aa86-3cdc170f0f20,a08ff49b-6f77-4632-a16c-43069c43a8c3,Lime,5636df12-9f7c-4fdb-b92f-89c6fe9cbcf7,scooter,trip_start,33,2026-09-25T22:18:33Z,POINT (-9.15323 38.75433)
06b053e8-ea55-49f5-9b90-cb000b2279e3,a08ff49b-6f77-4632-a16c-43069c43a8c3,Lime,ab57ce07-4d3f-420b-8193-949496ce47e5,scooter,rebalance_pick_up,51,2026-09-25T22:25:07Z,POINT (-9.13636 38.70986)
9c2b372c-6938-41e7-aa56-34dfae23f59f,e8eb2af2-f261-45a8-91cd-424e42a85121,Dott,cb3d5f32-3123-4d0f-ab68-cc7e0f42371b,scooter,trip_start,76,2026-09-25T23:42:00Z,POINT (-9.14657 38.70844)
ee427db9-dca5-4f5a-b135-81f4c2ef27e8,a08ff49b-6f77-4632-a16c-43069c43a8c3,Lime,ab57ce07-4d3f-420b-8193-949496ce47e5,scooter,trip_start,38,2026-09-26T00:06:12Z,POINT (-9.14601 38.70677)
7b11a499-6805-4270-b98f-917b3babc228,a08ff49b-6f77-4632-a16c-43069c43a8c3,Lime,0e9018d4-1a57-4ca3-8b80-c44a4ba5e259,scooter,trip_end,46,2026-09-26T00:24:12Z,POINT (-9.14444 38.71535)
5027d8f3-6e30-440b-aabe-5db1e70d5f86,7cf3c256-32b9-4409-93fb-64afebede10d,Bolt,30263074-bcd3-496e-bf58-222725565161,scooter,provider_pick_up,66,2026-09-26T01:53:32Z,POINT (-9.14162 38.72082)
838baff6-2d24-4589-9d56-9714dfb4b69d,aa36434e-f251-4c63-8d4e-86a538cc03aa,Gira,783e89a4-d5dc-4115-a141-032a6e9748a8,bicycle,low_battery,7,2026-09-26T02:22:10Z,POINT (-9.15899 38.72613)
dc43c0d4-65db-46bf-82fd-90fc45ee4999,7cf3c256-32b9-4409-93fb-64afebede10d,Bolt,5f0e7639-f185-4751-ad9b-93a5677999af,scooter,rebalance_pick_up,37,2026-09-26T02:37:31Z,POINT (-9.15064 38.71495)
c774d78b-159b-49c3-8ead-251a9b3b5ab4,e8eb2af2-f261-45a8-91cd-424e42a85121,Dott,3bb14d31-a83f-4ba7-bfa3-52099c2057db,scooter,provider_pick_up,59,2026-09-26T02:43:09Z,POINT (-9.14489 38.75324)
47851e61-e7bc-49ba-a2dd-2629609e91be,a08ff49b-6f77-4632-a16c-43069c43a8c3,Lime,0e9018d4-1a57-4ca3-8b80-c44a4ba5e259,scooter,trip_end,72,2026-09-26T02:52:34Z,POINT (-9.14833 38.70576)
1b7de93a-0857-48a3-89f5-3080c123383f,aa1883c4-ffd0-40f5-bd14-dcc312684e4e,Voi,b0c646ff-754e-4d82-8daf-a1ac2ae0e7d0,scooter,trip_start,89,2026-09-26T02:53:04Z,POINT (-9.15387 38.70632)
714cc57b-c7ef-4903-98b6-5c303d48bfc9,a08ff49b-6f77-4632-a16c-43069c43a8c3,Lime,c3b109bf-3623-4a20-9a44-df1ddaa9bc82,scooter,low_battery,8,2026-09-26T02:55:47Z,POINT (-9.12058 38.73023)
89e1826c-beb0-498a-bc0a-a6794ea6d944,a08ff49b-6f77-4632-a16c-43069c43a8c3,Lime,a2abc323-5295-46c9-8cd2-00f8bf1bfbf2,bicycle,maintenance,55,2026-09-26T02:57:00Z,POINT (-9.14231 38.71778)
0d508961-229a-4c21-863e-4520d08e6eb7,e8eb2af2-f261-45a8-91cd-424e42a85121,Dott,2dd65b26-1706-4623-8a22-02d7d605a60c,scooter,maintenance,79,2026-09-26T03:21:24Z,POINT (-9.14398 38.70835)
c230022f-8a02-43b4-b4e4-40e0bd414fab,7cf3c256-32b9-4409-93fb-64afebede10d,Bolt,df5b2828-58cd-432d-bc55-aa2c8420c3ec,scooter,reserve,26,2026-09-26T03:23:01Z,POINT (-9.10985 38.74300)
c9f014ab-226d-4bed-abce-ec5712e40aea,aa36434e-f251-4c63-8d4e-86a538cc03aa,Gira,783e89a4-d5dc-4115-a141-032a6e9748a8,bicycle,trip_end,50,2026-09-26T03:27:07Z,POINT (-9.14670 38.71078)
8496132c-4c6e-4b0c-9a3a-7e512cbbaaeb,a08ff49b-6f77-4632-a16c-43069c43a8c3,Lime,9a2e8ee3-b378-4d87-ae27-ec72c79dc27e,bicycle,trip_start,75,2026-09-26T03:55:05Z,POINT (-9.12295 38.71849)
ab520be4-8ca6-4b8d-a1cf-24dd41e045db,a08ff49b-6f77-4632-a16c-43069c43a8c3,Lime,d6b03f30-702e-4b14-ae5c-c94065f9ba6f,bicycle,low_battery,4,2026-09-26T04:03:53Z,POINT (-9.13913 38.70743)
e8b90594-829e-47ad-af00-0599af1fdfe0,a08ff49b-6f77-4632-a16c-43069c43a8c3,Lime,368dc614-82b2-403b-acdd-cb63b80997c0,scooter,trip_end,76,2026-09-26T05:09:14Z,POINT (-9.14404 38.73177)
0e231b5e-7210-4161-94e5-ecb0c05c30d7,e8eb2af2-f261-45a8-91cd-424e42a85121,Dott,b2500007-10f5-4f5d-a077-33dd912884f5,bicycle,reserve,30,2026-09-26T06:07:14Z,POINT (-9.17812 38.70758)
5dfe2f54-8871-4555-b9fe-d5cf01ce2a9c,aa1883c4-ffd0-40f5-bd14-dcc312684e4e,Voi,4ac47eaa-9269-4ff0-9fd9-e9ef0272259e,scooter,trip_end,30,2026-09-26T06:25:56Z,POINT (-9.13329 38.70930)
34cddff4-f5d8-4c20-ac7c-1ced3a7f5d65,aa1883c4-ffd0-40f5-bd14-dcc312684e4e,Voi,487330a5-db52-4f12-8943-ae48c694f070,scooter,low_battery,10,2026-09-26T06:46:38Z,POINT (-9.09104 38.76556)
d89e20be-7880-4bf8-9cbc-a40a7a71fc1e,e8eb2af2-f261-45a8-91cd-424e42a85121,Dott,fba29c17-284c-4313-982c-963cdf81a1de,bicycle,trip_end,84,2026-09-26T06:48:10Z,POINT (-9.10955 38.73394)
c51a57e9-cbf4-4a54-bf68-3fe974b183cd,e8eb2af2-f261-45a8-91cd-424e42a85121,Dott,c3b7c263-5617-4661-817f-6bb666ec1d21,bicycle,trip_end,48,2026-09-26T07:11:26Z,POINT (-9.14318 38.71633)
df8d85a7-296d-4242-b213-3b9e074514e6,7cf3c256-32b9-4409-93fb-64afebede10d,Bolt,71f5e946-02a0-44be-b04f-9ddd9505ddc7,scooter,rebalance_pick_up,72,2026-09-26T07:20:49Z,POINT (-9.14799 38.71904)
8e7f412a-01b3-424c-b6d7-9d0d31b9ba1c,a08ff49b-6f77-4632-a16c-43069c43a8c3,Lime,7a67d56b-f640-4a48-9f5e-97f2ecd20944,bicycle,trip_end,72,2026-09-26T07:22:36Z,POINT (-9.14298 38.71010)
4739d73a-033c-4d00-9851-1a91f28f9ab8,a08ff49b-6f77-4632-a16c-43069c43a8c3,Lime,3d45796b-7204-4136-b647-75ae94bcce81,bicycle,low_battery,3,2026-09-26T08:04:06Z,POINT (-9.12832 38.71540)
dd810d63-12ff-45dd-a2de-04302a2c04c3,e8eb2af2-f261-45a8-91cd-424e42a85121,Dott,293bec1c-bd3e-40f4-9039-2dea84444e9d,scooter,trip_start,82,2026-09-26T08:29:21Z,POINT (-9.13293 38.71890)
7515c7e3-c58a-4a3d-8cf0-d0d2d0bee57b,e8eb2af2-f261-45a8-91cd-424e42a85121,Dott,4ccaf013-fccc-4adc-8fa2-a03e02e38281,bicycle,trip_start,92,2026-09-26T09:53:00Z,POINT (-9.12969 38.71863)
738c2be5-8470-44d8-b1cb-97267d3438bf,a08ff49b-6f77-4632-a16c-43069c43a8c3,Lime,4a146a3e-f991-4677-813b-23e9c34240c9,bicycle,trip_start,35,2026-09-26T10:04:56Z,POINT (-9.14137 38.76054)
d9f0360b-4484-4b8b-b509-0a5f13fe4276,e8eb2af2-f261-45a8-91cd-424e42a85121,Dott,047af9f4-92c8-485c-bc45-a7e0bab81c72,scooter,maintenance,39,2026-09-26T10:39:17Z,POINT (-9.13294 38.73681)
67a9b245-e03e-40f8-ac01-c39de1ee7ea8,a08ff49b-6f77-4632-a16c-43069c43a8c3,Lime,a4ae37af-fe4a-4ca2-8b1d-42bbd0c94bd0,bicycle,cancel_reservation,84,2026-09-26T10:43:22Z,POINT (-9.20996 38.69662)
628a43da-5123-46cc-9be4-9a552838a9b3,e8eb2af2-f261-45a8-91cd-424e42a85121,Dott,c9b3ffd9-be3a-424d-ab77-a81443b62ca8,scooter,reserve,62,2026-09-26T10:48:46Z,POINT (-9.13012 38.75368)
c8185a0e-8d30-4d36-b073-6920615497ec,a08ff49b-6f77-4632-a16c-43069c43a8c3,Lime,5e6994ef-58cb-4994-a5c1-44ebe3d7c256,scooter,provider_pick_up,96,2026-09-26T10:57:39Z,POINT (-9.14135 38.71225)
29a1d89e-8f0f-4866-8ac9-b133b5be591d,7cf3c256-32b9-4409-93fb-64afebede10d,Bolt,b8206349-ce47-49c8-bdb0-5d3a1a22f509,scooter,trip_start,96,2026-09-26T10:58:58Z,POINT (-9.12840 38.71768)
8927a2ae-bf3d-4343-a336-08882b7f5606,e8eb2af2-f261-45a8-91cd-424e42a85121,Dott,cb3d5f32-3123-4d0f-ab68-cc7e0f42371b,scooter,trip_end,28,2026-09-26T11:17:44Z,POINT (-9.09459 38.76470)
bf58c046-3307-4239-bdc1-0165aec5f31a,a08ff49b-6f77-4632-a16c-43069c43a8c3,Lime,78580c6d-d884-45fb-a8b4-ae764a97f441,bicycle,trip_start,65,2026-09-26T11:45:36Z,POINT (-9.18107 38.70569)
76a57365-f9b2-4216-bd0d-42c2ed4d4832,aa1883c4-ffd0-40f5-bd14-dcc312684e4e,Voi,c98727ca-6a8d-4cb4-aa48-57e50d3b68f7,scooter,rebalance_drop_off,93,2026-09-26T11:47:54Z,POINT (-9.13392 38.71800)
2ac5320e-f795-4603-810e-214a653c41a8,a08ff49b-6f77-4632-a16c-43069c43a8c3,Lime,9a2e8ee3-b378-4d87-ae27-ec72c79dc27e,bicycle,trip_start,34,2026-09-26T11:57:49Z,POINT (-9.12589 38.71367)
648f8618-a6ec-425b-a648-5b20f692752c,7cf3c256-32b9-4409-93fb-64afebede10d,Bolt,d7ea733f-446b-43e6-a7df-f72acb99fc17,scooter,reserve,31,2026-09-26T11:59:07Z,POINT (-9.13724 38.72318)
5a9d616a-1928-4f35-b525-c013cd2602b9,a08ff49b-6f77-4632-a16c-43069c43a8c3,Lime,3b859743-b6a5-4f0a-851b-d9942d7d3784,bicycle,trip_end,67,2026-09-26T11:59:51Z,POINT (-9.17189 38.70456)
b5cd110e-afb1-4ebc-8fe9-b046eb6228f1,7cf3c256-32b9-4409-93fb-64afebede10d,Bolt,393cd7a7-04a8-4dbb-b2f7-f26ba543bb20,scooter,trip_end,70,2026-09-26T12:02:08Z,POINT (-9.14229 38.74856)
37567c94-2e1d-44b3-9600-6f186ed8e1f0,7cf3c256-32b9-4409-93fb-64afebede10d,Bolt,59fd1a30-96d1-4f7f-b425-1fbd4aa7fe6c,scooter,trip_start,75,2026-09-26T12:07:12Z,POINT (-9.13769 38.71852)
fb18f1b5-8abb-4ef1-8fec-1db1cc46e924,a08ff49b-6f77-4632-a16c-43069c43a8c3,Lime,7194b231-29fc-468c-9b41-7cf0e20e0ccf,scooter,trip_end,88,2026-09-26T12:18:36Z,POINT (-9.17649 38.70580)
40f48f85-89c5-4802-b314-0d0049bcda81,7cf3c256-32b9-4409-93fb-64afebede10d,Bolt,df5b2828-58cd-432d-bc55-aa2c8420c3ec,scooter,trip_end,55,2026-09-26T12:30:17Z,POINT (-9.13999 38.71342)
63e28359-84b8-4992-8126-1d2030456d0f,a08ff49b-6f77-4632-a16c-43069c43a8c3,Lime,c6816f7e-12d4-4aa4-911f-e4e0181a4476,scooter,rebalance_drop_off,74,2026-09-26T12:37:17Z,POINT (-9.13380 38.71540)
75ee60fa-cf0f-443e-a6a8-531ae022a17e,aa36434e-f251-4c63-8d4e-86a538cc03aa,Gira,372073c4-db87-4247-89a6-fcaed6f12a4b,bicycle,provider_drop_off,85,2026-09-26T13:06:04Z,POINT (-9.16223 38.71852)
d14b9dc5-fffa-4cc9-95b9-8324ddffdb34,a08ff49b-6f77-4632-a16c-43069c43a8c3,Lime,5e09d096-b3a1-496a-af9b-ccfbaa0c4548,scooter,trip_start,40,2026-09-26T13:48:33Z,POINT (-9.20637 38.69983)
bef43bd1-f36f-4141-8ead-c66869da1c83,7cf3c256-32b9-4409-93fb-64afebede10d,Bolt,d4eed933-ddf8-47af-890b-18fa5a4fe730,scooter,trip_start,32,2026-09-26T13:58:41Z,POINT (-9.12688 38.71551)
51799555-c5a5-4c22-bd4f-e55079dd9531,a08ff49b-6f77-4632-a16c-43069c43a8c3,Lime,24bcd670-0fa6-4c12-9b71-1aeda82a211f,scooter,low_battery,10,2026-09-26T14:17:10Z,POINT (-9.21432 38.70166)
c723d2a6-8c3c-46d7-a809-4e1824c1426d,aa1883c4-ffd0-40f5-bd14-dcc312684e4e,Voi,b0c646ff-754e-4d82-8daf-a1ac2ae0e7d0,scooter,provider_pick_up,34,2026-09-26T14:19:45Z,POINT (-9.20399 38.69895)
bd2853ad-68d5-480f-a6bc-d4ba3b31843a,a08ff49b-6f77-4632-a16c-43069c43a8c3,Lime,24bcd670-0fa6-4c12-9b71-1aeda82a211f,scooter,maintenance,75,2026-09-26T14:48:57Z,POINT (-9.17688 38.70493)
088afe63-f619-45bd-a568-fe900ab44311,aa1883c4-ffd0-40f5-bd14-dcc312684e4e,Voi,aaddcf3e-0c0d-4f29-92ab-2966660cadec,scooter,trip_end,91,2026-09-26T14:51:52Z,POINT (-9.14775 38.71921)
e79e11ba-105f-4152-b685-4bb67f3393bb,7cf3c256-32b9-4409-93fb-64afebede10d,Bolt,44dd210c-4a51-43f4-b216-b977461759b7,scooter,trip_start,70,2026-09-26T14:54:16Z,POINT (-9.13422 38.71376)
f32a23b8-8542-4583-9167-e75348f6ecc5,e8eb2af2-f261-45a8-91cd-424e42a85121,Dott,3418560a-eb21-4f1c-90c2-35b89146a1ea,scooter,provider_drop_off,42,2026-09-26T15:05:09Z,POINT (-9.17756 38.70032)
03a15c66-5e6f-4d2b-aa76-ecf505d021c6,a08ff49b-6f77-4632-a16c-43069c43a8c3,Lime,24bcd670-0fa6-4c12-9b71-1aeda82a211f,scooter,trip_end,75,2026-09-26T15:07:56Z,POINT (-9.10746 38.76846)
1b63337f-138e-467d-977e-261a729e93e0,7cf3c256-32b9-4409-93fb-64afebede10d,Bolt,df5b2828-58cd-432d-bc55-aa2c8420c3ec,scooter,trip_end,31,2026-09-26T15:22:58Z,POINT (-9.13552 38.71231)
7f04f3d1-26f5-4b15-9e8e-963a63d2d953,7cf3c256-32b9-4409-93fb-64afebede10d,Bolt,636fb7a8-389c-421b-8e87-e1365bfae7e3,scooter,trip_end,91,2026-09-26T15:24:08Z,POINT (-9.12831 38.71438)
b31fe71e-3e1e-49d1-af14-fa3b5e23275f,e8eb2af2-f261-45a8-91cd-424e42a85121,Dott,ef1ee6c3-ab03-4de0-9ecf-07a8602da2e8,scooter,cancel_reservation,57,2026-09-26T15:35:21Z,POINT (-9.14177 38.71257)
1bef4a9d-6797-4847-abbb-12eab798e114,a08ff49b-6f77-4632-a16c-43069c43a8c3,Lime,f0fe07c7-b727-45ef-bc1c-06d9505aeae5,scooter,trip_start,65,2026-09-26T15:39:25Z,POINT (-9.18470 38.70687)
f446054d-3434-4291-9ab8-21877dac9a33,a08ff49b-6f77-4632-a16c-43069c43a8c3,Lime,4a40e713-fa23-4b8d-b574-acee683adece,bicycle,low_battery,15,2026-09-26T16:20:50Z,POINT (-9.13835 38.71137)
c3cd97cb-f049-4e85-aaeb-0bff61e336d6,a08ff49b-6f77-4632-a16c-43069c43a8c3,Lime,78580c6d-d884-45fb-a8b4-ae764a97f441,bicycle,provider_pick_up,32,2026-09-26T16:24:45Z,POINT (-9.13493 38.71305)
324b416d-495e-4ec9-9b5f-95a66ea9d788,7cf3c256-32b9-4409-93fb-64afebede10d,Bolt,5af93444-6081-414d-8915-68af1146615f,scooter,low_battery,14,2026-09-26T16:40:22Z,POINT (-9.14754 38.70727)
90d387be-f2fe-4607-a19a-5d641e56a61d,aa36434e-f251-4c63-8d4e-86a538cc03aa,Gira,381f43c1-8dab-4e27-9ad9-bf4197b42014,bicycle,trip_end,47,2026-09-26T16:41:31Z,POINT (-9.14554 38.71023)
585eee1c-0754-4f32-83ef-5277ec8d21cd,e8eb2af2-f261-45a8-91cd-424e42a85121,Dott,6d983729-9862-4b14-8e07-4db00ab18fd0,scooter,trip_end,64,2026-09-26T16:43:34Z,POINT (-9.10836 38.73406)
93a0fb8f-11d6-4a00-88bc-3e724830258e,aa1883c4-ffd0-40f5-bd14-dcc312684e4e,Voi,9381e376-9467-446a-92fd-95d7d488baed,scooter,provider_pick_up,25,2026-09-26T16:44:37Z,POINT (-9.14830 38.71212)
2a0224d0-da92-4a4b-b02e-aac37ce9abad,a08ff49b-6f77-4632-a16c-43069c43a8c3,Lime,4a779d01-94aa-4255-b9b4-482e3ffccb37,bicycle,trip_start,91,2026-09-26T16:51:11Z,POINT (-9.13293 38.71573)
cb2fb0ab-257e-4c09-a03d-654ee0d19d14,a08ff49b-6f77-4632-a16c-43069c43a8c3,Lime,0e9018d4-1a57-4ca3-8b80-c44a4ba5e259,bicycle,maintenance,80,2026-09-26T16:52:53Z,POINT (-9.12520 38.71573)
b534ed47-d03b-4dfc-a1f6-af86d93e90d2,a08ff49b-6f77-4632-a16c-43069c43a8c3,Lime,83b65066-678d-4c4b-9cfb-41abf998a853,bicycle,low_battery,3,2026-09-26T16:53:53Z,POINT (-9.13688 38.71725)
f5c2b13f-b126-4084-bacf-ae0bfe3adefd,7cf3c256-32b9-4409-93fb-64afebede10d,Bolt,3e5350ed-dc4e-4868-8250-32b3aee70442,scooter,reserve,94,2026-09-26T16:59:47Z,POINT (-9.09115 38.76289)
2d42d66b-ce21-4be0-ae18-88050acdf3af,e8eb2af2-f261-45a8-91cd-424e42a85121,Dott,3bb14d31-a83f-4ba7-bfa3-52099c2057db,scooter,trip_start,67,2026-09-26T17:01:39Z,POINT (-9.14425 38.70519)
c647ac2f-e0b7-42bc-8130-df217c49bfbd,e8eb2af2-f261-45a8-91cd-424e42a85121,Dott,c540596f-2e5c-4d49-8d9b-0771048d67a5,bicycle,trip_start,61,2026-09-26T17:02:53Z,POINT (-9.14520 38.70710)
c1cbc7e7-c46b-4b3f-9493-a2a9e6c250ca,7cf3c256-32b9-4409-93fb-64afebede10d,Bolt,c61537dd-d2bc-4b1a-a12f-e284c331508d,scooter,reserve,46,2026-09-26T17:09:51Z,POINT (-9.14260 38.71606)
e3300692-dc2b-478c-9f59-d67600f56190,aa1883c4-ffd0-40f5-bd14-dcc312684e4e,Voi,43272e90-be59-43fb-8fa7-25638d07e6e2,scooter,trip_start,37,2026-09-26T17:17:11Z,POINT (-9.14624 38.70933)
7e69cc18-f8ad-4b83-bb1d-31dc4b268567,aa1883c4-ffd0-40f5-bd14-dcc312684e4e,Voi,d49ab237-5205-47d2-8439-e8c8aab0a4ac,scooter,trip_start,26,2026-09-26T17:41:23Z,POINT (-9.12748 38.71836)
0439a1b0-cfc7-49e0-a2f3-5ba8609e9c18,a08ff49b-6f77-4632-a16c-43069c43a8c3,Lime,1191616d-f10f-4ea2-b6dc-f9fc266913ba,bicycle,low_battery,11,2026-09-26T17:51:06Z,POINT (-9.14753 38.75066)
c43c33fa-f6e3-41dc-8452-b1476333da81,a08ff49b-6f77-4632-a16c-43069c43a8c3,Lime,567c7a9c-0022-4d60-9b79-a9c823ecf9ba,scooter,trip_start,98,2026-09-26T18:00:04Z,POINT (-9.14947 38.71063)
bd49e336-4778-476c-94da-9d586549dd4f,e8eb2af2-f261-45a8-91cd-424e42a85121,Dott,2dd65b26-1706-4623-8a22-02d7d605a60c,scooter,reserve,45,2026-09-26T18:37:25Z,POINT (-9.13864 38.71587)
c863fdd0-3c66-46b5-ba88-abcc3813d999,a08ff49b-6f77-4632-a16c-43069c43a8c3,Lime,7f4990cc-90e3-442d-acf1-5c6bad4fad06,scooter,trip_start,90,2026-09-26T18:37:56Z,POINT (-9.14207 38.71321)
1610ce8b-50d8-412d-a5fd-cf146eb34805,aa36434e-f251-4c63-8d4e-86a538cc03aa,Gira,14d9842e-a13f-4b2f-ab50-f6575a726d5e,bicycle,trip_end,58,2026-09-26T18:48:13Z,POINT (-9.13025 38.71593)
fba145fb-f9dd-4c38-a9f0-2eb3138d03c6,a08ff49b-6f77-4632-a16c-43069c43a8c3,Lime,368dc614-82b2-403b-acdd-cb63b80997c0,scooter,trip_start,74,2026-09-26T18:57:54Z,POINT (-9.13229 38.71674)
2a7dce21-b38a-454f-8016-71f9913b9050,7cf3c256-32b9-4409-93fb-64afebede10d,Bolt,20e2e7e4-8b56-4026-a746-de705bec8cc5,scooter,trip_start,46,2026-09-26T18:59:05Z,POINT (-9.21420 38.69355)
919d4e61-badb-4ea3-baf2-727d74d3d7b7,e8eb2af2-f261-45a8-91cd-424e42a85121,Dott,10bb6ad7-9aac-4570-ba83-3821e3c1a4b8,bicycle,low_battery,12,2026-09-26T19:16:30Z,POINT (-9.19777 38.69855)
29f448f5-6810-4f81-8fa4-58c623b91b71,7cf3c256-32b9-4409-93fb-64afebede10d,Bolt,73c82101-b9fe-4a66-99b4-de7ae181ad7d,scooter,trip_start,56,2026-09-26T19:21:47Z,POINT (-9.13944 38.73941)
79d53617-4a74-47cc-92d3-3d63a63fc5ca,aa1883c4-ffd0-40f5-bd14-dcc312684e4e,Voi,d902301d-806d-410e-b62b-09564b361dfe,scooter,cancel_reservation,75,2026-09-26T19:29:02Z,POINT (-9.16721 38.70778)
8b7be3f1-71bb-4b73-867b-69c0aaf39f80,a08ff49b-6f77-4632-a16c-43069c43a8c3,Lime,971c13bc-5841-4fb1-9f6d-0f973a83e40b,scooter,rebalance_pick_up,81,2026-09-26T19:36:18Z,POINT (-9.15536 38.71886)
49c8d1de-aad9-4f12-ac53-a5730c555d4a,e8eb2af2-f261-45a8-91cd-424e42a85121,Dott,c32697e9-d900-4b85-8306-36d33914b224,scooter,trip_start,37,2026-09-26T19:47:03Z,POINT (-9.14249 38.70647)
32b2dbb8-0129-4281-a783-fb765269d20c,7cf3c256-32b9-4409-93fb-64afebede10d,Bolt,de1d1389-2c83-43c4-b145-f83cb33557d0,scooter,trip_end,41,2026-09-26T20:03:44Z,POINT (-9.16505 38.70767)
e9ef6b4b-d0b3-4f3c-a9c6-d78e8ef135d8,e8eb2af2-f261-45a8-91cd-424e42a85121,Dott,10bb6ad7-9aac-4570-ba83-3821e3c1a4b8,scooter,trip_end,51,2026-09-26T20:04:50Z,POINT (-9.14829 38.70839)
7f128dfd-2224-4512-af9f-f4b4fb5b4bd4,e8eb2af2-f261-45a8-91cd-424e42a85121,Dott,2dd65b26-1706-4623-8a22-02d7d605a60c,bicycle,rebalance_pick_up,92,2026-09-26T20:06:19Z,POINT (-9.16339 38.76287)
7eb7b1e0-dc78-4bd2-add0-9344f1910551,a08ff49b-6f77-4632-a16c-43069c43a8c3,Lime,3037beb0-f65b-4922-a430-e9cffc0e9a7f,scooter,cancel_reservation,75,2026-09-26T20:18:08Z,POINT (-9.14836 38.70969)
39511be7-bde7-4d75-86ef-9bde4a109c56,aa1883c4-ffd0-40f5-bd14-dcc312684e4e,Voi,4ea25738-f504-4f29-b113-c52ce6313442,scooter,trip_start,97,2026-09-26T20:25:35Z,POINT (-9.13317 38.71835)
d8498a3c-a0ad-466f-b98a-ffa7de8e58f0,e8eb2af2-f261-45a8-91cd-424e42a85121,Dott,e9022de4-f5cc-4fb8-80a5-c9b0b7a40cf3,bicycle,cancel_reservation,25,2026-09-26T20:36:12Z,POINT (-9.14393 38.71411)
78c839d0-76db-475d-90cc-37da460c29a2,7cf3c256-32b9-4409-93fb-64afebede10d,Bolt,71f5e946-02a0-44be-b04f-9ddd9505ddc7,scooter,trip_start,59,2026-09-26T20:38:50Z,POINT (-9.13967 38.71678)
d58acb24-d798-4195-8971-1ff3d3c8490f,aa36434e-f251-4c63-8d4e-86a538cc03aa,Gira,78c9c081-2bd7-4eb9-8b33-52b7cd45e8c3,bicycle,rebalance_pick_up,86,2026-09-26T20:56:37Z,POINT (-9.10429 38.76433)
d7ddb9ac-f118-4e88-bcca-142c5c61dcc8,7cf3c256-32b9-4409-93fb-64afebede10d,Bolt,ededfc18-5e00-4782-895f-363c777a79d6,scooter,trip_end,37,2026-09-26T21:15:47Z,POINT (-9.12565 38.71818)
d9617f68-816d-4397-93e1-6d3b0215c5bb,a08ff49b-6f77-4632-a16c-43069c43a8c3,Lime,a2abc323-5295-46c9-8cd2-00f8bf1bfbf2,bicycle,provider_pick_up,59,2026-09-26T22:21:35Z,POINT (-9.14775 38.71509)
a1dbf2f6-aea6-4927-bb20-3194070d1e80,7cf3c256-32b9-4409-93fb-64afebede10d,Bolt,812aefea-12b3-4bd4-97e1-3b1d8847ec46,scooter,reserve,58,2026-09-26T22:34:07Z,POINT (-9.20971 38.70374)
7863c298-c2ac-4c86-9a92-bd81430e1768,7cf3c256-32b9-4409-93fb-64afebede10d,Bolt,ccf0b5f3-3d5e-4dbb-86e6-742ac1c321f4,scooter,trip_end,85,2026-09-27T00:46:01Z,POINT (-9.13422 38.71595)
e1e7ebe0-c657-4349-bb64-ede848655bc0,a08ff49b-6f77-4632-a16c-43069c43a8c3,Lime,ff41662a-417b-46de-aaa8-5d628452cc0b,scooter,trip_end,41,2026-09-27T00:48:48Z,POINT (-9.14335 38.70759)
1f09013a-5231-433a-8590-dc553f46acad,a08ff49b-6f77-4632-a16c-43069c43a8c3,Lime,ab57ce07-4d3f-420b-8193-949496ce47e5,scooter,trip_end,63,2026-09-27T00:53:48Z,POINT (-9.14124 38.70766)
86785f9a-2262-4a22-a02d-ce5a04c94700,e8eb2af2-f261-45a8-91cd-424e42a85121,Dott,c9b3ffd9-be3a-424d-ab77-a81443b62ca8,bicycle,trip_start,38,2026-09-27T01:42:38Z,POINT (-9.10852 38.75662)
21f0093a-aa2d-42ed-bc3b-b744d765e096,aa36434e-f251-4c63-8d4e-86a538cc03aa,Gira,838abeb6-9799-48c7-b24d-03bb261d6f4b,bicycle,low_battery,14,2026-09-27T01:55:37Z,POINT (-9.14201 38.70753)
7749b1dc-4514-4792-be2b-c6b324b04499,e8eb2af2-f261-45a8-91cd-424e42a85121,Dott,d4afcae5-a191-4e75-84fa-343eab696cc4,scooter,trip_end,89,2026-09-27T02:34:59Z,POINT (-9.14439 38.70788)
9db045a1-3f60-423d-833e-8ae4e5075721,a08ff49b-6f77-4632-a16c-43069c43a8c3,Lime,54a34579-97d3-4406-ba95-a96046fc151b,bicycle,reserve,85,2026-09-27T02:57:02Z,POINT (-9.16879 38.71162)
e6a18a1b-c611-40cf-8732-e95e90d5b355,aa36434e-f251-4c63-8d4e-86a538cc03aa,Gira,838abeb6-9799-48c7-b24d-03bb261d6f4b,bicycle,trip_start,85,2026-09-27T04:00:36Z,POINT (-9.18109 38.70004)
970fd0af-4373-42bb-83e3-c306e5c6f9e5,aa36434e-f251-4c63-8d4e-86a538cc03aa,Gira,ba15144f-9864-410f-9c45-0cd80d43c790,bicycle,trip_start,42,2026-09-27T04:19:09Z,POINT (-9.15194 38.71899)
98af3dce-df42-453a-828c-eda236b426ba,7cf3c256-32b9-4409-93fb-64afebede10d,Bolt,5f0e7639-f185-4751-ad9b-93a5677999af,scooter,reserve,85,2026-09-27T04:31:28Z,POINT (-9.13940 38.71358)
8210349a-e703-4af5-9dc2-d2fcc682b93c,a08ff49b-6f77-4632-a16c-43069c43a8c3,Lime,368dc614-82b2-403b-acdd-cb63b80997c0,bicycle,trip_start,67,2026-09-27T04:33:38Z,POINT (-9.09614 38.75851)
a3381dec-80c1-40b9-8a63-dce551545d3b,aa1883c4-ffd0-40f5-bd14-dcc312684e4e,Voi,822cc5e9-42eb-4a47-a01a-4824d8fa8091,scooter,trip_end,53,2026-09-27T05:42:58Z,POINT (-9.14930 38.72797)
e9d06616-79af-454b-a250-eaf6c5634d01,aa36434e-f251-4c63-8d4e-86a538cc03aa,Gira,522a19fd-a791-4a87-be3c-777b6ba0e649,bicycle,trip_end,79,2026-09-27T05:58:28Z,POINT (-9.15547 38.72044)
fa2e4b33-1399-413d-b346-e47f54f429c2,a08ff49b-6f77-4632-a16c-43069c43a8c3,Lime,fc028e89-6985-4463-a22c-fe1375003876,scooter,cancel_reservation,84,2026-09-27T07:16:10Z,POINT (-9.09950 38.76895)
946c192b-ad84-4850-a793-9093da42f704,7cf3c256-32b9-4409-93fb-64afebede10d,Bolt,882ff6da-9925-4fce-8790-159c37bf5c35,scooter,rebalance_drop_off,36,2026-09-27T07:48:26Z,POINT (-9.16082 38.71145)
99cfd815-e9cc-4613-a544-5747e584d02a,a08ff49b-6f77-4632-a16c-43069c43a8c3,Lime,a4ae37af-fe4a-4ca2-8b1d-42bbd0c94bd0,bicycle,trip_end,94,2026-09-27T08:05:54Z,POINT (-9.10574 38.76306)
8901b596-5842-4590-b9cd-93b0cc5683aa,7cf3c256-32b9-4409-93fb-64afebede10d,Bolt,73c82101-b9fe-4a66-99b4-de7ae181ad7d,scooter,trip_start,37,2026-09-27T08:16:16Z,POINT (-9.17310 38.70278)
0adf3857-a03a-4b4a-9c6e-b2960b80be09,a08ff49b-6f77-4632-a16c-43069c43a8c3,Lime,7a67d56b-f640-4a48-9f5e-97f2ecd20944,bicycle,trip_start,38,2026-09-27T09:23:24Z,POINT (-9.14750 38.73546)
6d263c6c-4b6a-4660-accd-7031193c4470,a08ff49b-6f77-4632-a16c-43069c43a8c3,Lime,1191616d-f10f-4ea2-b6dc-f9fc266913ba,scooter,trip_end,79,2026-09-27T09:30:53Z,POINT (-9.14644 38.70919)
e50363dd-70d3-4020-ad9e-f0ad966b9df5,e8eb2af2-f261-45a8-91cd-424e42a85121,Dott,2dd65b26-1706-4623-8a22-02d7d605a60c,scooter,trip_end,63,2026-09-27T09:32:13Z,POINT (-9.14905 38.70561)
f27eb305-ee6d-49eb-9a57-bdd913efa1f5,7cf3c256-32b9-4409-93fb-64afebede10d,Bolt,a10b93b8-5691-490e-8143-c3cf38d226df,scooter,trip_end,87,2026-09-27T09:34:38Z,POINT (-9.13940 38.71695)
53d7f397-c431-443d-bf5b-6157bb38bf07,7cf3c256-32b9-4409-93fb-64afebede10d,Bolt,22b90ef4-4f54-4380-aad7-4c99c40e3871,scooter,trip_end,87,2026-09-27T10:06:12Z,POINT (-9.12887 38.71609)
dc702dd4-9c1b-4cc3-91cb-7ff79d23a4c6,a08ff49b-6f77-4632-a16c-43069c43a8c3,Lime,d6b03f30-702e-4b14-ae5c-c94065f9ba6f,bicycle,trip_end,39,2026-09-27T10:08:13Z,POINT (-9.12937 38.71196)
7bb6aa75-8230-40b9-a65d-eac521bdc9ee,7cf3c256-32b9-4409-93fb-64afebede10d,Bolt,882ff6da-9925-4fce-8790-159c37bf5c35,scooter,rebalance_pick_up,41,2026-09-27T10:10:03Z,POINT (-9.13798 38.70804)
556df2f3-356e-44f7-8d53-0ab2d4903c00,aa1883c4-ffd0-40f5-bd14-dcc312684e4e,Voi,c729e73f-cf45-44ae-b9c3-07b3708898ca,scooter,trip_end,95,2026-09-27T10:12:33Z,POINT (-9.15812 38.72991)
12986c25-c064-4f5a-a9b2-64509024c8bc,a08ff49b-6f77-4632-a16c-43069c43a8c3,Lime,0203f6b9-5b86-448e-aa1b-5587bab5e0d0,bicycle,low_battery,14,2026-09-27T10:17:44Z,POINT (-9.16386 38.75072)
e0909e60-96ff-4f2e-9a49-61f3b52cdd9a,aa36434e-f251-4c63-8d4e-86a538cc03aa,Gira,14d9842e-a13f-4b2f-ab50-f6575a726d5e,bicycle,rebalance_drop_off,76,2026-09-27T10:32:19Z,POINT (-9.13896 38.74764)
b1818490-1e01-4856-ace0-81581f77e068,7cf3c256-32b9-4409-93fb-64afebede10d,Bolt,73c82101-b9fe-4a66-99b4-de7ae181ad7d,scooter,cancel_reservation,88,2026-09-27T10:42:58Z,POINT (-9.20652 38.69457)
1aff16df-6e24-4662-804a-8d25ee7dab2c,a08ff49b-6f77-4632-a16c-43069c43a8c3,Lime,4a146a3e-f991-4677-813b-23e9c34240c9,bicycle,provider_drop_off,78,2026-09-27T10:52:27Z,POINT (-9.09847 38.76219)
c7ff9d61-98ca-4e3d-9df2-ad6dc4df413e,7cf3c256-32b9-4409-93fb-64afebede10d,Bolt,8d943767-66fa-4329-a57e-d3f3dd2514c2,scooter,trip_end,67,2026-09-27T10:55:56Z,POINT (-9.18066 38.69980)
6489c8c6-a33b-4322-82c3-4f57b7dcd08c,7cf3c256-32b9-4409-93fb-64afebede10d,Bolt,812aefea-12b3-4bd4-97e1-3b1d8847ec46,scooter,trip_start,89,2026-09-27T11:10:51Z,POINT (-9.13282 38.71791)
cf8317de-7e5a-4364-bad3-303261ac5d73,aa1883c4-ffd0-40f5-bd14-dcc312684e4e,Voi,e76c6c47-348f-46d9-8fcf-b0a1034f6c26,scooter,provider_drop_off,33,2026-09-27T11:21:32Z,POINT (-9.13312 38.72294)
2faa4099-8e5c-4f10-a74e-96ad7a62f232,7cf3c256-32b9-4409-93fb-64afebede10d,Bolt,3949564b-b355-4809-b5ad-4763991502ab,scooter,maintenance,41,2026-09-27T11:24:59Z,POINT (-9.12919 38.71729)
7f4941cf-b623-417e-9124-e998ea6abaf2,a08ff49b-6f77-4632-a16c-43069c43a8c3,Lime,78580c6d-d884-45fb-a8b4-ae764a97f441,scooter,trip_start,40,2026-09-27T11:34:49Z,POINT (-9.13751 38.74381)
8dcc968b-de3d-4cc3-bc44-0315c192ca2e,a08ff49b-6f77-4632-a16c-43069c43a8c3,Lime,4f7570ac-31ab-4042-bf48-92c1fb887892,bicycle,reserve,32,2026-09-27T11:52:43Z,POINT (-9.09805 38.77425)
9dfb22fc-bd7e-4880-95e4-b4d9dfd850d1,aa36434e-f251-4c63-8d4e-86a538cc03aa,Gira,8df352cc-f417-4bef-a863-f8e5c0a2138f,bicycle,trip_end,92,2026-09-27T11:53:32Z,POINT (-9.14207 38.71430)
50e5109b-a9cd-4b22-9209-4b6b46d569bf,aa1883c4-ffd0-40f5-bd14-dcc312684e4e,Voi,dcbb7365-96c0-4232-9975-3c1663aa4ada,scooter,low_battery,13,2026-09-27T11:56:24Z,POINT (-9.16315 38.71959)
62438eda-c1f3-4e0a-a4f5-1bb8f4803a6d,7cf3c256-32b9-4409-93fb-64afebede10d,Bolt,a7f0654d-3632-4b53-993e-3cf492c91d44,scooter,trip_end,81,2026-09-27T12:01:16Z,POINT (-9.20941 38.69547)
3be85f2f-5871-4c67-bbab-16790c972d23,aa1883c4-ffd0-40f5-bd14-dcc312684e4e,Voi,c1470e19-52cb-4b02-bd45-6f60e4ec536d,scooter,reserve,78,2026-09-27T12:30:55Z,POINT (-9.13739 38.71460)
0f30c9e8-d12b-4797-b841-3252ee986250,aa36434e-f251-4c63-8d4e-86a538cc03aa,Gira,44b13eee-c2b2-4acc-bf87-e111610a87d0,bicycle,trip_start,47,2026-09-27T12:31:03Z,POINT (-9.20302 38.69691)
42823b85-e964-4655-8185-c6d447136235,aa36434e-f251-4c63-8d4e-86a538cc03aa,Gira,655118f4-079a-4625-80ce-418ced50293e,bicycle,trip_end,68,2026-09-27T12:33:23Z,POINT (-9.12956 38.71055)
be51d531-04f0-45d9-aa94-f95504f0bfda,aa36434e-f251-4c63-8d4e-86a538cc03aa,Gira,db49e331-6ce8-4c69-b703-2db27ba53ec6,bicycle,trip_end,28,2026-09-27T12:41:57Z,POINT (-9.13377 38.71859)
f131f52d-a17e-45b9-a393-25d6ba4a10c3,7cf3c256-32b9-4409-93fb-64afebede10d,Bolt,fc9d10a4-c90e-43e0-8665-5370acf98dd0,scooter,trip_start,98,2026-09-27T12:46:02Z,POINT (-9.17664 38.70242)
53066a1e-108f-4795-9c04-1f6c4c87e782,a08ff49b-6f77-4632-a16c-43069c43a8c3,Lime,1191616d-f10f-4ea2-b6dc-f9fc266913ba,bicycle,trip_end,26,2026-09-27T13:09:57Z,POINT (-9.20698 38.70049)
0b2d99f3-fbe3-4982-97d1-1572abed6920,7cf3c256-32b9-4409-93fb-64afebede10d,Bolt,a7f0654d-3632-4b53-993e-3cf492c91d44,scooter,trip_end,45,2026-09-27T13:16:48Z,POINT (-9.13417 38.70890)
0d989d1a-7f9d-44cd-a472-68f3b4947351,a08ff49b-6f77-4632-a16c-43069c43a8c3,Lime,1763b74c-d9a8-4694-92cc-a109bb1ee938,bicycle,trip_start,42,2026-09-27T13:50:54Z,POINT (-9.10464 38.76711)
37379b07-50b4-4dc7-8d99-dce56f1e1d46,7cf3c256-32b9-4409-93fb-64afebede10d,Bolt,a6ee3b14-19c9-475b-8b33-0dd839a13c4e,scooter,low_battery,11,2026-09-27T14:21:30Z,POINT (-9.14227 38.71578)
03e7437a-5713-4be1-90cc-c1c8a98981ea,aa1883c4-ffd0-40f5-bd14-dcc312684e4e,Voi,cdb3c3d7-dfe4-4c9f-b068-d2d0f8f6a0d3,scooter,trip_start,42,2026-09-27T14:32:23Z,POINT (-9.20854 38.70002)
287a4613-b222-4de2-8c9b-a534d744df84,7cf3c256-32b9-4409-93fb-64afebede10d,Bolt,44b66dfb-0781-4543-9727-1a380cbfe8db,scooter,trip_end,97,2026-09-27T14:57:32Z,POINT (-9.17029 38.70786)
814983d2-c47b-431d-b649-89fef57964ba,aa36434e-f251-4c63-8d4e-86a538cc03aa,Gira,d04c8daf-bb76-4fe3-80b4-9a2dc6fbfb56,bicycle,trip_start,92,2026-09-27T15:09:49Z,POINT (-9.13636 38.75176)
c50e42f9-0c98-47fd-9da6-02e05e7340b3,e8eb2af2-f261-45a8-91cd-424e42a85121,Dott,21e4401e-9669-4a8b-ad66-ea22afdffecd,scooter,trip_start,59,2026-09-27T15:19:35Z,POINT (-9.13741 38.71606)
5bf3e90a-d47a-450c-b548-c4491122e66b,aa36434e-f251-4c63-8d4e-86a538cc03aa,Gira,14d9842e-a13f-4b2f-ab50-f6575a726d5e,bicycle,maintenance,49,2026-09-27T15:29:05Z,POINT (-9.17502 38.70204)
ac6b9d3e-9e3f-49d5-bc6c-13046c6ccf29,7cf3c256-32b9-4409-93fb-64afebede10d,Bolt,5af93444-6081-414d-8915-68af1146615f,scooter,trip_start,49,2026-09-27T15:31:55Z,POINT (-9.17607 38.70466)
44572667-3905-4074-98a3-8af15e3352cc,a08ff49b-6f77-4632-a16c-43069c43a8c3,Lime,bb4e65a3-8848-43ee-bf99-c1f53591af0e,scooter,trip_start,33,2026-09-27T15:48:47Z,POINT (-9.17820 38.70334)
3168d484-f201-4c7a-9607-906ab3905848,7cf3c256-32b9-4409-93fb-64afebede10d,Bolt,50239dd0-0ceb-4c14-94cc-29386abbc94f,scooter,trip_end,67,2026-09-27T15:58:05Z,POINT (-9.11814 38.71609)
854a6b13-15d0-435a-b9f7-410dc4cf933a,aa36434e-f251-4c63-8d4e-86a538cc03aa,Gira,14d9842e-a13f-4b2f-ab50-f6575a726d5e,bicycle,trip_end,57,2026-09-27T16:01:30Z,POINT (-9.14530 38.71766)
99646be4-a6c6-4622-a668-dcc211d9e1be,7cf3c256-32b9-4409-93fb-64afebede10d,Bolt,de1d1389-2c83-43c4-b145-f83cb33557d0,scooter,cancel_reservation,98,2026-09-27T16:11:03Z,POINT (-9.17615 38.70104)
1bfd6785-55f9-4824-86a7-0b0197052a66,a08ff49b-6f77-4632-a16c-43069c43a8c3,Lime,c3b109bf-3623-4a20-9a44-df1ddaa9bc82,scooter,trip_start,64,2026-09-27T16:52:10Z,POINT (-9.13358 38.71603)
4809ee64-b96d-457a-8a45-da9b6f496318,e8eb2af2-f261-45a8-91cd-424e42a85121,Dott,3537861c-b0cd-4770-ae8b-ad80cc16bef5,bicycle,trip_end,72,2026-09-27T16:55:56Z,POINT (-9.20349 38.70330)
cae4f11c-01f2-4e3e-b1e4-253f3fa327fb,7cf3c256-32b9-4409-93fb-64afebede10d,Bolt,3949564b-b355-4809-b5ad-4763991502ab,scooter,trip_end,71,2026-09-27T16:57:46Z,POINT (-9.20409 38.69831)
b07d5820-832f-45a3-8d9e-94e8be21bcf3,7cf3c256-32b9-4409-93fb-64afebede10d,Bolt,370db622-9cc5-462b-bf2c-ec908b4f60da,scooter,low_battery,13,2026-09-27T17:14:25Z,POINT (-9.14725 38.70661)
82f059e3-c009-4b7d-aac2-dc32ec6b1a38,a08ff49b-6f77-4632-a16c-43069c43a8c3,Lime,6b4f4a77-4686-4d1d-99f8-dfa799a3d9fb,bicycle,trip_start,51,2026-09-27T17:14:29Z,POINT (-9.14137 38.70649)
32da2623-639b-4d3b-a624-8b91c4b386de,a08ff49b-6f77-4632-a16c-43069c43a8c3,Lime,1191616d-f10f-4ea2-b6dc-f9fc266913ba,scooter,low_battery,7,2026-09-27T17:14:38Z,POINT (-9.20276 38.69708)
824dd5db-147f-4b62-92a3-058be0e0a140,a08ff49b-6f77-4632-a16c-43069c43a8c3,Lime,ab57ce07-4d3f-420b-8193-949496ce47e5,scooter,trip_start,60,2026-09-27T17:20:05Z,POINT (-9.12873 38.71657)
03bf7615-795c-4a2c-a4f8-35ee96d1208c,7cf3c256-32b9-4409-93fb-64afebede10d,Bolt,73c82101-b9fe-4a66-99b4-de7ae181ad7d,scooter,trip_end,56,2026-09-27T17:25:29Z,POINT (-9.12129 38.71505)
a526b1b7-303a-4be1-8cc4-ae5f9e9324d0,aa1883c4-ffd0-40f5-bd14-dcc312684e4e,Voi,4ee451ad-a72c-4fd6-b033-7490b1a92654,scooter,low_battery,12,2026-09-27T17:53:05Z,POINT (-9.14143 38.73886)
7ca764ad-e5f2-4b36-af0a-87603b17fa15,aa1883c4-ffd0-40f5-bd14-dcc312684e4e,Voi,c729e73f-cf45-44ae-b9c3-07b3708898ca,scooter,trip_start,56,2026-09-27T17:53:14Z,POINT (-9.15217 38.71012)
f8bdb1dd-8a83-4b98-8cd8-8fe0bb6c7bed,7cf3c256-32b9-4409-93fb-64afebede10d,Bolt,22b90ef4-4f54-4380-aad7-4c99c40e3871,scooter,trip_end,91,2026-09-27T17:55:12Z,POINT (-9.18358 38.70849)
990944df-0101-41cd-b2bb-ce4a84c6849b,e8eb2af2-f261-45a8-91cd-424e42a85121,Dott,30978901-c050-4aac-9fbb-a7910ecc9670,scooter,trip_start,61,2026-09-27T17:56:31Z,POINT (-9.13166 38.71445)
dfa9d1e9-d3be-44d6-b56a-018bdfb0f162,aa36434e-f251-4c63-8d4e-86a538cc03aa,Gira,505b8522-b2f5-4c21-a1b9-60f52f6150fb,bicycle,trip_start,69,2026-09-27T17:58:24Z,POINT (-9.13103 38.74649)
7817f0ad-581a-408f-8258-8f49eb954ca0,e8eb2af2-f261-45a8-91cd-424e42a85121,Dott,8569a374-0749-4780-bfc0-60b51059896d,scooter,trip_end,65,2026-09-27T18:13:42Z,POINT (-9.12537 38.71853)
b4e9811f-0580-40c3-bef4-8650258a71c0,7cf3c256-32b9-4409-93fb-64afebede10d,Bolt,ccf0b5f3-3d5e-4dbb-86e6-742ac1c321f4,scooter,trip_start,91,2026-09-27T18:17:22Z,POINT (-9.17901 38.70139)
88823563-a2ed-4d2d-b7bc-320d5667f29b,a08ff49b-6f77-4632-a16c-43069c43a8c3,Lime,ab68a027-9ead-4272-9988-bd392fc0c85b,bicycle,trip_start,69,2026-09-27T18:32:47Z,POINT (-9.17039 38.71479)
90797acf-d6b3-46bb-89a7-57ead50e5e56,a08ff49b-6f77-4632-a16c-43069c43a8c3,Lime,7f4990cc-90e3-442d-acf1-5c6bad4fad06,bicycle,trip_end,100,2026-09-27T19:05:36Z,POINT (-9.20360 38.69601)
5ab28a21-c054-485f-9fdd-dcdc2716fa91,aa36434e-f251-4c63-8d4e-86a538cc03aa,Gira,edce8068-1074-4864-95f3-d69a1e24fce5,bicycle,reserve,31,2026-09-27T19:20:31Z,POINT (-9.13726 38.71465)
7763cbee-f828-463e-bbd5-8f037b342d57,a08ff49b-6f77-4632-a16c-43069c43a8c3,Lime,4f7570ac-31ab-4042-bf48-92c1fb887892,bicycle,trip_start,64,2026-09-27T19:30:39Z,POINT (-9.14425 38.73839)
e1c905f2-f153-4256-b4b1-eef89f1e14df,e8eb2af2-f261-45a8-91cd-424e42a85121,Dott,36e6d145-c96c-4627-9c3e-dafaac1948b1,scooter,trip_start,100,2026-09-27T19:42:07Z,POINT (-9.10948 38.73489)
c668e530-5c6d-4760-b064-d7dd99e56ad2,aa36434e-f251-4c63-8d4e-86a538cc03aa,Gira,605b903e-fe54-4592-becc-19990bdfdb49,bicycle,cancel_reservation,36,2026-09-27T19:43:43Z,POINT (-9.13167 38.71835)
865b3407-92da-4e43-ac5a-f16f6c245a4f,7cf3c256-32b9-4409-93fb-64afebede10d,Bolt,920d73a3-b403-4e23-b47e-0ac0f90305ff,scooter,trip_start,87,2026-09-27T19:57:56Z,POINT (-9.14005 38.71312)
d82ca9df-637f-4484-8844-f011f22da47e,e8eb2af2-f261-45a8-91cd-424e42a85121,Dott,f58121e0-0c36-46d3-afab-8c17ab0a1d05,scooter,trip_start,88,2026-09-27T20:05:42Z,POINT (-9.14575 38.73679)
1839f8bc-88ae-423f-9520-f1c31e9f1b68,a08ff49b-6f77-4632-a16c-43069c43a8c3,Lime,5e6994ef-58cb-4994-a5c1-44ebe3d7c256,scooter,rebalance_pick_up,46,2026-09-27T20:09:36Z,POINT (-9.13242 38.71246)
a508b4ed-095f-476f-97bc-ae614bda04e5,a08ff49b-6f77-4632-a16c-43069c43a8c3,Lime,b93e7681-bedb-4bbd-917a-957bd8778062,bicycle,trip_end,89,2026-09-27T20:11:48Z,POINT (-9.16551 38.71180)
706ff436-7b5d-4bec-91ae-922f3ed2354c,e8eb2af2-f261-45a8-91cd-424e42a85121,Dott,05f64acc-67fd-42c6-b791-689ef6733401,scooter,trip_end,31,2026-09-27T20:13:11Z,POINT (-9.14750 38.70977)
dbb6e44c-3d66-40a9-9fb8-34f45fe34c08,a08ff49b-6f77-4632-a16c-43069c43a8c3,Lime,4a40e713-fa23-4b8d-b574-acee683adece,scooter,low_battery,15,2026-09-27T20:14:14Z,POINT (-9.15265 38.71434)
aaf9c52a-bb9e-42b7-93fa-6db943ac71a9,a08ff49b-6f77-4632-a16c-43069c43a8c3,Lime,1763b74c-d9a8-4694-92cc-a109bb1ee938,bicycle,low_battery,5,2026-09-27T20:20:40Z,POINT (-9.13838 38.72027)
354ddb01-c169-4404-be94-f4974f69cd4c,e8eb2af2-f261-45a8-91cd-424e42a85121,Dott,7f7c3924-5c88-4883-8a05-7e9775a4328f,scooter,rebalance_drop_off,63,2026-09-27T20:21:23Z,POINT (-9.10974 38.76235)
139f7ee4-9fb1-435c-a96a-9ec8266a05b2,7cf3c256-32b9-4409-93fb-64afebede10d,Bolt,df5b2828-58cd-432d-bc55-aa2c8420c3ec,scooter,low_battery,8,2026-09-27T20:23:54Z,POINT (-9.17365 38.70309)
d8564f67-b94f-4fd4-8e86-298d3a3e8b95,aa1883c4-ffd0-40f5-bd14-dcc312684e4e,Voi,487330a5-db52-4f12-8943-ae48c694f070,scooter,reserve,89,2026-09-27T20:43:28Z,POINT (-9.14721 38.71740)
e5a3f731-a386-4f4d-9cf7-879f9a255300,e8eb2af2-f261-45a8-91cd-424e42a85121,Dott,36e6d145-c96c-4627-9c3e-dafaac1948b1,bicycle,trip_start,81,2026-09-27T20:59:42Z,POINT (-9.14692 38.71044)
fa1bd84d-32bc-4e04-94ca-24d49bb04916,e8eb2af2-f261-45a8-91cd-424e42a85121,Dott,de10aef2-1ef4-4d1e-83da-1e1fc7493528,scooter,trip_end,63,2026-09-27T21:26:59Z,POINT (-9.08767 38.76749)
dc16f885-2a5e-4d22-bf5f-3acc2c0fc899,e8eb2af2-f261-45a8-91cd-424e42a85121,Dott,a4d95b93-754f-4b9a-bdd2-305dc5ee94be,scooter,trip_end,72,2026-09-27T21:57:06Z,POINT (-9.14544 38.70935)
2626b3bd-1874-457f-a2b8-006b99691760,7cf3c256-32b9-4409-93fb-64afebede10d,Bolt,56776c3c-38e9-47b9-9e2a-0f19ea041741,scooter,reserve,52,2026-09-27T22:37:42Z,POINT (-9.14002 38.75237)
c8242c4b-fca7-44b9-85d7-e71b254654cd,e8eb2af2-f261-45a8-91cd-424e42a85121,Dott,bd67f460-81d3-4c86-918b-a1da249d7648,scooter,provider_drop_off,32,2026-09-27T22:50:13Z,POINT (-9.11184 38.73600)
a4350719-7549-442b-8218-1ec0c2d1b937,e8eb2af2-f261-45a8-91cd-424e42a85121,Dott,0a3d5841-53d6-47ed-8f95-55af66c90bc8,scooter,trip_end,26,2026-09-27T22:56:43Z,POINT (-9.14413 38.71276)
84e3a124-4541-4c0d-b336-9fd13edbb1a7,7cf3c256-32b9-4409-93fb-64afebede10d,Bolt,5af93444-6081-414d-8915-68af1146615f,scooter,maintenance,72,2026-09-27T23:02:26Z,POINT (-9.14239 38.71684)
ccd1f4d4-3da4-4c85-9bdd-9950e4aea1bf,7cf3c256-32b9-4409-93fb-64afebede10d,Bolt,20e2e7e4-8b56-4026-a746-de705bec8cc5,scooter,trip_end,88,2026-09-27T23:18:43Z,POINT (-9.20631 38.69519)
a25b0a31-9ddd-4623-91c2-ad720914c208,7cf3c256-32b9-4409-93fb-64afebede10d,Bolt,36d0fbc2-b532-4596-8962-2661fe174ed4,scooter,trip_end,29,2026-09-27T23:43:39Z,POINT (-9.14252 38.70572)
6154181f-95e1-4e1c-894e-476f9f77a441,7cf3c256-32b9-4409-93fb-64afebede10d,Bolt,36d0fbc2-b532-4596-8962-2661fe174ed4,scooter,trip_start,92,2026-09-27T23:45:04Z,POINT (-9.14685 38.71098)
417bb424-f2fd-4c51-bb0c-141a911cc1b5,e8eb2af2-f261-45a8-91cd-424e42a85121,Dott,ae9cdd57-7328-4d05-9eb2-50f9d0ea9f6d,bicycle,rebalance_drop_off,71,2026-09-27T23:46:31Z,POINT (-9.13602 38.71170)
21ed905b-6a91-48af-af8a-772e5bb09cf7,aa1883c4-ffd0-40f5-bd14-dcc312684e4e,Voi,0566db8d-95a1-4a1c-99b1-4df90c13b9e0,scooter,trip_end,94,2026-09-28T01:00:11Z,POINT (-9.13836 38.70924)
f14e8b26-daab-4faa-bb4d-64ee91bca6cf,7cf3c256-32b9-4409-93fb-64afebede10d,Bolt,a7f0654d-3632-4b53-993e-3cf492c91d44,scooter,rebalance_drop_off,94,2026-09-28T02:12:31Z,POINT (-9.14508 38.72292)
c1395a3e-a12b-4a1f-b57b-d0d8163ffcbd,a08ff49b-6f77-4632-a16c-43069c43a8c3,Lime,4a779d01-94aa-4255-b9b4-482e3ffccb37,bicycle,trip_start,89,2026-09-28T02:57:40Z,POINT (-9.14424 38.73735)
12cfc4c4-86c1-41ca-9ad0-8b9a9fb2c2d0,7cf3c256-32b9-4409-93fb-64afebede10d,Bolt,a10b93b8-5691-490e-8143-c3cf38d226df,scooter,rebalance_pick_up,70,2026-09-28T03:32:10Z,POINT (-9.14796 38.73441)
03e9a8bb-e9ba-4777-8ac3-a20ff3547835,aa36434e-f251-4c63-8d4e-86a538cc03aa,Gira,5c41df6d-71cd-49ca-85b6-26edcff21b15,bicycle,trip_end,75,2026-09-28T03:48:44Z,POINT (-9.14471 38.70916)
f7516c5f-3581-469f-9c85-0f17dd5dc6e1,7cf3c256-32b9-4409-93fb-64afebede10d,Bolt,df5b2828-58cd-432d-bc55-aa2c8420c3ec,scooter,trip_end,87,2026-09-28T04:59:02Z,POINT (-9.10855 38.72895)
0b986639-9793-4db7-bdc6-017093e811a4,a08ff49b-6f77-4632-a16c-43069c43a8c3,Lime,9a2e8ee3-b378-4d87-ae27-ec72c79dc27e,bicycle,trip_start,56,2026-09-28T05:01:40Z,POINT (-9.15788 38.75033)
b753d8cb-1d2e-480f-b869-22331334a737,e8eb2af2-f261-45a8-91cd-424e42a85121,Dott,7fa21d53-1976-46ef-abaf-94a99b2e8ca4,bicycle,low_battery,11,2026-09-28T06:14:56Z,POINT (-9.14109 38.71704)
52302805-2883-4619-b62b-16556f1999c5,a08ff49b-6f77-4632-a16c-43069c43a8c3,Lime,6a6573de-c6be-48e9-af4b-f6b9f09507b9,scooter,trip_start,58,2026-09-28T06:36:58Z,POINT (-9.13811 38.71418)
dac0720c-b162-4414-8ea7-15c1b55f012c,7cf3c256-32b9-4409-93fb-64afebede10d,Bolt,8d943767-66fa-4329-a57e-d3f3dd2514c2,scooter,trip_start,50,2026-09-28T07:02:36Z,POINT (-9.13500 38.73140)
8862e2e3-e718-4407-884e-a9356998645b,7cf3c256-32b9-4409-93fb-64afebede10d,Bolt,a6ee3b14-19c9-475b-8b33-0dd839a13c4e,scooter,provider_pick_up,100,2026-09-28T07:07:03Z,POINT (-9.15977 38.71914)
c10a4b9b-513c-4e8e-b8bd-7c98e6c98520,a08ff49b-6f77-4632-a16c-43069c43a8c3,Lime,156bb1ca-d760-4ab9-a5e1-dea83898e499,scooter,cancel_reservation,62,2026-09-28T07:10:08Z,POINT (-9.14700 38.72582)
0a923654-bf9f-4812-8b1b-dad556bb6ade,a08ff49b-6f77-4632-a16c-43069c43a8c3,Lime,5636df12-9f7c-4fdb-b92f-89c6fe9cbcf7,scooter,trip_start,85,2026-09-28T07:11:19Z,POINT (-9.14884 38.72824)
65bbe742-56a3-488c-8465-38324e34831d,7cf3c256-32b9-4409-93fb-64afebede10d,Bolt,4d6fc572-dba1-4eb2-b0d5-a3a726ffa388,scooter,trip_end,37,2026-09-28T07:13:22Z,POINT (-9.14840 38.74841)
e4a9447d-67bb-4acc-abe6-284875803a4a,aa36434e-f251-4c63-8d4e-86a538cc03aa,Gira,620f47f4-d470-45b5-b61a-350f07136ed4,bicycle,rebalance_drop_off,54,2026-09-28T07:19:11Z,POINT (-9.14533 38.73945)
59c72569-7919-4b4a-939c-faef968c28cd,a08ff49b-6f77-4632-a16c-43069c43a8c3,Lime,a1374f51-c7f9-49a0-bd02-2b9d68d2f3a1,bicycle,cancel_reservation,49,2026-09-28T07:21:39Z,POINT (-9.14959 38.73449)
5fc7a646-c4e9-401c-b411-af48103d45cd,7cf3c256-32b9-4409-93fb-64afebede10d,Bolt,c61537dd-d2bc-4b1a-a12f-e284c331508d,scooter,trip_end,89,2026-09-28T07:51:31Z,POINT (-9.17494 38.75959)
b27d4b81-aa63-4c5f-aad5-41a2f4e14320,e8eb2af2-f261-45a8-91cd-424e42a85121,Dott,45ac8f9b-cf49-48e1-ae54-7c945c8f70eb,scooter,trip_end,56,2026-09-28T08:08:53Z,POINT (-9.15717 38.71878)
cd36c71c-86ee-450a-9302-670eab84aa30,a08ff49b-6f77-4632-a16c-43069c43a8c3,Lime,d6b03f30-702e-4b14-ae5c-c94065f9ba6f,scooter,trip_start,82,2026-09-28T08:22:17Z,POINT (-9.20650 38.69824)
6e0e0680-dbd3-4e67-9af2-ffed495c65a3,a08ff49b-6f77-4632-a16c-43069c43a8c3,Lime,0203f6b9-5b86-448e-aa1b-5587bab5e0d0,scooter,low_battery,8,2026-09-28T08:22:53Z,POINT (-9.10034 38.77342)
d42d7dbe-86ad-4c9d-9c00-57b795598966,a08ff49b-6f77-4632-a16c-43069c43a8c3,Lime,54a34579-97d3-4406-ba95-a96046fc151b,bicycle,trip_end,33,2026-09-28T08:35:46Z,POINT (-9.13865 38.72196)
98f1c4e3-9144-4230-9963-45dd7a3a68ca,a08ff49b-6f77-4632-a16c-43069c43a8c3,Lime,7a67d56b-f640-4a48-9f5e-97f2ecd20944,scooter,rebalance_pick_up,98,2026-09-28T08:43:06Z,POINT (-9.12176 38.71272)
f3afc131-2808-4be5-80b1-e448f93dece7,a08ff49b-6f77-4632-a16c-43069c43a8c3,Lime,d6b03f30-702e-4b14-ae5c-c94065f9ba6f,scooter,low_battery,4,2026-09-28T08:47:07Z,POINT (-9.09895 38.76517)
866c0aef-6dde-4675-9d2a-ef31c02db830,7cf3c256-32b9-4409-93fb-64afebede10d,Bolt,8d943767-66fa-4329-a57e-d3f3dd2514c2,scooter,trip_start,94,2026-09-28T08:47:40Z,POINT (-9.15154 38.73811)
4a5d5c53-f5aa-4e0e-9700-8a23eb38d546,a08ff49b-6f77-4632-a16c-43069c43a8c3,Lime,4f7570ac-31ab-4042-bf48-92c1fb887892,bicycle,trip_start,47,2026-09-28T09:10:46Z,POINT (-9.14708 38.74268)
68f68cda-fd2b-4bb0-b48a-099674491fc9,aa36434e-f251-4c63-8d4e-86a538cc03aa,Gira,6685314e-5877-4760-acb2-1fe1b1fb379e,bicycle,trip_start,96,2026-09-28T09:15:09Z,POINT (-9.14644 38.72337)
aa9e70aa-e76d-4656-be69-7c9bce547fa7,7cf3c256-32b9-4409-93fb-64afebede10d,Bolt,fcbf1b0a-7349-4f43-95c2-585922da8e83,scooter,cancel_reservation,98,2026-09-28T09:15:25Z,POINT (-9.16255 38.72447)
b70451c1-8ca8-46fe-8738-79814939f78a,7cf3c256-32b9-4409-93fb-64afebede10d,Bolt,d96c982a-cd46-42ab-ad43-3f03cc68e4b2,scooter,trip_start,99,2026-09-28T09:20:40Z,POINT (-9.17078 38.71491)
64e08a48-3607-4dff-9b0c-7f591f83b17c,a08ff49b-6f77-4632-a16c-43069c43a8c3,Lime,fc028e89-6985-4463-a22c-fe1375003876,scooter,trip_end,43,2026-09-28T09:22:40Z,POINT (-9.15255 38.72738)
a847906d-7e21-4234-a831-c10f807426a8,aa36434e-f251-4c63-8d4e-86a538cc03aa,Gira,783e89a4-d5dc-4115-a141-032a6e9748a8,bicycle,low_battery,15,2026-09-28T09:25:26Z,POINT (-9.13977 38.73240)
a528cc47-bcfa-459b-b60d-433dc862968b,7cf3c256-32b9-4409-93fb-64afebede10d,Bolt,b807201b-8215-41d2-8166-e192a2c75b24,scooter,trip_end,93,2026-09-28T10:43:19Z,POINT (-9.20903 38.70386)
4708cc46-9c13-4f40-bac9-7cd524cfc5a2,e8eb2af2-f261-45a8-91cd-424e42a85121,Dott,feb976b5-da66-45a8-b57b-7aec4713ec63,bicycle,trip_start,65,2026-09-28T10:43:46Z,POINT (-9.13649 38.70969)
a9be4df0-e34a-44ca-89e5-9893034615c6,aa1883c4-ffd0-40f5-bd14-dcc312684e4e,Voi,d902301d-806d-410e-b62b-09564b361dfe,scooter,reserve,91,2026-09-28T11:18:12Z,POINT (-9.14132 38.74694)
c17a99a5-78b8-450e-a74c-50efd0e7c864,a08ff49b-6f77-4632-a16c-43069c43a8c3,Lime,713cdac6-b84b-49c3-bfd2-f3e5f587668c,bicycle,rebalance_drop_off,56,2026-09-28T11:31:26Z,POINT (-9.14664 38.73214)
4f4dff1b-c2ff-484c-92c2-693b819978d6,a08ff49b-6f77-4632-a16c-43069c43a8c3,Lime,c6816f7e-12d4-4aa4-911f-e4e0181a4476,bicycle,trip_start,84,2026-09-28T11:31:26Z,POINT (-9.21242 38.69439)
91e2dba9-453d-439b-b734-871ef6b72a39,aa36434e-f251-4c63-8d4e-86a538cc03aa,Gira,838abeb6-9799-48c7-b24d-03bb261d6f4b,bicycle,trip_start,28,2026-09-28T12:25:44Z,POINT (-9.13091 38.71622)
d20dac1e-2963-44f3-950b-d172718fc7e8,a08ff49b-6f77-4632-a16c-43069c43a8c3,Lime,3c9f37e5-d143-4e3e-9999-f2ab1669306f,scooter,reserve,41,2026-09-28T12:35:46Z,POINT (-9.14112 38.70671)
03b8a8f4-d319-42f4-a79b-7d6626c264e0,7cf3c256-32b9-4409-93fb-64afebede10d,Bolt,20e2e7e4-8b56-4026-a746-de705bec8cc5,scooter,reserve,45,2026-09-28T12:42:31Z,POINT (-9.14899 38.73864)
e924a9ec-36e3-433a-94c9-ec602468a2f8,aa1883c4-ffd0-40f5-bd14-dcc312684e4e,Voi,822cc5e9-42eb-4a47-a01a-4824d8fa8091,scooter,rebalance_pick_up,38,2026-09-28T12:47:40Z,POINT (-9.13114 38.71367)
9f6460d4-4849-4723-a4dd-f0ee68f4d1ab,a08ff49b-6f77-4632-a16c-43069c43a8c3,Lime,db4fd9c8-4efb-471a-a772-c7ba04eedb66,scooter,maintenance,67,2026-09-28T12:49:04Z,POINT (-9.10583 38.73797)
c1495919-cc69-4b49-bc7f-6beb102b4f35,aa36434e-f251-4c63-8d4e-86a538cc03aa,Gira,5c41df6d-71cd-49ca-85b6-26edcff21b15,bicycle,maintenance,63,2026-09-28T12:55:23Z,POINT (-9.12214 38.72027)
ce358b95-fb68-4c88-a094-6a06d85f5730,e8eb2af2-f261-45a8-91cd-424e42a85121,Dott,3537861c-b0cd-4770-ae8b-ad80cc16bef5,scooter,trip_end,90,2026-09-28T13:01:19Z,POINT (-9.15614 38.70905)
d14a5371-0114-4a3c-9b9e-c463af8aeb37,7cf3c256-32b9-4409-93fb-64afebede10d,Bolt,370db622-9cc5-462b-bf2c-ec908b4f60da,scooter,rebalance_pick_up,100,2026-09-28T13:19:58Z,POINT (-9.21251 38.69786)
5fa3d9ac-0a31-4489-93d2-d1119e38199e,a08ff49b-6f77-4632-a16c-43069c43a8c3,Lime,a1374f51-c7f9-49a0-bd02-2b9d68d2f3a1,bicycle,trip_start,32,2026-09-28T13:26:20Z,POINT (-9.14387 38.74593)
5205583f-5f97-49d8-86a3-56e6fbb20bb7,a08ff49b-6f77-4632-a16c-43069c43a8c3,Lime,0203f6b9-5b86-448e-aa1b-5587bab5e0d0,scooter,maintenance,50,2026-09-28T13:27:42Z,POINT (-9.13234 38.71227)
1c5140b3-b803-4d9f-80f0-536f45fe1bd5,aa1883c4-ffd0-40f5-bd14-dcc312684e4e,Voi,4ac47eaa-9269-4ff0-9fd9-e9ef0272259e,scooter,trip_start,94,2026-09-28T13:44:07Z,POINT (-9.20915 38.70049)
d2625c6d-30c8-4b88-91f5-170c16c3c31e,a08ff49b-6f77-4632-a16c-43069c43a8c3,Lime,db4fd9c8-4efb-471a-a772-c7ba04eedb66,scooter,rebalance_drop_off,69,2026-09-28T13:45:11Z,POINT (-9.20272 38.70124)
a0d324b1-836c-43c6-a832-5d355575e938,7cf3c256-32b9-4409-93fb-64afebede10d,Bolt,5af93444-6081-414d-8915-68af1146615f,scooter,rebalance_pick_up,40,2026-09-28T14:43:33Z,POINT (-9.13363 38.71527)
e4f93671-6711-4e52-b314-c704b83817ea,7cf3c256-32b9-4409-93fb-64afebede10d,Bolt,b5188819-ee99-40d7-b7b4-744da20ef2d4,scooter,trip_start,27,2026-09-28T15:11:18Z,POINT (-9.13274 38.74028)
c26bbb2d-e1aa-4338-b45b-2148fe9a8178,aa1883c4-ffd0-40f5-bd14-dcc312684e4e,Voi,64428920-fe4a-4720-b887-5f037fed4f3e,scooter,rebalance_pick_up,57,2026-09-28T15:16:25Z,POINT (-9.21674 38.70104)
1d39cb5a-23b7-4574-a650-66e25e986cc6,a08ff49b-6f77-4632-a16c-43069c43a8c3,Lime,db4fd9c8-4efb-471a-a772-c7ba04eedb66,bicycle,trip_end,37,2026-09-28T15:22:14Z,POINT (-9.13742 38.71604)
3686cafe-3100-4391-b371-f29c0f646633,e8eb2af2-f261-45a8-91cd-424e42a85121,Dott,d3e44787-d4ea-4982-bb63-c1b85c0dd9d5,scooter,trip_end,44,2026-09-28T15:28:12Z,POINT (-9.14070 38.70974)
3d7dba79-9def-4dcf-9b5a-c1bb4b0dc392,e8eb2af2-f261-45a8-91cd-424e42a85121,Dott,25fa4c2a-eb2d-4633-a7b0-46a722782600,scooter,trip_end,30,2026-09-28T15:28:30Z,POINT (-9.11233 38.74005)
764516af-d4ab-44f0-accf-b8be455719e4,aa36434e-f251-4c63-8d4e-86a538cc03aa,Gira,1351061c-525f-4b98-8fcd-88f869dd1092,bicycle,trip_start,79,2026-09-28T15:38:38Z,POINT (-9.14282 38.71056)
0b46a381-2a95-4d1a-b50a-4bff88e41e18,aa36434e-f251-4c63-8d4e-86a538cc03aa,Gira,68b95738-6c48-47fa-861b-573b2f49f73e,bicycle,trip_end,82,2026-09-28T16:10:42Z,POINT (-9.16860 38.71197)
4e585a03-f76a-40ec-979b-04d0d63bd650,e8eb2af2-f261-45a8-91cd-424e42a85121,Dott,7416e9c3-e357-4151-ac45-5f41bb36074f,bicycle,provider_pick_up,53,2026-09-28T16:24:20Z,POINT (-9.13578 38.71410)
ad1f8d1b-6aeb-44c6-9c5a-65c61528f21c,e8eb2af2-f261-45a8-91cd-424e42a85121,Dott,6d983729-9862-4b14-8e07-4db00ab18fd0,bicycle,trip_end,45,2026-09-28T16:33:16Z,POINT (-9.14293 38.71288)
934c7ff4-b1ee-4447-869c-b576b8167807,a08ff49b-6f77-4632-a16c-43069c43a8c3,Lime,e763443a-df95-4054-a7d4-a2d23730a246,scooter,reserve,100,2026-09-28T16:38:55Z,POINT (-9.12541 38.71353)
62570283-4873-45eb-9752-50e2e0e94fa4,7cf3c256-32b9-4409-93fb-64afebede10d,Bolt,528272e8-5213-4ccf-bf4d-8ce9d55d0f6b,scooter,trip_end,51,2026-09-28T17:05:37Z,POINT (-9.14120 38.71212)
f7f2123f-a833-4a5b-8ca9-a831a2976e8b,aa1883c4-ffd0-40f5-bd14-dcc312684e4e,Voi,e76c6c47-348f-46d9-8fcf-b0a1034f6c26,scooter,rebalance_drop_off,45,2026-09-28T17:08:46Z,POINT (-9.14536 38.73925)
c8e7fe8e-0928-4919-b983-bb19914240b0,7cf3c256-32b9-4409-93fb-64afebede10d,Bolt,8c71f5b3-43f9-49f9-9a39-cb14c6da5995,scooter,rebalance_drop_off,71,2026-09-28T17:19:45Z,POINT (-9.15590 38.71788)
93aee891-6394-4ae0-8f63-c766df23f2cc,7cf3c256-32b9-4409-93fb-64afebede10d,Bolt,44dd210c-4a51-43f4-b216-b977461759b7,scooter,trip_end,51,2026-09-28T17:40:00Z,POINT (-9.09182 38.76501)
38a6031f-caaa-4100-b5c3-74c6e899beb2,aa1883c4-ffd0-40f5-bd14-dcc312684e4e,Voi,e4edf51c-be9f-49b9-b51a-eaa62f7e43c6,scooter,trip_start,85,2026-09-28T17:49:02Z,POINT (-9.13682 38.70931)
ed9500e1-0f00-4369-96fa-1c36c646b8f5,7cf3c256-32b9-4409-93fb-64afebede10d,Bolt,af9ceb79-1bd7-4d19-8a69-32365a79c529,scooter,low_battery,14,2026-09-28T17:49:31Z,POINT (-9.14591 38.73336)
9d219d55-fb4d-48e0-894a-37806d20ea96,a08ff49b-6f77-4632-a16c-43069c43a8c3,Lime,e763443a-df95-4054-a7d4-a2d23730a246,scooter,trip_start,36,2026-09-28T17:50:41Z,POINT (-9.13975 38.71394)
2f248511-1c49-4cbf-9d26-815669928a5f,a08ff49b-6f77-4632-a16c-43069c43a8c3,Lime,5790e377-afab-41f9-a2c8-19c8405d10a4,bicycle,trip_start,83,2026-09-28T17:51:36Z,POINT (-9.14637 38.73577)
30b3cecd-c770-437d-a749-e57987d6ba8b,a08ff49b-6f77-4632-a16c-43069c43a8c3,Lime,5e6994ef-58cb-4994-a5c1-44ebe3d7c256,bicycle,reserve,76,2026-09-28T18:04:33Z,POINT (-9.20080 38.70041)
047dddff-1304-443b-a85f-09515e7e8cf3,a08ff49b-6f77-4632-a16c-43069c43a8c3,Lime,5790e377-afab-41f9-a2c8-19c8405d10a4,scooter,reserve,84,2026-09-28T18:08:06Z,POINT (-9.14437 38.72379)
1de25528-729d-4cbd-8598-16202d285b0b,a08ff49b-6f77-4632-a16c-43069c43a8c3,Lime,5636df12-9f7c-4fdb-b92f-89c6fe9cbcf7,scooter,provider_drop_off,58,2026-09-28T18:19:26Z,POINT (-9.19812 38.69678)
584bb805-2b85-4a8e-8b19-884dcaefb69d,aa1883c4-ffd0-40f5-bd14-dcc312684e4e,Voi,01e25e66-00ba-40ee-a58d-ad9344f99f69,scooter,trip_start,52,2026-09-28T18:20:35Z,POINT (-9.12957 38.71673)
c0347cfa-bd6e-4df9-a1b2-29b7045c1ed3,7cf3c256-32b9-4409-93fb-64afebede10d,Bolt,30263074-bcd3-496e-bf58-222725565161,scooter,low_battery,8,2026-09-28T18:23:26Z,POINT (-9.14508 38.74004)
415d1a68-4bb2-42b2-b1b5-77f727713104,a08ff49b-6f77-4632-a16c-43069c43a8c3,Lime,239eebd0-357a-4935-8b7f-8689585bbae2,bicycle,rebalance_pick_up,30,2026-09-28T18:28:56Z,POINT (-9.17725 38.70401)
8db9bdb1-a2f3-4ffe-9ea9-a75a2e5cd786,a08ff49b-6f77-4632-a16c-43069c43a8c3,Lime,f999ed29-b6e9-4ecb-8088-7fc7f6bf74a1,scooter,maintenance,71,2026-09-28T18:39:10Z,POINT (-9.14356 38.73310)
78546f74-eab0-4d62-b73a-b5962e850351,aa1883c4-ffd0-40f5-bd14-dcc312684e4e,Voi,a32698fd-e08a-4c31-81e7-8c9a0f2225ff,scooter,low_battery,10,2026-09-28T18:47:37Z,POINT (-9.14147 38.71378)
38e303ca-9d7e-4339-908b-cc89ae21dffb,a08ff49b-6f77-4632-a16c-43069c43a8c3,Lime,7f66a58a-eae7-47e3-8580-1a0e28239a44,scooter,trip_end,52,2026-09-28T18:51:56Z,POINT (-9.12684 38.71854)
c5141b0f-00ba-4c3d-ab4c-e40015e36b58,aa1883c4-ffd0-40f5-bd14-dcc312684e4e,Voi,cdb3c3d7-dfe4-4c9f-b068-d2d0f8f6a0d3,scooter,cancel_reservation,30,2026-09-28T18:52:33Z,POINT (-9.14475 38.74069)
24a379de-50f5-474f-b76a-ced14a796ea9,e8eb2af2-f261-45a8-91cd-424e42a85121,Dott,cc7fcba9-3dfa-4e6b-9c53-67705dddb6b5,scooter,reserve,65,2026-09-28T18:53:05Z,POINT (-9.14857 38.72187)
bbec61e1-9096-4969-9ec4-0f4be7617297,a08ff49b-6f77-4632-a16c-43069c43a8c3,Lime,54a34579-97d3-4406-ba95-a96046fc151b,scooter,low_battery,15,2026-09-28T19:02:13Z,POINT (-9.14168 38.72750)
adfd0fa8-1425-4871-891a-96fb22717cde,aa36434e-f251-4c63-8d4e-86a538cc03aa,Gira,52e4c27e-364d-47d8-809d-c0dde02b98f4,bicycle,rebalance_drop_off,83,2026-09-28T19:18:34Z,POINT (-9.11973 38.71979)
116cdb25-d0d7-4f24-9319-b1a05c679a4b,aa36434e-f251-4c63-8d4e-86a538cc03aa,Gira,607d0e92-70d5-4a0f-9193-c2225494f02f,bicycle,trip_start,63,2026-09-28T19:20:08Z,POINT (-9.13278 38.75580)
1fdd3a3e-ecc6-48c4-88ab-07da51d1cab0,7cf3c256-32b9-4409-93fb-64afebede10d,Bolt,59fd1a30-96d1-4f7f-b425-1fbd4aa7fe6c,scooter,trip_start,54,2026-09-28T19:20:14Z,POINT (-9.14241 38.71195)
be4eae5a-1e4b-418e-bc5b-e559e6d07261,aa36434e-f251-4c63-8d4e-86a538cc03aa,Gira,78c9c081-2bd7-4eb9-8b33-52b7cd45e8c3,bicycle,trip_start,28,2026-09-28T19:29:26Z,POINT (-9.13918 38.73134)
22c348a5-60b5-4c59-a9fd-c5ceb588d558,aa1883c4-ffd0-40f5-bd14-dcc312684e4e,Voi,0ad3b81f-2c3f-416b-a938-4753d01927db,scooter,reserve,82,2026-09-28T19:43:39Z,POINT (-9.14262 38.71384)
1ff6fcfe-8cfb-40c5-8409-3cb10b641966,a08ff49b-6f77-4632-a16c-43069c43a8c3,Lime,a1374f51-c7f9-49a0-bd02-2b9d68d2f3a1,scooter,trip_end,73,2026-09-28T19:45:43Z,POINT (-9.14505 38.73077)
247d12c2-83e9-46e7-92f9-74a429da386e,e8eb2af2-f261-45a8-91cd-424e42a85121,Dott,89868fc4-e104-44a3-8d8c-20a6298ce565,scooter,trip_start,25,2026-09-28T19:47:07Z,POINT (-9.14601 38.71111)
6bcaac21-3d1d-47de-8920-61199beec124,7cf3c256-32b9-4409-93fb-64afebede10d,Bolt,3949564b-b355-4809-b5ad-4763991502ab,scooter,provider_drop_off,93,2026-09-28T19:50:28Z,POINT (-9.14112 38.71079)
3c25a40e-0170-48d1-819d-fabfa5f10387,7cf3c256-32b9-4409-93fb-64afebede10d,Bolt,fcbf1b0a-7349-4f43-95c2-585922da8e83,scooter,rebalance_drop_off,54,2026-09-28T19:54:52Z,POINT (-9.14367 38.72041)
6d223793-7f2b-45b9-98f6-bbb2bbe8a2c6,a08ff49b-6f77-4632-a16c-43069c43a8c3,Lime,3b8d7e4f-a4a7-4eb6-b006-7779fe79a4d8,bicycle,maintenance,32,2026-09-28T19:56:57Z,POINT (-9.10682 38.76688)
7151d052-5c47-40d1-b076-5cc7bb728ba3,7cf3c256-32b9-4409-93fb-64afebede10d,Bolt,df5b2828-58cd-432d-bc55-aa2c8420c3ec,scooter,trip_end,66,2026-09-28T20:12:58Z,POINT (-9.14196 38.70847)
52a4bbb7-0a04-48bc-b32e-f4dd787649fc,aa36434e-f251-4c63-8d4e-86a538cc03aa,Gira,655118f4-079a-4625-80ce-418ced50293e,bicycle,provider_drop_off,53,2026-09-28T20:34:13Z,POINT (-9.13845 38.71417)
30b9da78-a208-4749-8892-af4b65659351,a08ff49b-6f77-4632-a16c-43069c43a8c3,Lime,567c7a9c-0022-4d60-9b79-a9c823ecf9ba,scooter,reserve,86,2026-09-28T20:40:57Z,POINT (-9.14868 38.70736)
9d3027ef-aa77-426e-bf0e-2149cff7a348,e8eb2af2-f261-45a8-91cd-424e42a85121,Dott,8569a374-0749-4780-bfc0-60b51059896d,scooter,trip_end,51,2026-09-28T21:21:05Z,POINT (-9.14428 38.71124)
e611f187-2fad-4bae-bc44-3f84a92e7101,aa36434e-f251-4c63-8d4e-86a538cc03aa,Gira,e244dfab-af53-4393-a7cc-bb9f7511cbaf,bicycle,trip_end,25,2026-09-28T22:01:42Z,POINT (-9.14227 38.73203)
c7a51ebc-d16b-4725-875d-65c7057cd2c2,e8eb2af2-f261-45a8-91cd-424e42a85121,Dott,2dd65b26-1706-4623-8a22-02d7d605a60c,scooter,low_battery,11,2026-09-28T22:04:48Z,POINT (-9.14554 38.70701)
e4b34d7c-a3e7-48a5-bcfc-2fb53ab71924,a08ff49b-6f77-4632-a16c-43069c43a8c3,Lime,54a34579-97d3-4406-ba95-a96046fc151b,scooter,trip_end,88,2026-09-28T23:13:22Z,POINT (-9.09901 38.77387)
d82c94de-c3b0-408e-827e-2392829429f5,a08ff49b-6f77-4632-a16c-43069c43a8c3,Lime,1763b74c-d9a8-4694-92cc-a109bb1ee938,bicycle,trip_start,62,2026-09-28T23:45:49Z,POINT (-9.12793 38.71529)
301e60d2-d020-4141-9315-d14b0eeb1328,e8eb2af2-f261-45a8-91cd-424e42a85121,Dott,21e4401e-9669-4a8b-ad66-ea22afdffecd,scooter,low_battery,12,2026-09-29T00:27:28Z,POINT (-9.14611 38.70747)
a3b0730b-5b8d-4df3-9273-c35afbf2c51b,7cf3c256-32b9-4409-93fb-64afebede10d,Bolt,d96c982a-cd46-42ab-ad43-3f03cc68e4b2,scooter,trip_start,48,2026-09-29T01:06:31Z,POINT (-9.11057 38.76006)
34d34f4d-0d6e-46bb-967d-35c5bd2b20f3,aa1883c4-ffd0-40f5-bd14-dcc312684e4e,Voi,5f8fc6cc-d771-44d9-b2e3-53c25a80cf03,scooter,provider_pick_up,76,2026-09-29T01:44:58Z,POINT (-9.14160 38.70755)
ee7298c1-2762-4817-b1ce-1cf40b773972,e8eb2af2-f261-45a8-91cd-424e42a85121,Dott,7811a11d-01f5-481e-922b-436f704d883b,bicycle,reserve,87,2026-09-29T01:49:33Z,POINT (-9.13982 38.70911)
f6b84b65-34f1-4c85-b394-e47c5fcb277a,e8eb2af2-f261-45a8-91cd-424e42a85121,Dott,e9022de4-f5cc-4fb8-80a5-c9b0b7a40cf3,bicycle,low_battery,13,2026-09-29T02:39:59Z,POINT (-9.13906 38.74427)
0bac1cce-92c8-46fb-b235-3db6ada430a0,e8eb2af2-f261-45a8-91cd-424e42a85121,Dott,92f9069a-1c20-4840-ad50-1cc91fce52b7,bicycle,reserve,70,2026-09-29T02:46:01Z,POINT (-9.11241 38.73838)
a7de8040-9caf-4128-83f4-5bcfdb2b9eee,a08ff49b-6f77-4632-a16c-43069c43a8c3,Lime,6193320b-017d-42f1-82ab-97f628261e7c,bicycle,low_battery,7,2026-09-29T03:40:00Z,POINT (-9.12957 38.75891)
97b2344c-a574-47a1-afd8-42494237c516,e8eb2af2-f261-45a8-91cd-424e42a85121,Dott,2dd65b26-1706-4623-8a22-02d7d605a60c,scooter,trip_start,46,2026-09-29T04:18:10Z,POINT (-9.15647 38.76130)
daf45777-a311-4034-8579-ea7011fa9a8c,e8eb2af2-f261-45a8-91cd-424e42a85121,Dott,e232b2ea-5383-4206-9d78-9df63da2a3fb,scooter,cancel_reservation,44,2026-09-29T05:19:51Z,POINT (-9.15484 38.72464)
1d195979-6b2d-4ca0-a8f7-dc553dc973d8,7cf3c256-32b9-4409-93fb-64afebede10d,Bolt,c31308a1-4399-4af1-a41a-dc897614bcf9,scooter,trip_start,35,2026-09-29T07:06:37Z,POINT (-9.14450 38.73929)
c00d40a5-a2ec-4094-99f9-3a75b557e585,7cf3c256-32b9-4409-93fb-64afebede10d,Bolt,393cd7a7-04a8-4dbb-b2f7-f26ba543bb20,scooter,rebalance_drop_off,63,2026-09-29T07:21:10Z,POINT (-9.13629 38.70984)
356d5408-94cc-48f1-a201-7eb3b7cd01d3,7cf3c256-32b9-4409-93fb-64afebede10d,Bolt,d4eed933-ddf8-47af-890b-18fa5a4fe730,scooter,trip_end,65,2026-09-29T07:36:28Z,POINT (-9.14212 38.73514)
9e337018-543d-4980-98ec-adf1151bf607,e8eb2af2-f261-45a8-91cd-424e42a85121,Dott,cc7fcba9-3dfa-4e6b-9c53-67705dddb6b5,scooter,trip_start,75,2026-09-29T07:39:48Z,POINT (-9.14181 38.72331)
53bbcd29-5fe9-4019-b004-52c6421e5ef0,a08ff49b-6f77-4632-a16c-43069c43a8c3,Lime,24bcd670-0fa6-4c12-9b71-1aeda82a211f,bicycle,trip_end,47,2026-09-29T07:42:45Z,POINT (-9.14637 38.70878)
f3f2214a-cd86-4ef8-8077-d7849a5b9d6d,e8eb2af2-f261-45a8-91cd-424e42a85121,Dott,05f64acc-67fd-42c6-b791-689ef6733401,bicycle,trip_end,68,2026-09-29T07:45:50Z,POINT (-9.15736 38.71240)
e126a66d-7af0-4043-8735-7bd46798cf3e,a08ff49b-6f77-4632-a16c-43069c43a8c3,Lime,4f7570ac-31ab-4042-bf48-92c1fb887892,scooter,trip_start,62,2026-09-29T07:50:45Z,POINT (-9.12776 38.74793)
5f84687d-43e4-4d2a-8237-523725408c8a,aa1883c4-ffd0-40f5-bd14-dcc312684e4e,Voi,322a0f98-df7a-411d-bb97-0f77217fdea9,scooter,trip_end,54,2026-09-29T07:50:46Z,POINT (-9.14709 38.73945)
2dc3a832-dde5-4439-96ee-3a4ceb555f91,7cf3c256-32b9-4409-93fb-64afebede10d,Bolt,ededfc18-5e00-4782-895f-363c777a79d6,scooter,rebalance_drop_off,41,2026-09-29T07:59:06Z,POINT (-9.12760 38.74480)
97724edc-28be-4a87-adfe-98d482e62baa,e8eb2af2-f261-45a8-91cd-424e42a85121,Dott,7e0f786d-78d8-4076-9fed-41fbaf70753f,scooter,trip_start,81,2026-09-29T07:59:23Z,POINT (-9.14009 38.73581)
cf0a1203-e164-4e3b-b194-655b43d08c35,7cf3c256-32b9-4409-93fb-64afebede10d,Bolt,a7f0654d-3632-4b53-993e-3cf492c91d44,scooter,trip_end,56,2026-09-29T08:03:28Z,POINT (-9.14821 38.75131)
2716f481-d980-4c46-a4a6-19c1d86a6f08,a08ff49b-6f77-4632-a16c-43069c43a8c3,Lime,368dc614-82b2-403b-acdd-cb63b80997c0,bicycle,trip_start,95,2026-09-29T08:04:16Z,POINT (-9.13920 38.73953)
509b2fb5-5d57-4072-b25f-932df2f58d1d,e8eb2af2-f261-45a8-91cd-424e42a85121,Dott,ae9cdd57-7328-4d05-9eb2-50f9d0ea9f6d,bicycle,trip_end,59,2026-09-29T08:05:07Z,POINT (-9.14870 38.72090)
fe6b76a8-75e9-4ac7-95c7-90bac1a6ef99,aa1883c4-ffd0-40f5-bd14-dcc312684e4e,Voi,322a0f98-df7a-411d-bb97-0f77217fdea9,scooter,trip_end,35,2026-09-29T08:11:03Z,POINT (-9.15260 38.73418)
b8cad102-5226-43a7-9d6b-d289daa48929,a08ff49b-6f77-4632-a16c-43069c43a8c3,Lime,5e09d096-b3a1-496a-af9b-ccfbaa0c4548,scooter,trip_end,95,2026-09-29T08:11:39Z,POINT (-9.14131 38.74208)
fe2872a2-a1ee-44f0-993d-75728a7aa067,e8eb2af2-f261-45a8-91cd-424e42a85121,Dott,cb3d5f32-3123-4d0f-ab68-cc7e0f42371b,scooter,trip_end,96,2026-09-29T08:17:03Z,POINT (-9.15532 38.72151)
794ff9a8-ae6a-46a0-a2c5-e18f630c4ea9,a08ff49b-6f77-4632-a16c-43069c43a8c3,Lime,db4fd9c8-4efb-471a-a772-c7ba04eedb66,bicycle,trip_start,57,2026-09-29T08:21:07Z,POINT (-9.10132 38.75739)
8647da75-1758-44ce-9234-a64e561794e8,7cf3c256-32b9-4409-93fb-64afebede10d,Bolt,920d73a3-b403-4e23-b47e-0ac0f90305ff,scooter,trip_start,83,2026-09-29T08:22:53Z,POINT (-9.10866 38.75458)
941c48ab-9000-4659-b77b-6a143504d15a,7cf3c256-32b9-4409-93fb-64afebede10d,Bolt,c31308a1-4399-4af1-a41a-dc897614bcf9,scooter,trip_start,88,2026-09-29T08:31:58Z,POINT (-9.16056 38.76064)
957eb300-d588-45c2-a634-03daab661758,aa36434e-f251-4c63-8d4e-86a538cc03aa,Gira,9ac69a2d-124e-4810-bd84-ae87f7d53c77,bicycle,trip_end,52,2026-09-29T08:34:10Z,POINT (-9.13109 38.74018)
3d257d87-dbff-4ad6-b1dd-53767902235c,a08ff49b-6f77-4632-a16c-43069c43a8c3,Lime,f0fe07c7-b727-45ef-bc1c-06d9505aeae5,bicycle,low_battery,6,2026-09-29T08:37:47Z,POINT (-9.13991 38.74063)
6eade3c8-401e-4606-84e5-c29640754655,e8eb2af2-f261-45a8-91cd-424e42a85121,Dott,7fa21d53-1976-46ef-abaf-94a99b2e8ca4,scooter,low_battery,8,2026-09-29T08:38:02Z,POINT (-9.13047 38.71115)
ad70efbf-abca-47f9-9f7c-4d084a4b1b3a,a08ff49b-6f77-4632-a16c-43069c43a8c3,Lime,e36bfe2e-9595-4bc4-afe7-def3d608355f,scooter,rebalance_pick_up,57,2026-09-29T08:38:22Z,POINT (-9.14375 38.72809)
7a0c9c6c-a0aa-48ef-a96f-0855f87ebfb0,a08ff49b-6f77-4632-a16c-43069c43a8c3,Lime,4f7570ac-31ab-4042-bf48-92c1fb887892,scooter,low_battery,10,2026-09-29T08:46:04Z,POINT (-9.14793 38.73692)
5d6e294f-7c22-4187-b028-6bf97f9b9864,7cf3c256-32b9-4409-93fb-64afebede10d,Bolt,50239dd0-0ceb-4c14-94cc-29386abbc94f,scooter,low_battery,5,2026-09-29T08:52:34Z,POINT (-9.14872 38.73741)
95158ebc-e3d5-4f02-8d7b-1f7a6f66c476,a08ff49b-6f77-4632-a16c-43069c43a8c3,Lime,713cdac6-b84b-49c3-bfd2-f3e5f587668c,scooter,rebalance_pick_up,92,2026-09-29T08:55:52Z,POINT (-9.14324 38.74109)
0db030f9-d8d6-4fbb-90fb-62f8671d743f,aa1883c4-ffd0-40f5-bd14-dcc312684e4e,Voi,4ac47eaa-9269-4ff0-9fd9-e9ef0272259e,scooter,trip_start,73,2026-09-29T09:00:57Z,POINT (-9.20668 38.69521)
2f4b3590-5d3d-4a1a-8166-16d2367aeff8,aa36434e-f251-4c63-8d4e-86a538cc03aa,Gira,369d8206-b7f7-4642-8c25-1ba6d6d66468,bicycle,trip_end,44,2026-09-29T09:04:25Z,POINT (-9.12092 38.71792)
a781e25a-249b-452f-9fef-034c2a1f7919,a08ff49b-6f77-4632-a16c-43069c43a8c3,Lime,a1374f51-c7f9-49a0-bd02-2b9d68d2f3a1,bicycle,provider_pick_up,77,2026-09-29T09:14:15Z,POINT (-9.14796 38.73189)
e6b4b3a8-4d4b-478b-b48d-8871759cd451,e8eb2af2-f261-45a8-91cd-424e42a85121,Dott,36e6d145-c96c-4627-9c3e-dafaac1948b1,bicycle,trip_end,84,2026-09-29T09:24:13Z,POINT (-9.14447 38.73862)
42ed390b-5b1a-4c56-bf7a-96bf7d43718b,e8eb2af2-f261-45a8-91cd-424e42a85121,Dott,e9022de4-f5cc-4fb8-80a5-c9b0b7a40cf3,bicycle,trip_end,63,2026-09-29T09:34:09Z,POINT (-9.14271 38.71269)
b144b0cf-7b5f-4760-af22-3975d1aed4e3,aa1883c4-ffd0-40f5-bd14-dcc312684e4e,Voi,0ad3b81f-2c3f-416b-a938-4753d01927db,scooter,trip_end,60,2026-09-29T09:35:15Z,POINT (-9.10225 38.73951)
2c592519-8f7a-457f-8b92-62629ac07a9d,a08ff49b-6f77-4632-a16c-43069c43a8c3,Lime,c3b109bf-3623-4a20-9a44-df1ddaa9bc82,bicycle,trip_end,83,2026-09-29T09:37:08Z,POINT (-9.14718 38.74040)
2f86bc46-67a5-4f39-a2fb-787737946ca6,e8eb2af2-f261-45a8-91cd-424e42a85121,Dott,25fa4c2a-eb2d-4633-a7b0-46a722782600,bicycle,trip_start,27,2026-09-29T09:44:12Z,POINT (-9.17888 38.70877)
e00c183d-ce9b-4bbe-bdd3-04246bd17797,a08ff49b-6f77-4632-a16c-43069c43a8c3,Lime,3b859743-b6a5-4f0a-851b-d9942d7d3784,bicycle,trip_end,62,2026-09-29T09:46:10Z,POINT (-9.15052 38.74524)
dd3ffe72-bd12-4ba2-bd22-3a64d1c47a41,7cf3c256-32b9-4409-93fb-64afebede10d,Bolt,fcbf1b0a-7349-4f43-95c2-585922da8e83,scooter,rebalance_pick_up,25,2026-09-29T09:50:54Z,POINT (-9.13202 38.74175)
ce8fafb5-f2ce-4adb-a183-b440ffcea5b9,aa1883c4-ffd0-40f5-bd14-dcc312684e4e,Voi,c729e73f-cf45-44ae-b9c3-07b3708898ca,scooter,trip_start,90,2026-09-29T09:53:04Z,POINT (-9.15412 38.72051)
ab4abf48-77cc-4333-b848-301932b52f79,aa1883c4-ffd0-40f5-bd14-dcc312684e4e,Voi,01e25e66-00ba-40ee-a58d-ad9344f99f69,scooter,reserve,64,2026-09-29T10:10:41Z,POINT (-9.13085 38.71707)
d8ecc08d-edea-4497-9812-efa481bc9398,a08ff49b-6f77-4632-a16c-43069c43a8c3,Lime,6193320b-017d-42f1-82ab-97f628261e7c,bicycle,low_battery,12,2026-09-29T10:11:37Z,POINT (-9.20432 38.69943)
db355f15-0d2d-4a5b-959c-5fd1978c381c,7cf3c256-32b9-4409-93fb-64afebede10d,Bolt,36d0fbc2-b532-4596-8962-2661fe174ed4,scooter,reserve,72,2026-09-29T10:38:02Z,POINT (-9.20664 38.69630)
8660f0d4-d964-43d0-8be4-916c9fe35bb1,e8eb2af2-f261-45a8-91cd-424e42a85121,Dott,92f9069a-1c20-4840-ad50-1cc91fce52b7,bicycle,trip_start,97,2026-09-29T10:47:11Z,POINT (-9.10237 38.75767)
4840321b-36ff-4832-859b-e31154fb0c6c,7cf3c256-32b9-4409-93fb-64afebede10d,Bolt,b8206349-ce47-49c8-bdb0-5d3a1a22f509,scooter,rebalance_drop_off,65,2026-09-29T11:03:15Z,POINT (-9.12826 38.71699)
dd83e4ee-d38b-44c2-b41e-b25d84974fc9,e8eb2af2-f261-45a8-91cd-424e42a85121,Dott,caf5d69a-3f09-4a2f-9792-d225524e7d95,scooter,trip_end,51,2026-09-29T11:11:12Z,POINT (-9.13321 38.74858)
c4f9d401-cc40-4eda-84cf-81ec96b6c243,a08ff49b-6f77-4632-a16c-43069c43a8c3,Lime,4a779d01-94aa-4255-b9b4-482e3ffccb37,scooter,trip_start,83,2026-09-29T11:21:34Z,POINT (-9.13942 38.72716)
1a35f72c-1391-4994-934b-66e8b91ac099,e8eb2af2-f261-45a8-91cd-424e42a85121,Dott,e4888369-f396-4be8-abe2-98cf28412cf0,scooter,trip_start,32,2026-09-29T11:33:27Z,POINT (-9.13139 38.71375)
9b5253ff-6626-4e51-aa3b-b4dacbf61a13,e8eb2af2-f261-45a8-91cd-424e42a85121,Dott,c32697e9-d900-4b85-8306-36d33914b224,bicycle,trip_end,59,2026-09-29T11:36:57Z,POINT (-9.14439 38.72890)
30b00c8f-af6c-4290-97ef-c43179dfd98e,a08ff49b-6f77-4632-a16c-43069c43a8c3,Lime,239eebd0-357a-4935-8b7f-8689585bbae2,bicycle,trip_end,97,2026-09-29T11:52:48Z,POINT (-9.20386 38.69797)
8ef043e7-07c1-4119-b6a6-0e3d1bb54326,a08ff49b-6f77-4632-a16c-43069c43a8c3,Lime,4a779d01-94aa-4255-b9b4-482e3ffccb37,scooter,trip_end,33,2026-09-29T12:18:47Z,POINT (-9.10636 38.73208)
6da8b354-9edf-436e-a05c-d38f04d5accf,a08ff49b-6f77-4632-a16c-43069c43a8c3,Lime,0e9018d4-1a57-4ca3-8b80-c44a4ba5e259,scooter,trip_end,45,2026-09-29T12:38:42Z,POINT (-9.15610 38.72787)
4f5a2881-2cda-4114-8e5d-c8b6dcffdb12,a08ff49b-6f77-4632-a16c-43069c43a8c3,Lime,fc028e89-6985-4463-a22c-fe1375003876,scooter,provider_pick_up,67,2026-09-29T12:41:50Z,POINT (-9.13444 38.71326)
aa27a471-f39f-4cd4-805e-15a121f9be10,aa36434e-f251-4c63-8d4e-86a538cc03aa,Gira,783e89a4-d5dc-4115-a141-032a6e9748a8,bicycle,trip_start,58,2026-09-29T13:16:23Z,POINT (-9.14721 38.73835)
1fbcc7cb-b1ef-4c25-a49b-a39845fb60c4,7cf3c256-32b9-4409-93fb-64afebede10d,Bolt,71f5e946-02a0-44be-b04f-9ddd9505ddc7,scooter,low_battery,10,2026-09-29T13:41:26Z,POINT (-9.17594 38.70495)
76bb09a7-3bc2-4498-8d1a-f4696811b88e,a08ff49b-6f77-4632-a16c-43069c43a8c3,Lime,4f7570ac-31ab-4042-bf48-92c1fb887892,bicycle,rebalance_drop_off,83,2026-09-29T13:46:33Z,POINT (-9.15534 38.71927)
20d0037c-7114-4969-bf3d-d805ef9da38f,a08ff49b-6f77-4632-a16c-43069c43a8c3,Lime,7a67d56b-f640-4a48-9f5e-97f2ecd20944,bicycle,rebalance_pick_up,58,2026-09-29T13:56:48Z,POINT (-9.14233 38.71613)
8aa06d41-f55d-427a-b1f7-4414dff31332,7cf3c256-32b9-4409-93fb-64afebede10d,Bolt,2e7418d0-0f0b-40c1-bf17-76055fb1341a,scooter,trip_start,52,2026-09-29T13:58:07Z,POINT (-9.14690 38.73162)
236dedfe-2c74-4eee-bf4d-dca4e33c728d,e8eb2af2-f261-45a8-91cd-424e42a85121,Dott,a4d95b93-754f-4b9a-bdd2-305dc5ee94be,bicycle,low_battery,5,2026-09-29T14:19:02Z,POINT (-9.12455 38.71682)
588c3368-6cc7-4879-ac91-fe0e03cfc5ef,aa1883c4-ffd0-40f5-bd14-dcc312684e4e,Voi,d49ab237-5205-47d2-8439-e8c8aab0a4ac,scooter,trip_end,30,2026-09-29T14:27:56Z,POINT (-9.13062 38.71832)
d7387d05-8c26-41f6-9f9e-3fe1c78899d3,7cf3c256-32b9-4409-93fb-64afebede10d,Bolt,fc9d10a4-c90e-43e0-8665-5370acf98dd0,scooter,maintenance,31,2026-09-29T14:33:05Z,POINT (-9.13817 38.74200)
7042fd8f-1416-4777-8102-693750c08207,e8eb2af2-f261-45a8-91cd-424e42a85121,Dott,4ccaf013-fccc-4adc-8fa2-a03e02e38281,bicycle,provider_drop_off,26,2026-09-29T14:42:33Z,POINT (-9.13869 38.74797)
3585f01a-574a-4049-a404-05fc2eb8909c,a08ff49b-6f77-4632-a16c-43069c43a8c3,Lime,3b859743-b6a5-4f0a-851b-d9942d7d3784,bicycle,provider_drop_off,83,2026-09-29T14:43:22Z,POINT (-9.12416 38.71896)
e861924c-b419-4dd3-89e1-7d26fbc6e443,7cf3c256-32b9-4409-93fb-64afebede10d,Bolt,2e7418d0-0f0b-40c1-bf17-76055fb1341a,scooter,trip_start,77,2026-09-29T15:14:34Z,POINT (-9.21265 38.69571)
8fd29998-aa0c-4aa6-9c07-45f712d0be4b,e8eb2af2-f261-45a8-91cd-424e42a85121,Dott,86dc0c7f-4dce-455d-93cd-8638469a8deb,scooter,low_battery,12,2026-09-29T15:30:07Z,POINT (-9.10112 38.76636)
0c36e409-e97c-4212-810b-9bcbabe67ed4,7cf3c256-32b9-4409-93fb-64afebede10d,Bolt,d96c982a-cd46-42ab-ad43-3f03cc68e4b2,scooter,trip_end,84,2026-09-29T15:31:46Z,POINT (-9.17752 38.70232)
018b9a6a-edda-48bb-bcd3-0927e2ff3033,aa1883c4-ffd0-40f5-bd14-dcc312684e4e,Voi,267dc7ae-e1a5-4be4-ae51-3d0d83bfc304,scooter,trip_end,35,2026-09-29T15:41:15Z,POINT (-9.14618 38.71443)
bcb5f073-c5fd-4fbc-be85-fc37a6c40e1c,7cf3c256-32b9-4409-93fb-64afebede10d,Bolt,8c71f5b3-43f9-49f9-9a39-cb14c6da5995,scooter,trip_end,29,2026-09-29T16:00:17Z,POINT (-9.13829 38.71723)
dd587260-2bf2-44c8-ab08-a4c911cb26f8,aa36434e-f251-4c63-8d4e-86a538cc03aa,Gira,52e4c27e-364d-47d8-809d-c0dde02b98f4,bicycle,reserve,49,2026-09-29T16:01:39Z,POINT (-9.13333 38.74405)
f154bd8d-8152-4a4a-9b1d-cab6e30a79d1,7cf3c256-32b9-4409-93fb-64afebede10d,Bolt,b807201b-8215-41d2-8166-e192a2c75b24,scooter,provider_pick_up,88,2026-09-29T16:03:22Z,POINT (-9.15168 38.73688)
8602cb62-7ffa-438d-9cca-178b3ed1b3f3,7cf3c256-32b9-4409-93fb-64afebede10d,Bolt,56776c3c-38e9-47b9-9e2a-0f19ea041741,scooter,rebalance_drop_off,89,2026-09-29T16:05:37Z,POINT (-9.14368 38.70906)
754404bb-6173-46a7-aeac-a73fb4d5884d,7cf3c256-32b9-4409-93fb-64afebede10d,Bolt,528272e8-5213-4ccf-bf4d-8ce9d55d0f6b,scooter,trip_start,40,2026-09-29T16:07:33Z,POINT (-9.13794 38.72053)
0cf53caf-9375-4f97-a7b2-68e075c6fb18,a08ff49b-6f77-4632-a16c-43069c43a8c3,Lime,7a67d56b-f640-4a48-9f5e-97f2ecd20944,bicycle,low_battery,11,2026-09-29T16:28:00Z,POINT (-9.14950 38.72704)
253b97c1-0ad6-4fae-8be7-76034872bb56,7cf3c256-32b9-4409-93fb-64afebede10d,Bolt,ca0dd966-70f1-4336-984e-512099f1fdb3,scooter,rebalance_pick_up,98,2026-09-29T16:38:51Z,POINT (-9.15240 38.72504)
da34c6e9-fbfe-4e94-b377-87b04896aaa7,e8eb2af2-f261-45a8-91cd-424e42a85121,Dott,8569a374-0749-4780-bfc0-60b51059896d,scooter,reserve,66,2026-09-29T16:45:58Z,POINT (-9.11565 38.76862)
4a6435f6-3725-4c6f-a578-6d36bfc47031,e8eb2af2-f261-45a8-91cd-424e42a85121,Dott,bd67f460-81d3-4c86-918b-a1da249d7648,scooter,rebalance_drop_off,28,2026-09-29T16:57:35Z,POINT (-9.20010 38.69703)
d08caaba-d482-4478-8011-8ff7fbe077af,aa36434e-f251-4c63-8d4e-86a538cc03aa,Gira,db49e331-6ce8-4c69-b703-2db27ba53ec6,bicycle,trip_end,81,2026-09-29T17:03:25Z,POINT (-9.14401 38.71147)
d52ff586-0a8e-4ae8-9950-ebb6beba011b,7cf3c256-32b9-4409-93fb-64afebede10d,Bolt,fc9d10a4-c90e-43e0-8665-5370acf98dd0,scooter,rebalance_drop_off,73,2026-09-29T17:06:36Z,POINT (-9.14413 38.72994)
713897ef-274f-438f-a9aa-4fe17561f450,a08ff49b-6f77-4632-a16c-43069c43a8c3,Lime,fc028e89-6985-4463-a22c-fe1375003876,scooter,trip_start,41,2026-09-29T17:07:52Z,POINT (-9.14177 38.74855)
5a85cff0-5281-4a7f-9709-5f1ae12f7c4a,e8eb2af2-f261-45a8-91cd-424e42a85121,Dott,7811a11d-01f5-481e-922b-436f704d883b,scooter,trip_end,85,2026-09-29T17:23:30Z,POINT (-9.20615 38.69534)
b8fa7c23-9971-412c-bfa9-2fb8edf9f83b,7cf3c256-32b9-4409-93fb-64afebede10d,Bolt,492e08b4-b385-4ba2-b2f0-3a5b25d6ff70,scooter,trip_start,45,2026-09-29T17:29:52Z,POINT (-9.08947 38.77138)
c01506b6-cdf5-4a16-aaed-8f40c86554cb,7cf3c256-32b9-4409-93fb-64afebede10d,Bolt,59fd1a30-96d1-4f7f-b425-1fbd4aa7fe6c,scooter,trip_start,58,2026-09-29T17:34:52Z,POINT (-9.15269 38.73611)
e91e8323-1c5e-48db-936a-111377d361da,7cf3c256-32b9-4409-93fb-64afebede10d,Bolt,22b90ef4-4f54-4380-aad7-4c99c40e3871,scooter,trip_end,36,2026-09-29T17:47:26Z,POINT (-9.11013 38.77080)
8ac6a934-7821-462c-98a5-d08a8a9d3c64,e8eb2af2-f261-45a8-91cd-424e42a85121,Dott,1f1c2d49-3dda-41b5-9ae2-4a535d9def5e,scooter,trip_end,74,2026-09-29T17:47:49Z,POINT (-9.14098 38.73903)
59f002d0-79cd-49f7-a53b-0b933e1fdcac,7cf3c256-32b9-4409-93fb-64afebede10d,Bolt,340b6270-efa5-48df-95cd-1514611f278e,scooter,trip_end,41,2026-09-29T17:52:55Z,POINT (-9.14304 38.70955)
dad22b79-ff59-437e-a987-45d9ec75caa8,7cf3c256-32b9-4409-93fb-64afebede10d,Bolt,56776c3c-38e9-47b9-9e2a-0f19ea041741,scooter,trip_end,65,2026-09-29T17:54:29Z,POINT (-9.14341 38.73595)
12201643-5601-48dc-be28-ba873ac35ed8,e8eb2af2-f261-45a8-91cd-424e42a85121,Dott,bd67f460-81d3-4c86-918b-a1da249d7648,scooter,low_battery,15,2026-09-29T17:59:28Z,POINT (-9.13359 38.71113)
ea1b2439-2b25-4770-a230-0978c568bd1a,7cf3c256-32b9-4409-93fb-64afebede10d,Bolt,8c71f5b3-43f9-49f9-9a39-cb14c6da5995,scooter,trip_end,100,2026-09-29T18:04:48Z,POINT (-9.13740 38.71594)
9283c749-ccc5-490c-bebf-56506c4caee2,e8eb2af2-f261-45a8-91cd-424e42a85121,Dott,4ccaf013-fccc-4adc-8fa2-a03e02e38281,scooter,rebalance_drop_off,83,2026-09-29T18:18:19Z,POINT (-9.17723 38.70359)
dd619613-556e-473d-9a64-cf29b379ca53,aa36434e-f251-4c63-8d4e-86a538cc03aa,Gira,8ab83636-fd01-4f16-b243-38adf899f8c7,bicycle,trip_end,77,2026-09-29T18:33:54Z,POINT (-9.15845 38.75076)
4ba904c4-5ee1-4ea7-8ac6-508ec95fd4cc,aa36434e-f251-4c63-8d4e-86a538cc03aa,Gira,1e614fce-aaa1-4b1e-ab31-9e10939c78e9,bicycle,trip_end,53,2026-09-29T18:43:21Z,POINT (-9.14580 38.70946)
8e4a15e7-f186-4a5b-a37f-13d02f89c049,aa36434e-f251-4c63-8d4e-86a538cc03aa,Gira,68b95738-6c48-47fa-861b-573b2f49f73e,bicycle,low_battery,9,2026-09-29T18:45:18Z,POINT (-9.16107 38.72631)
e915938b-5e56-4165-9527-0596ac34bece,a08ff49b-6f77-4632-a16c-43069c43a8c3,Lime,e763443a-df95-4054-a7d4-a2d23730a246,bicycle,trip_start,58,2026-09-29T18:49:21Z,POINT (-9.08258 38.77049)
ead36e34-bc02-4d3f-b2b1-a885546081f0,7cf3c256-32b9-4409-93fb-64afebede10d,Bolt,2e7418d0-0f0b-40c1-bf17-76055fb1341a,scooter,trip_end,44,2026-09-29T18:57:06Z,POINT (-9.18323 38.70310)
082dd567-8c92-41fc-a245-593ffd344a54,7cf3c256-32b9-4409-93fb-64afebede10d,Bolt,d4eed933-ddf8-47af-890b-18fa5a4fe730,scooter,trip_start,99,2026-09-29T19:07:33Z,POINT (-9.10126 38.77412)
5d8c0df5-650b-4844-90f3-a937fee55423,7cf3c256-32b9-4409-93fb-64afebede10d,Bolt,5af93444-6081-414d-8915-68af1146615f,scooter,maintenance,62,2026-09-29T19:21:32Z,POINT (-9.15296 38.72981)
087561f4-029e-43a5-99e8-7ba0c1ede6fa,a08ff49b-6f77-4632-a16c-43069c43a8c3,Lime,b6ef72b8-cd1d-45f7-94e0-181369664e5b,scooter,rebalance_pick_up,100,2026-09-29T19:22:42Z,POINT (-9.13869 38.71506)
ea3f8cf4-d866-4fab-bdc7-c4577bad9e38,aa1883c4-ffd0-40f5-bd14-dcc312684e4e,Voi,071a92c5-3948-499e-83d5-60f495ad6cdb,scooter,trip_start,55,2026-09-29T19:28:59Z,POINT (-9.13801 38.71368)
88bc385e-68f8-4f43-b092-8087f48c3d53,a08ff49b-6f77-4632-a16c-43069c43a8c3,Lime,8bbe518e-5a77-471e-925b-80e13a69be26,bicycle,rebalance_drop_off,75,2026-09-29T19:29:11Z,POINT (-9.15153 38.73632)
d7439bb0-b144-45c4-88c7-be35d8b8b7c1,a08ff49b-6f77-4632-a16c-43069c43a8c3,Lime,5e6994ef-58cb-4994-a5c1-44ebe3d7c256,bicycle,low_battery,6,2026-09-29T19:38:13Z,POINT (-9.12766 38.75034)
f2b76548-f852-4a5a-bf39-8e3ac0357e50,aa1883c4-ffd0-40f5-bd14-dcc312684e4e,Voi,e76c6c47-348f-46d9-8fcf-b0a1034f6c26,scooter,rebalance_pick_up,40,2026-09-29T19:40:50Z,POINT (-9.13761 38.71204)
f0213657-7019-433a-b071-d495edad1a2b,a08ff49b-6f77-4632-a16c-43069c43a8c3,Lime,b6ef72b8-cd1d-45f7-94e0-181369664e5b,bicycle,trip_start,70,2026-09-29T19:41:46Z,POINT (-9.12896 38.73970)
1b5db005-3b09-407b-999b-734fa4135842,a08ff49b-6f77-4632-a16c-43069c43a8c3,Lime,c3b109bf-3623-4a20-9a44-df1ddaa9bc82,bicycle,low_battery,8,2026-09-29T19:41:53Z,POINT (-9.11198 38.76587)
d6050b3a-5dc5-4479-abc6-203357af84a0,e8eb2af2-f261-45a8-91cd-424e42a85121,Dott,ef1ee6c3-ab03-4de0-9ecf-07a8602da2e8,scooter,trip_end,67,2026-09-29T19:47:20Z,POINT (-9.14251 38.71181)
cb167046-b033-47a1-81ad-1638425543d0,aa1883c4-ffd0-40f5-bd14-dcc312684e4e,Voi,fdb7d4d8-54e6-4e89-979a-8457ab7c8205,scooter,trip_start,78,2026-09-29T19:47:28Z,POINT (-9.10453 38.75591)
50e37645-4139-4513-ba93-431602ceded6,7cf3c256-32b9-4409-93fb-64afebede10d,Bolt,30263074-bcd3-496e-bf58-222725565161,scooter,trip_start,81,2026-09-29T21:38:02Z,POINT (-9.11128 38.76508)
729f9853-7ed7-4502-bb24-6861e18fe02e,a08ff49b-6f77-4632-a16c-43069c43a8c3,Lime,78580c6d-d884-45fb-a8b4-ae764a97f441,scooter,low_battery,3,2026-09-29T21:57:04Z,POINT (-9.14887 38.71420)
00721017-7c6a-45c7-af01-1b30a487c94a,a08ff49b-6f77-4632-a16c-43069c43a8c3,Lime,6316b14d-87cf-4770-bd5a-959dfcebdbf5,scooter,trip_start,81,2026-09-29T22:15:22Z,POINT (-9.14720 38.70753)
e95ce84d-a39a-4cdc-9904-584b13aed13a,e8eb2af2-f261-45a8-91cd-424e42a85121,Dott,5e12285e-1932-4311-ba42-fbda9800b9fc,scooter,trip_start,42,2026-09-29T22:18:11Z,POINT (-9.12712 38.74640)
12adf45d-e257-4391-90af-2f013857adb0,7cf3c256-32b9-4409-93fb-64afebede10d,Bolt,812aefea-12b3-4bd4-97e1-3b1d8847ec46,scooter,rebalance_drop_off,27,2026-09-29T22:35:36Z,POINT (-9.15225 38.70684)
463f73ec-38fa-49e5-8a3f-40c7604b5c34,7cf3c256-32b9-4409-93fb-64afebede10d,Bolt,e2c7ed96-80cb-431e-9231-b957ec2f20e8,scooter,trip_start,50,2026-09-29T23:17:20Z,POINT (-9.17934 38.70484)
80aacb86-9f66-4956-82f6-51971151d486,a08ff49b-6f77-4632-a16c-43069c43a8c3,Lime,ab57ce07-4d3f-420b-8193-949496ce47e5,bicycle,trip_end,90,2026-09-29T23:57:51Z,POINT (-9.14017 38.74072)
a6bd0519-1d3c-4a42-ae79-da5d4d6bbeab,aa1883c4-ffd0-40f5-bd14-dcc312684e4e,Voi,cdb3c3d7-dfe4-4c9f-b068-d2d0f8f6a0d3,scooter,trip_start,85,2026-09-30T00:11:48Z,POINT (-9.17573 38.70719)
5625d336-1c49-4786-8e24-0c847262a0a7,a08ff49b-6f77-4632-a16c-43069c43a8c3,Lime,5e09d096-b3a1-496a-af9b-ccfbaa0c4548,bicycle,trip_end,52,2026-09-30T02:38:05Z,POINT (-9.15720 38.72142)
ca909c5d-024b-41d6-a3fd-8b267101dedf,aa1883c4-ffd0-40f5-bd14-dcc312684e4e,Voi,20d2647d-b6ac-46a5-be0a-83c0745d7689,scooter,reserve,69,2026-09-30T04:11:26Z,POINT (-9.13545 38.72111)
f3c74b7c-00db-4aba-854d-1593716c47ba,e8eb2af2-f261-45a8-91cd-424e42a85121,Dott,5d1953b5-77df-4f10-8ac5-50acc85c22e3,bicycle,low_battery,11,2026-09-30T05:08:00Z,POINT (-9.13350 38.74271)
43c41a1d-515a-4283-9a97-49c833ebe0de,e8eb2af2-f261-45a8-91cd-424e42a85121,Dott,7f7c3924-5c88-4883-8a05-7e9775a4328f,scooter,trip_start,74,2026-09-30T05:34:26Z,POINT (-9.17148 38.75529)
81424dfc-797e-4b03-bd1a-ed2805a76c6b,a08ff49b-6f77-4632-a16c-43069c43a8c3,Lime,ab68a027-9ead-4272-9988-bd392fc0c85b,bicycle,trip_start,38,2026-09-30T07:11:05Z,POINT (-9.14670 38.75215)
32e6959c-8cb5-4e06-a672-5311191260c7,aa1883c4-ffd0-40f5-bd14-dcc312684e4e,Voi,8043256e-97aa-4fb6-9e8d-e9b13919dbd7,scooter,trip_start,32,2026-09-30T07:15:02Z,POINT (-9.10874 38.77943)
95ccd632-abc7-4d70-81bf-b8c5faf92b4c,aa36434e-f251-4c63-8d4e-86a538cc03aa,Gira,fddf2c05-3230-4769-9bb8-fb01135496e4,bicycle,trip_start,65,2026-09-30T07:17:30Z,POINT (-9.15505 38.73440)
53c46626-2bd2-40a6-a20e-c5e4548d4a89,e8eb2af2-f261-45a8-91cd-424e42a85121,Dott,32a1fa1a-60cc-48ce-843c-1184c183d813,scooter,trip_start,42,2026-09-30T07:35:57Z,POINT (-9.13967 38.73089)
83ffb0ef-fd3f-48c9-9aae-9e02d5df9510,aa1883c4-ffd0-40f5-bd14-dcc312684e4e,Voi,822cc5e9-42eb-4a47-a01a-4824d8fa8091,scooter,trip_end,92,2026-09-30T07:42:24Z,POINT (-9.12728 38.74155)
298d1115-11eb-4890-8f7d-ae984820e3da,e8eb2af2-f261-45a8-91cd-424e42a85121,Dott,7f7c3924-5c88-4883-8a05-7e9775a4328f,scooter,maintenance,31,2026-09-30T07:47:59Z,POINT (-9.13908 38.74190)
3feff709-fb04-4414-b5b6-ac2132b010a1,a08ff49b-6f77-4632-a16c-43069c43a8c3,Lime,e3e4cb2d-5976-46ea-916f-6e5ef3ba3e32,bicycle,maintenance,38,2026-09-30T07:49:10Z,POINT (-9.09021 38.76265)
bb583202-786d-4f21-baf7-4fa4de93662a,7cf3c256-32b9-4409-93fb-64afebede10d,Bolt,20e2e7e4-8b56-4026-a746-de705bec8cc5,scooter,low_battery,14,2026-09-30T08:00:34Z,POINT (-9.20694 38.69650)
69c46048-5126-4b79-b893-d184d4912456,a08ff49b-6f77-4632-a16c-43069c43a8c3,Lime,7194b231-29fc-468c-9b41-7cf0e20e0ccf,scooter,provider_drop_off,81,2026-09-30T08:12:47Z,POINT (-9.14419 38.74148)
de0f959a-a048-417d-a54c-fce4b5ccbdd0,a08ff49b-6f77-4632-a16c-43069c43a8c3,Lime,d6b03f30-702e-4b14-ae5c-c94065f9ba6f,scooter,trip_start,50,2026-09-30T08:12:53Z,POINT (-9.12641 38.71823)
54e1afa2-0361-4423-aae8-55fd5ca1251f,a08ff49b-6f77-4632-a16c-43069c43a8c3,Lime,368dc614-82b2-403b-acdd-cb63b80997c0,bicycle,rebalance_pick_up,37,2026-09-30T08:18:10Z,POINT (-9.09647 38.76040)
b1c2b0d0-d879-4399-8277-2c633e5b2994,a08ff49b-6f77-4632-a16c-43069c43a8c3,Lime,83b65066-678d-4c4b-9cfb-41abf998a853,scooter,trip_start,66,2026-09-30T08:21:11Z,POINT (-9.12487 38.74262)
947fac57-38c3-46e1-92eb-1c469e005109,e8eb2af2-f261-45a8-91cd-424e42a85121,Dott,36e6d145-c96c-4627-9c3e-dafaac1948b1,bicycle,trip_end,60,2026-09-30T08:21:46Z,POINT (-9.15538 38.71099)
073f47be-987f-4c36-9ca4-d6110a09a62b,e8eb2af2-f261-45a8-91cd-424e42a85121,Dott,7f7c3924-5c88-4883-8a05-7e9775a4328f,bicycle,provider_pick_up,46,2026-09-30T08:30:31Z,POINT (-9.20646 38.69855)
c3dc0ecd-f1b9-479a-a2d5-4659be6e16fa,e8eb2af2-f261-45a8-91cd-424e42a85121,Dott,6d983729-9862-4b14-8e07-4db00ab18fd0,scooter,trip_start,35,2026-09-30T08:35:10Z,POINT (-9.14820 38.73115)
75c73fa5-01f4-4398-8dc7-5037165226ea,7cf3c256-32b9-4409-93fb-64afebede10d,Bolt,5f0e7639-f185-4751-ad9b-93a5677999af,scooter,trip_end,46,2026-09-30T08:36:09Z,POINT (-9.15114 38.72822)
43b5ae51-681f-4174-9389-322419e67aaf,7cf3c256-32b9-4409-93fb-64afebede10d,Bolt,370db622-9cc5-462b-bf2c-ec908b4f60da,scooter,reserve,46,2026-09-30T08:47:33Z,POINT (-9.11561 38.76668)
11ed9cac-94cf-4d2a-84ea-79f45ef23e7f,aa1883c4-ffd0-40f5-bd14-dcc312684e4e,Voi,20d2647d-b6ac-46a5-be0a-83c0745d7689,scooter,trip_start,57,2026-09-30T08:48:29Z,POINT (-9.13336 38.73959)
e744562f-0bab-4111-ae32-134664a6c097,e8eb2af2-f261-45a8-91cd-424e42a85121,Dott,c3b7c263-5617-4661-817f-6bb666ec1d21,bicycle,trip_start,77,2026-09-30T08:48:32Z,POINT (-9.14397 38.71979)
29cc9bb4-6e0d-4704-a6b5-04493bb47642,a08ff49b-6f77-4632-a16c-43069c43a8c3,Lime,7a67d56b-f640-4a48-9f5e-97f2ecd20944,scooter,trip_start,85,2026-09-30T08:59:13Z,POINT (-9.15085 38.72029)
99ea2629-69cb-4d37-b503-4cee5780fe7b,a08ff49b-6f77-4632-a16c-43069c43a8c3,Lime,3b8d7e4f-a4a7-4eb6-b006-7779fe79a4d8,bicycle,trip_start,52,2026-09-30T09:06:17Z,POINT (-9.13429 38.71332)
6a63a907-3abc-4e5f-ac8e-d12efab14c53,a08ff49b-6f77-4632-a16c-43069c43a8c3,Lime,a4ae37af-fe4a-4ca2-8b1d-42bbd0c94bd0,bicycle,low_battery,4,2026-09-30T09:07:22Z,POINT (-9.12478 38.71827)
0325504b-0e48-45e3-9d7d-6e18f06cc7a8,a08ff49b-6f77-4632-a16c-43069c43a8c3,Lime,6b4f4a77-4686-4d1d-99f8-dfa799a3d9fb,scooter,trip_end,67,2026-09-30T09:20:58Z,POINT (-9.13718 38.71126)
72958cbf-b1fd-4fc3-bd20-3cae6773002e,a08ff49b-6f77-4632-a16c-43069c43a8c3,Lime,416cda3a-b625-4353-96b7-c5bdbeabdfb0,bicycle,trip_end,32,2026-09-30T09:34:51Z,POINT (-9.14640 38.73590)
72006222-4ad1-4ca0-89f2-005473035895,aa36434e-f251-4c63-8d4e-86a538cc03aa,Gira,607d0e92-70d5-4a0f-9193-c2225494f02f,bicycle,low_battery,11,2026-09-30T09:36:06Z,POINT (-9.12603 38.71432)
a37cb5c4-658a-44cd-a819-32188817bef8,a08ff49b-6f77-4632-a16c-43069c43a8c3,Lime,239eebd0-357a-4935-8b7f-8689585bbae2,scooter,trip_end,58,2026-09-30T09:44:01Z,POINT (-9.14636 38.74842)
ce6c80aa-34f0-4d8c-8c3c-bd492dae5e58,e8eb2af2-f261-45a8-91cd-424e42a85121,Dott,2dd65b26-1706-4623-8a22-02d7d605a60c,bicycle,trip_start,80,2026-09-30T09:49:59Z,POINT (-9.09156 38.76847)
27de28cf-6a1c-4b30-b50f-3ec230082c62,e8eb2af2-f261-45a8-91cd-424e42a85121,Dott,7e0f786d-78d8-4076-9fed-41fbaf70753f,bicycle,trip_start,33,2026-09-30T09:57:29Z,POINT (-9.14672 38.73471)
58229f3f-696e-4bb6-bc97-ee7fcd5d3b27,a08ff49b-6f77-4632-a16c-43069c43a8c3,Lime,156bb1ca-d760-4ab9-a5e1-dea83898e499,scooter,trip_start,70,2026-09-30T10:48:39Z,POINT (-9.13728 38.74703)
3b21ea10-c9a3-4b1a-bb74-e0e3ff11e81d,aa36434e-f251-4c63-8d4e-86a538cc03aa,Gira,91f180be-cb45-4118-8807-8fffc5daa84a,bicycle,trip_start,44,2026-09-30T11:05:25Z,POINT (-9.14348 38.70921)
cbb70c2b-6daa-447f-b9f0-0fbb969b8bf9,a08ff49b-6f77-4632-a16c-43069c43a8c3,Lime,6193320b-017d-42f1-82ab-97f628261e7c,scooter,low_battery,12,2026-09-30T11:06:52Z,POINT (-9.14024 38.72099)
5ee1bcfd-0205-49fb-80b3-1f88acb27552,a08ff49b-6f77-4632-a16c-43069c43a8c3,Lime,0e9018d4-1a57-4ca3-8b80-c44a4ba5e259,bicycle,trip_end,77,2026-09-30T11:13:48Z,POINT (-9.16098 38.77057)
707292b9-9ec7-4c24-92b2-100c024e2ab5,e8eb2af2-f261-45a8-91cd-424e42a85121,Dott,047af9f4-92c8-485c-bc45-a7e0bab81c72,scooter,rebalance_drop_off,62,2026-09-30T11:44:55Z,POINT (-9.21145 38.70295)
3dfd1c7d-5d92-467a-bc1e-d881232e863d,7cf3c256-32b9-4409-93fb-64afebede10d,Bolt,99efdc1a-29b7-4ed2-b6d3-893e3ed77c6b,scooter,rebalance_pick_up,58,2026-09-30T11:49:17Z,POINT (-9.15123 38.71586)
a06e206a-83c1-4115-957f-be3260ab1df3,7cf3c256-32b9-4409-93fb-64afebede10d,Bolt,ccf0b5f3-3d5e-4dbb-86e6-742ac1c321f4,scooter,rebalance_drop_off,71,2026-09-30T12:48:39Z,POINT (-9.13393 38.72188)
711c42cc-91c6-4494-bc47-94cae9117a96,e8eb2af2-f261-45a8-91cd-424e42a85121,Dott,0372c55a-852f-420b-84d5-5a335465307b,scooter,trip_end,83,2026-09-30T12:54:22Z,POINT (-9.16567 38.77585)
2b588e07-7584-4a2f-8cc7-0eb925d11782,aa36434e-f251-4c63-8d4e-86a538cc03aa,Gira,fddf2c05-3230-4769-9bb8-fb01135496e4,bicycle,trip_start,73,2026-09-30T13:23:17Z,POINT (-9.15392 38.72534)
72b3e2a7-bc77-485b-8cba-3ef7e6476830,a08ff49b-6f77-4632-a16c-43069c43a8c3,Lime,b93e7681-bedb-4bbd-917a-957bd8778062,scooter,trip_start,46,2026-09-30T14:01:44Z,POINT (-9.14078 38.71142)
3a1a7740-9d84-453a-8f7d-c5b4903af561,7cf3c256-32b9-4409-93fb-64afebede10d,Bolt,50239dd0-0ceb-4c14-94cc-29386abbc94f,scooter,trip_start,59,2026-09-30T14:07:12Z,POINT (-9.13136 38.71665)
35e5e37a-9d50-4df0-a251-b1f121653170,a08ff49b-6f77-4632-a16c-43069c43a8c3,Lime,713cdac6-b84b-49c3-bfd2-f3e5f587668c,bicycle,trip_end,50,2026-09-30T14:12:14Z,POINT (-9.14207 38.74082)
5bf3f2d6-633d-4f8e-9e80-9cc8a52c1929,a08ff49b-6f77-4632-a16c-43069c43a8c3,Lime,a1374f51-c7f9-49a0-bd02-2b9d68d2f3a1,bicycle,trip_start,58,2026-09-30T14:17:12Z,POINT (-9.18116 38.70526)
7529bab7-55d4-4a86-ab4a-31ef2104af26,7cf3c256-32b9-4409-93fb-64afebede10d,Bolt,d7ea733f-446b-43e6-a7df-f72acb99fc17,scooter,reserve,51,2026-09-30T14:24:47Z,POINT (-9.15007 38.70738)
e6122a10-66f8-4965-a005-03a16002fc9a,aa36434e-f251-4c63-8d4e-86a538cc03aa,Gira,6175d1f5-9fdd-4c04-8b86-6794db0d4030,bicycle,rebalance_drop_off,38,2026-09-30T14:36:40Z,POINT (-9.14281 38.74453)
46c935c0-1553-43ba-b068-3213daa7577d,e8eb2af2-f261-45a8-91cd-424e42a85121,Dott,ef1ee6c3-ab03-4de0-9ecf-07a8602da2e8,scooter,trip_end,41,2026-09-30T14:44:03Z,POINT (-9.13528 38.71359)
7e8d6089-ea70-4d58-88cd-206886f213d1,e8eb2af2-f261-45a8-91cd-424e42a85121,Dott,5d1953b5-77df-4f10-8ac5-50acc85c22e3,bicycle,cancel_reservation,91,2026-09-30T15:42:10Z,POINT (-9.18246 38.70423)
491c0a28-bceb-4891-a29e-664d19fe33c1,a08ff49b-6f77-4632-a16c-43069c43a8c3,Lime,5790e377-afab-41f9-a2c8-19c8405d10a4,scooter,trip_end,97,2026-09-30T16:15:31Z,POINT (-9.09535 38.76464)
0853065b-56d6-4c8d-8ac8-c6dc2533bf32,a08ff49b-6f77-4632-a16c-43069c43a8c3,Lime,54a34579-97d3-4406-ba95-a96046fc151b,scooter,reserve,81,2026-09-30T16:17:16Z,POINT (-9.14933 38.73027)
972d6477-5bfa-4503-8718-841182f9d6cb,e8eb2af2-f261-45a8-91cd-424e42a85121,Dott,de10aef2-1ef4-4d1e-83da-1e1fc7493528,bicycle,trip_start,55,2026-09-30T16:28:22Z,POINT (-9.17798 38.70284)
05b0580a-650d-4c7b-9ba3-a94a28189ea8,a08ff49b-6f77-4632-a16c-43069c43a8c3,Lime,d6b03f30-702e-4b14-ae5c-c94065f9ba6f,scooter,low_battery,6,2026-09-30T16:34:04Z,POINT (-9.12772 38.71530)
e99b2692-d197-472a-ae58-b46adfb19687,7cf3c256-32b9-4409-93fb-64afebede10d,Bolt,812aefea-12b3-4bd4-97e1-3b1d8847ec46,scooter,trip_end,33,2026-09-30T16:39:39Z,POINT (-9.15938 38.71739)
08efe7e5-8571-45a7-a227-65b1a8d8568d,e8eb2af2-f261-45a8-91cd-424e42a85121,Dott,047af9f4-92c8-485c-bc45-a7e0bab81c72,bicycle,trip_end,81,2026-09-30T16:59:48Z,POINT (-9.14667 38.73062)
6dbb4844-f051-4edb-9ea6-2a5514dcd148,7cf3c256-32b9-4409-93fb-64afebede10d,Bolt,1227134d-371d-46de-a9f8-c75e5eb25659,scooter,reserve,81,2026-09-30T17:01:33Z,POINT (-9.15528 38.74396)
f2e78c8c-4bd9-45b5-8a6c-ff93cedff96a,a08ff49b-6f77-4632-a16c-43069c43a8c3,Lime,a2abc323-5295-46c9-8cd2-00f8bf1bfbf2,bicycle,trip_start,35,2026-09-30T17:16:26Z,POINT (-9.14675 38.72421)
33d987d5-711b-4b42-9338-d811ca9ac6c6,a08ff49b-6f77-4632-a16c-43069c43a8c3,Lime,a4ae37af-fe4a-4ca2-8b1d-42bbd0c94bd0,bicycle,low_battery,8,2026-09-30T17:17:44Z,POINT (-9.13285 38.71403)
c58a9d75-6e96-422e-9512-c1b41cd63892,7cf3c256-32b9-4409-93fb-64afebede10d,Bolt,8d943767-66fa-4329-a57e-d3f3dd2514c2,scooter,trip_end,63,2026-09-30T17:25:53Z,POINT (-9.14582 38.73669)
eec5fe91-456c-476c-a9e1-05a5a9e071e3,7cf3c256-32b9-4409-93fb-64afebede10d,Bolt,d7ea733f-446b-43e6-a7df-f72acb99fc17,scooter,trip_start,44,2026-09-30T17:48:51Z,POINT (-9.13439 38.75374)
28de7a29-09fa-4f18-97dd-38c49ef3ff1c,e8eb2af2-f261-45a8-91cd-424e42a85121,Dott,caf5d69a-3f09-4a2f-9792-d225524e7d95,scooter,trip_start,72,2026-09-30T17:49:19Z,POINT (-9.13313 38.73456)
a70d4d78-3dbf-4552-8c6e-16398d37b1b8,a08ff49b-6f77-4632-a16c-43069c43a8c3,Lime,83b65066-678d-4c4b-9cfb-41abf998a853,bicycle,trip_start,53,2026-09-30T18:07:52Z,POINT (-9.13179 38.74070)
fef66c35-82f1-4f5a-acf8-3207f71fa73b,e8eb2af2-f261-45a8-91cd-424e42a85121,Dott,cc7fcba9-3dfa-4e6b-9c53-67705dddb6b5,bicycle,trip_end,61,2026-09-30T18:16:36Z,POINT (-9.15582 38.72691)
a4b2cf6e-e1fc-4e2f-9d4f-7a9fbf06eb20,aa1883c4-ffd0-40f5-bd14-dcc312684e4e,Voi,fdb7d4d8-54e6-4e89-979a-8457ab7c8205,scooter,low_battery,3,2026-09-30T18:18:11Z,POINT (-9.14243 38.71778)
f2714b1b-510a-462f-8227-85e1428d2b44,a08ff49b-6f77-4632-a16c-43069c43a8c3,Lime,fc028e89-6985-4463-a22c-fe1375003876,scooter,trip_end,50,2026-09-30T18:21:27Z,POINT (-9.12879 38.71789)
164af288-491c-42af-b00f-70b1ebc0fcd0,e8eb2af2-f261-45a8-91cd-424e42a85121,Dott,45ac8f9b-cf49-48e1-ae54-7c945c8f70eb,bicycle,trip_start,84,2026-09-30T18:25:34Z,POINT (-9.09475 38.75777)
589c8904-8ec9-4877-a41e-10ea5a6dafdb,a08ff49b-6f77-4632-a16c-43069c43a8c3,Lime,971c13bc-5841-4fb1-9f6d-0f973a83e40b,scooter,provider_pick_up,94,2026-09-30T18:32:26Z,POINT (-9.20994 38.69726)
c2bc8b93-d657-483a-be98-f3f4f72c8e62,aa1883c4-ffd0-40f5-bd14-dcc312684e4e,Voi,4728f2d5-483d-49ec-82b2-656fdf097164,scooter,trip_start,90,2026-09-30T18:33:30Z,POINT (-9.11410 38.73640)
db8d5ee4-254f-42f9-ad58-8cf8eb641652,e8eb2af2-f261-45a8-91cd-424e42a85121,Dott,1f1c2d49-3dda-41b5-9ae2-4a535d9def5e,scooter,trip_end,63,2026-09-30T18:42:03Z,POINT (-9.18098 38.70444)
2b17f645-c173-44d3-a552-5ee377eec348,7cf3c256-32b9-4409-93fb-64afebede10d,Bolt,8c71f5b3-43f9-49f9-9a39-cb14c6da5995,scooter,trip_start,64,2026-09-30T18:46:31Z,POINT (-9.14834 38.72602)
7af6456c-c669-43c4-a068-c047f67da1ad,aa1883c4-ffd0-40f5-bd14-dcc312684e4e,Voi,487330a5-db52-4f12-8943-ae48c694f070,scooter,trip_end,99,2026-09-30T18:51:07Z,POINT (-9.14100 38.74272)
9baf1bca-108b-4cf2-81b6-dea95688d0b3,a08ff49b-6f77-4632-a16c-43069c43a8c3,Lime,78580c6d-d884-45fb-a8b4-ae764a97f441,scooter,trip_start,39,2026-09-30T18:52:36Z,POINT (-9.14924 38.72407)
9871bb6b-cc43-440d-8da7-46f8ae8e9260,7cf3c256-32b9-4409-93fb-64afebede10d,Bolt,1227134d-371d-46de-a9f8-c75e5eb25659,scooter,trip_end,80,2026-09-30T18:56:42Z,POINT (-9.14290 38.73768)
97f3efec-93ab-4ca7-a69a-7278146b2f2e,a08ff49b-6f77-4632-a16c-43069c43a8c3,Lime,0203f6b9-5b86-448e-aa1b-5587bab5e0d0,scooter,trip_end,54,2026-09-30T19:02:55Z,POINT (-9.13443 38.71715)
a57eef81-4d31-4006-94f7-de56aaaa71ec,a08ff49b-6f77-4632-a16c-43069c43a8c3,Lime,9a2e8ee3-b378-4d87-ae27-ec72c79dc27e,bicycle,trip_start,96,2026-09-30T19:24:33Z,POINT (-9.15764 38.73019)
ef1adb09-aec3-4f3f-b7fe-80cf8be87843,e8eb2af2-f261-45a8-91cd-424e42a85121,Dott,047af9f4-92c8-485c-bc45-a7e0bab81c72,scooter,trip_end,64,2026-09-30T19:35:26Z,POINT (-9.13887 38.70968)
0ffcb8c4-217b-4101-8604-022cd5d8db8b,aa1883c4-ffd0-40f5-bd14-dcc312684e4e,Voi,61645813-df32-4479-84c0-c246c8cd2a9c,scooter,trip_end,54,2026-09-30T19:37:56Z,POINT (-9.14784 38.73364)
96a228a0-1583-4696-8ff0-52637aef4570,a08ff49b-6f77-4632-a16c-43069c43a8c3,Lime,c6816f7e-12d4-4aa4-911f-e4e0181a4476,scooter,trip_start,51,2026-09-30T19:37:57Z,POINT (-9.17781 38.70381)
45f2d9c7-df81-4139-ac83-2ee1367e0e26,e8eb2af2-f261-45a8-91cd-424e42a85121,Dott,c540596f-2e5c-4d49-8d9b-0771048d67a5,bicycle,trip_start,43,2026-09-30T19:43:30Z,POINT (-9.14879 38.74607)
0d0e15ca-f637-42cc-bced-24bf8a1cc324,a08ff49b-6f77-4632-a16c-43069c43a8c3,Lime,416cda3a-b625-4353-96b7-c5bdbeabdfb0,scooter,trip_end,30,2026-09-30T19:44:33Z,POINT (-9.14616 38.73266)
0759d6d1-8197-4ce9-9e60-e003daba0f8a,7cf3c256-32b9-4409-93fb-64afebede10d,Bolt,492e08b4-b385-4ba2-b2f0-3a5b25d6ff70,scooter,trip_end,88,2026-09-30T19:53:49Z,POINT (-9.21279 38.69757)
2b309300-2059-4b9b-b756-156bc7d55aac,aa36434e-f251-4c63-8d4e-86a538cc03aa,Gira,71bcda98-1399-433f-a9c7-77b2d03e1b88,bicycle,trip_end,30,2026-09-30T19:59:58Z,POINT (-9.14717 38.74245)
1968d419-2e31-471f-b5d8-319161e13168,7cf3c256-32b9-4409-93fb-64afebede10d,Bolt,18181d5e-9d5b-4270-8b9a-9b87d374fe50,scooter,provider_drop_off,61,2026-09-30T20:19:43Z,POINT (-9.14401 38.72342)
8a3c1aec-68c6-459b-b764-744b4df8db62,a08ff49b-6f77-4632-a16c-43069c43a8c3,Lime,e36bfe2e-9595-4bc4-afe7-def3d608355f,scooter,reserve,70,2026-09-30T22:25:04Z,POINT (-9.13907 38.73237)
b40363f1-5dd3-4620-886c-d1eca12aa6f5,7cf3c256-32b9-4409-93fb-64afebede10d,Bolt,18181d5e-9d5b-4270-8b9a-9b87d374fe50,scooter,trip_start,78,2026-09-30T22:25:49Z,POINT (-9.13697 38.71153)
e82208fb-edcd-4d62-ad9a-308d4c1b9bdf,aa1883c4-ffd0-40f5-bd14-dcc312684e4e,Voi,cdb3c3d7-dfe4-4c9f-b068-d2d0f8f6a0d3,scooter,rebalance_drop_off,53,2026-09-30T23:00:39Z,POINT (-9.14109 38.71294)
2af409d8-b840-4306-a0a9-dd3e715b8ae5,e8eb2af2-f261-45a8-91cd-424e42a85121,Dott,05f64acc-67fd-42c6-b791-689ef6733401,scooter,low_battery,15,2026-09-30T23:14:52Z,POINT (-9.15572 38.70877)
